Actual_RUL,Predicted_RUL
113.0,104.94021
117.0,114.75905
116.0,111.34892
115.0,105.87396
114.0,111.20755
113.0,118.12674
112.0,121.14303
111.0,123.10767
110.0,124.63655
109.0,123.87245
108.0,118.55723
107.0,115.37228
106.0,120.09513
105.0,118.09107
104.0,113.80325
103.0,111.37743
102.0,116.735794
101.0,116.625656
100.0,123.7629
99.0,122.82548
125.0,88.64521
125.0,86.29852
125.0,90.92829
125.0,83.99941
125.0,76.159325
125.0,76.82955
125.0,81.587746
125.0,86.730835
125.0,91.18608
125.0,92.03667
125.0,93.48807
125.0,97.6369
125.0,98.69721
125.0,101.49465
125.0,103.29062
125.0,101.094124
125.0,109.05971
125.0,109.666336
125.0,113.3787
125.0,115.701866
125.0,114.342995
125.0,116.602646
125.0,119.612434
125.0,118.08508
125.0,121.2973
125.0,118.88202
125.0,121.1754
125.0,118.94043
125.0,115.96516
125.0,118.01666
125.0,115.91047
125.0,117.219406
125.0,123.534
125.0,116.83688
125.0,116.52921
125.0,115.581184
125.0,117.51566
125.0,124.10944
125.0,124.17527
125.0,122.85121
125.0,124.050735
124.0,127.68662
123.0,126.1554
122.0,125.19641
121.0,125.20817
120.0,120.424706
119.0,120.76187
118.0,116.00253
117.0,118.9331
116.0,118.907455
115.0,119.04336
114.0,121.85915
113.0,128.42084
112.0,125.12767
111.0,121.943855
110.0,121.22961
109.0,122.91191
108.0,111.881645
107.0,106.57215
106.0,105.619545
105.0,103.54518
104.0,110.00997
103.0,113.51772
102.0,108.13351
101.0,110.030975
100.0,102.9888
99.0,102.68947
98.0,106.55442
97.0,106.67729
96.0,107.19873
95.0,109.77681
94.0,114.722145
93.0,108.80565
92.0,107.0059
91.0,102.54511
90.0,99.32141
89.0,100.91635
88.0,102.66721
87.0,104.569405
86.0,103.86889
85.0,109.095055
84.0,107.45537
83.0,105.835464
82.0,101.33456
81.0,93.12777
80.0,92.974525
79.0,91.51196
78.0,85.01419
77.0,83.35788
76.0,80.17947
75.0,69.84165
74.0,68.73623
73.0,63.598343
72.0,57.994095
71.0,54.738144
70.0,48.106445
125.0,125.382706
125.0,128.26639
125.0,124.013695
125.0,127.873375
125.0,126.01901
125.0,123.47524
125.0,127.16456
125.0,126.14335
125.0,124.382195
125.0,126.12088
125.0,127.68575
125.0,126.974
125.0,128.3865
125.0,125.384
125.0,122.78791
125.0,120.70437
125.0,113.46842
125.0,106.16717
125.0,111.36792
125.0,113.47911
125.0,109.97258
125.0,107.03874
125.0,114.10338
125.0,110.14027
125.0,115.04764
125.0,116.48106
125.0,115.99478
125.0,116.93989
125.0,116.42131
125.0,113.19269
125.0,112.6274
125.0,118.67733
125.0,115.3789
125.0,115.9907
124.0,119.043274
123.0,111.14931
122.0,114.55004
121.0,117.838776
120.0,119.41904
119.0,118.82928
118.0,114.75852
117.0,116.33989
116.0,114.57892
115.0,109.29339
114.0,103.26715
113.0,99.19761
112.0,89.93241
111.0,90.05064
110.0,93.27301
109.0,93.100845
108.0,91.378204
107.0,92.65014
106.0,95.1416
105.0,98.32417
104.0,105.06338
103.0,102.449295
102.0,103.73483
101.0,105.44029
100.0,108.97614
99.0,111.50022
98.0,113.06408
97.0,117.63207
96.0,122.860825
95.0,123.022514
94.0,125.19899
93.0,122.035965
92.0,123.84394
91.0,124.05273
90.0,121.58879
89.0,118.62751
88.0,116.53091
87.0,111.816185
86.0,112.119255
85.0,105.5907
84.0,100.88822
83.0,93.48701
125.0,126.15684
125.0,132.75845
125.0,135.5117
125.0,133.73315
125.0,136.44003
125.0,136.74406
125.0,134.96313
125.0,126.441956
125.0,123.45802
125.0,120.84429
125.0,107.89937
125.0,105.60375
125.0,100.90293
125.0,101.75081
125.0,94.37779
125.0,96.31657
125.0,99.94976
125.0,100.83389
125.0,100.07554
125.0,99.197044
125.0,100.9604
125.0,102.4643
125.0,105.30445
125.0,104.50543
125.0,111.08309
125.0,105.56184
125.0,108.82947
125.0,115.90174
125.0,113.91349
125.0,113.35054
125.0,113.68168
125.0,117.639595
125.0,115.66304
125.0,115.088844
125.0,114.88216
124.0,118.36177
123.0,120.18528
122.0,117.66038
121.0,115.406334
120.0,113.39623
119.0,110.00829
118.0,101.46211
117.0,97.47011
116.0,103.58998
115.0,91.06633
114.0,93.81463
113.0,93.40536
112.0,95.04634
111.0,97.92788
110.0,96.77369
109.0,103.70513
108.0,103.49317
107.0,106.132
106.0,107.57756
105.0,109.26646
104.0,103.681076
103.0,112.08028
102.0,108.2617
101.0,106.40573
100.0,105.47818
99.0,105.542336
98.0,105.94237
97.0,104.33142
96.0,101.45773
95.0,99.5486
94.0,102.0328
93.0,101.9492
92.0,102.810265
125.0,124.407005
125.0,124.19504
125.0,117.774956
125.0,115.66405
125.0,120.60786
125.0,122.90658
125.0,124.24256
125.0,126.92927
125.0,131.65567
125.0,137.10677
125.0,136.59358
125.0,138.10876
125.0,134.60971
125.0,133.17297
125.0,123.853966
125.0,114.8126
125.0,117.72124
125.0,120.28211
125.0,126.19926
125.0,129.11414
125.0,127.830925
125.0,128.5891
125.0,128.54028
125.0,131.44223
125.0,133.65414
125.0,127.445625
125.0,130.06252
125.0,123.908455
125.0,130.3823
125.0,131.87373
125.0,128.03809
125.0,128.60085
125.0,120.55768
125.0,118.5067
125.0,117.0694
125.0,112.55197
125.0,113.243935
125.0,112.326385
125.0,115.072426
125.0,117.33201
125.0,115.366905
125.0,115.24725
125.0,114.562485
125.0,119.52919
124.0,113.08292
123.0,114.71668
122.0,113.76477
121.0,116.542145
120.0,118.38344
119.0,122.32697
118.0,118.3921
117.0,122.083725
116.0,119.90112
115.0,115.64971
114.0,122.0752
113.0,119.58382
112.0,117.52578
111.0,117.791756
110.0,118.97103
109.0,116.728065
108.0,116.29414
107.0,117.05822
106.0,113.42349
105.0,116.9187
104.0,119.07829
103.0,113.85941
102.0,109.06088
101.0,112.394005
100.0,112.822044
99.0,114.125305
98.0,110.957
97.0,105.34987
96.0,100.37186
95.0,102.66928
94.0,104.937065
125.0,113.81627
125.0,112.99759
125.0,114.27648
125.0,114.23497
125.0,113.480225
125.0,111.82327
125.0,110.605156
125.0,109.210434
125.0,108.61878
125.0,108.8856
125.0,109.34869
125.0,108.888565
125.0,108.25841
125.0,107.53312
125.0,107.074036
125.0,106.76945
125.0,108.33428
125.0,107.22378
125.0,107.18657
125.0,106.97131
125.0,106.4784
125.0,108.81415
125.0,110.684975
125.0,109.63663
125.0,111.155655
125.0,111.52923
125.0,108.91816
125.0,110.62066
125.0,109.6216
125.0,109.542534
125.0,109.580055
125.0,111.02364
125.0,111.87666
125.0,113.71255
125.0,113.93693
125.0,114.28461
125.0,111.93578
125.0,110.39376
125.0,110.50517
125.0,109.6329
125.0,112.02316
125.0,111.21074
125.0,112.62953
125.0,110.646935
125.0,108.75161
125.0,107.95757
125.0,108.780556
125.0,106.449524
125.0,107.55312
125.0,106.41472
125.0,106.12738
125.0,105.810616
125.0,106.42199
125.0,105.24185
125.0,106.042114
125.0,107.25617
125.0,107.6933
125.0,105.90495
125.0,105.31314
125.0,103.706795
125.0,103.2594
125.0,104.67306
125.0,107.19338
125.0,107.33544
125.0,106.03635
125.0,107.81007
125.0,108.31859
125.0,107.874886
125.0,106.51057
125.0,105.132355
125.0,106.79317
125.0,105.73046
125.0,108.27133
125.0,105.657104
125.0,106.17129
125.0,107.26662
125.0,109.496056
125.0,107.42795
125.0,107.92674
125.0,108.39475
125.0,107.46062
125.0,103.64174
125.0,104.07928
125.0,102.271545
125.0,101.43301
125.0,101.924805
125.0,105.70003
125.0,103.70995
125.0,102.24825
125.0,97.7023
125.0,97.082954
125.0,100.423035
125.0,102.39835
125.0,104.32497
125.0,103.741066
125.0,104.40518
125.0,103.29138
124.0,102.95896
123.0,102.18819
122.0,102.42904
121.0,101.95092
120.0,101.22668
119.0,100.45882
118.0,99.22045
117.0,101.51568
116.0,106.47288
115.0,108.34526
114.0,108.38401
113.0,106.06268
112.0,110.55604
111.0,111.3306
110.0,103.13854
109.0,102.6054
108.0,97.939095
107.0,95.461205
106.0,92.81025
105.0,96.76162
104.0,95.545845
103.0,94.60324
102.0,95.13348
101.0,94.31074
100.0,100.275024
99.0,103.00372
98.0,104.85715
97.0,106.377426
96.0,106.11104
95.0,107.560036
94.0,110.10051
93.0,107.27676
92.0,104.750786
125.0,122.41723
125.0,116.629616
125.0,112.59115
125.0,108.8481
125.0,111.318825
125.0,114.74033
125.0,110.424515
125.0,115.774574
125.0,120.700714
125.0,124.37997
125.0,125.03609
125.0,127.78604
125.0,127.642914
125.0,125.44693
125.0,122.12686
125.0,122.34537
125.0,121.95419
125.0,119.39153
125.0,119.778275
125.0,123.91347
125.0,120.03753
125.0,124.544975
125.0,121.72569
125.0,117.60315
125.0,118.46915
125.0,115.42247
125.0,110.69398
125.0,111.00028
125.0,113.691956
125.0,114.745
125.0,112.579254
125.0,109.880554
125.0,106.20031
125.0,104.41401
125.0,107.984406
125.0,111.82508
125.0,109.168884
125.0,110.79325
125.0,116.46206
125.0,115.52159
125.0,115.685165
125.0,116.58895
125.0,121.84114
125.0,117.89657
125.0,117.92376
125.0,117.78808
125.0,118.789406
125.0,123.71049
125.0,128.84134
125.0,132.32452
125.0,129.80193
125.0,130.65285
125.0,126.174706
125.0,123.51719
125.0,119.188354
125.0,122.22476
125.0,115.922226
125.0,112.82988
125.0,114.16958
125.0,122.34527
125.0,119.20722
125.0,123.09343
125.0,122.786354
125.0,120.06555
125.0,119.83308
125.0,119.270775
125.0,118.90866
125.0,116.429436
125.0,116.95671
125.0,113.608505
125.0,109.07775
125.0,105.24156
125.0,104.32695
125.0,109.06873
125.0,111.19263
125.0,110.747475
125.0,112.02857
125.0,118.112625
125.0,121.397865
125.0,115.91153
125.0,121.9479
125.0,115.7354
125.0,112.195145
125.0,109.836105
125.0,105.150986
125.0,105.04931
125.0,96.73571
125.0,98.2334
125.0,109.80694
125.0,119.11345
125.0,119.94941
125.0,128.18129
125.0,127.39868
125.0,127.1809
125.0,126.76078
125.0,127.178986
125.0,124.22125
125.0,126.72096
125.0,127.26337
125.0,123.224014
125.0,118.178116
125.0,113.76046
125.0,112.23195
125.0,111.52409
125.0,110.92461
125.0,110.043434
125.0,106.03119
124.0,103.891846
123.0,102.19379
122.0,100.0165
121.0,99.23608
120.0,95.197365
119.0,96.4976
118.0,94.43322
117.0,94.97149
116.0,87.217
115.0,85.95791
114.0,91.8132
113.0,105.80079
112.0,106.16461
111.0,111.068474
110.0,112.13318
109.0,110.4878
108.0,109.01356
107.0,108.18799
106.0,109.85735
105.0,115.62362
104.0,107.59687
103.0,107.32111
102.0,109.425766
101.0,104.18048
100.0,105.22156
99.0,109.61631
98.0,109.13757
97.0,115.15252
96.0,115.88825
125.0,129.60408
125.0,123.38602
125.0,124.46556
125.0,121.25597
125.0,119.41935
125.0,110.75701
125.0,114.162926
125.0,116.94789
125.0,115.50129
125.0,121.434555
125.0,122.787926
125.0,119.52704
124.0,117.40339
123.0,110.21294
122.0,106.00976
121.0,104.19011
120.0,106.18618
119.0,108.682785
118.0,111.37918
117.0,115.30933
116.0,120.8401
115.0,119.67677
114.0,121.49854
113.0,115.148766
112.0,122.06038
125.0,110.44652
125.0,110.65277
125.0,110.43539
125.0,109.55822
125.0,109.2289
125.0,106.92008
125.0,108.22759
125.0,108.45695
125.0,112.47397
125.0,112.04064
125.0,113.53211
125.0,111.10873
125.0,112.290184
125.0,113.36909
125.0,112.80171
125.0,114.19156
125.0,115.006
125.0,114.81182
125.0,115.99132
125.0,117.91995
125.0,115.978004
125.0,114.45907
125.0,113.51701
125.0,112.239586
125.0,114.39677
125.0,114.69189
125.0,116.92794
125.0,115.080605
125.0,113.16007
125.0,112.12956
125.0,110.541534
125.0,112.173386
125.0,110.74637
125.0,112.48707
125.0,112.10098
125.0,112.053665
125.0,110.1532
125.0,111.74065
125.0,110.20351
125.0,110.200775
125.0,109.5158
125.0,109.72859
125.0,110.64892
125.0,112.50636
125.0,113.410866
125.0,113.76073
125.0,113.71721
125.0,113.41302
125.0,113.07926
125.0,114.94909
125.0,112.492874
125.0,112.7057
125.0,111.19364
125.0,110.11991
125.0,111.574036
125.0,110.34815
125.0,110.36408
125.0,107.5144
125.0,106.248146
125.0,104.73426
125.0,105.124084
125.0,106.780426
125.0,106.40447
125.0,107.656265
125.0,108.58319
125.0,109.7471
125.0,107.71713
125.0,107.50595
125.0,102.140816
125.0,101.32643
125.0,102.55054
125.0,103.609726
125.0,102.00957
125.0,103.21078
125.0,100.24805
125.0,97.29382
125.0,96.24768
125.0,98.410126
125.0,98.285774
125.0,98.898155
125.0,103.25308
125.0,102.7153
125.0,101.77526
125.0,105.07163
125.0,107.13747
125.0,109.26756
125.0,107.419815
125.0,110.8205
125.0,107.971954
125.0,105.71798
125.0,106.63104
125.0,108.80592
125.0,113.39848
125.0,114.199486
125.0,115.35619
125.0,115.085915
125.0,114.141884
125.0,113.37615
125.0,113.5863
125.0,109.91886
125.0,111.56845
125.0,108.93361
125.0,107.43189
125.0,106.15532
125.0,102.114555
125.0,99.6873
125.0,97.23068
125.0,96.37734
125.0,98.1912
125.0,96.03006
125.0,97.392555
125.0,97.842674
125.0,97.6146
125.0,104.576324
125.0,103.74066
125.0,105.761215
125.0,107.29502
125.0,110.12396
125.0,107.01958
125.0,105.482414
125.0,101.82048
125.0,104.98774
125.0,106.501495
125.0,109.2374
125.0,109.01849
125.0,106.962685
125.0,107.807
125.0,106.55476
125.0,107.46601
125.0,106.29991
125.0,103.25898
125.0,100.44534
125.0,99.26976
125.0,99.50966
124.0,97.49389
123.0,98.22111
122.0,97.63743
121.0,98.33561
120.0,97.61357
119.0,92.12923
118.0,88.63981
117.0,90.914894
116.0,89.415016
115.0,92.8684
114.0,88.97919
113.0,87.02917
112.0,94.42115
111.0,91.35659
110.0,100.60545
109.0,103.48691
108.0,97.3285
107.0,101.74072
106.0,101.03759
105.0,98.00463
104.0,100.22274
103.0,101.27
102.0,99.5886
101.0,92.873825
100.0,94.8413
99.0,90.51096
98.0,92.87642
97.0,93.72223
125.0,124.31565
125.0,119.39886
125.0,116.0031
125.0,118.6
125.0,122.47989
125.0,124.36888
125.0,127.23361
125.0,126.46584
125.0,127.143425
125.0,126.647545
125.0,124.47754
125.0,125.37071
125.0,123.74825
125.0,123.42021
125.0,126.11486
125.0,130.59784
125.0,130.88437
125.0,129.00067
125.0,127.01352
125.0,125.65319
125.0,122.65514
125.0,120.785355
125.0,117.64566
125.0,115.98853
125.0,114.39799
125.0,111.04834
124.0,110.58998
123.0,108.34065
122.0,108.16194
121.0,110.009865
120.0,105.12262
119.0,101.80739
118.0,100.08453
117.0,99.78641
116.0,100.43834
115.0,106.74308
114.0,112.714806
113.0,116.36179
112.0,116.13241
111.0,113.50023
110.0,111.719925
109.0,117.03348
108.0,117.87743
107.0,112.58833
106.0,110.56225
105.0,108.691246
104.0,109.94151
103.0,107.354385
102.0,100.34272
101.0,96.337654
100.0,86.507576
99.0,84.916916
98.0,84.05159
125.0,113.89889
125.0,112.767715
125.0,113.11805
125.0,112.178024
125.0,113.67941
125.0,115.04372
125.0,115.17909
125.0,115.98335
125.0,115.72974
125.0,114.70836
125.0,115.11097
125.0,114.74647
125.0,114.366455
125.0,114.77986
125.0,113.51803
125.0,112.797134
125.0,112.1196
125.0,112.865585
125.0,111.63473
125.0,112.93085
125.0,110.74349
125.0,109.03316
125.0,110.05022
125.0,111.67431
125.0,112.90562
125.0,113.788445
125.0,112.34601
125.0,111.89878
125.0,111.38909
125.0,112.30151
125.0,111.40181
125.0,110.14809
125.0,108.53918
125.0,109.966324
125.0,108.69245
125.0,108.72812
125.0,109.562454
125.0,109.83947
125.0,109.09357
125.0,109.401085
125.0,108.32985
125.0,107.06559
125.0,105.30344
125.0,106.009705
125.0,107.389496
125.0,105.44547
125.0,104.00514
125.0,103.51465
125.0,102.46036
125.0,103.75597
125.0,103.82229
125.0,104.3969
125.0,107.09648
125.0,108.33593
125.0,106.1581
125.0,106.895355
125.0,107.604416
125.0,108.56222
125.0,109.676025
125.0,109.84693
125.0,111.65236
125.0,109.29285
125.0,108.01776
125.0,108.787186
125.0,106.47388
125.0,105.76646
125.0,105.9799
125.0,109.35863
125.0,109.344955
125.0,109.69062
125.0,109.06986
125.0,108.79057
125.0,108.4066
125.0,109.36698
125.0,109.24363
125.0,108.97341
125.0,109.7757
125.0,109.46657
125.0,108.99339
125.0,109.622536
125.0,109.8733
125.0,110.469
125.0,112.86213
125.0,112.481026
125.0,113.00092
125.0,110.7133
125.0,111.440605
125.0,114.07191
125.0,115.119804
125.0,113.030495
125.0,113.35862
125.0,112.80008
125.0,110.36786
125.0,110.94734
125.0,109.32307
125.0,108.21457
125.0,107.8327
125.0,110.610664
125.0,109.48855
125.0,106.463
125.0,105.64268
125.0,107.36481
125.0,107.50299
125.0,109.42506
125.0,110.47616
125.0,109.87235
125.0,110.61935
125.0,111.310425
125.0,109.42639
125.0,108.3993
125.0,108.71909
125.0,108.642075
125.0,111.47798
125.0,111.12153
125.0,111.943565
125.0,109.64105
125.0,107.2482
125.0,106.39383
125.0,104.788315
125.0,103.572464
125.0,103.84488
125.0,104.54282
125.0,100.61175
125.0,100.69209
125.0,100.056786
125.0,101.535515
125.0,102.78009
125.0,104.002655
125.0,100.30162
125.0,100.74204
125.0,102.832
125.0,102.29714
125.0,103.17253
125.0,104.5479
125.0,103.249596
125.0,104.5403
125.0,102.19072
125.0,102.997345
125.0,102.96778
125.0,102.45604
125.0,107.095215
125.0,106.62435
125.0,110.19754
125.0,112.18315
125.0,112.359474
125.0,111.518776
125.0,112.57006
125.0,111.48745
125.0,112.7751
125.0,113.65518
125.0,113.561356
125.0,113.010254
125.0,109.0966
125.0,106.246635
125.0,105.18779
125.0,104.695045
125.0,103.13261
125.0,105.8863
125.0,96.21778
125.0,95.03472
125.0,94.37033
125.0,94.46855
125.0,94.19394
125.0,96.069695
125.0,88.87656
125.0,85.667076
125.0,80.93977
125.0,84.76393
125.0,83.21566
125.0,86.25828
125.0,87.8926
125.0,93.33782
125.0,94.45792
125.0,96.42959
125.0,95.99211
125.0,93.60033
125.0,96.04795
125.0,100.12573
125.0,102.38114
125.0,106.69245
125.0,111.45104
125.0,115.78583
125.0,113.98042
125.0,114.92288
125.0,110.45592
125.0,106.24616
125.0,103.44772
125.0,113.18548
125.0,112.95238
125.0,114.15316
125.0,114.464165
125.0,113.329506
125.0,115.151566
125.0,113.44214
125.0,113.23685
125.0,111.43717
125.0,111.21711
125.0,108.84714
125.0,109.54795
125.0,106.45804
125.0,106.687904
125.0,104.89075
125.0,104.41205
125.0,105.41652
125.0,105.28621
125.0,104.67501
125.0,105.01579
125.0,105.532005
125.0,105.85597
125.0,106.528824
125.0,108.61102
125.0,112.119514
125.0,113.457146
125.0,114.23889
125.0,115.21689
125.0,113.60526
125.0,113.32404
125.0,112.76114
125.0,113.029305
125.0,114.29387
125.0,114.572945
125.0,115.5859
125.0,117.08313
125.0,116.69067
125.0,113.22728
125.0,111.57119
125.0,109.087776
125.0,110.89414
125.0,113.57297
125.0,113.549385
125.0,114.78387
125.0,113.20983
125.0,113.9098
125.0,114.0185
125.0,114.724174
125.0,111.45203
125.0,110.9839
125.0,108.41642
125.0,105.18195
125.0,105.70173
125.0,105.34657
125.0,104.09637
125.0,104.19919
125.0,105.66122
125.0,107.124466
125.0,106.13185
125.0,106.24615
125.0,105.38065
125.0,107.32714
125.0,108.3863
125.0,106.79129
125.0,108.50392
125.0,107.47869
125.0,105.37834
125.0,103.101555
125.0,106.76629
125.0,107.3251
125.0,107.84456
125.0,107.09621
125.0,104.393616
125.0,108.066666
125.0,107.84039
125.0,108.90889
125.0,110.83253
125.0,113.37934
125.0,113.210976
125.0,109.97054
125.0,108.3727
125.0,108.051285
125.0,111.013336
125.0,111.9066
125.0,109.84716
125.0,108.09929
125.0,110.42486
125.0,107.940926
125.0,107.80842
125.0,108.73427
125.0,109.31373
125.0,108.68357
125.0,107.54928
125.0,103.66407
125.0,101.35591
125.0,99.71959
125.0,101.25357
125.0,100.14166
125.0,104.44786
125.0,106.654015
125.0,105.157646
125.0,102.51486
125.0,98.522675
125.0,100.53791
125.0,99.38697
125.0,101.541954
125.0,103.11575
125.0,102.85357
125.0,98.96891
125.0,97.60306
125.0,97.92566
125.0,99.53974
125.0,102.70277
125.0,104.31354
125.0,105.76653
125.0,106.757996
125.0,110.83794
125.0,108.85954
125.0,109.18886
125.0,111.59492
125.0,111.665665
125.0,106.70782
125.0,107.39775
125.0,105.15279
125.0,105.25316
125.0,106.74969
125.0,103.74135
125.0,105.9394
125.0,106.022224
125.0,104.39596
125.0,102.05099
125.0,100.87984
125.0,101.997925
125.0,108.59119
125.0,108.71607
125.0,108.26311
124.0,107.00044
123.0,104.33239
122.0,101.11876
121.0,103.60466
120.0,104.300156
119.0,107.52383
118.0,106.69328
117.0,102.899574
116.0,101.88131
115.0,98.79573
114.0,97.83638
113.0,97.535416
112.0,98.41838
111.0,97.082565
110.0,93.04248
109.0,93.64626
108.0,95.4493
107.0,100.076004
106.0,100.543396
105.0,99.01422
104.0,98.53685
103.0,97.08491
102.0,97.89126
101.0,92.96108
100.0,89.49951
99.0,87.51428
98.0,86.975006
97.0,92.36976
96.0,89.87159
123.0,119.032455
122.0,114.52697
121.0,114.85923
120.0,115.125206
119.0,114.49803
118.0,115.86295
117.0,118.74361
116.0,114.60001
115.0,118.59625
114.0,122.41913
113.0,123.58186
112.0,121.350464
111.0,115.99899
110.0,116.55196
109.0,114.267456
108.0,111.47019
125.0,109.82985
125.0,107.98823
125.0,107.0841
125.0,106.50957
125.0,108.11079
124.0,109.115005
123.0,108.040184
122.0,107.78732
121.0,105.70979
120.0,105.16426
119.0,104.34762
118.0,102.9859
117.0,101.45069
116.0,99.9991
115.0,100.875824
114.0,99.77728
113.0,100.02856
112.0,101.81974
111.0,102.22258
110.0,100.73362
109.0,99.55426
108.0,101.601974
107.0,103.145966
106.0,104.39101
105.0,104.83876
104.0,106.37841
103.0,111.83214
102.0,113.876274
101.0,112.077324
100.0,113.72782
99.0,109.041664
98.0,110.26665
97.0,107.00393
96.0,107.24298
95.0,110.07476
94.0,113.93497
93.0,110.20318
92.0,112.85131
91.0,112.51598
90.0,111.88559
89.0,110.13241
88.0,108.83273
87.0,103.35587
86.0,101.65262
85.0,104.91735
84.0,102.42903
125.0,111.07923
125.0,111.82639
125.0,110.99446
125.0,111.874
125.0,110.75063
125.0,107.34477
125.0,106.14674
125.0,105.82813
125.0,109.60396
125.0,111.17007
125.0,111.20805
125.0,109.65863
125.0,108.3235
125.0,107.474236
125.0,106.495636
125.0,104.90525
125.0,105.55113
125.0,105.27617
125.0,105.00228
125.0,103.44167
125.0,102.32115
125.0,102.466324
125.0,102.93468
125.0,104.094765
125.0,106.09319
125.0,106.665665
125.0,105.470215
125.0,107.951355
125.0,107.87331
125.0,109.13615
125.0,108.82532
125.0,111.06087
125.0,110.64323
125.0,112.14094
125.0,110.710205
125.0,109.02668
125.0,107.46062
125.0,108.230156
125.0,108.35615
125.0,109.3013
125.0,108.80244
125.0,104.600784
125.0,105.17117
124.0,106.03516
123.0,107.14934
122.0,104.75112
121.0,105.250595
120.0,103.98893
119.0,103.79687
118.0,102.74227
117.0,102.428955
116.0,101.549225
115.0,102.82925
114.0,103.2782
113.0,104.26019
112.0,106.11244
111.0,106.65796
110.0,109.336655
109.0,107.55498
108.0,106.99725
107.0,108.06967
106.0,109.025764
105.0,108.23281
104.0,108.84105
103.0,103.973175
102.0,105.872215
101.0,104.68155
100.0,106.05934
99.0,104.56788
98.0,104.31603
97.0,100.534546
96.0,100.232666
95.0,98.74932
94.0,102.47685
93.0,101.95887
92.0,101.271675
91.0,99.71218
90.0,100.85173
89.0,100.64033
88.0,100.424
87.0,99.04631
86.0,95.334076
85.0,96.76464
125.0,109.77948
125.0,110.102234
125.0,107.506065
125.0,104.50484
125.0,104.52962
125.0,104.66506
125.0,105.77032
125.0,110.24253
125.0,109.800606
125.0,107.57907
125.0,103.663666
125.0,105.76731
125.0,106.58207
125.0,108.56245
125.0,108.83108
125.0,108.33634
125.0,106.25527
125.0,106.25627
125.0,106.39317
125.0,104.91816
125.0,106.50431
125.0,107.694016
125.0,106.253555
125.0,108.181
125.0,110.4633
125.0,113.38769
125.0,114.68481
125.0,114.32918
125.0,115.16102
125.0,112.531654
125.0,109.312195
125.0,108.0351
125.0,107.44311
125.0,104.58383
125.0,104.39347
125.0,103.88265
125.0,103.748566
125.0,105.987785
125.0,107.31935
125.0,105.987045
125.0,105.46657
125.0,106.23655
125.0,106.03173
125.0,106.05454
125.0,107.2692
125.0,104.75736
125.0,101.377014
125.0,103.478195
125.0,103.75676
125.0,102.838104
125.0,102.26978
125.0,106.00482
125.0,104.65394
125.0,108.67718
125.0,110.24625
125.0,113.910736
125.0,116.39662
125.0,114.78889
125.0,117.14091
125.0,118.000946
125.0,118.32197
124.0,116.42735
123.0,118.07859
122.0,114.88779
121.0,113.17333
120.0,113.08198
119.0,108.39075
118.0,107.038795
117.0,109.90263
116.0,110.76735
115.0,108.82632
114.0,105.57036
113.0,101.96103
112.0,98.28289
111.0,97.01257
110.0,94.42526
109.0,90.45363
108.0,84.54076
107.0,83.1741
106.0,82.44158
105.0,81.699814
104.0,82.90531
103.0,80.32516
102.0,87.978516
101.0,94.2346
100.0,97.846405
99.0,96.23167
98.0,93.85084
97.0,95.23901
96.0,92.73912
95.0,91.19368
94.0,89.97221
93.0,87.322876
92.0,86.62513
91.0,85.32727
90.0,85.07312
89.0,80.38255
88.0,81.01134
87.0,81.5359
86.0,80.315605
85.0,82.28128
84.0,78.9639
83.0,77.90555
82.0,79.67488
81.0,88.26255
80.0,89.26797
79.0,86.87098
78.0,84.45139
77.0,84.05199
76.0,76.62831
75.0,78.61648
74.0,74.36189
73.0,75.3079
72.0,76.50252
71.0,77.97618
70.0,83.9639
69.0,77.23651
68.0,79.58884
67.0,75.597
66.0,74.61536
65.0,71.43108
64.0,65.3375
63.0,56.07467
62.0,56.315464
61.0,54.71044
60.0,52.716503
59.0,51.84311
58.0,50.25437
57.0,46.633083
56.0,46.42701
55.0,46.828377
54.0,47.44674
53.0,47.878666
52.0,47.482006
51.0,52.215866
125.0,112.480515
125.0,109.48193
125.0,108.957085
125.0,109.0227
125.0,108.45713
125.0,103.50573
125.0,103.82137
124.0,101.94845
123.0,100.63052
122.0,100.14184
121.0,104.269264
120.0,104.41769
119.0,100.52317
118.0,103.308105
117.0,104.3539
116.0,106.78418
115.0,108.09331
114.0,109.76076
113.0,110.18934
112.0,109.919334
111.0,107.634926
110.0,106.10292
109.0,106.50527
108.0,107.47392
107.0,109.220726
106.0,110.680984
105.0,111.06163
104.0,112.98688
103.0,114.36874
102.0,113.14531
101.0,110.61534
100.0,110.66926
99.0,111.552505
98.0,108.35225
97.0,106.07031
96.0,102.912796
95.0,105.3097
94.0,109.207825
93.0,108.89739
92.0,109.82864
91.0,111.20829
90.0,108.89517
89.0,109.63059
88.0,107.6809
87.0,108.36862
86.0,108.77344
85.0,105.57273
84.0,110.811874
83.0,113.14805
82.0,108.054825
81.0,105.979416
80.0,102.33105
79.0,102.124855
78.0,98.43151
77.0,97.84943
76.0,101.21112
75.0,98.60733
74.0,102.159706
73.0,99.51751
72.0,98.77241
71.0,98.60094
70.0,93.91654
69.0,98.271454
68.0,93.36079
67.0,89.799164
66.0,86.96456
65.0,87.58485
64.0,92.23514
63.0,93.012634
62.0,91.67957
61.0,95.11165
60.0,96.563515
59.0,102.28303
58.0,99.42037
57.0,98.894
56.0,101.21807
55.0,97.980736
54.0,105.96588
53.0,105.66308
52.0,105.07655
51.0,104.64926
50.0,106.09423
49.0,100.31483
48.0,87.03146
47.0,86.776794
46.0,86.061516
45.0,85.12028
44.0,80.59422
43.0,69.58843
42.0,62.50941
41.0,60.952847
40.0,48.646706
39.0,49.083828
38.0,46.67317
37.0,40.899338
36.0,36.269966
35.0,29.651384
34.0,28.680042
33.0,23.504786
32.0,18.692978
31.0,21.318203
30.0,24.90133
29.0,27.692884
125.0,110.69578
125.0,112.50646
125.0,111.240166
125.0,112.054306
125.0,111.99801
125.0,112.02012
125.0,112.532776
125.0,111.375465
125.0,112.23779
125.0,110.155975
125.0,110.30323
125.0,109.42128
125.0,112.04196
125.0,115.106094
125.0,114.10318
125.0,112.57414
125.0,113.86539
125.0,112.63225
125.0,113.19295
125.0,112.003746
125.0,113.23026
125.0,112.79727
125.0,111.7182
125.0,110.50053
125.0,107.96425
125.0,108.59621
125.0,108.086975
125.0,109.22292
125.0,109.02356
125.0,108.96381
125.0,108.44289
125.0,109.562965
125.0,110.11511
125.0,110.49865
125.0,108.95924
125.0,109.17054
125.0,107.38302
125.0,106.52544
125.0,110.86402
125.0,110.0962
125.0,108.39298
125.0,109.04996
125.0,107.50536
125.0,105.72849
125.0,102.92554
125.0,104.83567
125.0,103.737144
125.0,107.41504
125.0,106.92331
125.0,106.03686
125.0,106.032906
125.0,107.30834
125.0,108.45283
125.0,106.93918
125.0,104.174644
125.0,105.572235
125.0,105.47233
125.0,104.90497
125.0,105.42501
125.0,105.92329
125.0,106.38
125.0,107.737495
125.0,106.45618
125.0,107.05951
125.0,104.84228
125.0,106.07355
125.0,100.762024
125.0,101.8613
124.0,104.86164
123.0,102.9121
122.0,103.5708
121.0,103.59512
120.0,106.2199
119.0,104.4398
118.0,101.37675
117.0,103.52773
116.0,99.45295
115.0,99.38098
114.0,99.010574
113.0,100.987785
112.0,102.16283
111.0,99.59247
110.0,104.37353
109.0,100.09547
108.0,101.343124
107.0,95.23917
106.0,95.885025
105.0,94.951546
104.0,95.948975
103.0,98.11837
102.0,103.288994
101.0,106.319756
100.0,108.091
99.0,112.73389
98.0,110.43083
97.0,106.33429
96.0,107.38951
95.0,109.4629
94.0,107.40803
93.0,99.939705
92.0,99.4618
91.0,97.89896
90.0,101.56495
89.0,99.180084
88.0,95.33185
125.0,112.769325
125.0,114.27432
125.0,110.135635
125.0,110.717026
125.0,112.692116
125.0,113.39214
125.0,114.51463
125.0,118.761856
125.0,115.30729
125.0,112.63895
125.0,114.80262
125.0,115.25726
125.0,114.1123
125.0,115.57111
125.0,115.58579
125.0,115.69099
125.0,118.50984
125.0,113.92217
125.0,113.37147
125.0,113.957275
125.0,111.90971
125.0,110.739525
125.0,111.46689
125.0,111.19277
125.0,108.35938
125.0,107.15788
125.0,107.33173
125.0,112.46482
125.0,108.97827
125.0,107.076805
125.0,108.85284
125.0,112.762596
125.0,106.75824
125.0,104.2137
125.0,103.63595
125.0,106.99671
125.0,109.00091
125.0,113.174
125.0,111.17002
125.0,111.74899
125.0,116.51671
125.0,122.11208
125.0,118.31779
125.0,118.35707
125.0,115.262
125.0,119.69507
124.0,120.10653
123.0,117.80822
122.0,110.62139
121.0,112.43209
120.0,109.72813
119.0,104.50263
118.0,108.21117
117.0,110.37464
116.0,108.652145
115.0,107.95514
114.0,113.30484
113.0,114.21157
112.0,115.56315
111.0,112.44313
110.0,109.15476
109.0,111.26991
108.0,105.30071
107.0,102.89803
106.0,99.72206
105.0,100.285576
104.0,101.57758
103.0,98.99459
102.0,98.62375
101.0,96.99622
100.0,102.37384
99.0,107.381874
98.0,99.48232
97.0,102.62038
96.0,100.928246
95.0,99.62319
94.0,100.69414
93.0,99.05618
92.0,96.26959
91.0,104.18488
90.0,100.28279
89.0,101.5729
88.0,96.70336
87.0,99.10232
86.0,94.61935
85.0,96.44122
84.0,97.53548
83.0,95.61391
82.0,101.045334
81.0,101.912346
80.0,102.3094
79.0,105.811
78.0,104.72991
77.0,105.96843
76.0,102.543495
75.0,102.684044
74.0,94.57156
73.0,86.05522
72.0,81.24563
71.0,76.350624
70.0,71.36384
69.0,67.62297
68.0,63.40249
67.0,67.76831
66.0,65.53908
65.0,63.69634
64.0,66.524925
63.0,67.38503
62.0,67.53747
61.0,76.951416
60.0,77.17273
59.0,81.548515
58.0,77.41527
57.0,78.28398
56.0,76.11979
55.0,74.017845
54.0,81.53618
53.0,77.55026
52.0,76.47364
51.0,73.94169
50.0,73.423256
49.0,75.95586
48.0,70.74997
47.0,65.120605
46.0,61.155396
45.0,57.67646
44.0,42.405567
43.0,40.349842
42.0,34.794254
41.0,34.250946
40.0,33.03243
39.0,33.102783
38.0,32.38748
37.0,32.125847
36.0,33.66353
35.0,36.248444
34.0,36.379173
33.0,36.99056
32.0,32.11786
31.0,30.401339
30.0,30.382282
29.0,29.766489
28.0,28.483208
27.0,28.501324
26.0,30.235052
25.0,29.927868
24.0,32.435795
23.0,31.236425
22.0,30.943354
21.0,27.522459
20.0,24.335571
19.0,23.629084
18.0,22.087706
17.0,18.704872
125.0,111.77168
125.0,111.60694
125.0,110.126686
125.0,108.01698
125.0,106.556046
125.0,106.81325
125.0,106.73042
125.0,107.79032
125.0,108.65842
125.0,109.75454
125.0,110.426384
125.0,107.03609
125.0,107.70549
125.0,107.53378
125.0,108.959755
125.0,111.10443
125.0,110.98055
125.0,112.47684
125.0,113.412605
125.0,113.11173
125.0,112.273186
125.0,114.47816
125.0,112.87323
125.0,112.91319
125.0,110.50337
125.0,111.795876
125.0,112.264656
125.0,113.06223
125.0,114.92667
125.0,115.26222
125.0,113.03806
125.0,112.40958
125.0,108.908165
125.0,109.48192
125.0,109.508354
125.0,112.083435
125.0,114.09065
125.0,113.73991
125.0,115.63942
125.0,116.6165
125.0,116.27202
125.0,113.86379
125.0,113.438156
125.0,114.30049
125.0,113.10484
125.0,113.347984
125.0,112.618324
125.0,111.29863
125.0,111.56115
125.0,110.31807
125.0,108.239876
124.0,110.84582
123.0,108.75966
122.0,106.77478
121.0,104.742386
120.0,105.47416
119.0,107.12272
118.0,106.00491
117.0,104.80493
116.0,105.391785
115.0,104.664024
114.0,106.15594
113.0,105.36432
112.0,107.72308
111.0,106.957825
110.0,107.83405
109.0,108.01389
108.0,109.29018
107.0,110.40798
106.0,110.57444
105.0,109.32692
104.0,105.9285
103.0,105.29872
102.0,106.75668
101.0,106.447044
100.0,109.76262
99.0,109.0958
98.0,104.69673
97.0,106.64332
96.0,104.3118
95.0,102.6308
94.0,102.50706
93.0,99.47158
92.0,98.10874
91.0,92.51559
90.0,96.90233
89.0,97.765816
88.0,99.257744
87.0,98.53937
86.0,100.07819
85.0,100.80417
84.0,102.18156
83.0,95.37986
82.0,92.22458
81.0,89.857666
80.0,85.53549
79.0,85.91033
78.0,83.11275
77.0,82.31237
76.0,82.70586
75.0,86.62855
74.0,86.162
73.0,81.00591
72.0,86.70125
71.0,88.47642
70.0,91.88346
69.0,92.14659
68.0,91.150406
67.0,94.870865
66.0,90.94256
65.0,88.33156
64.0,88.03551
63.0,81.914185
62.0,78.811775
61.0,74.30403
60.0,76.552895
59.0,72.67137
58.0,70.81791
120.0,133.86513
119.0,131.28458
118.0,132.51666
117.0,123.66778
116.0,124.68153
115.0,125.25928
114.0,124.75462
113.0,125.07613
112.0,125.1594
125.0,114.6295
125.0,114.27032
125.0,115.104454
125.0,114.96687
125.0,115.804344
125.0,115.70596
125.0,114.20994
125.0,113.73122
125.0,115.1366
125.0,116.36539
125.0,115.459366
125.0,113.962036
125.0,112.66788
125.0,111.10859
125.0,112.29828
125.0,112.567764
125.0,113.8559
125.0,114.3966
125.0,115.24865
125.0,115.293655
125.0,114.40597
125.0,114.37085
125.0,114.88784
125.0,114.21162
125.0,112.95914
125.0,113.901794
125.0,114.639435
125.0,117.14536
125.0,118.24928
125.0,116.662125
125.0,116.979
125.0,113.62284
125.0,112.49982
125.0,111.26642
125.0,113.180626
125.0,115.32353
125.0,115.614876
125.0,116.344025
125.0,114.09852
125.0,113.26568
125.0,113.52516
125.0,112.87728
125.0,111.94961
125.0,111.68333
125.0,112.18078
125.0,111.76527
125.0,112.20829
125.0,112.046684
125.0,109.82817
125.0,110.878395
125.0,109.2315
125.0,108.93277
125.0,109.20589
125.0,108.437325
125.0,108.19557
125.0,107.79054
125.0,107.7317
125.0,107.181854
125.0,106.666115
125.0,107.90639
125.0,108.729126
125.0,110.130356
125.0,109.902115
125.0,109.589264
125.0,109.04202
125.0,107.88641
125.0,107.61574
125.0,107.11257
125.0,107.557205
125.0,107.27008
125.0,108.34693
125.0,108.60626
125.0,106.243996
125.0,105.73706
125.0,105.6399
125.0,105.95071
125.0,103.24396
125.0,101.819756
125.0,103.137024
125.0,103.29382
125.0,102.62933
125.0,102.12634
125.0,103.35508
125.0,103.25968
125.0,103.296936
125.0,103.617256
125.0,105.4471
125.0,107.22929
125.0,106.757324
124.0,107.65128
123.0,107.07808
122.0,108.822014
121.0,109.5525
120.0,110.16493
119.0,108.292915
118.0,104.2818
117.0,106.51236
116.0,103.48298
115.0,104.92322
114.0,109.14181
125.0,112.65192
125.0,112.72923
125.0,112.21472
125.0,111.99059
125.0,110.69322
125.0,109.99994
125.0,111.509796
125.0,112.8477
125.0,113.57719
125.0,114.60746
125.0,114.84899
125.0,116.56414
125.0,116.71942
125.0,116.338806
125.0,115.71695
125.0,116.08324
125.0,116.123566
125.0,115.4215
125.0,114.67654
125.0,114.326775
125.0,111.459625
125.0,113.710434
125.0,112.92716
125.0,112.95286
125.0,114.03903
125.0,114.35589
125.0,112.36726
125.0,113.65906
125.0,114.4315
125.0,115.43816
125.0,113.62681
125.0,113.71724
125.0,112.16827
125.0,111.888336
125.0,109.92876
125.0,110.23362
125.0,111.95173
125.0,111.969444
125.0,110.45353
125.0,109.742805
125.0,110.046936
125.0,108.723236
125.0,109.441696
125.0,110.21173
125.0,110.17628
125.0,109.93917
125.0,112.778275
125.0,114.44184
125.0,113.7089
125.0,112.16516
125.0,110.23537
125.0,107.23087
124.0,106.72091
123.0,108.67201
122.0,108.83641
121.0,107.815254
120.0,104.82649
119.0,103.81573
118.0,102.7889
117.0,101.432434
116.0,102.65466
115.0,103.01238
114.0,103.89039
113.0,104.44078
112.0,103.75864
111.0,103.81547
110.0,104.25551
109.0,105.992386
108.0,104.134766
107.0,103.172775
106.0,101.89983
105.0,104.13763
104.0,106.11092
103.0,106.39805
102.0,105.52194
101.0,105.60456
100.0,108.59374
99.0,109.64611
98.0,109.008736
97.0,106.63805
96.0,103.49405
95.0,105.57481
94.0,104.68024
93.0,104.945946
92.0,104.329346
91.0,99.44746
90.0,96.34503
89.0,95.915855
88.0,95.29838
87.0,94.64461
86.0,89.8536
85.0,89.21031
84.0,87.3197
83.0,86.73252
82.0,85.614815
81.0,86.18669
80.0,85.66288
79.0,85.28972
78.0,86.15067
77.0,85.75378
76.0,80.93055
75.0,78.79061
74.0,81.33064
73.0,78.919785
72.0,77.80439
71.0,76.16885
70.0,76.10017
69.0,75.98332
68.0,74.749794
67.0,70.76279
66.0,66.50369
65.0,69.64408
64.0,67.294556
63.0,64.85179
62.0,62.320404
61.0,59.76335
60.0,56.5338
59.0,57.57169
58.0,55.908474
57.0,53.15375
56.0,51.963745
55.0,51.007915
54.0,49.2163
53.0,48.28313
52.0,46.066044
51.0,45.474957
50.0,46.856884
49.0,46.843445
48.0,44.48519
47.0,42.68821
46.0,38.87391
45.0,38.98507
44.0,38.267056
43.0,37.41316
42.0,37.73212
41.0,38.452477
40.0,39.454556
39.0,38.678394
38.0,39.24332
37.0,36.650845
36.0,34.813652
35.0,35.50846
34.0,33.576702
33.0,30.554876
32.0,29.303844
31.0,28.791658
30.0,29.123068
29.0,28.249718
28.0,26.999313
27.0,26.457966
26.0,24.96178
25.0,23.540302
24.0,22.215918
23.0,22.101969
22.0,20.836327
21.0,20.175745
125.0,122.966606
125.0,121.591705
125.0,120.70068
125.0,121.81386
125.0,121.99724
125.0,124.68529
125.0,123.82787
125.0,123.60004
125.0,120.68725
125.0,116.598976
125.0,113.051025
125.0,109.2339
125.0,102.965294
125.0,107.24419
125.0,105.08797
125.0,102.79608
125.0,106.835724
125.0,111.658585
125.0,112.35181
125.0,113.92577
125.0,115.37384
125.0,116.14497
125.0,115.10274
125.0,113.23563
125.0,116.296295
125.0,114.94017
125.0,118.06218
125.0,118.13176
125.0,114.461426
125.0,115.039955
125.0,114.86369
125.0,115.53349
125.0,114.02832
125.0,111.478
125.0,111.57231
125.0,112.18255
125.0,116.689674
125.0,114.36601
125.0,111.7418
125.0,114.15963
125.0,116.64495
125.0,116.1295
125.0,115.29261
125.0,116.78189
125.0,115.57645
125.0,112.662674
125.0,112.22575
125.0,111.96391
125.0,112.58813
125.0,110.17026
125.0,112.40234
125.0,112.20115
125.0,109.74146
125.0,111.21606
125.0,110.75154
125.0,108.85403
125.0,111.656815
125.0,115.58582
125.0,113.27877
124.0,112.447426
123.0,114.35828
122.0,115.00807
121.0,112.80437
120.0,112.52814
125.0,111.187164
125.0,113.03558
125.0,113.68727
125.0,113.89501
125.0,111.757225
125.0,111.435875
125.0,112.47477
125.0,112.042725
125.0,112.31726
125.0,114.91816
125.0,114.24423
125.0,113.86629
125.0,113.93638
125.0,113.67245
125.0,113.2843
125.0,112.60684
125.0,109.83244
125.0,108.35412
125.0,108.52998
125.0,107.73492
125.0,108.16871
125.0,107.59108
125.0,108.331856
125.0,107.3498
125.0,107.077
125.0,108.49388
125.0,109.49193
125.0,110.15016
125.0,109.59183
125.0,109.91808
125.0,110.40387
125.0,111.2523
125.0,112.58458
125.0,113.357635
125.0,111.87161
125.0,111.39099
125.0,112.23519
125.0,110.47948
125.0,109.15662
125.0,107.486664
125.0,105.5606
125.0,104.18419
125.0,104.13146
125.0,105.2949
125.0,105.57577
125.0,103.03527
125.0,103.21517
125.0,100.61616
125.0,101.44392
125.0,103.117134
125.0,104.39278
125.0,104.20343
124.0,102.302986
123.0,100.694435
122.0,102.01414
121.0,101.63878
120.0,100.31822
119.0,101.48139
118.0,103.9669
117.0,104.44698
116.0,104.269165
115.0,103.7338
114.0,105.50579
113.0,103.497925
112.0,104.047935
111.0,106.79173
110.0,106.74685
109.0,106.90716
108.0,104.159996
107.0,101.301956
106.0,101.195656
105.0,103.81414
104.0,105.104095
103.0,106.00181
102.0,106.072845
101.0,103.67808
100.0,103.0212
99.0,100.020874
98.0,101.520966
97.0,101.985306
96.0,104.08455
95.0,104.32463
94.0,100.697395
93.0,100.36303
92.0,99.947334
91.0,93.28589
90.0,91.9898
89.0,93.54149
88.0,99.61265
87.0,104.117065
86.0,100.17526
85.0,98.06825
84.0,101.46877
83.0,101.780685
82.0,95.92898
81.0,96.77174
80.0,95.14954
79.0,93.01313
78.0,88.699814
77.0,86.55322
76.0,89.79438
75.0,94.10136
74.0,92.96383
73.0,91.07388
72.0,93.60665
71.0,90.258194
70.0,88.6144
69.0,92.97471
68.0,103.549805
67.0,107.6144
125.0,124.51263
125.0,125.67237
125.0,128.72859
125.0,125.47851
125.0,124.29312
125.0,124.09466
125.0,122.34406
125.0,122.08422
125.0,123.395035
125.0,122.593285
125.0,124.28948
125.0,128.46707
125.0,134.56926
125.0,139.11018
125.0,136.13058
125.0,137.34924
125.0,139.31508
125.0,138.26994
125.0,135.95618
125.0,133.32147
125.0,127.38852
125.0,124.77831
125.0,115.27229
125.0,108.862595
125.0,109.31319
125.0,110.07124
125.0,112.9366
125.0,114.21433
125.0,113.99837
125.0,119.52249
125.0,121.504616
125.0,116.9769
125.0,119.24226
125.0,109.72456
125.0,113.60982
125.0,116.09033
125.0,117.64226
125.0,114.01186
125.0,118.5036
125.0,117.30397
125.0,118.32318
125.0,123.38868
125.0,127.07761
125.0,128.45096
125.0,125.72115
125.0,130.0747
125.0,132.12442
125.0,131.36612
125.0,136.27036
125.0,138.13177
125.0,141.9283
125.0,141.1118
125.0,137.98741
125.0,133.88028
125.0,132.69562
125.0,131.55388
125.0,132.96425
125.0,130.27313
125.0,126.81134
125.0,127.0723
125.0,125.92538
125.0,122.52652
125.0,120.941444
125.0,118.20949
125.0,126.47887
125.0,126.75081
125.0,122.084076
125.0,121.175674
125.0,125.94302
125.0,126.99014
125.0,122.032425
125.0,122.00488
125.0,117.93422
125.0,117.66751
125.0,116.34651
125.0,120.71126
125.0,117.17314
125.0,117.85627
125.0,115.20776
125.0,112.88579
125.0,107.806526
125.0,109.303185
125.0,104.03779
125.0,102.24518
125.0,104.385704
125.0,105.88464
125.0,108.17931
125.0,108.5125
125.0,114.43546
125.0,114.41645
125.0,123.51484
125.0,122.374695
125.0,123.725
125.0,131.66281
125.0,131.03682
125.0,123.58495
125.0,116.45921
125.0,116.43238
125.0,118.771866
125.0,119.21981
125.0,115.350975
124.0,118.24578
123.0,119.410034
122.0,120.21489
121.0,124.03508
120.0,126.17357
119.0,118.71329
118.0,123.068016
117.0,119.77075
116.0,118.85849
115.0,113.72772
114.0,108.31177
113.0,107.088005
112.0,104.34622
111.0,102.02681
110.0,100.237656
109.0,97.53765
108.0,102.173676
107.0,103.15071
106.0,101.19402
105.0,106.32868
104.0,99.94948
103.0,95.36485
102.0,107.611595
101.0,110.097496
100.0,103.45326
99.0,105.148506
98.0,104.53026
125.0,100.66372
125.0,103.39612
125.0,104.54608
125.0,105.52953
125.0,107.49101
125.0,108.631165
125.0,109.20232
125.0,110.701096
125.0,114.10404
125.0,115.568184
125.0,116.42847
125.0,112.5507
125.0,113.48666
125.0,110.52896
125.0,107.6518
125.0,108.058586
125.0,111.25655
125.0,111.37326
125.0,109.62934
125.0,109.827324
125.0,105.54711
125.0,105.07798
125.0,103.48223
125.0,106.381996
125.0,105.10506
125.0,100.95223
125.0,104.25287
125.0,101.91015
125.0,99.75517
125.0,100.72402
125.0,101.30238
125.0,104.94035
125.0,104.771416
125.0,106.831726
125.0,109.93279
125.0,109.15619
125.0,107.05337
125.0,110.6098
125.0,111.35542
125.0,109.45333
125.0,107.491455
125.0,106.33133
125.0,107.688675
125.0,111.556854
125.0,110.9087
125.0,114.38647
125.0,116.006836
125.0,114.2206
125.0,108.27659
125.0,104.642494
125.0,100.46978
125.0,98.494545
125.0,102.347336
125.0,105.91853
125.0,105.87874
125.0,100.11994
125.0,102.99905
125.0,100.18759
125.0,101.298676
125.0,102.34329
125.0,101.1038
125.0,100.15622
125.0,99.31549
125.0,102.67578
125.0,102.97016
125.0,102.079895
125.0,98.94496
125.0,100.63425
125.0,104.238106
125.0,104.84205
125.0,102.36138
125.0,100.67155
125.0,100.575
125.0,104.65576
125.0,109.66806
125.0,116.03492
125.0,115.01589
125.0,118.41652
125.0,116.234764
125.0,114.405525
125.0,111.93079
125.0,111.3708
125.0,113.86249
125.0,116.2806
125.0,115.74476
125.0,111.722916
125.0,115.19125
125.0,115.08064
125.0,116.593025
125.0,114.24656
125.0,114.790665
125.0,113.170105
125.0,111.28034
125.0,106.4553
125.0,107.117516
125.0,106.55136
125.0,105.616776
125.0,105.839554
125.0,103.79823
125.0,107.147064
125.0,102.422806
125.0,99.190605
125.0,98.84712
125.0,93.24081
125.0,97.89942
125.0,100.82487
125.0,96.505455
124.0,102.45636
123.0,105.372055
122.0,104.26253
121.0,102.35022
120.0,102.95652
119.0,98.64455
118.0,100.94244
117.0,98.52457
116.0,95.22943
115.0,97.29581
114.0,97.19196
113.0,99.096466
112.0,96.58809
111.0,102.30095
110.0,102.55893
109.0,95.84804
108.0,97.463844
107.0,95.39888
106.0,95.39567
105.0,93.06176
104.0,98.88242
103.0,101.071846
102.0,103.69751
101.0,102.548996
100.0,98.61453
99.0,95.33989
98.0,93.803764
97.0,90.83024
96.0,94.48699
95.0,92.49846
94.0,92.53971
93.0,90.0875
92.0,92.50478
91.0,94.053925
125.0,128.04575
125.0,130.01256
125.0,130.05383
125.0,130.57785
125.0,127.32404
125.0,129.94052
125.0,129.8641
125.0,128.00282
125.0,128.82706
125.0,124.465866
125.0,121.427315
125.0,123.43453
125.0,124.83728
125.0,130.17531
125.0,125.31425
125.0,117.87719
125.0,110.40055
125.0,116.46946
125.0,115.25331
125.0,111.306145
125.0,111.13559
125.0,105.66529
125.0,107.81105
125.0,110.00401
125.0,110.90602
125.0,111.90179
125.0,113.37834
125.0,113.65211
125.0,120.754745
125.0,129.92403
125.0,124.65513
125.0,115.29845
125.0,114.163414
125.0,116.35816
125.0,116.38135
125.0,120.51679
125.0,120.82258
125.0,121.44787
125.0,125.00526
125.0,124.20131
125.0,124.70191
125.0,130.44171
125.0,137.31305
125.0,142.57513
125.0,140.79366
125.0,135.68587
125.0,133.26115
125.0,134.60123
125.0,135.6719
125.0,139.6996
125.0,142.5259
125.0,133.41696
125.0,129.98361
125.0,131.53836
125.0,125.75542
125.0,124.65331
125.0,125.07683
125.0,120.85997
125.0,124.88264
125.0,128.90201
125.0,126.414345
125.0,120.8871
125.0,119.44846
125.0,116.94916
125.0,115.897865
125.0,116.90451
125.0,115.3779
125.0,113.71814
125.0,114.94233
125.0,115.385506
125.0,114.10713
125.0,111.63262
125.0,115.0716
125.0,119.73627
125.0,122.08057
125.0,120.32532
125.0,116.7997
125.0,115.314384
125.0,114.85152
125.0,119.38781
125.0,115.81887
125.0,107.73398
125.0,95.518616
125.0,98.39755
125.0,92.126625
125.0,85.98308
125.0,81.535904
125.0,70.53768
125.0,73.19441
125.0,76.08256
125.0,74.960625
125.0,67.51957
125.0,73.228004
125.0,73.6995
125.0,76.000244
125.0,81.68769
125.0,84.76345
125.0,80.73306
125.0,78.540535
125.0,83.932846
125.0,90.065315
125.0,86.05653
125.0,89.20729
125.0,98.219215
124.0,97.050186
123.0,103.058624
122.0,105.34537
121.0,105.34077
120.0,99.89241
119.0,105.696396
118.0,104.206436
117.0,103.921265
116.0,98.950836
125.0,111.04123
125.0,109.53809
125.0,109.62838
125.0,106.45158
125.0,107.15023
125.0,106.42005
125.0,111.87937
125.0,111.80746
125.0,111.8378
125.0,113.457886
125.0,109.534645
125.0,107.73097
125.0,107.1232
125.0,107.60373
125.0,108.89431
125.0,108.86678
125.0,109.607414
125.0,110.772446
125.0,109.85109
125.0,110.09534
125.0,113.53692
125.0,115.76917
125.0,113.43717
125.0,111.6617
125.0,110.729485
125.0,109.33477
125.0,112.55842
125.0,109.30852
125.0,107.314514
125.0,102.346344
125.0,105.96132
125.0,102.153015
125.0,102.946
125.0,101.70549
125.0,99.52556
125.0,96.61786
125.0,99.88383
125.0,99.893036
125.0,99.772606
125.0,101.03973
125.0,98.89324
125.0,104.769714
125.0,103.73771
125.0,104.86655
125.0,106.79415
125.0,107.46238
125.0,109.40752
125.0,111.50354
125.0,113.7162
125.0,113.0185
124.0,114.680885
123.0,117.9309
122.0,122.19418
121.0,121.99141
120.0,123.887566
119.0,123.49153
118.0,126.14639
117.0,126.646416
116.0,124.91789
115.0,123.32074
114.0,124.936035
113.0,117.60279
112.0,115.924805
111.0,110.600105
110.0,106.31305
109.0,103.76501
108.0,102.659904
107.0,97.3877
106.0,94.84975
105.0,95.0474
104.0,95.99858
103.0,96.55643
102.0,86.821
101.0,81.85283
100.0,78.81531
99.0,87.88811
98.0,90.53146
97.0,88.45182
96.0,89.18801
95.0,94.34569
94.0,97.89247
93.0,104.19889
92.0,105.131256
91.0,106.398224
90.0,113.39887
89.0,114.55589
88.0,112.20382
87.0,108.49168
86.0,101.47201
85.0,101.10258
84.0,101.46702
83.0,92.13887
82.0,87.47484
81.0,78.60548
80.0,81.57298
79.0,80.63987
78.0,83.54166
77.0,81.20643
76.0,80.37194
75.0,84.22529
74.0,87.482155
73.0,87.02904
72.0,79.96079
71.0,79.03306
70.0,76.67537
69.0,81.1976
68.0,77.87853
67.0,70.231926
66.0,75.21145
65.0,76.56468
64.0,83.84621
63.0,91.85255
62.0,89.8407
61.0,95.08439
60.0,100.54671
59.0,95.03635
58.0,90.19737
57.0,91.60838
56.0,80.68044
55.0,76.24842
54.0,71.61569
53.0,67.9182
52.0,63.040928
51.0,58.17479
50.0,50.235855
49.0,55.756752
48.0,60.869347
47.0,55.37486
46.0,57.84534
45.0,57.353245
44.0,53.948475
43.0,47.484947
42.0,43.17296
41.0,39.817497
40.0,41.334774
39.0,38.996895
38.0,40.212196
37.0,38.889103
36.0,38.152798
35.0,35.94385
34.0,38.69835
33.0,38.653927
32.0,40.075516
31.0,42.30814
30.0,42.188633
29.0,41.45186
28.0,36.523907
27.0,37.34261
26.0,34.238773
25.0,29.281971
24.0,26.71275
23.0,24.178442
22.0,21.734003
21.0,20.971138
20.0,20.022017
19.0,19.928913
18.0,19.139194
17.0,17.329247
16.0,17.146408
15.0,17.473345
14.0,16.694527
13.0,16.587526
12.0,14.374291
11.0,13.295121
10.0,13.190502
9.0,12.900264
125.0,116.53505
125.0,115.59863
125.0,115.94061
125.0,115.815956
125.0,114.67232
125.0,114.57335
125.0,113.50721
125.0,113.05999
125.0,112.91441
125.0,115.164024
125.0,116.05236
125.0,116.80949
125.0,116.992455
125.0,116.941765
125.0,116.98057
125.0,116.06018
125.0,115.36088
125.0,114.23655
125.0,115.997375
125.0,116.45389
125.0,117.21231
125.0,119.720505
125.0,118.202896
125.0,115.926216
125.0,114.668884
125.0,114.42458
125.0,112.73781
125.0,114.14523
125.0,114.51721
125.0,113.18784
125.0,112.9995
125.0,112.68877
125.0,110.38824
125.0,109.57858
125.0,108.92856
125.0,110.7924
125.0,107.88967
125.0,106.776596
125.0,107.26221
124.0,107.441025
123.0,106.47819
122.0,106.658134
121.0,106.37505
120.0,106.43205
119.0,105.11777
118.0,103.41965
117.0,103.48406
116.0,104.84779
115.0,104.451454
114.0,105.04292
113.0,103.21145
112.0,100.743484
111.0,100.57108
110.0,100.54097
109.0,100.32976
108.0,102.64119
107.0,102.33854
106.0,104.48713
105.0,106.31513
104.0,106.649864
103.0,107.484726
102.0,106.091736
101.0,104.019615
100.0,102.54629
99.0,104.00753
98.0,101.25526
97.0,100.75119
96.0,99.78862
95.0,93.96136
94.0,92.41939
93.0,91.85877
92.0,92.725845
91.0,92.543236
90.0,92.73745
89.0,90.37695
88.0,88.54495
87.0,86.25818
86.0,86.98713
85.0,87.424324
84.0,87.23
83.0,89.49324
82.0,87.281166
81.0,86.312515
80.0,86.88839
79.0,91.330734
78.0,93.57731
77.0,96.18154
76.0,97.73886
75.0,95.601974
74.0,89.79337
73.0,84.60268
72.0,84.734184
71.0,82.83374
70.0,78.67979
69.0,77.42532
68.0,78.49536
67.0,78.66565
66.0,77.663185
65.0,75.49066
64.0,69.70712
63.0,69.810074
62.0,71.794495
61.0,68.11983
60.0,67.76192
59.0,66.42552
58.0,64.939896
57.0,60.379612
56.0,57.880936
55.0,56.67409
54.0,55.907604
53.0,58.57858
52.0,56.16326
51.0,54.087097
50.0,53.561134
49.0,53.716274
125.0,119.65961
125.0,113.26559
124.0,115.446625
123.0,116.14108
122.0,116.46445
121.0,122.38413
120.0,125.788864
119.0,124.813286
118.0,117.3335
117.0,117.10366
116.0,113.79157
115.0,112.00453
114.0,109.37436
113.0,106.62878
112.0,109.980705
111.0,115.69866
110.0,122.07255
109.0,127.30624
108.0,120.21679
107.0,120.99554
125.0,117.31428
125.0,116.28184
125.0,116.642746
125.0,115.80264
125.0,113.95972
125.0,114.91722
125.0,115.91983
125.0,117.041306
125.0,115.39921
125.0,113.489845
125.0,111.76044
125.0,110.71837
125.0,111.99413
125.0,111.54425
125.0,113.498405
125.0,113.43021
125.0,113.59267
125.0,112.59015
125.0,111.9268
125.0,111.06998
125.0,110.89223
125.0,112.96054
125.0,115.81882
125.0,113.94624
125.0,113.872604
125.0,112.191124
125.0,112.14047
125.0,111.091064
125.0,112.2614
125.0,110.869255
125.0,110.19871
125.0,109.10745
125.0,106.92576
125.0,107.29746
125.0,106.00312
125.0,107.97304
125.0,110.55238
125.0,110.685425
125.0,112.58122
125.0,111.304955
125.0,111.68613
125.0,112.14177
125.0,113.70157
125.0,114.04944
125.0,116.78739
125.0,116.18852
125.0,115.642975
125.0,116.07772
125.0,116.11207
125.0,114.67272
125.0,114.29845
125.0,114.8121
125.0,115.70071
125.0,115.517685
125.0,113.77186
125.0,111.975
124.0,113.335785
123.0,114.95813
122.0,115.61112
121.0,114.30414
120.0,112.667564
119.0,109.44598
118.0,109.6907
117.0,109.609695
116.0,106.19128
115.0,103.87709
114.0,103.29689
113.0,104.20481
112.0,101.08176
111.0,100.98499
110.0,100.70948
109.0,98.74989
108.0,100.14506
107.0,103.78574
106.0,104.7571
105.0,102.46181
104.0,102.66996
103.0,102.72952
102.0,103.735146
101.0,102.806854
100.0,102.181435
99.0,100.16139
98.0,98.03558
97.0,95.5427
96.0,96.78029
95.0,97.04946
94.0,95.654144
93.0,96.772255
92.0,95.865074
91.0,97.92653
90.0,97.16531
89.0,98.26693
88.0,99.30502
87.0,97.96088
86.0,98.95999
85.0,99.100586
84.0,98.13289
83.0,100.183
82.0,97.0366
81.0,98.314316
80.0,101.23749
79.0,102.80844
78.0,103.99539
77.0,109.819084
76.0,106.18775
75.0,101.90338
74.0,100.84471
73.0,101.672264
72.0,100.580055
71.0,103.64386
70.0,108.72711
69.0,99.95387
68.0,97.07054
67.0,94.58178
66.0,92.15501
65.0,89.00686
64.0,85.70216
63.0,83.60379
62.0,84.242386
61.0,81.7548
60.0,70.98667
59.0,65.85626
58.0,61.55744
57.0,62.931248
56.0,61.92176
55.0,59.22714
54.0,57.63359
53.0,57.789867
52.0,48.379364
51.0,48.361732
50.0,48.05342
49.0,53.910797
48.0,51.31263
47.0,55.528862
46.0,56.317867
45.0,52.993927
44.0,49.50635
43.0,50.882206
42.0,46.666634
41.0,39.224167
40.0,35.521244
39.0,21.538237
38.0,15.096288
37.0,21.805603
36.0,23.193895
35.0,23.532934
34.0,27.518253
33.0,28.228697
32.0,32.570034
31.0,34.720383
30.0,34.791557
29.0,33.06316
28.0,32.82348
27.0,31.431585
26.0,27.590017
25.0,24.659172
24.0,22.28431
23.0,18.414467
22.0,16.014345
21.0,16.00898
20.0,15.291988
19.0,13.60981
18.0,12.624758
17.0,12.936109
16.0,13.80868
15.0,14.176711
14.0,13.887619
13.0,13.704186
12.0,13.154965
11.0,12.280923
10.0,10.799854
9.0,9.3662
8.0,8.290911
125.0,132.81981
125.0,130.05121
125.0,126.67963
125.0,125.84008
125.0,121.27585
125.0,118.11239
125.0,116.81179
125.0,116.72861
125.0,113.65357
125.0,109.804855
125.0,107.11215
125.0,105.03459
125.0,106.93892
125.0,107.16146
125.0,103.85642
125.0,102.4784
125.0,101.375496
125.0,106.57853
125.0,105.56187
125.0,108.55354
125.0,106.92045
125.0,110.21458
125.0,105.345024
125.0,104.17205
125.0,110.28212
125.0,110.86747
125.0,110.923515
125.0,111.873886
125.0,114.06533
125.0,115.61769
125.0,117.22302
125.0,123.37605
125.0,127.17991
125.0,129.12296
125.0,125.7812
125.0,131.66263
125.0,131.77837
125.0,131.18039
125.0,133.5572
125.0,130.01021
125.0,125.87055
125.0,130.83864
125.0,133.76631
125.0,134.69267
125.0,133.29028
125.0,129.75719
125.0,124.29836
125.0,130.1477
125.0,124.37797
125.0,123.95129
125.0,125.02268
125.0,124.823135
125.0,121.04641
125.0,114.428345
125.0,108.837715
124.0,105.29241
123.0,104.18033
122.0,97.45207
121.0,92.83404
120.0,91.5232
119.0,93.25054
118.0,92.0325
117.0,85.62395
116.0,82.563866
115.0,84.85378
114.0,91.540695
113.0,91.45247
112.0,88.97689
111.0,92.32764
110.0,89.59728
109.0,80.72858
108.0,82.0535
107.0,83.23616
106.0,86.88894
105.0,91.77314
104.0,92.16039
103.0,98.67524
102.0,99.92795
101.0,106.91212
100.0,107.62635
99.0,110.42554
98.0,111.44234
97.0,109.32818
96.0,109.01395
95.0,100.89422
94.0,102.26273
93.0,101.1312
92.0,99.01482
91.0,98.96372
90.0,99.59727
89.0,101.01609
88.0,95.60458
87.0,92.58233
86.0,88.9447
85.0,92.47608
84.0,97.45789
83.0,98.67571
82.0,95.50804
81.0,92.145584
80.0,84.86852
79.0,77.97121
78.0,70.16158
77.0,60.67082
76.0,52.74426
75.0,54.47933
74.0,49.16746
73.0,49.423965
72.0,49.367508
71.0,59.532413
70.0,63.310116
69.0,60.145008
68.0,65.91226
67.0,64.255554
66.0,63.313
65.0,60.888027
64.0,61.823326
63.0,66.160675
62.0,60.787388
61.0,55.636433
60.0,58.19375
59.0,62.667175
58.0,58.682823
57.0,55.59341
56.0,54.489414
55.0,55.025085
54.0,62.84429
53.0,66.23862
52.0,59.8118
51.0,54.65403
50.0,49.278843
49.0,45.513233
48.0,42.12089
47.0,41.449154
46.0,37.498127
45.0,39.76236
44.0,38.338737
43.0,37.136814
42.0,36.471996
41.0,32.823105
40.0,31.356276
39.0,32.739483
38.0,33.095745
37.0,31.737123
36.0,29.667347
35.0,29.236872
34.0,26.907463
33.0,23.644506
32.0,20.386278
31.0,20.877604
30.0,20.11827
29.0,19.63941
28.0,19.325953
27.0,18.848024
26.0,17.902304
25.0,17.48323
24.0,16.974794
23.0,16.42301
22.0,15.143663
21.0,14.365505
20.0,14.406616
19.0,13.849031
18.0,13.590136
17.0,13.461332
16.0,13.000047
15.0,13.172294
14.0,12.864252
13.0,12.998416
12.0,12.251737
115.0,117.86748
114.0,116.43314
113.0,113.23793
112.0,105.04055
111.0,103.53363
110.0,104.2551
109.0,103.333664
108.0,104.916954
107.0,104.13088
106.0,105.99344
105.0,100.73984
104.0,105.28754
103.0,102.75102
102.0,105.906494
101.0,106.753426
100.0,105.4963
99.0,107.95855
98.0,109.760445
97.0,106.09093
96.0,100.109276
95.0,104.09264
94.0,109.34209
93.0,110.26259
92.0,110.06933
91.0,114.351555
90.0,111.18984
89.0,113.55483
88.0,116.102844
87.0,120.316505
86.0,122.61349
85.0,121.43056
84.0,116.353676
83.0,118.972885
82.0,116.94647
81.0,119.28441
80.0,121.59432
79.0,120.93935
78.0,119.56701
77.0,120.0622
76.0,114.488846
75.0,112.789276
74.0,107.40721
73.0,100.41468
72.0,97.851715
71.0,92.98272
70.0,89.727
69.0,90.77782
68.0,84.64424
67.0,73.23037
66.0,72.522675
65.0,74.99334
64.0,72.67517
63.0,68.973694
62.0,67.937195
61.0,65.40615
60.0,57.075928
59.0,60.779778
58.0,59.92796
57.0,63.61683
56.0,60.467827
55.0,55.859768
54.0,51.67656
53.0,51.067394
52.0,50.499702
51.0,45.0539
50.0,47.268974
49.0,44.633972
48.0,47.07479
47.0,46.585125
46.0,50.423805
45.0,48.056374
44.0,48.324387
43.0,50.12113
42.0,47.30621
41.0,47.30201
40.0,46.31156
39.0,49.32633
38.0,49.492935
37.0,44.188934
36.0,43.69915
35.0,39.759296
34.0,37.255768
33.0,37.305904
32.0,32.750782
31.0,29.728428
30.0,28.7309
29.0,28.790447
28.0,28.082985
27.0,27.834583
26.0,26.729267
25.0,27.28932
24.0,25.202822
23.0,24.037409
22.0,23.580383
21.0,21.252468
20.0,19.242283
112.0,109.70546
111.0,109.37458
110.0,108.461395
109.0,109.42958
108.0,110.70157
107.0,110.22148
106.0,109.67476
105.0,108.744316
104.0,108.6279
103.0,106.93153
102.0,103.62128
101.0,104.85115
100.0,105.9133
99.0,106.69888
98.0,107.77181
97.0,108.626205
96.0,108.76043
95.0,109.094246
94.0,109.03701
93.0,108.678116
92.0,107.89208
91.0,109.4428
90.0,108.23712
89.0,106.974754
88.0,106.88558
87.0,107.447174
86.0,106.13404
85.0,108.86126
84.0,109.575005
83.0,110.554054
82.0,107.08171
81.0,106.789085
80.0,106.461914
79.0,105.77584
78.0,107.49292
77.0,106.38054
76.0,107.68071
75.0,108.57868
74.0,108.41818
73.0,106.97831
72.0,104.66493
71.0,107.09336
70.0,106.31068
69.0,106.19035
68.0,105.61255
67.0,103.78654
66.0,102.701035
65.0,103.18549
64.0,99.09458
63.0,95.27214
62.0,90.73918
61.0,94.884705
60.0,85.78258
59.0,82.29494
58.0,74.58007
57.0,76.4423
56.0,74.78742
55.0,81.89065
54.0,81.79661
53.0,77.00428
52.0,70.06158
51.0,68.28588
50.0,66.81937
49.0,61.104305
48.0,58.197685
47.0,59.889145
46.0,54.73786
45.0,57.708244
44.0,56.48764
43.0,57.059864
42.0,56.161198
41.0,60.252132
40.0,60.37209
39.0,68.52791
38.0,66.228004
37.0,65.01241
36.0,65.62436
35.0,68.658905
34.0,58.06647
33.0,52.979317
32.0,46.776985
31.0,42.268036
30.0,30.537058
29.0,25.17484
28.0,18.27539
27.0,14.59359
26.0,15.308249
25.0,13.83603
24.0,12.732096
23.0,9.347733
22.0,10.234212
125.0,119.62883
125.0,118.76322
125.0,118.5774
125.0,113.25295
125.0,110.89591
125.0,109.60589
125.0,110.184235
125.0,114.52392
125.0,111.96635
125.0,112.01406
125.0,112.65931
125.0,119.793304
125.0,119.300545
125.0,118.00513
125.0,119.853264
125.0,113.31542
125.0,107.61516
125.0,110.83797
125.0,106.3785
125.0,98.61215
125.0,91.7315
124.0,98.57504
123.0,101.613434
122.0,99.97408
121.0,97.24418
120.0,95.714165
119.0,94.25643
118.0,95.92599
117.0,95.99606
116.0,95.882355
115.0,99.90017
114.0,103.422516
113.0,103.72934
112.0,99.93237
111.0,97.3509
110.0,93.93401
109.0,95.729034
108.0,100.075386
107.0,102.06032
106.0,104.694916
105.0,103.343216
104.0,104.47576
103.0,109.88748
102.0,109.09634
101.0,109.18782
100.0,113.116875
99.0,115.60571
98.0,121.988434
97.0,118.14865
96.0,119.07947
95.0,113.98847
94.0,119.38342
93.0,121.15233
92.0,120.16789
91.0,117.344376
90.0,117.47518
89.0,117.060394
88.0,112.2701
87.0,113.90109
86.0,118.965195
85.0,114.67133
84.0,116.78834
83.0,109.34686
82.0,110.471146
81.0,112.48107
80.0,110.44271
79.0,114.72892
78.0,115.93068
77.0,116.906815
76.0,119.43069
75.0,116.46749
74.0,110.801834
73.0,112.82459
72.0,104.44385
71.0,102.70833
70.0,101.851585
69.0,99.03458
68.0,102.12121
67.0,104.64835
66.0,107.54618
65.0,112.4873
64.0,109.339775
63.0,103.99783
62.0,100.91949
61.0,98.46339
60.0,99.69188
59.0,95.94009
58.0,93.03649
57.0,94.72472
56.0,91.12058
55.0,88.07673
54.0,80.39645
53.0,77.98937
52.0,73.2538
51.0,64.661476
125.0,117.78843
125.0,119.94315
125.0,116.72882
125.0,118.97928
125.0,119.95977
125.0,119.045044
125.0,118.22161
125.0,114.52267
125.0,115.312355
125.0,114.16635
125.0,116.43575
125.0,109.680626
125.0,106.68191
125.0,101.006744
124.0,100.92577
123.0,98.9338
122.0,96.89567
121.0,92.26463
120.0,96.90364
119.0,98.249374
118.0,96.49335
117.0,97.24526
116.0,98.64861
115.0,105.16639
114.0,101.55734
113.0,101.301636
112.0,97.92131
111.0,108.017525
110.0,105.98581
109.0,107.129845
108.0,102.34544
107.0,97.52147
106.0,97.086205
105.0,98.76637
104.0,96.49048
103.0,98.48782
102.0,96.31783
101.0,103.04755
100.0,103.75671
99.0,110.72743
98.0,115.468285
97.0,111.87932
96.0,106.98243
95.0,98.011925
94.0,98.897156
93.0,99.47456
92.0,94.08543
91.0,91.375725
90.0,86.740524
89.0,91.59635
88.0,89.84417
87.0,91.581505
86.0,95.10325
85.0,96.140915
84.0,92.91927
83.0,94.71798
82.0,97.839386
81.0,102.96718
80.0,105.10713
79.0,111.587296
78.0,113.12305
77.0,107.91649
76.0,108.255936
75.0,107.85468
74.0,102.95127
73.0,99.76478
72.0,101.592384
71.0,102.55353
70.0,106.53263
69.0,105.87195
68.0,99.50806
67.0,106.21585
66.0,103.80299
65.0,96.79829
64.0,92.76681
63.0,101.1923
62.0,96.230896
61.0,94.59029
60.0,85.70044
59.0,85.1378
58.0,80.161674
57.0,75.36373
56.0,69.77337
55.0,63.03598
54.0,59.679764
53.0,50.08546
52.0,49.77493
51.0,55.80174
50.0,54.99968
49.0,58.9745
48.0,63.19154
47.0,61.94647
46.0,61.247932
45.0,55.766697
44.0,50.35363
43.0,50.607483
42.0,51.866188
41.0,48.975895
40.0,45.186012
39.0,44.89905
38.0,43.369625
37.0,43.282394
36.0,37.72644
35.0,35.052166
34.0,31.598415
33.0,30.741774
32.0,29.94591
31.0,28.90248
30.0,28.998941
29.0,29.605194
111.0,115.3675
110.0,115.68345
109.0,113.930374
108.0,112.325455
107.0,111.494316
106.0,111.53644
105.0,112.33152
104.0,112.09475
103.0,112.37793
102.0,112.80215
101.0,112.92597
100.0,114.41061
99.0,112.99926
98.0,112.54364
97.0,110.900246
96.0,110.16028
95.0,111.80985
94.0,112.49653
93.0,110.62892
92.0,110.62425
91.0,110.3881
90.0,110.6806
89.0,110.099205
88.0,109.134575
87.0,108.08201
86.0,108.62924
85.0,108.29618
84.0,107.556046
83.0,107.31845
82.0,107.20506
81.0,105.45467
80.0,103.869705
79.0,102.38434
78.0,99.78418
77.0,101.591644
76.0,101.85953
75.0,101.75811
74.0,99.72492
73.0,101.30617
72.0,102.96465
71.0,103.44752
70.0,104.10486
69.0,102.4517
68.0,101.36134
67.0,99.4471
66.0,100.13181
65.0,99.7135
64.0,99.99891
63.0,94.455635
62.0,95.09894
61.0,96.21125
60.0,96.83083
59.0,95.145775
58.0,92.790825
57.0,92.26304
56.0,86.65284
55.0,88.62144
54.0,89.23695
53.0,87.330505
52.0,83.37987
51.0,75.228455
50.0,69.947334
49.0,72.78904
48.0,76.38914
47.0,75.6313
46.0,75.441124
45.0,80.07244
44.0,77.86817
43.0,75.96525
42.0,74.729866
41.0,74.25125
40.0,73.61448
39.0,66.676926
38.0,64.805405
37.0,57.864452
36.0,58.46928
35.0,48.83014
34.0,49.810444
33.0,33.895653
32.0,36.725643
31.0,30.314007
30.0,30.320362
29.0,20.53478
28.0,11.185334
27.0,10.068574
26.0,10.026693
25.0,11.822095
24.0,12.417194
23.0,8.423548
22.0,4.756053
21.0,1.8033847
20.0,1.0872353
19.0,1.6257106
125.0,112.933426
125.0,115.43
125.0,117.6614
125.0,117.62975
125.0,115.54025
125.0,112.767944
125.0,112.55083
125.0,111.83945
125.0,112.08065
125.0,111.592384
125.0,112.206345
125.0,114.231346
124.0,114.15274
123.0,113.73367
122.0,113.00504
121.0,111.9848
120.0,111.965836
119.0,111.68169
118.0,113.0703
117.0,112.676575
116.0,113.382965
115.0,113.32992
114.0,112.1134
113.0,113.347206
112.0,114.819374
111.0,114.83358
110.0,112.04427
109.0,114.19688
108.0,112.31376
107.0,111.01682
106.0,109.55409
105.0,110.652596
104.0,111.03741
103.0,112.33397
102.0,111.46459
101.0,110.206635
100.0,110.21224
99.0,109.929634
98.0,108.97527
97.0,107.60109
96.0,107.28697
95.0,106.492096
94.0,106.92154
93.0,106.93522
92.0,105.82931
91.0,104.588585
90.0,101.931076
89.0,99.6834
88.0,100.83557
87.0,98.05088
86.0,97.20403
85.0,96.571846
84.0,93.23624
83.0,91.10957
82.0,90.939415
81.0,89.73836
80.0,86.23902
79.0,89.969475
78.0,88.71276
77.0,92.94928
76.0,95.4217
75.0,96.32446
74.0,97.28233
73.0,99.29094
72.0,100.79381
71.0,103.58879
70.0,101.62707
69.0,101.41735
68.0,96.87024
67.0,93.59934
66.0,89.041664
65.0,89.26482
64.0,92.96695
63.0,95.42261
62.0,92.91136
61.0,96.17488
60.0,94.2782
59.0,92.57033
58.0,91.30138
57.0,84.08295
56.0,84.89817
55.0,87.810234
54.0,87.181
53.0,81.56651
52.0,76.64157
51.0,69.7772
50.0,68.085655
49.0,64.297424
48.0,69.12912
47.0,73.81951
46.0,81.50488
45.0,80.88231
44.0,77.68914
43.0,79.735085
42.0,82.90345
41.0,81.33121
40.0,81.01498
39.0,82.14083
38.0,75.369194
37.0,68.46207
36.0,53.7383
35.0,53.19639
34.0,49.929394
33.0,46.213406
32.0,33.773132
31.0,29.355894
30.0,22.614481
29.0,20.24203
28.0,18.55844
27.0,12.644592
26.0,11.401219
25.0,12.273347
24.0,11.197444
23.0,7.5218325
22.0,5.77081
21.0,6.814667
20.0,8.40253
19.0,9.5961685
18.0,8.509638
17.0,8.585101
16.0,9.837665
15.0,7.086107
14.0,5.8895407
13.0,6.947099
12.0,5.976342
11.0,6.610459
125.0,106.05546
125.0,110.57426
125.0,115.08766
125.0,115.953964
125.0,114.95234
125.0,114.286224
125.0,115.683876
125.0,118.868675
125.0,123.13079
125.0,122.77142
125.0,120.64852
125.0,118.66334
125.0,122.086105
125.0,123.9776
125.0,125.990974
125.0,121.93739
125.0,118.37906
125.0,122.000145
125.0,125.11854
125.0,128.19507
125.0,129.74643
125.0,124.4899
125.0,121.6441
125.0,118.71771
125.0,120.95331
125.0,118.41075
125.0,118.12396
125.0,119.33026
125.0,121.48072
125.0,121.318054
125.0,121.38705
125.0,124.99733
125.0,120.15501
125.0,116.60634
125.0,113.59316
125.0,108.862465
125.0,112.38258
125.0,114.57106
125.0,115.43191
125.0,113.336205
125.0,110.91004
125.0,110.0129
125.0,112.23769
125.0,110.76877
125.0,104.5759
125.0,103.422935
125.0,109.28277
125.0,113.44744
125.0,120.68838
125.0,123.48108
125.0,121.78338
125.0,118.99278
125.0,117.774956
125.0,110.57244
125.0,112.63246
125.0,115.689545
125.0,114.997185
125.0,113.63745
125.0,118.761795
125.0,122.58811
125.0,122.14835
125.0,120.40355
125.0,114.17246
125.0,114.00011
125.0,113.17397
125.0,109.66167
125.0,113.13207
125.0,115.386086
125.0,117.23826
125.0,115.32346
125.0,110.65416
125.0,105.56607
125.0,99.34548
125.0,96.68198
125.0,87.04909
125.0,87.332115
125.0,80.536545
124.0,82.88519
123.0,90.283394
122.0,89.42032
121.0,86.395515
120.0,87.94492
119.0,90.65333
118.0,92.86921
117.0,99.54271
116.0,105.57078
115.0,108.547104
114.0,109.151886
113.0,107.637634
112.0,108.36412
111.0,117.26239
110.0,115.67308
109.0,113.7359
108.0,119.40973
107.0,119.033646
106.0,124.79296
105.0,125.77182
104.0,123.651665
103.0,124.294785
102.0,121.26951
101.0,114.55545
100.0,114.13187
99.0,112.01635
98.0,117.15076
97.0,114.68132
96.0,110.6548
95.0,105.14778
94.0,109.95519
93.0,114.92674
92.0,109.103004
91.0,105.60795
90.0,101.49016
89.0,108.95249
88.0,107.041626
87.0,104.84521
86.0,98.4715
85.0,97.53157
84.0,97.485954
83.0,90.27452
82.0,87.07277
81.0,94.24896
80.0,93.18881
79.0,93.797165
78.0,93.58214
77.0,92.449265
76.0,98.85558
75.0,93.97988
74.0,88.764465
73.0,88.42119
72.0,82.92809
71.0,81.71477
70.0,86.542885
69.0,81.44488
68.0,84.10819
67.0,84.34541
66.0,83.28198
65.0,82.95999
64.0,81.55809
63.0,80.72174
62.0,73.326775
61.0,69.98531
60.0,68.67314
125.0,119.8612
125.0,122.646835
125.0,122.711464
125.0,120.83041
125.0,123.427505
125.0,129.1583
125.0,131.15651
125.0,133.30966
125.0,137.19963
124.0,133.41446
123.0,131.57744
122.0,127.7131
121.0,126.35922
120.0,127.79234
119.0,130.01346
118.0,129.55089
117.0,122.75027
116.0,117.99125
115.0,115.21972
114.0,112.6353
113.0,115.000786
112.0,108.65418
111.0,104.648605
110.0,107.53191
125.0,119.149536
125.0,113.50341
125.0,109.81783
125.0,109.12093
125.0,104.338776
125.0,105.021255
125.0,107.913734
125.0,103.92719
125.0,105.54093
125.0,105.92162
125.0,110.20489
125.0,105.10743
125.0,99.13159
125.0,102.86258
125.0,105.47518
125.0,106.87107
125.0,104.77327
125.0,100.70403
125.0,103.24703
125.0,107.59939
125.0,109.39051
125.0,112.533134
125.0,111.11981
125.0,111.46987
125.0,108.81712
125.0,107.68703
125.0,112.04068
125.0,112.36509
125.0,112.40098
125.0,110.41332
125.0,113.680214
125.0,107.30403
125.0,106.94529
125.0,107.04872
125.0,105.29365
125.0,106.53014
125.0,101.51204
125.0,98.56375
125.0,97.12556
125.0,102.64625
125.0,108.463165
125.0,106.62981
125.0,105.33617
125.0,110.498
125.0,114.87314
125.0,118.38582
125.0,112.46425
125.0,110.274574
125.0,111.79707
125.0,113.429245
125.0,116.49974
125.0,113.16619
125.0,112.69101
125.0,113.240616
125.0,112.52841
125.0,112.215836
125.0,111.18812
125.0,112.162575
125.0,110.98622
125.0,109.778
125.0,106.224014
125.0,100.09339
125.0,100.33864
125.0,97.64437
125.0,98.826035
125.0,98.40001
125.0,97.59398
125.0,102.577415
125.0,101.26445
125.0,101.91834
125.0,103.90297
125.0,106.44816
125.0,108.06876
125.0,108.71551
125.0,109.91615
125.0,107.82124
125.0,105.3692
125.0,104.33729
125.0,103.771194
125.0,99.633064
125.0,98.72809
125.0,96.18801
125.0,96.3021
125.0,104.0153
125.0,104.548065
125.0,108.632416
125.0,107.67846
125.0,107.19468
125.0,106.10829
125.0,111.379845
125.0,112.51064
125.0,106.11781
125.0,104.29859
125.0,106.14719
125.0,107.38516
125.0,108.26246
125.0,108.769356
125.0,114.58747
125.0,112.29329
125.0,107.48703
125.0,108.011185
125.0,106.7404
125.0,107.16153
125.0,115.22113
125.0,115.704834
125.0,114.23846
125.0,108.4214
125.0,105.56766
125.0,99.038925
125.0,98.33215
125.0,98.56543
125.0,98.18001
124.0,99.61985
123.0,105.34963
122.0,97.2759
121.0,101.028564
120.0,103.269905
119.0,101.84019
118.0,96.58144
117.0,95.08613
116.0,89.317856
115.0,88.384
125.0,114.27071
125.0,117.7091
125.0,119.61579
125.0,114.984764
125.0,113.889885
125.0,109.520485
125.0,105.742386
125.0,99.65321
125.0,100.99119
125.0,103.10184
125.0,98.66929
125.0,97.27858
125.0,101.11848
125.0,94.483185
125.0,90.48412
125.0,97.41197
125.0,98.96677
125.0,110.047745
125.0,107.01284
125.0,110.01588
125.0,110.63376
125.0,111.86039
125.0,108.45732
125.0,111.73646
125.0,113.14068
125.0,107.53179
125.0,99.287964
125.0,100.45482
125.0,99.627884
125.0,101.05858
125.0,109.66041
125.0,107.80143
125.0,109.149826
125.0,107.008514
125.0,116.71759
125.0,114.62143
125.0,115.51737
125.0,113.94271
125.0,116.22411
124.0,118.29898
123.0,113.15763
122.0,109.70415
121.0,108.4529
120.0,101.18734
119.0,104.3754
118.0,104.69338
117.0,107.022415
116.0,106.05582
115.0,99.81896
114.0,104.219315
113.0,100.6511
112.0,104.71659
111.0,108.22897
110.0,112.17794
109.0,112.55809
108.0,107.482605
107.0,103.31755
106.0,100.03265
105.0,100.54156
104.0,92.3011
103.0,96.84418
102.0,93.62195
101.0,91.420815
100.0,89.551125
99.0,91.65093
98.0,87.996826
97.0,89.890854
96.0,90.694176
95.0,93.339714
94.0,96.750885
93.0,94.12727
92.0,89.424034
91.0,90.67309
90.0,90.514786
89.0,92.14749
88.0,94.39185
87.0,96.96152
86.0,97.04651
85.0,85.79342
84.0,87.81219
83.0,92.76149
82.0,88.65977
81.0,89.03292
80.0,92.53859
79.0,86.392876
78.0,84.94158
77.0,89.30867
76.0,85.876396
75.0,86.49061
74.0,77.70713
73.0,76.10268
72.0,72.66413
71.0,75.614265
70.0,72.61373
69.0,79.617966
68.0,75.56792
67.0,70.98949
66.0,68.32084
65.0,66.26235
64.0,65.42317
63.0,60.20966
62.0,55.050755
61.0,50.04658
60.0,47.876335
59.0,47.562798
58.0,49.093094
57.0,45.042103
56.0,44.3074
55.0,40.728973
54.0,41.251186
53.0,43.409428
52.0,44.00089
51.0,45.12989
50.0,45.333103
49.0,40.87325
48.0,38.413383
125.0,125.5084
125.0,124.16498
125.0,121.75465
125.0,120.64762
125.0,118.59108
125.0,118.27457
125.0,123.170815
125.0,120.04288
125.0,122.14205
125.0,125.19972
125.0,121.93306
125.0,126.46691
125.0,120.65458
125.0,120.65026
125.0,122.34867
125.0,117.6434
125.0,113.519745
125.0,116.93409
125.0,117.193375
125.0,115.225136
125.0,113.617935
125.0,118.75382
125.0,117.79718
125.0,116.65046
125.0,119.58987
125.0,123.73582
125.0,123.45291
125.0,118.718506
125.0,114.0791
125.0,112.44875
125.0,113.3105
125.0,111.58262
125.0,111.79399
125.0,111.59237
125.0,112.2722
125.0,108.34089
125.0,109.705475
125.0,106.27389
125.0,109.717224
125.0,113.73362
125.0,113.1193
125.0,113.508675
125.0,107.179565
125.0,112.67329
125.0,115.95799
125.0,116.148605
125.0,117.723465
125.0,117.52495
125.0,116.69006
125.0,116.12553
125.0,115.13456
125.0,119.02012
125.0,120.880066
125.0,118.84403
125.0,119.41909
125.0,122.24047
125.0,122.5287
125.0,116.643684
125.0,119.08348
124.0,122.279854
123.0,125.04823
122.0,120.43368
121.0,117.90244
120.0,116.27001
119.0,119.74442
118.0,122.60625
117.0,117.47027
116.0,119.16442
115.0,120.07529
114.0,119.88692
113.0,120.651115
112.0,122.081825
111.0,118.95702
110.0,122.67425
109.0,120.89007
108.0,118.56723
107.0,119.035706
106.0,116.94245
105.0,112.006226
104.0,114.350334
103.0,116.97306
102.0,114.383804
101.0,117.24305
100.0,119.91074
99.0,119.405495
98.0,115.78295
97.0,113.413765
96.0,108.56195
95.0,110.35902
94.0,112.02826
93.0,113.557106
125.0,113.95373
125.0,113.66789
125.0,113.8691
125.0,113.80045
125.0,113.67622
125.0,114.24665
125.0,115.46968
125.0,114.746216
125.0,114.280495
125.0,115.64114
125.0,114.55844
125.0,114.617874
125.0,113.501564
125.0,111.84311
125.0,110.09914
125.0,108.63736
125.0,106.07928
125.0,104.98316
125.0,105.74843
125.0,107.750404
125.0,109.543625
125.0,109.333084
125.0,110.18145
125.0,109.89987
125.0,109.74
125.0,109.951195
125.0,111.731514
125.0,111.96045
125.0,113.125694
125.0,112.59507
125.0,113.198265
125.0,112.90828
125.0,113.97485
125.0,114.13016
125.0,116.03543
125.0,115.244
125.0,114.90087
125.0,116.14388
125.0,113.89367
125.0,114.57622
125.0,116.02396
125.0,117.243706
125.0,116.62583
125.0,114.52439
125.0,113.674774
125.0,111.869675
125.0,109.954094
125.0,111.860085
125.0,111.76153
125.0,109.70858
125.0,110.80939
125.0,111.79986
125.0,110.33718
125.0,111.727325
125.0,112.786545
125.0,111.77741
125.0,111.924965
125.0,110.297935
125.0,108.48395
125.0,109.076935
125.0,110.0025
125.0,111.968025
125.0,112.32503
125.0,108.95951
125.0,109.57569
125.0,110.34652
125.0,111.18828
125.0,111.92166
125.0,111.094574
125.0,109.942116
125.0,109.4673
125.0,111.08372
125.0,109.78722
125.0,108.94683
125.0,107.02296
125.0,107.751335
125.0,108.202614
125.0,109.05865
125.0,107.67798
125.0,108.793976
125.0,108.889175
125.0,110.90077
125.0,107.98825
125.0,108.934654
125.0,110.653946
125.0,111.38512
125.0,114.57947
125.0,112.48821
125.0,113.12586
125.0,111.38298
125.0,112.27953
125.0,111.48596
125.0,109.08993
125.0,108.72877
125.0,109.95164
125.0,107.167435
125.0,107.19895
125.0,109.6001
125.0,110.522156
125.0,106.15741
125.0,106.33523
125.0,106.78823
125.0,106.65898
125.0,104.344666
125.0,103.243576
125.0,103.96978
125.0,104.849846
125.0,106.64086
125.0,106.02871
125.0,104.49744
125.0,104.281395
125.0,105.96108
125.0,103.865555
125.0,104.495705
125.0,105.938614
125.0,104.69599
125.0,109.36788
125.0,108.71956
125.0,111.19422
125.0,108.35368
125.0,107.44019
125.0,106.75572
125.0,103.32777
125.0,106.978874
125.0,107.469345
125.0,109.03594
125.0,109.78881
125.0,111.42825
125.0,110.98185
125.0,109.52425
125.0,108.532425
125.0,108.81484
125.0,110.54901
125.0,113.061935
125.0,110.57836
125.0,109.71998
125.0,109.678894
125.0,107.332245
125.0,106.17322
125.0,103.76823
125.0,101.90701
125.0,102.80739
125.0,101.716324
125.0,99.76709
125.0,104.77787
125.0,102.56126
125.0,102.71965
125.0,102.98412
125.0,105.68482
125.0,108.06124
125.0,107.47325
125.0,106.487114
125.0,103.57882
125.0,104.569534
125.0,102.01693
125.0,101.41339
125.0,103.96151
125.0,102.84029
125.0,105.36892
125.0,106.21627
125.0,101.344154
125.0,104.41604
125.0,107.46036
125.0,110.572395
125.0,108.516464
125.0,110.0627
125.0,109.812614
125.0,106.189476
125.0,104.25568
125.0,102.077324
124.0,97.724266
123.0,102.743935
122.0,96.18835
121.0,91.21886
120.0,95.54655
119.0,90.484245
118.0,85.21138
117.0,85.955025
116.0,89.52466
115.0,89.86111
114.0,89.661644
113.0,87.10522
112.0,82.59052
111.0,85.17659
110.0,79.86332
109.0,78.08579
108.0,85.151184
107.0,86.47438
106.0,91.817184
105.0,88.51875
104.0,91.4647
103.0,94.337944
102.0,97.76024
101.0,95.430786
100.0,98.633514
99.0,101.92458
98.0,102.905365
97.0,102.73361
96.0,100.92513
95.0,100.79197
94.0,101.879166
93.0,107.54357
92.0,106.00279
91.0,104.44951
90.0,100.3329
89.0,104.98597
88.0,106.54859
87.0,104.30197
86.0,102.376144
85.0,97.54345
84.0,95.0807
83.0,90.35244
82.0,84.63295
81.0,79.32165
80.0,70.97265
79.0,72.19793
78.0,65.44015
77.0,63.681572
76.0,63.96801
75.0,60.79432
74.0,62.32491
73.0,62.575123
72.0,65.85089
71.0,65.06552
70.0,66.48703
69.0,71.9908
68.0,73.447136
67.0,73.028145
66.0,77.343735
65.0,72.02965
64.0,70.99002
63.0,77.86251
62.0,83.19597
61.0,75.141655
60.0,79.42517
59.0,81.921715
58.0,80.073616
57.0,73.697845
56.0,67.427025
55.0,66.22529
54.0,60.690674
53.0,56.766636
52.0,55.699913
51.0,52.844036
50.0,49.860153
49.0,47.5783
48.0,40.470306
47.0,38.684902
46.0,36.010662
45.0,31.667498
44.0,30.887112
43.0,29.840902
42.0,32.168808
41.0,32.76936
40.0,35.648727
39.0,39.202484
38.0,39.69709
37.0,38.888027
36.0,36.21381
35.0,33.270515
34.0,30.832407
33.0,32.284958
32.0,30.384497
31.0,27.883123
30.0,24.475492
29.0,22.659388
28.0,21.794643
27.0,20.023903
26.0,18.21034
25.0,18.820875
24.0,17.243647
23.0,16.731993
22.0,16.952072
123.0,117.57135
122.0,115.796394
121.0,113.6584
120.0,111.913475
119.0,114.425095
118.0,109.95813
117.0,112.13726
116.0,113.334465
115.0,113.16218
114.0,113.69111
113.0,111.42556
112.0,109.327614
111.0,110.87677
110.0,109.75464
109.0,106.82445
108.0,102.02694
107.0,99.01683
106.0,95.482635
105.0,96.24493
104.0,94.94754
103.0,92.72541
102.0,93.210396
101.0,98.91273
100.0,101.07898
99.0,100.14421
98.0,103.44917
97.0,106.11819
96.0,106.58832
95.0,103.147766
94.0,100.678246
93.0,99.09969
92.0,93.868706
91.0,93.25345
90.0,90.1041
89.0,97.67057
88.0,91.99731
87.0,91.74525
86.0,100.1199
85.0,101.873955
84.0,102.95641
83.0,102.26388
82.0,103.416374
81.0,103.516525
80.0,103.48965
125.0,103.703094
125.0,106.43543
125.0,99.49109
125.0,102.39911
125.0,102.78635
125.0,106.231285
125.0,109.35269
125.0,116.33592
125.0,115.262596
125.0,122.222664
125.0,124.04652
125.0,120.49684
125.0,118.8811
125.0,115.70454
125.0,112.50563
125.0,108.93092
125.0,111.504745
125.0,114.55834
125.0,117.188484
125.0,119.78237
125.0,123.96948
125.0,127.91495
125.0,128.08118
125.0,128.29431
125.0,126.272514
125.0,126.54683
125.0,125.23511
125.0,127.52448
125.0,128.7632
125.0,130.58737
125.0,127.769394
125.0,131.01013
125.0,124.65001
125.0,124.829865
125.0,123.3428
125.0,129.38763
125.0,126.825066
125.0,128.05806
125.0,125.84542
125.0,128.72267
125.0,127.19676
125.0,127.24292
125.0,123.95946
125.0,119.53973
125.0,116.17069
125.0,112.377945
125.0,112.46934
125.0,119.3507
125.0,116.79256
125.0,115.38579
125.0,118.702354
125.0,117.09706
125.0,113.326355
125.0,112.54685
125.0,111.041885
125.0,112.14538
125.0,109.13259
125.0,110.40415
125.0,112.39638
125.0,109.77493
125.0,106.14078
125.0,109.99842
125.0,108.56667
125.0,106.028275
125.0,103.45495
125.0,106.85911
125.0,103.36347
125.0,105.147644
125.0,105.28167
125.0,101.43574
125.0,105.55443
125.0,111.2348
125.0,113.715385
125.0,114.72466
125.0,113.970276
125.0,112.99446
125.0,114.023766
125.0,118.44659
125.0,121.40603
125.0,121.41464
125.0,123.65604
125.0,123.90874
125.0,123.54443
125.0,128.07605
125.0,128.07242
125.0,126.76381
125.0,124.70968
125.0,133.01111
125.0,131.21616
125.0,124.29276
125.0,125.725105
125.0,121.302444
125.0,119.21834
125.0,115.20645
125.0,112.136505
125.0,108.682
125.0,109.88291
125.0,110.577934
125.0,107.77945
125.0,106.968414
125.0,104.06651
125.0,106.373634
125.0,103.910446
125.0,106.324814
124.0,104.93717
123.0,100.24696
122.0,99.82726
121.0,98.74678
120.0,101.83142
119.0,104.17843
118.0,105.35805
117.0,102.82524
116.0,102.653244
115.0,107.3296
125.0,122.64897
125.0,122.202774
125.0,122.24266
125.0,122.01881
125.0,120.8144
125.0,121.03304
125.0,121.959404
125.0,122.78859
125.0,122.04728
125.0,123.01706
125.0,122.987755
125.0,123.24085
125.0,123.5208
125.0,122.801865
125.0,122.321175
125.0,121.97936
125.0,120.82946
125.0,121.40952
125.0,121.13904
125.0,120.91271
125.0,120.658936
125.0,120.156395
125.0,120.072815
125.0,120.79842
125.0,120.698364
125.0,119.74146
125.0,118.02815
125.0,118.224304
125.0,116.53279
125.0,117.59448
125.0,118.08725
125.0,118.22501
125.0,119.80921
125.0,119.19871
125.0,119.26619
125.0,119.35356
125.0,119.53577
125.0,120.27183
125.0,119.42412
125.0,120.115135
125.0,120.58016
125.0,118.9864
125.0,118.75278
125.0,120.30473
125.0,119.93679
125.0,119.88019
125.0,118.33218
125.0,118.7695
125.0,119.681
125.0,118.96564
125.0,116.857925
125.0,115.02368
125.0,114.39438
125.0,115.126976
125.0,115.548256
125.0,116.55034
125.0,115.663994
125.0,114.9136
125.0,114.89959
125.0,115.292206
125.0,115.514114
125.0,115.81319
125.0,114.96103
125.0,115.08073
124.0,114.87705
123.0,116.07924
122.0,114.228806
121.0,115.347885
120.0,113.92513
119.0,113.090965
118.0,111.89103
117.0,110.12986
116.0,111.06899
115.0,112.01708
114.0,111.4299
113.0,110.82042
112.0,110.66654
111.0,109.555405
110.0,108.683105
109.0,109.958206
108.0,109.19066
107.0,109.303925
106.0,106.78924
105.0,107.37391
104.0,107.68977
103.0,108.117676
102.0,107.7858
101.0,107.38697
100.0,105.1783
99.0,104.34045
98.0,103.401825
97.0,101.66928
96.0,102.10342
95.0,102.67242
94.0,104.13203
93.0,106.08276
92.0,107.26965
91.0,108.700905
90.0,108.6971
89.0,107.3381
88.0,107.808304
87.0,110.23738
86.0,110.87535
85.0,111.03968
84.0,110.73315
83.0,108.03515
82.0,108.70525
81.0,101.883545
80.0,101.01934
79.0,97.98159
78.0,94.6765
77.0,91.73264
76.0,86.56836
75.0,86.632996
74.0,87.70194
73.0,84.36255
72.0,85.496666
71.0,83.68339
70.0,84.00949
69.0,82.56058
68.0,82.962166
67.0,83.07901
66.0,80.566475
65.0,75.61137
64.0,72.02886
63.0,72.9449
62.0,72.27968
61.0,72.931015
60.0,71.92908
59.0,68.04793
58.0,63.912266
57.0,64.75343
56.0,67.229225
55.0,69.38465
54.0,67.0514
53.0,64.370926
52.0,65.21597
51.0,62.00995
50.0,57.181038
49.0,56.452415
48.0,56.43573
47.0,54.582256
46.0,51.764168
45.0,48.998035
44.0,45.738075
43.0,41.118248
42.0,42.802086
41.0,46.597824
40.0,41.878803
39.0,41.005234
38.0,41.187275
37.0,36.384506
36.0,36.151237
35.0,36.78333
34.0,34.065323
33.0,33.864613
32.0,33.358654
31.0,31.355654
30.0,30.809246
125.0,113.32383
125.0,112.74886
125.0,115.796555
125.0,117.59567
125.0,114.13866
125.0,115.46157
125.0,115.81899
125.0,112.46926
125.0,111.06151
125.0,114.47063
125.0,114.596886
125.0,112.497734
125.0,111.39243
125.0,108.06926
125.0,109.259636
125.0,112.09354
125.0,111.95807
125.0,111.06566
125.0,111.28117
125.0,106.61924
125.0,106.32562
125.0,103.731544
125.0,104.45983
125.0,101.35985
125.0,97.91669
125.0,95.85601
125.0,97.04406
125.0,98.23154
125.0,97.10612
125.0,97.33421
125.0,97.57242
125.0,98.68104
125.0,99.74983
125.0,99.45066
125.0,100.81084
125.0,99.22314
124.0,98.70885
123.0,96.6993
122.0,93.75023
121.0,99.915474
120.0,100.854645
119.0,100.1233
118.0,102.10177
117.0,98.75754
116.0,101.60853
115.0,107.62289
114.0,111.917076
113.0,111.86567
112.0,114.72749
111.0,116.35205
110.0,116.97228
109.0,120.03377
108.0,121.47633
107.0,118.48556
106.0,115.691315
105.0,116.76052
104.0,113.61919
103.0,112.29834
102.0,113.58604
101.0,114.00496
100.0,111.55899
99.0,111.00155
98.0,110.14863
97.0,107.50635
96.0,108.9403
95.0,105.96751
94.0,106.005165
93.0,106.60966
92.0,106.42712
91.0,109.35083
90.0,114.554726
89.0,116.54228
88.0,114.44408
87.0,111.85009
86.0,110.56686
85.0,107.97112
84.0,108.19881
83.0,105.30173
82.0,104.20756
81.0,101.17276
80.0,101.66437
79.0,103.43413
78.0,103.72415
77.0,100.53186
76.0,95.17179
75.0,89.724464
74.0,88.68667
73.0,89.08891
72.0,82.91254
71.0,77.44898
70.0,66.604225
69.0,65.04285
68.0,64.069
67.0,63.627758
66.0,61.194946
65.0,62.79686
64.0,64.106476
63.0,58.459465
62.0,56.11914
61.0,60.284218
60.0,62.30935
59.0,68.82628
58.0,67.3238
57.0,65.24726
56.0,63.808666
55.0,58.20152
54.0,59.06748
53.0,59.234333
52.0,59.493202
51.0,60.799103
50.0,69.94203
49.0,70.322174
48.0,68.87949
47.0,62.1694
46.0,59.3681
45.0,51.299725
44.0,53.050167
43.0,46.168247
42.0,42.99042
41.0,41.929718
40.0,43.085087
39.0,40.16602
38.0,38.932156
37.0,41.434605
36.0,42.288376
35.0,43.503056
34.0,39.887333
33.0,36.534786
32.0,33.740147
31.0,31.729162
30.0,31.62318
29.0,32.31646
28.0,30.92223
27.0,33.125893
125.0,120.84309
125.0,121.11823
125.0,119.99437
125.0,120.40415
125.0,120.312675
125.0,120.214806
125.0,118.144226
125.0,119.33535
125.0,118.72204
125.0,119.185844
125.0,119.76768
125.0,118.85133
125.0,118.83455
125.0,120.12439
125.0,119.69108
125.0,120.634155
125.0,121.741714
125.0,121.57382
125.0,120.59064
125.0,120.80576
125.0,120.44072
125.0,120.693
125.0,120.507774
125.0,118.83274
125.0,119.21454
125.0,119.335144
125.0,118.54999
125.0,118.63796
125.0,118.648125
125.0,116.675095
125.0,115.96705
125.0,115.49038
125.0,115.86728
125.0,115.69816
125.0,115.58838
125.0,115.625565
125.0,115.263374
125.0,116.435776
125.0,117.21275
125.0,115.56058
125.0,115.16605
125.0,114.95628
125.0,114.09573
125.0,112.96196
125.0,113.53613
125.0,113.879
125.0,113.928856
125.0,113.42171
125.0,111.76792
125.0,111.666336
125.0,112.46798
125.0,115.1134
125.0,115.95975
125.0,116.638466
125.0,116.85394
125.0,115.11325
125.0,115.14559
125.0,115.14615
125.0,115.84334
125.0,114.765656
125.0,115.4906
125.0,114.88977
125.0,113.63289
125.0,112.75779
124.0,112.56051
123.0,112.75613
122.0,112.29581
121.0,111.94525
120.0,112.02306
119.0,112.72593
118.0,112.40299
117.0,110.46426
116.0,109.55554
115.0,108.22742
114.0,106.96569
113.0,108.37857
112.0,106.056435
111.0,106.03464
110.0,106.855316
109.0,106.01871
108.0,103.121216
107.0,101.8921
106.0,101.97982
105.0,103.23036
104.0,104.71238
103.0,104.47453
102.0,107.31898
101.0,106.442375
100.0,106.21429
99.0,105.31412
98.0,107.08471
125.0,109.70854
125.0,108.5293
125.0,107.889626
125.0,107.49853
125.0,107.58542
125.0,110.21017
125.0,109.98632
125.0,110.8027
125.0,110.50352
125.0,108.50081
125.0,106.48319
125.0,107.739914
125.0,108.796165
125.0,108.009476
125.0,107.91278
125.0,109.30686
125.0,109.834404
125.0,105.92416
125.0,105.892525
125.0,104.674416
125.0,106.721085
125.0,107.563736
125.0,106.16453
125.0,105.26172
125.0,105.870026
125.0,106.94026
125.0,108.45955
125.0,107.95244
125.0,106.14301
125.0,108.75244
125.0,108.084694
125.0,110.20853
125.0,114.92287
125.0,116.03884
125.0,117.58984
125.0,117.78551
125.0,115.49406
125.0,119.65133
125.0,116.47609
125.0,111.45042
125.0,106.49154
125.0,102.61751
125.0,100.58257
125.0,100.98795
125.0,103.32991
125.0,102.68704
125.0,101.51965
125.0,99.35704
125.0,104.613556
125.0,109.16671
125.0,112.40235
125.0,112.273834
125.0,107.30492
125.0,107.18205
125.0,104.93412
125.0,106.06879
125.0,110.14606
125.0,109.63254
125.0,109.2947
125.0,108.71593
125.0,108.22584
125.0,107.68205
125.0,106.68219
125.0,107.5736
125.0,113.2696
125.0,114.47659
125.0,119.019646
125.0,121.54082
125.0,125.8249
125.0,126.71599
125.0,127.75305
125.0,124.602135
125.0,119.64867
125.0,118.56912
125.0,120.22277
125.0,114.49855
125.0,113.099815
125.0,109.95546
125.0,113.411354
125.0,116.28587
125.0,114.0683
125.0,111.853584
125.0,109.138565
121.0,122.87552
120.0,122.77138
119.0,123.807655
118.0,122.37653
117.0,115.433655
116.0,110.854904
115.0,114.0711
114.0,117.0472
113.0,113.83468
112.0,116.89791
111.0,109.42316
110.0,109.16828
109.0,103.785965
108.0,104.075
107.0,99.124985
106.0,99.79911
105.0,95.12222
104.0,99.61984
103.0,95.43804
102.0,89.49064
101.0,83.94762
100.0,89.312996
99.0,96.67365
98.0,101.84972
97.0,100.07224
96.0,98.34903
95.0,96.58897
94.0,92.55584
93.0,92.78285
92.0,97.40924
91.0,101.45325
90.0,108.28584
89.0,110.902245
88.0,103.905525
87.0,108.64345
86.0,104.55892
85.0,107.876045
84.0,111.84853
83.0,110.12074
82.0,108.88489
81.0,107.859886
80.0,106.543434
79.0,100.9329
78.0,99.763084
77.0,86.42425
76.0,84.3093
75.0,84.17323
74.0,87.09303
73.0,86.18093
72.0,79.09471
71.0,75.451294
70.0,74.89191
69.0,76.640594
68.0,74.28457
67.0,67.224205
66.0,58.95855
65.0,56.216408
64.0,47.539333
63.0,47.998764
62.0,46.630043
61.0,52.48737
60.0,56.483517
59.0,56.656208
58.0,59.160065
57.0,59.774643
56.0,57.81885
55.0,57.442745
54.0,56.4869
53.0,57.271355
52.0,61.0536
51.0,58.944786
50.0,56.125427
49.0,57.06259
48.0,55.860577
47.0,54.483448
46.0,52.93985
45.0,51.89455
44.0,50.420826
43.0,47.76984
42.0,44.45893
41.0,43.693317
40.0,41.810085
39.0,38.481133
38.0,36.82936
37.0,30.750313
36.0,27.957685
35.0,26.739557
34.0,24.534609
33.0,23.807291
32.0,22.572306
31.0,23.567766
30.0,22.40643
29.0,21.99624
28.0,21.522331
27.0,22.410332
26.0,22.07527
25.0,20.540209
24.0,19.451786
23.0,18.781702
22.0,19.526117
21.0,19.219872
20.0,18.0962
19.0,16.868685
18.0,15.589091
17.0,15.065895
16.0,14.989714
125.0,132.61465
125.0,128.42155
125.0,126.874176
125.0,122.146515
125.0,115.80084
125.0,113.93727
125.0,109.81488
125.0,111.98549
125.0,117.736595
125.0,114.608925
125.0,110.74565
125.0,109.37861
125.0,109.942955
125.0,111.84534
125.0,116.888405
125.0,114.56782
125.0,115.793846
125.0,119.67368
125.0,109.45432
125.0,106.77123
125.0,109.9036
125.0,111.097275
125.0,116.02053
125.0,121.28836
125.0,123.77604
125.0,122.63444
125.0,126.29803
125.0,123.26174
125.0,128.85884
125.0,133.14903
125.0,136.38974
125.0,136.3448
125.0,136.2892
125.0,129.28714
125.0,128.42125
125.0,125.82327
125.0,124.214615
125.0,123.448875
125.0,129.84094
125.0,127.928246
125.0,127.37024
125.0,132.43193
125.0,130.7849
125.0,132.00877
125.0,132.65195
125.0,130.63643
125.0,130.73521
125.0,136.4444
125.0,138.49142
125.0,133.12904
125.0,131.81558
125.0,128.98373
125.0,127.41287
125.0,125.69542
125.0,124.84236
125.0,125.86999
125.0,124.679
125.0,117.39677
125.0,122.385635
125.0,125.57083
125.0,122.99181
125.0,120.86884
125.0,123.764305
125.0,113.451256
125.0,113.89512
125.0,112.4686
125.0,109.319534
125.0,103.61041
125.0,101.65326
125.0,102.5181
125.0,102.663864
125.0,101.796074
125.0,104.52756
125.0,106.7294
125.0,105.23724
125.0,103.19635
125.0,99.10616
125.0,102.22968
125.0,102.1377
125.0,100.92798
125.0,99.7548
125.0,101.68727
125.0,104.4118
125.0,103.59802
125.0,101.20556
125.0,106.26522
125.0,106.79431
125.0,101.41677
125.0,105.76223
125.0,112.95927
125.0,112.87248
125.0,115.51324
125.0,119.53243
125.0,115.769226
125.0,116.56001
125.0,116.58117
125.0,110.69559
125.0,110.32577
125.0,107.87581
125.0,109.29348
125.0,112.39119
125.0,110.69112
125.0,109.71554
125.0,105.940956
125.0,105.18242
125.0,105.63882
125.0,104.593025
125.0,105.18893
125.0,107.435585
124.0,107.89351
123.0,107.172165
122.0,112.42971
121.0,110.350105
120.0,106.86774
119.0,103.342636
118.0,101.70877
117.0,106.43297
116.0,104.76359
115.0,105.679184
114.0,106.94891
113.0,110.07781
112.0,119.05521
111.0,116.84208
110.0,120.75272
109.0,119.11951
108.0,117.75603
107.0,116.713005
106.0,116.478386
105.0,110.73681
104.0,107.416214
125.0,110.750534
125.0,110.96698
125.0,111.90289
125.0,113.54299
125.0,113.54357
125.0,111.59065
125.0,109.880005
125.0,110.58923
125.0,112.55748
125.0,116.07639
125.0,114.80493
125.0,113.88677
125.0,115.03931
125.0,116.90583
125.0,117.1895
125.0,118.47071
125.0,118.93755
125.0,113.0456
125.0,111.61396
125.0,111.392815
125.0,108.991325
125.0,109.9493
125.0,110.688385
125.0,110.59596
125.0,109.78842
125.0,110.31859
125.0,109.37328
125.0,109.11463
125.0,109.58867
125.0,109.145584
125.0,109.78731
125.0,110.95016
125.0,109.66476
125.0,110.194275
125.0,112.378334
125.0,108.33242
125.0,107.805244
125.0,107.65864
125.0,107.97105
125.0,106.2406
125.0,107.88843
125.0,101.38868
125.0,102.49591
125.0,103.66432
125.0,107.88992
125.0,110.66623
125.0,111.88219
125.0,109.93224
125.0,109.703316
125.0,113.24449
125.0,112.70874
125.0,115.40946
125.0,117.24408
125.0,115.12367
125.0,110.4686
125.0,107.78705
125.0,107.272835
125.0,107.242004
125.0,107.450066
124.0,108.201385
123.0,108.97994
122.0,107.09967
121.0,105.709076
120.0,107.43312
119.0,109.71113
118.0,110.95715
117.0,113.08563
116.0,111.21176
115.0,111.47819
114.0,109.36462
113.0,111.08386
112.0,104.339775
111.0,105.46665
110.0,95.19584
109.0,101.42024
108.0,98.70457
107.0,99.15005
106.0,97.97424
105.0,99.80865
104.0,98.51406
103.0,98.14177
102.0,99.81401
101.0,104.30278
100.0,105.29146
99.0,104.897606
98.0,105.70511
97.0,104.83557
96.0,107.280304
95.0,100.91572
94.0,97.34033
93.0,97.126274
92.0,96.015396
91.0,99.9891
90.0,103.37386
89.0,100.52816
88.0,104.63692
87.0,107.55463
86.0,107.96474
85.0,106.72688
84.0,108.0773
83.0,102.687645
82.0,100.51746
81.0,95.44134
80.0,88.327675
79.0,88.41884
78.0,91.88541
77.0,89.93105
76.0,86.099594
75.0,83.01228
74.0,81.05423
73.0,77.17173
72.0,75.21265
71.0,77.97849
70.0,79.27813
69.0,80.94404
68.0,80.53653
67.0,75.35935
66.0,74.452354
65.0,62.478874
64.0,56.112923
63.0,53.371483
62.0,49.482014
61.0,50.06329
60.0,54.990845
59.0,48.29216
58.0,48.31374
57.0,49.43105
56.0,45.72056
55.0,49.709877
54.0,55.99189
53.0,52.744198
52.0,53.40526
51.0,50.579735
50.0,54.03699
49.0,59.639397
48.0,67.53575
47.0,67.99463
46.0,67.91748
45.0,64.13918
44.0,65.71243
43.0,63.52757
42.0,62.348473
41.0,62.68557
40.0,63.611492
39.0,66.04039
38.0,56.95938
125.0,110.76686
125.0,111.54531
125.0,112.10953
125.0,112.58422
125.0,113.88766
125.0,114.53833
125.0,114.9867
125.0,114.68416
125.0,114.867836
125.0,113.053474
125.0,113.94072
125.0,112.88373
125.0,111.98897
125.0,111.9823
125.0,114.08547
125.0,112.96502
125.0,113.14245
125.0,113.4556
125.0,113.86935
125.0,114.44837
125.0,115.23508
125.0,111.98994
125.0,110.20838
125.0,110.90403
125.0,111.99448
125.0,113.7936
125.0,113.76245
125.0,115.155815
125.0,115.36485
125.0,113.3812
125.0,112.83111
125.0,111.07457
125.0,109.66889
125.0,109.397125
125.0,108.961655
125.0,108.89162
125.0,107.094894
125.0,107.54394
125.0,107.662994
125.0,107.72504
125.0,109.632774
125.0,109.6125
125.0,111.24572
125.0,110.78081
125.0,110.67438
125.0,110.816315
125.0,109.36197
125.0,109.15865
125.0,109.48851
125.0,108.70725
125.0,107.82589
125.0,106.407776
125.0,107.43004
125.0,105.405136
124.0,107.02144
123.0,107.05789
122.0,105.587006
121.0,105.80161
120.0,103.61506
119.0,101.52868
118.0,101.78013
117.0,100.49426
116.0,100.30095
115.0,97.99496
125.0,97.36345
125.0,100.39173
125.0,102.41057
125.0,103.238266
125.0,108.22651
125.0,120.187775
125.0,125.76057
125.0,130.84836
125.0,131.93109
125.0,130.55899
125.0,131.4325
125.0,127.310616
125.0,127.882095
125.0,122.666725
125.0,121.08862
125.0,121.140305
125.0,121.56606
125.0,118.99532
125.0,118.50892
125.0,123.04264
125.0,117.4532
125.0,115.23548
125.0,114.81702
125.0,115.21871
125.0,108.184845
125.0,109.265724
125.0,112.02125
125.0,110.204094
125.0,109.47917
125.0,106.59435
125.0,106.94876
125.0,106.149536
125.0,109.152405
125.0,115.25296
125.0,114.67311
125.0,119.93691
125.0,122.40508
125.0,117.92058
125.0,119.95601
125.0,116.47733
125.0,112.52059
125.0,109.73033
125.0,107.11423
125.0,97.27315
125.0,98.70765
125.0,102.32234
125.0,109.9473
125.0,107.00719
125.0,116.86572
125.0,119.493065
125.0,123.977295
125.0,124.28832
125.0,123.34352
125.0,124.65377
125.0,125.49469
125.0,125.89122
125.0,124.082405
125.0,125.756294
125.0,124.30595
125.0,122.93011
125.0,124.0626
125.0,124.28197
125.0,127.33725
125.0,127.911705
125.0,126.70195
125.0,130.44423
125.0,128.23413
125.0,120.434814
125.0,123.22716
125.0,120.86607
125.0,117.98924
125.0,113.53366
125.0,105.65731
125.0,105.873634
125.0,104.5145
125.0,100.24984
125.0,101.84221
125.0,96.16561
125.0,96.072044
125.0,92.92627
125.0,96.59324
125.0,96.64884
125.0,101.07401
125.0,101.269875
125.0,105.80312
125.0,110.22866
125.0,110.93861
125.0,111.92166
125.0,112.0936
125.0,112.554565
125.0,115.49571
125.0,113.7907
125.0,109.193535
124.0,109.60833
123.0,109.57852
122.0,108.16867
121.0,102.070045
120.0,92.21596
119.0,98.366005
118.0,94.55602
117.0,87.722244
116.0,85.776985
115.0,83.51632
114.0,89.34987
113.0,90.27441
112.0,93.82817
111.0,89.02098
110.0,86.02769
109.0,86.90673
108.0,83.685104
107.0,89.55324
106.0,91.23777
105.0,96.26431
104.0,95.07448
103.0,96.42447
102.0,102.20604
101.0,105.51209
125.0,107.38022
125.0,109.11523
125.0,112.49364
125.0,113.21339
125.0,113.10336
125.0,112.3002
125.0,112.42368
125.0,113.54293
125.0,115.4342
125.0,114.988464
125.0,115.07972
125.0,115.01737
125.0,121.3811
125.0,121.08028
125.0,122.43386
125.0,122.57696
125.0,120.857834
125.0,120.51967
125.0,121.33691
125.0,120.29308
125.0,118.78402
125.0,120.2396
125.0,117.499146
125.0,114.294334
125.0,111.42458
125.0,114.56721
124.0,112.11298
123.0,109.26203
122.0,108.750374
121.0,104.74707
120.0,103.37396
119.0,103.64096
118.0,105.11227
117.0,103.41091
116.0,98.889534
115.0,100.4962
114.0,99.49592
113.0,101.494415
112.0,101.08411
111.0,99.73096
110.0,97.9429
109.0,98.14214
108.0,101.84649
107.0,101.11833
106.0,102.58646
105.0,104.54637
104.0,103.5594
103.0,105.49951
102.0,104.26149
101.0,106.463356
100.0,108.6384
99.0,108.184875
98.0,105.88166
97.0,104.09205
96.0,100.64815
95.0,104.17875
94.0,103.7578
93.0,100.52589
92.0,102.00064
91.0,100.032745
90.0,98.14972
89.0,99.96776
88.0,102.80828
87.0,100.625275
86.0,97.00347
85.0,96.96668
84.0,100.25296
83.0,96.682846
82.0,93.95828
81.0,94.15236
80.0,92.62501
79.0,94.473236
78.0,96.76694
77.0,95.88306
76.0,97.94521
75.0,100.38068
74.0,101.75785
73.0,95.02973
72.0,86.19897
71.0,87.1396
70.0,85.09919
69.0,83.78045
68.0,82.59173
67.0,85.547554
66.0,81.68938
65.0,77.95736
64.0,70.878365
63.0,69.56359
62.0,64.938385
61.0,70.1045
60.0,59.878273
59.0,58.407608
58.0,58.135376
57.0,63.819088
56.0,57.831318
55.0,56.35047
54.0,57.667404
53.0,55.341175
52.0,52.63542
51.0,57.97621
50.0,60.42427
49.0,56.19762
48.0,59.57195
47.0,69.32768
46.0,67.711395
45.0,69.594345
44.0,71.411896
43.0,67.979935
42.0,66.25103
41.0,69.57082
40.0,71.56468
39.0,68.033165
38.0,66.41132
37.0,68.823
36.0,65.05476
35.0,55.5085
34.0,54.360294
33.0,49.73766
32.0,40.925407
31.0,35.656372
30.0,27.50488
29.0,25.582302
28.0,24.687563
27.0,27.453297
26.0,24.208511
25.0,25.213987
24.0,24.522781
23.0,23.648247
22.0,21.405823
125.0,121.60539
125.0,120.64309
125.0,117.78577
125.0,116.377625
125.0,117.419304
125.0,117.42963
125.0,117.6954
125.0,117.594284
125.0,117.5636
125.0,119.180916
125.0,119.32075
125.0,120.027756
125.0,120.16145
125.0,119.97128
125.0,118.81381
125.0,118.903435
125.0,119.4728
125.0,120.02611
125.0,119.57558
125.0,119.70851
125.0,120.26329
125.0,119.913864
125.0,117.57551
125.0,118.74729
125.0,119.738464
125.0,120.09814
125.0,119.010765
125.0,117.44077
125.0,117.18542
125.0,117.70466
125.0,117.06358
125.0,118.72231
125.0,118.39315
125.0,117.19041
125.0,116.71434
125.0,116.511314
125.0,117.63957
125.0,118.09698
125.0,117.963554
125.0,119.33717
125.0,119.9317
125.0,121.71224
125.0,121.30364
125.0,121.35013
125.0,119.219246
125.0,118.185135
125.0,116.378876
125.0,116.80889
125.0,117.53745
125.0,119.31343
125.0,120.26642
125.0,120.7789
125.0,119.459526
125.0,120.00254
125.0,119.760826
125.0,117.91489
125.0,117.544624
125.0,116.98712
125.0,116.37791
125.0,116.19095
125.0,115.4907
125.0,116.804245
125.0,117.66037
125.0,118.134705
125.0,116.90928
125.0,118.728386
125.0,118.3624
125.0,117.646996
125.0,116.46618
125.0,115.44057
125.0,114.92386
125.0,116.21282
125.0,116.005486
125.0,115.37482
125.0,115.254524
125.0,115.962685
125.0,113.38045
125.0,114.299194
125.0,115.22381
125.0,113.874855
125.0,114.257416
125.0,111.98295
125.0,112.59356
125.0,110.3528
125.0,110.51847
125.0,110.31172
125.0,111.33761
125.0,112.12216
125.0,112.638504
125.0,112.79134
125.0,114.52572
125.0,114.64703
125.0,112.74575
125.0,113.08912
125.0,112.9263
125.0,113.72334
125.0,113.1846
125.0,112.269226
125.0,113.163155
125.0,113.07264
125.0,112.69998
125.0,114.06406
125.0,112.12264
125.0,112.54181
125.0,111.86171
125.0,112.39735
125.0,111.423805
125.0,112.28056
125.0,112.10934
125.0,111.99078
125.0,112.41062
125.0,108.92832
125.0,108.62685
125.0,107.97491
125.0,106.38433
125.0,104.88332
125.0,104.1067
125.0,103.23228
125.0,101.71647
125.0,102.61242
125.0,102.98091
125.0,102.776215
125.0,100.616615
125.0,99.768875
125.0,99.84882
125.0,101.02558
125.0,102.38938
125.0,100.258125
125.0,102.327065
125.0,101.60215
125.0,100.54794
125.0,102.32696
124.0,101.53295
123.0,100.20764
122.0,102.42847
121.0,101.66174
120.0,101.2238
119.0,99.69571
118.0,99.41766
117.0,99.48587
116.0,97.79713
115.0,94.20706
114.0,93.09831
113.0,92.44222
112.0,94.0621
111.0,90.01705
110.0,94.31587
109.0,94.66279
108.0,98.96106
107.0,98.80859
106.0,97.05731
105.0,93.08514
104.0,92.30688
103.0,93.083916
102.0,88.20036
101.0,92.086136
100.0,94.37469
99.0,93.654884
98.0,91.99399
97.0,89.11019
96.0,88.7435
95.0,84.577484
94.0,85.525955
93.0,86.130424
92.0,89.05342
91.0,90.44474
90.0,89.64759
89.0,87.68169
88.0,85.01545
87.0,81.74277
86.0,84.24121
85.0,86.48071
84.0,82.524925
83.0,81.91365
82.0,83.79512
81.0,86.37388
80.0,84.686386
79.0,81.3876
78.0,81.15779
77.0,77.157936
76.0,71.61788
75.0,70.49917
74.0,67.93515
73.0,63.359497
72.0,61.8937
71.0,63.248425
70.0,60.488976
69.0,58.69623
68.0,53.199257
67.0,55.655285
66.0,52.26145
65.0,52.863388
64.0,54.260124
63.0,54.679234
62.0,52.899815
61.0,50.272453
60.0,48.626865
59.0,48.123943
58.0,47.371346
57.0,46.5188
56.0,45.604263
55.0,41.309914
125.0,134.18596
125.0,128.6365
125.0,127.24198
125.0,124.28717
125.0,123.25787
125.0,114.448044
125.0,115.16414
125.0,114.93872
125.0,115.58497
125.0,117.05893
125.0,123.0707
125.0,124.91132
125.0,132.18217
125.0,132.6408
125.0,131.56503
125.0,132.0493
125.0,131.70155
125.0,132.37608
125.0,133.24161
125.0,134.50212
125.0,131.2328
125.0,128.32518
125.0,126.64792
125.0,126.08813
125.0,123.19009
125.0,122.973366
125.0,121.10504
125.0,119.671135
125.0,122.600266
125.0,116.29255
125.0,118.84957
125.0,119.30879
125.0,115.56239
125.0,118.43112
125.0,115.13225
125.0,114.10821
125.0,117.607895
125.0,118.97026
125.0,120.118576
125.0,115.727234
125.0,110.43697
125.0,109.91144
125.0,112.7176
125.0,118.4418
125.0,119.71334
125.0,118.76863
125.0,120.64249
125.0,120.434685
125.0,121.17443
125.0,118.72061
125.0,111.69144
125.0,112.17089
125.0,113.881485
125.0,113.34136
125.0,109.4373
125.0,114.33071
125.0,111.888115
125.0,108.62894
125.0,108.76352
125.0,103.52845
125.0,104.81098
125.0,101.08769
125.0,101.25383
125.0,103.65963
125.0,104.86837
125.0,102.81882
125.0,105.17313
125.0,112.317345
125.0,116.96303
125.0,114.59968
125.0,118.54972
125.0,116.912384
125.0,121.69186
124.0,124.49185
123.0,126.0754
122.0,127.82583
121.0,126.232834
120.0,131.1868
119.0,128.78876
118.0,125.657585
117.0,124.74942
116.0,127.51292
115.0,126.27364
114.0,127.257286
113.0,130.45628
112.0,131.8738
111.0,129.39249
110.0,121.76814
109.0,119.56326
108.0,112.670525
107.0,112.45854
106.0,103.64909
105.0,104.075165
104.0,102.00932
103.0,99.622604
102.0,91.97769
101.0,87.417244
100.0,82.896324
99.0,84.0884
98.0,78.23766
97.0,78.61776
96.0,77.40773
95.0,83.216545
94.0,83.835915
93.0,89.26758
92.0,87.23791
91.0,80.93517
90.0,78.30343
89.0,75.33303
88.0,68.26008
87.0,61.077614
86.0,63.861214
85.0,59.630936
84.0,61.333576
83.0,63.628918
82.0,71.92349
81.0,77.6231
80.0,73.27779
79.0,77.737526
78.0,84.02438
77.0,93.945984
76.0,92.60581
75.0,92.143906
74.0,94.25331
73.0,97.48258
125.0,118.14074
125.0,121.111305
125.0,121.63268
125.0,121.64761
125.0,121.13461
125.0,122.26273
125.0,124.564865
125.0,121.669205
125.0,121.463165
125.0,119.050026
125.0,119.2082
125.0,119.64129
125.0,118.69928
125.0,119.880615
125.0,116.746544
125.0,120.01475
125.0,124.9142
125.0,120.81775
125.0,119.327065
125.0,120.84998
125.0,115.510315
125.0,114.17231
125.0,115.10536
125.0,112.5097
125.0,110.98749
125.0,109.88945
125.0,112.14411
125.0,111.7763
125.0,114.148
125.0,115.91693
125.0,118.388954
125.0,116.316605
125.0,117.34434
125.0,116.3122
125.0,114.943474
125.0,115.4881
125.0,113.43137
125.0,110.71679
125.0,109.55154
125.0,110.71025
125.0,113.962204
125.0,114.674164
124.0,118.83794
123.0,122.54524
122.0,117.139084
121.0,116.310234
120.0,116.99598
119.0,111.096214
118.0,106.46142
117.0,101.00807
116.0,106.22003
115.0,102.37258
114.0,104.63491
113.0,106.88987
112.0,104.738205
111.0,103.605644
110.0,103.29802
109.0,107.631294
108.0,108.17802
107.0,112.139275
106.0,107.39264
105.0,104.363754
104.0,100.737335
103.0,101.31002
102.0,95.52428
101.0,95.17429
100.0,88.54787
99.0,86.66888
98.0,85.09806
97.0,81.696144
96.0,87.75562
95.0,93.05669
94.0,103.866776
93.0,106.80761
92.0,107.084114
91.0,105.78394
90.0,105.27884
89.0,105.871124
88.0,104.96276
87.0,105.90175
86.0,109.93576
85.0,109.295166
84.0,110.7194
83.0,114.41118
82.0,115.331604
81.0,112.80973
80.0,108.4511
79.0,110.83813
78.0,116.92442
77.0,113.16297
76.0,113.80471
75.0,107.606224
74.0,101.34682
73.0,100.92343
72.0,97.287575
71.0,95.91423
70.0,92.91647
69.0,92.63055
68.0,84.56142
67.0,77.60471
66.0,74.337746
65.0,73.065956
64.0,75.48239
63.0,71.33214
62.0,67.78987
61.0,66.491325
60.0,66.73783
59.0,69.02072
58.0,68.24824
57.0,78.67107
56.0,75.408775
55.0,73.54729
54.0,73.014725
53.0,73.76213
52.0,67.87423
51.0,62.57846
50.0,66.17263
49.0,66.13193
48.0,75.90796
47.0,71.84623
46.0,66.641815
45.0,62.98911
44.0,58.831417
43.0,60.163647
42.0,60.40707
41.0,62.334896
40.0,66.49987
39.0,57.534184
38.0,51.107605
37.0,44.24452
36.0,37.80374
35.0,35.425793
34.0,32.422184
33.0,31.262129
32.0,28.168045
31.0,25.016104
30.0,24.715424
29.0,23.458488
125.0,112.33327
125.0,114.735886
125.0,114.811646
125.0,114.330666
125.0,114.08154
125.0,114.54484
125.0,115.41015
125.0,113.782166
125.0,114.38016
125.0,115.21192
125.0,117.68618
125.0,116.86444
125.0,115.101006
125.0,116.01376
125.0,116.517555
125.0,117.82393
125.0,116.41207
125.0,112.71128
125.0,114.25039
125.0,113.14885
125.0,112.00284
125.0,111.820625
125.0,109.26328
125.0,109.5241
125.0,108.08141
125.0,106.79548
125.0,106.555786
125.0,106.247635
125.0,104.53847
125.0,106.73528
125.0,110.74601
125.0,111.56082
125.0,111.99417
125.0,109.63622
125.0,107.04262
125.0,109.22741
125.0,110.6806
125.0,112.71197
125.0,113.39703
125.0,114.35293
125.0,113.16903
125.0,104.02816
125.0,102.57896
125.0,101.76504
125.0,104.842064
125.0,110.475746
125.0,112.31652
125.0,105.74129
124.0,106.083206
123.0,104.91828
122.0,113.777565
121.0,105.82918
120.0,107.478325
119.0,109.347046
118.0,113.90927
117.0,113.56114
116.0,109.88803
115.0,112.40637
114.0,109.84436
113.0,115.03175
112.0,116.97044
111.0,112.15548
110.0,114.94365
109.0,115.17264
108.0,114.67358
107.0,112.599266
106.0,113.73778
105.0,113.8792
104.0,111.26679
103.0,111.124886
102.0,106.10879
101.0,105.90866
100.0,111.24672
99.0,110.511734
98.0,111.22565
97.0,114.74327
96.0,113.68398
95.0,112.28023
94.0,109.10258
93.0,109.241295
92.0,105.14698
91.0,102.62987
90.0,97.00756
89.0,98.26965
88.0,101.543396
87.0,96.36734
86.0,92.5015
85.0,95.650795
84.0,92.461296
83.0,98.64221
82.0,97.55975
81.0,91.09503
80.0,91.19834
79.0,89.6672
78.0,88.13392
77.0,87.866936
76.0,88.72162
75.0,87.00629
74.0,80.99332
73.0,78.08016
72.0,69.681076
71.0,64.272156
70.0,64.85692
69.0,59.95234
68.0,57.232323
67.0,50.215263
66.0,48.420067
65.0,53.299236
64.0,55.98655
63.0,61.188095
62.0,56.921993
61.0,59.035538
60.0,57.961327
59.0,61.009716
58.0,59.607815
57.0,57.28664
56.0,57.89059
55.0,59.16386
54.0,61.724354
53.0,69.18768
52.0,72.21481
51.0,64.58016
50.0,70.45624
49.0,70.507126
48.0,71.21503
47.0,61.82958
46.0,52.593525
45.0,52.070385
44.0,44.08234
43.0,35.56878
42.0,33.52722
41.0,31.383987
40.0,27.350489
39.0,25.311909
38.0,26.398697
37.0,26.412453
36.0,29.564814
35.0,30.701664
34.0,27.880926
33.0,28.741333
32.0,26.671331
31.0,28.409351
30.0,29.40683
29.0,29.30985
28.0,30.413744
27.0,29.8197
26.0,27.576305
25.0,25.403473
24.0,24.649323
23.0,22.749435
22.0,21.20271
21.0,20.711885
20.0,21.300762
19.0,20.922731
18.0,20.331997
17.0,18.550869
16.0,16.883314
15.0,16.546604
118.0,109.32991
117.0,109.65928
116.0,105.74769
115.0,104.580864
114.0,106.03328
113.0,109.283195
112.0,109.29955
111.0,106.28918
110.0,99.34108
109.0,100.83166
108.0,100.06539
107.0,104.349
106.0,110.57241
105.0,111.82716
104.0,115.57092
103.0,112.1467
102.0,112.68217
101.0,115.18333
100.0,111.055626
99.0,115.95488
98.0,117.11264
97.0,120.71224
96.0,122.561295
95.0,120.6183
94.0,119.684265
93.0,118.08345
92.0,122.249695
91.0,123.336716
90.0,121.5374
89.0,119.653244
88.0,115.85192
87.0,111.677246
86.0,110.42158
85.0,111.717636
84.0,112.17304
83.0,116.80683
82.0,119.07241
81.0,125.26712
80.0,119.144226
79.0,120.19298
78.0,117.79948
125.0,111.504005
125.0,107.49527
125.0,109.09797
125.0,107.06134
125.0,106.60121
125.0,104.435326
125.0,103.489975
125.0,103.6749
125.0,105.10789
125.0,105.10282
125.0,106.073006
125.0,104.02704
125.0,105.4438
125.0,108.72022
125.0,107.539505
125.0,106.9583
125.0,102.45727
125.0,102.678276
125.0,101.5118
125.0,99.50915
125.0,104.857414
125.0,107.23075
125.0,107.619
125.0,108.42819
125.0,107.4059
125.0,111.07112
125.0,108.53037
125.0,110.14891
125.0,108.872734
125.0,106.31646
125.0,103.767235
125.0,101.587845
125.0,103.275375
125.0,104.14737
125.0,103.282715
125.0,101.1309
125.0,103.737434
125.0,97.28666
125.0,99.94115
125.0,98.82803
125.0,99.3594
124.0,96.224304
123.0,99.81088
122.0,101.372314
121.0,102.018936
120.0,105.75923
119.0,104.94351
118.0,105.49645
117.0,104.31849
116.0,106.18803
115.0,107.65877
114.0,109.10745
113.0,108.88123
112.0,112.228195
111.0,112.80054
110.0,115.82362
109.0,112.80203
108.0,114.20916
107.0,113.64515
106.0,116.63119
105.0,112.89386
104.0,112.68545
103.0,115.627914
102.0,120.0804
101.0,121.00878
100.0,120.86684
99.0,123.94605
98.0,120.537415
97.0,117.75523
96.0,115.669624
95.0,113.0112
94.0,103.15937
93.0,97.557846
92.0,95.65373
91.0,97.76291
90.0,103.11933
89.0,102.11565
88.0,100.118225
87.0,92.66031
86.0,96.00951
85.0,94.9675
84.0,97.60407
83.0,94.81883
82.0,95.04385
81.0,87.986336
80.0,87.48864
79.0,82.28876
78.0,83.14319
77.0,83.6711
76.0,72.95111
75.0,68.02529
74.0,63.580013
73.0,63.821205
72.0,72.62322
71.0,64.52458
70.0,66.37327
69.0,70.453285
68.0,72.67768
67.0,70.35575
66.0,65.524956
65.0,63.985928
64.0,59.6141
63.0,59.17556
62.0,60.37182
61.0,70.505394
60.0,76.8342
59.0,76.78001
58.0,76.42074
57.0,66.87276
56.0,74.99308
55.0,77.07174
54.0,77.93276
53.0,85.65449
52.0,87.05178
51.0,81.54607
50.0,79.40417
49.0,77.25902
48.0,74.2165
47.0,68.6063
46.0,60.800163
45.0,64.20376
44.0,63.292286
43.0,61.169056
42.0,56.73937
41.0,51.292175
40.0,54.519596
39.0,51.846092
38.0,50.833958
37.0,51.486904
36.0,49.913517
35.0,47.429024
34.0,46.89065
33.0,46.520252
32.0,46.974117
31.0,45.214874
30.0,45.112324
29.0,42.953056
28.0,40.368645
27.0,37.065235
26.0,34.120956
25.0,33.306755
24.0,32.78936
23.0,32.540504
22.0,27.972162
21.0,21.89346
20.0,20.864717
19.0,22.082504
18.0,19.416712
17.0,18.953674
16.0,18.874851
15.0,16.446926
14.0,15.83729
13.0,14.839469
12.0,14.554108
11.0,13.089907
10.0,12.423027
9.0,11.122937
125.0,114.568634
125.0,118.54027
125.0,126.12216
125.0,127.067444
125.0,128.20618
125.0,127.353355
125.0,126.15986
125.0,127.99407
125.0,129.45067
125.0,127.32276
125.0,124.562874
125.0,127.531395
125.0,128.51752
125.0,134.09297
125.0,136.31412
125.0,133.70833
125.0,129.97183
125.0,127.329185
125.0,126.862885
125.0,125.461075
125.0,124.50674
124.0,123.066605
123.0,121.92549
122.0,119.35501
125.0,114.5641
125.0,112.97536
125.0,114.78305
125.0,119.631096
125.0,123.87557
125.0,126.62606
125.0,129.76791
125.0,130.86844
125.0,136.55345
125.0,136.92223
125.0,131.28113
125.0,130.5655
125.0,131.53485
125.0,132.55621
125.0,130.68132
125.0,132.44331
125.0,133.47516
125.0,130.91681
125.0,128.5643
125.0,128.45013
125.0,126.78738
125.0,121.703674
125.0,124.27691
125.0,129.65706
125.0,131.49791
125.0,127.63314
125.0,123.73238
125.0,122.78092
125.0,122.69467
125.0,119.40719
125.0,115.11816
125.0,114.95626
125.0,106.39243
125.0,101.075264
125.0,102.38561
125.0,101.57314
125.0,105.02095
125.0,109.09289
125.0,108.08662
125.0,112.71217
125.0,113.199684
125.0,114.6789
125.0,118.266045
125.0,117.96944
125.0,112.07995
125.0,108.10169
125.0,112.0144
125.0,116.74493
125.0,115.86708
125.0,112.27286
125.0,116.585464
125.0,118.29639
125.0,122.2804
125.0,131.06186
125.0,133.78413
125.0,131.64195
125.0,127.760216
125.0,132.9103
125.0,136.4081
125.0,138.50218
125.0,134.94197
125.0,132.60762
125.0,128.97307
125.0,127.10249
125.0,125.58171
125.0,125.69016
125.0,123.21436
125.0,118.45238
125.0,119.61934
125.0,120.47955
125.0,117.9081
125.0,117.037384
125.0,114.073715
125.0,119.80152
125.0,118.42456
125.0,115.49166
125.0,118.17183
125.0,116.36463
125.0,115.35238
125.0,107.80636
125.0,98.0867
125.0,94.66633
125.0,94.77472
125.0,100.37939
125.0,102.161705
125.0,101.90312
125.0,99.82748
125.0,103.44987
125.0,106.403755
125.0,103.75486
125.0,106.42554
125.0,105.74748
124.0,107.76792
123.0,109.208176
122.0,112.89647
121.0,110.39763
120.0,107.81458
119.0,107.28462
118.0,109.937386
117.0,116.839645
116.0,112.10263
115.0,108.61914
114.0,114.42169
113.0,119.25513
112.0,118.23717
111.0,119.09658
110.0,115.149124
109.0,120.617455
108.0,120.26267
107.0,112.83372
106.0,100.20717
105.0,93.61772
104.0,89.3768
103.0,86.49994
102.0,81.456505
101.0,88.10546
100.0,88.114494
99.0,90.037506
98.0,94.328835
97.0,98.51842
96.0,102.3397
95.0,97.496826
125.0,107.81346
125.0,106.68989
125.0,106.54917
125.0,108.50036
125.0,108.49353
125.0,109.28266
125.0,109.35236
125.0,107.82953
125.0,109.48681
125.0,108.639824
125.0,108.42061
125.0,111.476395
125.0,117.72558
125.0,116.98857
125.0,112.76895
125.0,113.759155
125.0,116.3276
125.0,114.710884
125.0,115.0109
125.0,111.99895
125.0,106.75957
125.0,109.34639
125.0,105.00571
125.0,102.17354
125.0,103.4224
125.0,104.37323
125.0,105.68012
125.0,107.48009
125.0,110.3109
125.0,111.19531
125.0,107.26225
125.0,112.10828
124.0,110.130745
123.0,110.28334
122.0,105.73426
121.0,108.96304
120.0,112.21182
119.0,109.798325
125.0,101.67353
125.0,100.850174
125.0,101.03804
125.0,100.078674
125.0,102.1758
125.0,103.107704
125.0,103.43059
125.0,100.98596
125.0,103.639015
125.0,104.687485
125.0,105.69487
125.0,107.90695
125.0,108.16547
125.0,108.30803
125.0,108.07051
125.0,108.64435
125.0,110.33672
125.0,113.09238
125.0,114.22263
125.0,114.53149
125.0,115.946754
125.0,116.48972
125.0,112.38082
125.0,112.369934
125.0,108.24676
125.0,107.475945
125.0,110.556526
124.0,109.4464
123.0,108.64378
122.0,108.29209
121.0,107.86027
120.0,107.42697
119.0,107.97344
118.0,107.92155
117.0,111.746925
116.0,109.90629
115.0,108.83354
114.0,108.81707
113.0,110.49325
112.0,112.792114
111.0,114.80558
110.0,115.261086
109.0,113.77356
108.0,112.47079
107.0,107.610794
106.0,105.54542
105.0,103.52437
104.0,102.89586
103.0,111.471504
102.0,111.782104
101.0,115.55123
100.0,114.876015
99.0,110.99196
98.0,110.46697
97.0,107.58297
96.0,108.24071
95.0,107.5533
94.0,106.37508
93.0,102.331116
92.0,102.06302
91.0,100.05726
90.0,94.99606
89.0,92.611176
88.0,92.38419
87.0,99.07357
86.0,103.030785
85.0,104.27526
84.0,103.08944
83.0,100.689735
82.0,105.07388
81.0,102.8636
80.0,107.08457
79.0,102.86228
78.0,101.92879
77.0,97.913506
76.0,96.0444
75.0,91.76414
74.0,88.96394
73.0,94.584305
72.0,96.63984
71.0,103.640274
70.0,102.67719
69.0,99.316
68.0,101.39659
67.0,100.3187
66.0,98.26818
65.0,96.01066
64.0,93.854416
63.0,92.64311
62.0,90.48219
61.0,89.54167
60.0,80.9071
59.0,78.32329
58.0,83.37851
57.0,82.65818
56.0,77.80178
55.0,78.968094
54.0,75.932365
53.0,80.050674
52.0,79.07965
51.0,72.05189
125.0,105.44408
125.0,105.654686
125.0,106.63064
125.0,106.471565
125.0,106.46517
125.0,106.65663
125.0,109.129715
125.0,112.63326
125.0,113.995575
125.0,113.766365
125.0,110.95472
125.0,111.21256
125.0,112.226265
125.0,111.29032
125.0,109.82172
125.0,109.87872
125.0,109.14027
125.0,108.68376
125.0,108.069305
125.0,111.502754
125.0,110.89725
125.0,112.33396
125.0,111.19886
125.0,111.74103
125.0,109.92615
125.0,110.46174
125.0,110.27473
125.0,110.289696
125.0,108.177284
125.0,107.69741
125.0,108.10346
125.0,109.31642
125.0,107.61616
125.0,107.89492
125.0,107.393906
125.0,108.403656
125.0,107.72099
125.0,107.45632
125.0,107.80518
125.0,106.93562
125.0,105.6727
125.0,108.031136
125.0,110.130585
125.0,112.29078
125.0,111.31166
125.0,110.723785
125.0,110.09962
125.0,108.5017
125.0,104.96436
125.0,104.602455
125.0,102.18397
125.0,102.40221
125.0,102.982956
125.0,103.65164
125.0,103.77681
125.0,103.86677
125.0,103.512924
125.0,104.33686
125.0,103.3342
125.0,102.02423
125.0,99.6155
125.0,101.62874
125.0,101.93648
125.0,102.01683
125.0,101.67246
125.0,100.903336
125.0,98.28167
125.0,99.63661
125.0,94.53787
125.0,92.1947
125.0,94.319954
125.0,95.54696
125.0,100.62912
125.0,103.87761
125.0,103.0467
125.0,105.81398
125.0,108.83813
125.0,108.07502
125.0,104.63163
125.0,104.82897
125.0,100.34269
125.0,97.76944
125.0,111.937675
125.0,107.53484
125.0,104.83792
125.0,109.51817
125.0,112.031044
125.0,116.42319
125.0,116.726906
125.0,117.63553
125.0,121.57693
125.0,120.66881
125.0,121.2794
125.0,121.60299
125.0,123.53745
125.0,126.63285
125.0,126.571625
125.0,124.28811
125.0,124.031334
125.0,122.990204
125.0,122.635315
125.0,117.64461
125.0,117.27508
125.0,121.059265
125.0,117.533516
125.0,119.08865
125.0,120.71594
125.0,119.58657
125.0,119.086784
125.0,119.676605
125.0,117.50854
125.0,117.135185
125.0,120.77293
125.0,116.289
125.0,116.33346
125.0,114.67848
125.0,115.67674
125.0,117.16519
125.0,120.10937
125.0,121.044395
125.0,124.89913
125.0,118.80113
125.0,116.7209
125.0,112.83442
125.0,115.1804
125.0,115.343254
125.0,117.857025
125.0,118.254524
125.0,122.02039
125.0,120.08649
125.0,119.93853
125.0,118.109825
125.0,117.53701
125.0,117.3813
125.0,114.739914
125.0,116.66652
125.0,119.88358
125.0,114.61605
125.0,107.52641
125.0,110.99014
125.0,113.3574
125.0,109.21691
125.0,108.05166
125.0,104.84204
125.0,97.620964
125.0,94.582855
125.0,100.2779
125.0,101.00441
125.0,103.42252
125.0,107.94741
125.0,107.43599
125.0,111.81638
125.0,111.29683
125.0,114.28651
125.0,110.54883
125.0,110.70161
125.0,114.4275
125.0,114.74459
125.0,119.83477
125.0,114.10402
125.0,117.606735
125.0,117.23739
125.0,116.73419
125.0,119.57559
125.0,116.22417
125.0,115.10943
125.0,112.42853
125.0,108.91758
125.0,113.61188
125.0,113.43643
125.0,116.04856
125.0,115.860176
125.0,115.56668
125.0,110.6851
125.0,111.22808
125.0,106.78864
125.0,104.86864
125.0,105.29873
125.0,104.867065
125.0,103.96901
125.0,108.91965
125.0,108.84879
125.0,112.695854
125.0,113.833916
125.0,111.0808
125.0,108.41887
125.0,107.875984
125.0,107.52792
125.0,110.00345
125.0,101.39034
125.0,101.04634
125.0,100.00042
125.0,102.3818
125.0,102.67623
125.0,102.79677
125.0,104.359215
125.0,106.65912
125.0,108.032074
125.0,110.996124
125.0,108.379005
125.0,108.802826
125.0,109.49035
125.0,115.14756
125.0,113.27283
125.0,113.06062
125.0,116.362915
125.0,115.33352
125.0,112.23936
125.0,104.03678
125.0,103.16433
125.0,110.67851
125.0,110.646965
125.0,110.25925
125.0,110.45813
125.0,112.975494
125.0,112.07115
125.0,114.1044
125.0,112.680466
125.0,113.73343
125.0,114.82718
125.0,111.137955
125.0,112.50862
125.0,112.707726
125.0,109.705925
125.0,107.73331
125.0,109.95254
125.0,111.358925
125.0,115.920334
125.0,121.60778
125.0,115.643295
125.0,114.3184
125.0,111.96788
125.0,109.24216
125.0,105.06113
125.0,99.188194
125.0,102.86776
124.0,105.27159
123.0,98.41429
122.0,96.372154
121.0,97.2687
120.0,106.32623
119.0,104.95273
118.0,109.49345
117.0,104.42315
116.0,106.77203
115.0,101.062386
114.0,105.68036
125.0,110.659966
125.0,111.4009
125.0,113.789955
125.0,113.58596
125.0,114.28893
125.0,114.04513
125.0,115.59584
125.0,117.36795
125.0,116.97489
125.0,115.306946
125.0,115.728485
125.0,115.16879
125.0,114.393105
125.0,112.93452
125.0,113.02945
125.0,113.877205
125.0,108.71368
125.0,108.82794
125.0,109.011246
125.0,109.90715
125.0,109.72088
125.0,111.49223
125.0,112.07796
125.0,110.088036
125.0,109.58237
125.0,109.572426
125.0,109.2857
125.0,109.075096
125.0,110.36987
125.0,108.93881
125.0,109.29265
125.0,109.14977
125.0,107.41506
125.0,107.530235
125.0,107.393295
125.0,107.71132
125.0,109.97498
125.0,108.94057
125.0,106.77735
125.0,106.26011
125.0,106.32281
125.0,105.6223
125.0,105.680214
125.0,105.62385
125.0,106.657
125.0,105.40893
125.0,105.42598
125.0,103.76352
125.0,98.85392
125.0,100.6839
125.0,99.90758
125.0,101.796165
125.0,100.65818
125.0,99.17225
125.0,101.85981
125.0,100.96233
125.0,99.99616
125.0,99.92169
125.0,100.0867
125.0,100.9322
125.0,101.87881
124.0,105.28899
123.0,104.37414
122.0,106.18493
121.0,107.34367
120.0,109.28977
119.0,109.482346
118.0,112.94132
117.0,112.029434
116.0,111.94353
115.0,108.712944
114.0,107.607155
113.0,106.33808
112.0,106.79135
111.0,109.41179
110.0,109.81912
109.0,108.70127
108.0,106.68032
107.0,102.42689
106.0,100.46695
105.0,103.3479
104.0,102.70445
103.0,99.404305
102.0,98.84547
101.0,100.45439
100.0,97.90519
99.0,99.74343
98.0,96.54266
97.0,93.45491
96.0,94.51608
95.0,94.95857
94.0,93.9641
93.0,91.12001
92.0,88.46984
91.0,89.248215
90.0,81.169205
89.0,81.833176
88.0,90.373795
87.0,88.71473
86.0,91.41612
85.0,86.037575
84.0,82.04699
83.0,79.99782
82.0,82.84949
81.0,78.65668
80.0,78.799126
79.0,74.36848
78.0,74.93649
77.0,78.31491
76.0,77.181435
75.0,75.199615
74.0,75.47091
73.0,68.135315
72.0,65.9065
71.0,65.004906
70.0,68.43372
69.0,71.30479
68.0,68.96107
67.0,71.9044
66.0,74.35311
65.0,70.33056
64.0,73.26625
63.0,71.50598
62.0,71.02694
61.0,67.89905
60.0,65.685715
59.0,70.46984
58.0,69.96064
57.0,64.07628
56.0,59.63324
55.0,56.991722
54.0,50.697784
53.0,49.049
52.0,46.02544
51.0,43.011776
50.0,42.30733
49.0,40.651913
48.0,36.94519
47.0,34.252354
46.0,35.534588
45.0,32.757618
44.0,34.38846
43.0,31.671642
42.0,28.741083
41.0,30.819763
40.0,32.14934
39.0,34.229862
38.0,32.979107
37.0,32.00698
36.0,31.479723
35.0,30.914799
34.0,32.80921
33.0,32.000057
32.0,33.098133
31.0,33.33345
30.0,33.969296
29.0,32.218147
28.0,30.81939
27.0,27.291122
26.0,25.674938
25.0,25.833923
24.0,24.859238
23.0,24.33164
22.0,23.678831
21.0,21.351528
20.0,20.625036
19.0,20.7443
18.0,19.388176
17.0,17.72799
16.0,16.764853
15.0,16.125772
14.0,15.195911
13.0,13.825311
12.0,12.997672
11.0,11.496378
125.0,107.915474
125.0,107.15431
125.0,103.34228
125.0,104.37854
125.0,104.51073
125.0,102.95109
125.0,103.46923
125.0,103.65857
125.0,100.80929
125.0,104.44394
125.0,107.0755
125.0,107.06231
125.0,105.82517
125.0,103.48079
125.0,102.22593
125.0,100.517456
125.0,94.721634
125.0,96.725105
125.0,100.906746
125.0,102.37034
125.0,102.70005
125.0,104.02112
125.0,105.80576
125.0,111.93678
125.0,114.22914
125.0,115.89819
125.0,114.15118
125.0,111.76283
125.0,113.52241
125.0,113.75226
125.0,113.86804
125.0,111.43021
125.0,111.036674
125.0,108.2208
125.0,109.28728
125.0,107.263176
125.0,109.72689
125.0,108.11745
125.0,107.62659
125.0,110.88875
125.0,107.60918
125.0,106.53527
124.0,110.64127
123.0,107.1372
122.0,104.047966
121.0,101.06015
120.0,97.79288
119.0,92.10588
118.0,96.060646
117.0,91.49666
116.0,85.42702
115.0,82.42673
114.0,85.59036
113.0,91.43835
112.0,96.54426
111.0,106.58538
110.0,108.00493
109.0,108.00089
108.0,113.33498
107.0,117.50947
106.0,115.18552
105.0,115.81634
104.0,116.72481
103.0,114.73629
102.0,114.25769
101.0,112.38986
100.0,116.83495
99.0,119.44913
98.0,119.68067
97.0,121.60319
96.0,116.84915
95.0,119.401855
94.0,123.09791
93.0,123.273254
92.0,123.26677
91.0,117.52949
90.0,118.80833
89.0,117.473175
88.0,120.02595
87.0,115.51722
86.0,107.79505
85.0,104.56832
84.0,101.35516
83.0,102.54538
82.0,101.55688
81.0,95.02076
80.0,87.63014
79.0,83.94997
78.0,80.386055
77.0,71.72877
76.0,66.45161
75.0,62.7826
74.0,64.96387
73.0,60.224762
72.0,65.84309
71.0,67.98907
70.0,69.555145
69.0,71.497154
68.0,71.96644
67.0,73.50722
66.0,68.20059
65.0,73.96935
64.0,76.5498
63.0,77.47697
62.0,78.06264
61.0,74.26359
60.0,77.08085
59.0,81.40357
58.0,84.88762
57.0,89.71198
56.0,88.79143
55.0,85.72939
54.0,85.652756
53.0,86.56353
52.0,87.7634
51.0,73.44198
50.0,69.730545
49.0,63.906864
48.0,49.919952
47.0,40.104885
46.0,27.682941
45.0,25.58016
44.0,26.175674
43.0,26.181839
42.0,30.962948
41.0,28.903923
40.0,29.224928
39.0,30.357409
38.0,30.843798
37.0,31.691938
36.0,29.243082
35.0,31.50587
125.0,122.033554
125.0,121.06611
125.0,119.258575
125.0,119.86706
125.0,118.26818
125.0,118.76456
125.0,119.52366
125.0,117.65499
125.0,117.45836
125.0,117.58439
125.0,116.53614
125.0,115.87749
125.0,117.09553
125.0,115.529625
125.0,114.49488
125.0,114.84154
125.0,114.81896
125.0,115.571236
125.0,115.67478
125.0,116.67869
125.0,118.1826
125.0,117.01389
125.0,117.25309
125.0,116.27662
125.0,116.11262
124.0,116.3487
123.0,115.412025
122.0,116.53368
121.0,115.822914
120.0,118.068535
119.0,118.17718
118.0,117.71494
117.0,117.56108
116.0,117.213455
115.0,116.813484
114.0,117.456375
113.0,117.76629
112.0,118.24157
111.0,118.722984
110.0,119.54928
109.0,118.445755
108.0,118.46032
125.0,111.27112
125.0,110.39332
125.0,111.8739
125.0,109.980644
125.0,107.59632
125.0,105.85566
125.0,106.299995
125.0,103.46534
125.0,106.24485
125.0,103.34765
124.0,106.42234
123.0,107.368095
122.0,106.94763
121.0,104.27142
120.0,105.50271
119.0,106.38038
118.0,109.598495
117.0,105.75501
116.0,109.85231
115.0,107.774765
114.0,108.509315
113.0,107.294876
112.0,105.01125
111.0,108.97449
110.0,110.13009
109.0,109.55935
108.0,108.04655
107.0,107.83501
106.0,111.721
105.0,112.22665
104.0,113.39439
103.0,111.28607
102.0,110.659676
101.0,107.95359
100.0,105.22988
99.0,106.22708
98.0,106.359955
97.0,106.16058
96.0,107.048996
95.0,106.87688
94.0,106.28597
93.0,107.9849
92.0,105.74649
91.0,102.78082
90.0,99.36535
89.0,96.752655
88.0,95.3379
87.0,101.792984
86.0,112.42438
85.0,114.53316
84.0,114.15966
83.0,114.63141
82.0,109.55435
81.0,108.91655
80.0,107.77004
79.0,97.35343
78.0,101.39683
77.0,105.92176
76.0,109.297226
75.0,109.94068
74.0,113.771416
73.0,110.53415
72.0,110.0788
71.0,109.86802
70.0,103.94395
69.0,105.862816
68.0,105.427765
67.0,109.52176
66.0,108.94934
65.0,112.69069
64.0,112.00173
125.0,119.1695
125.0,124.559746
125.0,124.49318
125.0,127.53627
125.0,128.66058
125.0,130.58029
125.0,132.79657
125.0,132.48466
125.0,134.67113
125.0,129.55208
125.0,127.05728
125.0,126.98005
125.0,123.833626
125.0,125.91934
125.0,125.472336
125.0,128.44301
125.0,125.2276
125.0,126.297874
125.0,122.98818
125.0,120.20291
125.0,120.07572
125.0,118.42381
125.0,118.40928
125.0,116.33049
125.0,111.79257
125.0,115.95172
125.0,117.20879
125.0,115.7953
125.0,111.0317
125.0,112.57173
125.0,111.498314
125.0,110.668884
125.0,115.55708
125.0,118.05743
125.0,116.18072
125.0,119.12019
125.0,117.16357
125.0,115.79974
125.0,119.16986
125.0,115.26933
125.0,110.6601
125.0,111.26622
125.0,110.42995
125.0,112.368195
125.0,114.58537
125.0,117.54173
125.0,113.50077
125.0,108.243835
125.0,108.69025
125.0,109.08391
125.0,109.26793
125.0,107.11387
125.0,110.29299
125.0,111.38478
125.0,110.81989
125.0,115.22521
125.0,107.73038
125.0,109.22707
125.0,112.478035
125.0,118.04062
125.0,112.03897
125.0,109.83533
125.0,112.20205
125.0,114.41817
125.0,112.65336
125.0,107.773964
125.0,104.25678
125.0,96.57216
125.0,96.75085
124.0,89.396545
123.0,87.11384
122.0,83.03563
121.0,85.33954
120.0,87.024254
119.0,90.180244
118.0,82.30139
117.0,76.63043
116.0,73.716896
115.0,73.2881
114.0,81.33511
113.0,81.33194
112.0,81.803825
111.0,88.13429
110.0,92.04061
109.0,93.1911
108.0,100.61723
107.0,98.183395
106.0,95.304596
105.0,97.56892
104.0,99.465805
103.0,100.41095
102.0,99.28436
101.0,102.10119
100.0,107.05981
99.0,109.45528
98.0,104.88845
97.0,105.94571
96.0,104.72016
95.0,111.712456
94.0,110.85519
93.0,109.72646
92.0,111.39403
91.0,109.39124
125.0,114.593506
125.0,114.91402
125.0,115.414635
125.0,117.569145
125.0,112.103134
125.0,106.61399
125.0,102.88934
125.0,103.50504
125.0,106.017166
125.0,108.71981
125.0,100.52253
125.0,100.4339
125.0,99.92024
125.0,99.58017
125.0,100.30101
125.0,98.98867
125.0,95.98557
125.0,97.51135
125.0,97.164764
125.0,95.86403
125.0,99.35546
125.0,103.580536
125.0,103.741455
125.0,106.82443
125.0,104.408356
125.0,101.27615
125.0,104.85813
125.0,105.47273
125.0,106.935036
125.0,107.38973
125.0,106.63246
125.0,106.53827
125.0,104.24262
125.0,106.69962
125.0,103.07655
125.0,105.64381
125.0,106.76363
125.0,109.047165
125.0,110.92297
125.0,116.46586
125.0,111.890976
125.0,109.70364
125.0,110.30655
125.0,107.42326
125.0,106.963745
125.0,108.974106
125.0,105.87895
125.0,103.17563
125.0,102.55826
125.0,103.94579
125.0,107.85716
125.0,108.74664
125.0,105.057526
125.0,111.06731
125.0,105.81032
125.0,103.82744
125.0,104.13778
125.0,110.43589
125.0,113.72141
125.0,110.19935
125.0,109.86315
125.0,110.29228
125.0,109.58505
125.0,111.04205
125.0,110.57038
125.0,108.00087
125.0,107.05094
124.0,104.544464
123.0,101.64936
122.0,103.82316
121.0,103.960335
120.0,100.76503
119.0,98.58673
118.0,98.362404
117.0,93.9037
116.0,93.52511
115.0,93.7365
114.0,93.55367
113.0,92.484634
112.0,91.66498
111.0,86.664734
110.0,80.10445
109.0,81.54114
108.0,82.22294
107.0,82.06424
106.0,81.62017
105.0,81.12955
104.0,86.5474
103.0,86.7977
102.0,81.11142
101.0,82.28776
100.0,87.12373
99.0,89.9255
98.0,87.25871
97.0,85.810555
96.0,80.72489
95.0,79.2974
94.0,78.97885
93.0,79.84186
92.0,87.274414
91.0,90.91431
90.0,88.909615
89.0,87.48278
88.0,83.916824
87.0,81.08877
86.0,81.13983
85.0,82.197845
84.0,81.40938
83.0,82.264854
82.0,78.259254
81.0,74.79438
80.0,70.450806
79.0,74.45098
78.0,79.61198
77.0,78.96395
76.0,77.65007
75.0,79.659904
74.0,76.98797
73.0,74.43944
72.0,67.77612
71.0,67.041115
70.0,65.325165
69.0,68.874115
68.0,58.75039
67.0,57.035168
66.0,57.22139
65.0,52.292217
64.0,53.710503
63.0,57.502697
62.0,58.101105
61.0,62.49874
60.0,61.67245
59.0,63.50919
58.0,59.397804
57.0,57.50742
56.0,54.691795
55.0,54.28455
54.0,52.05156
53.0,47.42504
52.0,43.142326
51.0,33.94478
50.0,29.878817
49.0,30.5156
48.0,32.05413
47.0,32.600475
46.0,32.491756
45.0,38.499683
44.0,39.028137
43.0,40.481728
42.0,43.484547
41.0,44.60515
40.0,45.247448
39.0,46.72815
38.0,42.236744
37.0,39.570034
36.0,38.861504
35.0,41.110096
34.0,41.439816
33.0,40.602448
32.0,37.720627
31.0,34.88318
30.0,33.371952
29.0,33.561382
28.0,32.81279
27.0,31.650473
26.0,28.89764
25.0,28.07441
24.0,25.826958
23.0,24.430521
22.0,23.451582
21.0,22.636421
20.0,20.464918
19.0,18.561836
18.0,15.76358
17.0,14.36474
16.0,13.816298
15.0,13.01388
14.0,12.628549
13.0,11.708801
12.0,11.028686
11.0,10.180041
10.0,9.106991
9.0,8.074488
125.0,107.53402
125.0,109.68179
125.0,110.35994
125.0,113.84129
125.0,113.879555
125.0,112.75673
125.0,110.13395
125.0,109.88632
125.0,103.30756
125.0,103.95381
125.0,104.182816
125.0,106.01927
125.0,105.57568
125.0,106.84669
125.0,105.1723
125.0,109.11403
125.0,109.96315
124.0,110.29666
123.0,112.017525
122.0,112.61895
121.0,110.52478
120.0,107.423515
119.0,105.14353
118.0,105.65973
117.0,103.05039
116.0,104.00739
115.0,102.6005
114.0,104.423996
113.0,103.7627
112.0,104.66738
111.0,110.64276
110.0,108.751686
109.0,109.783325
108.0,113.77901
107.0,116.45372
106.0,115.863144
105.0,114.70135
104.0,115.44789
103.0,113.72572
102.0,112.94502
101.0,115.085236
100.0,117.76504
99.0,120.981636
98.0,123.12898
97.0,127.788216
96.0,126.27229
95.0,125.844284
94.0,123.02105
93.0,121.751595
92.0,118.006256
91.0,115.64477
90.0,103.61121
89.0,96.34447
88.0,94.415436
87.0,92.091606
86.0,94.49336
85.0,92.48613
84.0,92.22176
83.0,93.27379
82.0,90.10392
81.0,94.87906
80.0,90.10569
79.0,92.293976
78.0,92.760544
77.0,98.13379
76.0,101.2232
75.0,99.34782
74.0,98.405304
73.0,94.93371
72.0,87.032455
71.0,83.90102
70.0,84.09826
69.0,86.32013
68.0,84.73127
67.0,82.37442
66.0,78.6604
65.0,81.88104
64.0,86.74681
63.0,77.94564
62.0,79.73145
61.0,76.360405
60.0,65.55947
59.0,62.47971
58.0,63.203396
57.0,63.5461
56.0,60.485016
55.0,65.342094
54.0,69.03646
53.0,72.00428
52.0,73.40986
51.0,80.190865
50.0,82.70427
49.0,88.56027
48.0,85.75768
47.0,99.80801
46.0,96.69846
45.0,100.612816
44.0,98.54257
43.0,95.65485
42.0,93.27315
41.0,89.170425
40.0,88.11771
39.0,84.94102
38.0,79.347145
37.0,79.049736
36.0,80.74741
35.0,81.353424
34.0,78.62493
33.0,65.64538
32.0,64.13864
31.0,57.809982
30.0,46.05396
29.0,41.994057
28.0,35.173832
27.0,31.295668
26.0,28.915136
25.0,28.859838
24.0,30.933056
23.0,28.425812
22.0,30.54846
21.0,28.125263
20.0,27.678091
19.0,24.601976
18.0,22.660875
17.0,23.604448
16.0,22.451319
15.0,20.671852
14.0,18.501444
13.0,16.872608
12.0,14.0926895
11.0,12.477006
10.0,12.32413
125.0,123.84601
125.0,120.64068
125.0,117.30306
125.0,114.512924
125.0,116.42324
125.0,118.79468
125.0,116.853645
125.0,115.733406
125.0,112.90171
125.0,112.31902
125.0,119.10453
125.0,117.58621
125.0,116.53956
125.0,118.52516
125.0,116.26367
125.0,115.50856
125.0,108.18346
125.0,111.90388
125.0,110.37536
125.0,110.821754
125.0,100.43554
125.0,102.73918
125.0,100.47909
125.0,97.63449
125.0,97.703354
125.0,102.62744
125.0,99.69544
125.0,104.310295
125.0,108.88615
125.0,108.522415
125.0,113.53277
125.0,110.52309
125.0,112.46594
125.0,113.58528
125.0,116.69534
125.0,118.09221
125.0,118.54258
125.0,118.99549
125.0,118.79804
125.0,121.272964
125.0,126.56535
125.0,126.31327
125.0,128.60727
125.0,119.32159
125.0,117.72466
125.0,116.43741
125.0,113.773895
125.0,121.9216
125.0,123.35271
125.0,125.74118
125.0,124.26693
125.0,124.869194
125.0,118.3008
125.0,113.56242
125.0,113.67002
125.0,117.21056
125.0,118.79264
125.0,112.535805
125.0,111.14045
125.0,105.23021
125.0,110.64004
125.0,112.701065
125.0,117.68109
125.0,114.690346
125.0,111.38566
125.0,113.09594
125.0,117.47769
125.0,118.773994
125.0,121.58193
125.0,120.79775
125.0,119.2087
125.0,120.07633
125.0,114.5018
125.0,110.3121
125.0,103.90668
125.0,104.45906
125.0,103.15427
125.0,110.0899
125.0,110.68248
125.0,111.93316
125.0,114.55975
125.0,112.99591
125.0,114.07427
125.0,112.513466
125.0,115.89194
125.0,117.86565
125.0,118.59733
125.0,125.10568
125.0,127.12985
125.0,124.312386
125.0,129.28041
125.0,129.96951
125.0,128.24997
125.0,127.1033
125.0,122.46913
125.0,122.334984
125.0,122.90877
125.0,123.4225
125.0,127.38644
125.0,125.95438
125.0,124.59129
125.0,129.37619
125.0,122.148506
125.0,120.40049
125.0,117.99034
125.0,117.363754
125.0,117.960144
125.0,117.92657
125.0,117.74088
125.0,110.72182
125.0,111.30794
125.0,106.09786
125.0,106.55566
125.0,102.050095
125.0,100.55059
125.0,99.98993
125.0,97.51305
125.0,105.46995
125.0,108.660545
124.0,107.095985
123.0,108.4755
122.0,107.15416
121.0,95.7765
120.0,95.55962
119.0,93.83908
118.0,96.90471
117.0,96.9495
116.0,99.46795
115.0,103.16145
114.0,104.28223
113.0,112.78575
112.0,122.005135
111.0,123.85404
110.0,116.44671
109.0,120.35375
108.0,120.547035
107.0,121.208755
106.0,116.84019
105.0,117.28515
104.0,113.48407
103.0,117.70458
102.0,115.502304
101.0,111.46611
100.0,103.72815
99.0,101.700554
98.0,100.521
97.0,98.866585
96.0,102.36379
95.0,102.99891
94.0,104.06661
93.0,96.93364
92.0,97.05393
91.0,89.245895
90.0,86.77966
89.0,87.64973
88.0,90.64981
87.0,86.344376
86.0,85.57933
85.0,83.550186
84.0,89.96135
83.0,93.45462
82.0,88.84399
81.0,81.784966
80.0,78.80865
79.0,81.38844
78.0,78.97244
77.0,77.90147
76.0,75.808716
75.0,76.13143
74.0,78.87659
73.0,82.47313
72.0,84.95555
71.0,81.5445
70.0,80.637825
69.0,83.35129
68.0,80.02048
67.0,74.50193
66.0,77.757034
65.0,79.37202
64.0,77.50712
63.0,75.0377
62.0,80.95053
61.0,77.49305
60.0,83.070496
59.0,83.1188
122.0,127.709854
121.0,133.39574
120.0,134.71567
119.0,133.2897
125.0,132.11774
125.0,133.30675
125.0,133.99193
125.0,133.31177
125.0,135.61812
125.0,130.33357
125.0,124.74873
125.0,120.72647
125.0,119.92635
125.0,117.686646
125.0,124.792274
125.0,125.34462
125.0,121.997055
125.0,117.95464
125.0,116.89819
125.0,117.53762
125.0,120.10675
125.0,121.949905
125.0,115.389336
125.0,114.547966
125.0,108.640015
125.0,105.35331
125.0,104.9826
125.0,103.185814
125.0,103.44835
125.0,103.01165
125.0,102.13694
125.0,102.90164
125.0,95.8293
125.0,89.60375
125.0,94.07602
125.0,92.51818
125.0,100.404465
125.0,108.0433
125.0,109.71211
125.0,109.072296
125.0,107.290886
125.0,110.66008
125.0,117.179184
125.0,112.63105
125.0,116.541245
125.0,119.87514
125.0,114.77081
125.0,111.7274
125.0,113.21804
124.0,113.2346
123.0,114.667366
122.0,113.87508
121.0,116.44997
120.0,113.52421
119.0,109.880745
118.0,108.679596
117.0,108.81881
116.0,108.17331
115.0,109.69047
114.0,111.10577
113.0,107.49994
112.0,103.52664
111.0,93.7576
110.0,92.69297
109.0,95.14093
108.0,97.29218
107.0,92.19019
106.0,98.55257
105.0,97.24245
104.0,100.79463
103.0,102.510216
102.0,107.386894
101.0,121.700424
100.0,120.434105
99.0,126.84683
98.0,127.515686
97.0,127.069534
96.0,128.7584
95.0,125.64425
94.0,120.175224
93.0,119.50382
92.0,119.303535
91.0,120.169624
90.0,118.9351
125.0,107.28978
125.0,104.71764
125.0,106.15361
125.0,106.818184
125.0,105.86127
125.0,107.29197
125.0,106.72486
125.0,107.87469
125.0,109.48805
125.0,111.59225
125.0,113.46786
125.0,110.54666
125.0,112.44567
125.0,112.59613
125.0,110.81172
125.0,109.43389
125.0,109.29692
125.0,107.32635
124.0,107.55533
123.0,107.309235
122.0,106.90253
121.0,106.30393
120.0,107.32784
119.0,105.7235
118.0,103.50093
117.0,106.402756
125.0,131.62737
125.0,132.40514
125.0,127.678795
125.0,120.08351
125.0,121.17527
125.0,117.201485
125.0,112.52513
125.0,112.7913
125.0,108.45452
125.0,99.171455
125.0,94.13413
125.0,91.41204
125.0,94.52252
125.0,99.13695
125.0,102.921555
125.0,105.44991
125.0,106.76802
125.0,103.19882
125.0,103.196594
125.0,108.30089
125.0,106.609146
125.0,108.12224
125.0,117.45682
125.0,116.109726
125.0,115.53433
125.0,117.58932
125.0,118.73775
125.0,124.16216
125.0,120.31939
124.0,116.13396
123.0,116.74231
122.0,116.24254
121.0,117.00482
120.0,118.42606
119.0,113.9128
118.0,113.56923
117.0,115.86557
116.0,111.416664
125.0,136.20909
125.0,129.31235
125.0,125.56526
125.0,124.01842
125.0,126.896935
125.0,125.236404
125.0,122.740295
125.0,119.93573
125.0,119.61568
125.0,119.183334
125.0,121.65636
125.0,120.50269
125.0,119.67204
125.0,121.758194
125.0,126.14378
125.0,125.59301
125.0,122.6148
125.0,115.73982
125.0,115.99089
125.0,117.5817
125.0,120.60362
125.0,124.70165
125.0,129.45245
125.0,126.779335
125.0,124.80651
125.0,124.75589
125.0,125.486404
125.0,127.19586
125.0,126.8698
125.0,130.79639
125.0,125.24523
125.0,123.51671
125.0,121.44721
125.0,119.66373
125.0,117.16667
125.0,111.11818
125.0,104.31099
125.0,102.69732
125.0,104.20084
125.0,104.18265
125.0,103.47021
125.0,109.206825
125.0,112.607285
125.0,116.95809
125.0,121.45764
125.0,125.00563
125.0,124.84816
125.0,126.128006
125.0,128.79524
125.0,130.38783
125.0,125.790405
125.0,126.52572
125.0,126.77683
125.0,121.906235
125.0,121.92371
125.0,125.70275
125.0,123.54644
125.0,123.54851
125.0,124.19526
125.0,122.13863
125.0,125.10162
125.0,127.83651
125.0,128.70036
125.0,130.99364
125.0,127.80205
125.0,121.07419
125.0,114.664215
125.0,115.49228
125.0,119.28121
125.0,113.812584
125.0,112.82393
125.0,116.51742
125.0,118.03676
125.0,121.727974
125.0,121.254135
125.0,129.51988
125.0,125.24864
125.0,127.774895
125.0,129.56946
125.0,128.88261
125.0,123.82496
125.0,125.01407
125.0,125.3883
125.0,123.772255
125.0,123.618645
125.0,123.76069
125.0,119.19415
125.0,122.8179
125.0,121.75563
125.0,118.21036
125.0,118.21821
125.0,121.85609
125.0,121.56343
125.0,123.73753
125.0,122.52051
125.0,116.995224
125.0,115.37227
125.0,117.17749
125.0,120.75104
125.0,121.93566
125.0,120.89162
125.0,122.579445
125.0,118.20618
125.0,117.272545
125.0,116.06973
125.0,118.78646
125.0,119.502884
125.0,120.64377
125.0,119.66024
125.0,121.384995
125.0,119.55231
125.0,117.99809
125.0,118.32414
125.0,119.06223
125.0,119.976906
125.0,116.49077
125.0,115.09481
125.0,118.97873
125.0,118.452354
125.0,120.24707
125.0,115.86595
125.0,114.03844
125.0,112.59156
125.0,113.85256
125.0,116.35449
125.0,113.75843
125.0,118.584724
125.0,120.74064
125.0,120.3835
125.0,119.1398
125.0,120.47669
125.0,121.16964
125.0,123.05926
125.0,121.12246
125.0,121.49669
125.0,117.81843
125.0,119.5849
125.0,119.217606
125.0,121.3403
125.0,113.487625
125.0,117.834854
125.0,115.25959
125.0,121.27702
125.0,120.514336
125.0,117.31426
125.0,115.11692
125.0,114.748
125.0,133.22897
125.0,129.91951
125.0,131.8959
125.0,131.08005
125.0,129.49648
125.0,131.45686
125.0,131.63937
125.0,131.59554
125.0,131.0021
125.0,131.68198
125.0,133.56883
125.0,131.80856
125.0,130.83821
125.0,132.72005
125.0,126.15368
125.0,123.65229
125.0,122.975395
125.0,118.348404
125.0,116.36762
125.0,117.346855
124.0,117.62239
123.0,119.22205
122.0,117.92606
121.0,119.86211
120.0,116.53097
119.0,109.47024
118.0,105.70109
117.0,106.55904
116.0,105.990326
115.0,104.65708
114.0,108.33129
113.0,101.18659
112.0,100.86782
111.0,95.75483
110.0,95.83537
109.0,96.82919
108.0,99.8794
107.0,103.35341
106.0,106.41464
105.0,108.84686
104.0,115.53378
103.0,114.30152
102.0,116.77186
101.0,117.43854
100.0,114.886734
99.0,118.38839
98.0,111.60485
97.0,113.509834
96.0,107.29521
95.0,109.91019
94.0,111.73354
93.0,113.031494
92.0,112.78384
91.0,113.62586
90.0,110.65779
89.0,103.80895
88.0,98.253235
87.0,96.22678
86.0,97.364586
85.0,100.38759
84.0,102.582535
83.0,100.52106
82.0,96.93237
81.0,95.85524
80.0,94.03677
79.0,90.203445
78.0,92.2539
77.0,94.92502
76.0,95.22558
75.0,96.4031
74.0,101.390686
73.0,103.20198
72.0,105.26224
71.0,102.1555
70.0,95.62762
69.0,94.27343
68.0,91.825516
67.0,94.67278
66.0,89.0513
65.0,88.95926
64.0,87.50456
63.0,80.22662
62.0,78.32347
61.0,74.71518
60.0,72.35125
59.0,70.20064
58.0,73.24927
57.0,63.147007
56.0,63.039436
55.0,61.146454
54.0,62.52456
53.0,60.82544
52.0,59.248226
51.0,63.765354
50.0,57.66675
49.0,49.10737
48.0,48.9308
47.0,47.462513
46.0,39.223793
45.0,38.58783
44.0,39.538933
43.0,38.893322
42.0,41.381424
41.0,48.201958
40.0,45.830082
39.0,49.556015
38.0,52.9228
37.0,52.032204
36.0,53.58864
35.0,54.791912
34.0,52.495945
33.0,51.545868
32.0,44.358967
31.0,41.113743
30.0,37.473656
29.0,28.304808
125.0,116.86876
125.0,114.84612
125.0,111.60263
125.0,115.78195
125.0,118.05646
125.0,117.275375
125.0,119.589386
125.0,115.19795
125.0,113.63781
125.0,114.496735
125.0,112.5192
125.0,110.79591
125.0,117.76031
125.0,118.52946
125.0,120.00565
125.0,120.9844
125.0,117.80277
125.0,116.85418
125.0,118.151535
125.0,119.94791
125.0,116.75736
125.0,117.43882
125.0,112.26746
125.0,113.28255
125.0,102.85756
125.0,98.78148
125.0,98.97969
125.0,99.55985
125.0,102.09191
125.0,106.702446
125.0,115.70833
125.0,115.155106
125.0,118.05
125.0,124.99508
125.0,129.86417
125.0,134.31694
125.0,136.01942
125.0,129.7424
125.0,126.688095
125.0,124.07571
125.0,121.78124
125.0,119.74944
125.0,127.16328
125.0,129.11998
125.0,129.02388
125.0,128.71523
125.0,119.8396
125.0,120.03661
125.0,119.71813
125.0,117.26222
125.0,113.452614
125.0,114.31764
125.0,111.647865
125.0,114.41049
125.0,106.28569
125.0,98.727936
125.0,94.10891
125.0,95.26885
125.0,100.54815
125.0,104.28974
125.0,107.10322
125.0,108.808105
125.0,111.46273
125.0,114.05679
125.0,114.39977
125.0,118.03201
125.0,122.461494
125.0,118.975235
125.0,119.317604
125.0,121.34874
125.0,119.39923
125.0,119.95204
125.0,125.91218
125.0,125.27502
125.0,125.19574
125.0,122.40232
125.0,116.1713
125.0,114.584305
125.0,115.55893
125.0,111.41291
125.0,111.678795
125.0,116.112816
125.0,110.073654
125.0,107.22402
125.0,101.47614
125.0,96.93094
125.0,103.016884
125.0,107.92014
125.0,113.99277
125.0,115.78855
125.0,109.91189
125.0,111.38777
125.0,109.615204
125.0,111.30805
125.0,110.10522
125.0,107.23321
125.0,113.15511
125.0,115.83245
125.0,120.30177
125.0,121.22153
125.0,121.8432
125.0,122.1185
125.0,128.46071
125.0,124.34863
125.0,122.867775
125.0,122.33056
125.0,116.59085
125.0,111.54723
125.0,108.07541
125.0,94.17273
125.0,95.24131
125.0,98.95713
125.0,94.943245
125.0,88.660736
125.0,79.71868
125.0,76.06901
125.0,78.43162
125.0,79.32119
124.0,74.91745
123.0,74.14019
122.0,71.344536
121.0,71.97392
120.0,70.028305
119.0,75.71202
118.0,76.92312
117.0,80.88352
116.0,84.20284
115.0,86.764275
114.0,84.53192
113.0,83.64032
112.0,85.62943
111.0,88.52579
110.0,93.46554
109.0,88.653206
108.0,89.242134
107.0,89.40417
106.0,94.16913
105.0,89.570694
104.0,85.03362
103.0,81.30474
102.0,83.205894
101.0,85.4271
100.0,81.60933
99.0,78.46012
98.0,75.06206
97.0,73.68684
96.0,68.29742
95.0,63.769238
94.0,64.049355
93.0,58.45377
92.0,53.484177
91.0,49.83413
90.0,51.77429
89.0,53.924915
88.0,57.879505
87.0,63.302166
86.0,64.795296
85.0,66.464066
84.0,66.487144
83.0,68.76355
82.0,68.71094
81.0,68.194176
80.0,70.255646
79.0,66.46601
78.0,67.69676
77.0,69.21173
76.0,69.07512
75.0,66.59888
74.0,62.348568
73.0,60.891037
72.0,60.127476
71.0,59.965015
70.0,60.91567
69.0,64.9543
68.0,64.12007
67.0,62.961727
66.0,58.793743
65.0,56.026695
64.0,52.734734
63.0,50.956028
62.0,45.588295
61.0,43.46585
60.0,41.683525
59.0,40.22053
58.0,44.357006
57.0,45.100616
56.0,41.25662
55.0,39.118023
54.0,39.312016
53.0,38.915424
52.0,36.4402
51.0,33.02625
50.0,31.33855
49.0,28.91859
48.0,26.169054
47.0,26.006065
46.0,23.08451
45.0,22.547411
44.0,21.233484
43.0,20.679258
42.0,20.615921
41.0,19.567896
40.0,19.849356
39.0,19.92993
125.0,125.78342
125.0,124.44178
125.0,126.4171
125.0,125.20629
125.0,117.59563
125.0,117.64586
125.0,115.47685
125.0,115.5431
125.0,113.29432
125.0,114.39298
125.0,115.94344
125.0,119.53376
125.0,121.939766
125.0,122.09482
125.0,116.93416
125.0,123.43095
124.0,125.23414
123.0,123.73674
122.0,118.914444
121.0,113.3564
120.0,111.89514
119.0,112.06913
118.0,111.602844
117.0,107.116745
116.0,105.55561
115.0,109.74744
114.0,111.54997
113.0,117.308525
112.0,117.62425
111.0,125.022125
110.0,121.95277
109.0,116.247734
108.0,111.95324
107.0,110.77007
106.0,108.69458
105.0,108.74325
104.0,111.44698
103.0,112.50456
102.0,110.29492
101.0,106.01526
100.0,108.020065
99.0,109.05923
98.0,117.42318
97.0,117.55708
96.0,115.387665
95.0,111.93813
94.0,111.61764
93.0,107.20655
92.0,104.07535
91.0,105.54763
90.0,106.05179
89.0,103.164185
88.0,103.32019
87.0,95.48259
86.0,98.96955
85.0,96.456055
84.0,92.13865
83.0,86.046875
82.0,82.422844
81.0,87.46121
80.0,85.46621
79.0,86.58595
78.0,84.06502
77.0,79.84546
76.0,81.85883
75.0,75.204254
74.0,71.052826
73.0,73.0532
72.0,72.99448
71.0,67.93634
70.0,65.77077
69.0,64.884895
68.0,72.94917
67.0,69.85863
66.0,65.80355
65.0,66.398895
64.0,65.56575
63.0,56.254642
62.0,56.19147
61.0,58.70917
60.0,62.817356
59.0,57.71568
58.0,57.312183
57.0,58.717106
56.0,56.364147
55.0,57.221222
54.0,54.93943
53.0,49.33133
52.0,51.88452
51.0,53.510582
50.0,54.223816
49.0,53.058712
48.0,50.934288
47.0,47.019592
46.0,45.78064
45.0,45.340267
44.0,46.58415
43.0,46.342808
42.0,45.10019
41.0,43.50368
40.0,42.115417
39.0,39.525463
38.0,37.301144
37.0,32.51569
36.0,31.741861
35.0,33.628613
34.0,30.841784
33.0,27.142838
32.0,24.38882
31.0,26.27823
30.0,28.154947
29.0,26.810884
28.0,25.197393
27.0,25.007185
26.0,25.932434
25.0,25.978018
24.0,26.983473
23.0,26.332304
22.0,25.574066
21.0,23.635197
125.0,125.40589
125.0,130.86487
125.0,130.818
125.0,131.83405
125.0,135.05983
125.0,130.4486
125.0,126.58554
125.0,129.49184
125.0,126.41139
125.0,124.178856
125.0,122.89565
125.0,120.868515
125.0,117.45393
125.0,115.19216
125.0,114.06757
125.0,117.566795
125.0,115.62223
125.0,119.17244
125.0,119.54844
125.0,119.99102
125.0,107.623505
125.0,103.0795
125.0,96.65093
125.0,96.16991
125.0,104.31357
125.0,111.582115
125.0,110.00788
125.0,110.83082
125.0,121.09425
125.0,118.11198
125.0,122.73416
125.0,128.49916
125.0,129.34268
125.0,128.60515
125.0,130.24751
125.0,128.39227
125.0,127.64798
125.0,130.60428
125.0,129.9031
125.0,126.77654
125.0,123.431335
125.0,121.90858
125.0,121.16911
125.0,125.14813
125.0,124.399605
125.0,118.9902
125.0,117.18842
125.0,110.649765
125.0,108.12405
125.0,109.48908
125.0,105.022514
125.0,101.35846
125.0,97.23408
125.0,103.03974
125.0,105.29967
125.0,104.4988
125.0,97.08518
125.0,98.40843
125.0,108.33354
125.0,106.443184
125.0,105.81704
125.0,99.2003
125.0,95.240135
125.0,92.21393
125.0,83.640396
125.0,86.98024
125.0,88.2684
125.0,93.76733
125.0,95.363625
125.0,97.58202
125.0,97.22523
125.0,107.18754
125.0,115.45552
125.0,120.599
125.0,118.92791
125.0,120.10396
125.0,124.37226
125.0,125.61323
125.0,125.094696
125.0,126.8228
125.0,126.229195
125.0,120.001335
125.0,118.41182
125.0,119.47932
125.0,120.00309
125.0,116.32568
125.0,115.60451
125.0,111.994385
125.0,112.31698
125.0,114.75368
125.0,115.468735
125.0,105.87231
125.0,106.22126
125.0,104.28601
125.0,100.674034
125.0,103.24458
125.0,100.626495
125.0,98.160774
125.0,92.02153
125.0,88.577286
125.0,88.31528
125.0,86.15004
125.0,94.26443
125.0,95.48384
125.0,96.53765
125.0,97.0264
125.0,105.662865
125.0,108.996925
125.0,109.834816
125.0,108.77381
125.0,111.84144
125.0,107.75292
125.0,113.36092
125.0,117.45549
125.0,119.00951
125.0,118.08319
125.0,115.36583
125.0,106.85426
125.0,109.86786
125.0,110.84647
125.0,116.80992
125.0,111.79224
125.0,108.361885
125.0,111.770676
125.0,116.038795
125.0,121.29821
125.0,123.0152
125.0,124.770996
125.0,125.969765
125.0,120.15377
125.0,123.938286
125.0,122.5562
125.0,119.039246
125.0,119.555885
125.0,120.68894
125.0,115.738
125.0,124.07057
125.0,119.57628
125.0,119.36749
125.0,119.12338
125.0,115.21855
125.0,108.68168
125.0,110.43644
125.0,115.57213
125.0,121.193016
125.0,115.87423
125.0,112.39992
125.0,106.46908
125.0,101.99048
125.0,98.743324
125.0,103.363495
125.0,101.391754
125.0,97.76868
125.0,95.678635
125.0,91.54506
125.0,85.75024
125.0,80.75292
125.0,91.73635
125.0,86.51061
125.0,91.28652
125.0,93.5939
125.0,96.899
125.0,91.614944
125.0,87.710785
125.0,97.75183
125.0,96.83982
125.0,101.75784
125.0,98.627014
125.0,102.78143
125.0,101.29334
125.0,97.90849
125.0,95.00365
125.0,95.66699
125.0,96.447945
125.0,94.72223
124.0,95.078064
123.0,98.24063
122.0,95.24023
121.0,92.01353
120.0,92.994606
119.0,94.031876
118.0,92.66784
117.0,93.85465
116.0,91.190186
115.0,85.48579
114.0,80.641304
113.0,75.72384
112.0,78.712715
111.0,76.78242
110.0,80.04496
109.0,83.478676
108.0,81.564255
107.0,74.92344
106.0,70.699036
105.0,73.270485
104.0,71.48834
103.0,68.31195
102.0,62.356544
101.0,63.827404
100.0,65.48134
99.0,67.96235
98.0,62.801502
97.0,66.41596
96.0,61.514122
95.0,58.42914
94.0,55.352757
93.0,53.712128
92.0,48.902195
91.0,46.964542
90.0,45.6555
89.0,43.440666
88.0,43.35182
87.0,41.778942
86.0,41.32921
125.0,107.84893
125.0,108.138306
125.0,107.83919
125.0,104.13814
125.0,102.89683
125.0,98.06472
125.0,97.133934
125.0,103.29922
125.0,107.5045
125.0,110.29536
125.0,111.29871
125.0,115.51902
125.0,122.30925
125.0,123.13202
125.0,129.36855
125.0,129.28595
125.0,130.79938
125.0,128.29042
125.0,129.41943
125.0,127.84244
125.0,126.71763
125.0,124.55019
125.0,121.262764
125.0,122.1543
125.0,121.070526
125.0,118.596596
125.0,121.92595
125.0,124.80162
125.0,123.10933
125.0,119.94781
125.0,115.309715
125.0,116.15949
125.0,119.90144
125.0,117.81227
124.0,118.922844
123.0,118.11078
122.0,117.560936
121.0,115.64957
120.0,112.270256
119.0,111.74354
118.0,110.88194
117.0,109.44231
116.0,108.70396
115.0,104.00348
114.0,104.15484
113.0,98.69565
112.0,97.26459
111.0,93.42486
110.0,89.022156
109.0,92.229744
108.0,79.8767
107.0,77.5542
106.0,80.9456
105.0,82.25385
104.0,81.57736
103.0,83.63114
102.0,85.783035
101.0,84.07952
100.0,81.12565
99.0,81.28907
98.0,81.80983
97.0,84.89025
96.0,87.903854
95.0,85.29393
94.0,84.653435
93.0,94.667274
92.0,94.14432
91.0,99.05593
90.0,96.997154
89.0,98.36678
88.0,99.82583
87.0,102.9665
86.0,102.69118
85.0,102.42278
84.0,96.440735
83.0,88.11267
82.0,86.71202
81.0,88.577675
80.0,86.475464
79.0,88.623535
78.0,82.63519
77.0,85.59217
76.0,90.77218
75.0,95.538734
74.0,96.5177
73.0,94.50868
72.0,93.62747
71.0,90.65137
70.0,89.26283
69.0,91.491714
68.0,82.57566
67.0,82.61956
66.0,81.29066
65.0,80.581825
64.0,78.23825
63.0,81.29628
62.0,78.03085
61.0,83.48914
60.0,77.331856
59.0,77.22175
58.0,77.47407
57.0,70.09402
56.0,73.64719
125.0,108.04195
125.0,108.14812
125.0,108.99678
125.0,105.928696
125.0,107.03043
125.0,104.640434
125.0,103.03608
125.0,104.00942
125.0,105.54981
125.0,104.35225
125.0,104.748146
125.0,104.12436
125.0,104.76472
125.0,102.46896
125.0,102.79426
125.0,103.44772
125.0,103.551674
125.0,103.42289
125.0,102.45767
125.0,104.76389
125.0,105.04355
125.0,102.72819
125.0,103.65077
125.0,101.95826
125.0,104.81995
125.0,101.80853
125.0,106.20064
125.0,110.66604
125.0,108.48649
125.0,113.6971
125.0,113.41412
125.0,112.285934
125.0,109.3657
125.0,105.79605
125.0,101.7048
125.0,100.77187
125.0,101.66166
125.0,101.76913
125.0,102.98264
125.0,93.396194
125.0,95.5272
125.0,99.39465
125.0,100.085495
125.0,98.294106
125.0,100.60669
125.0,100.52093
125.0,106.77056
125.0,103.93153
125.0,98.95316
125.0,100.25542
125.0,101.57379
125.0,101.117516
125.0,102.6167
125.0,98.58916
125.0,103.90392
125.0,99.47597
125.0,102.77888
125.0,103.505394
125.0,100.33514
125.0,106.50127
125.0,106.67543
125.0,107.13447
125.0,105.892006
125.0,106.83761
125.0,107.51166
125.0,109.73724
125.0,110.719215
125.0,111.346275
125.0,112.884155
125.0,112.36043
125.0,110.56344
125.0,109.5619
125.0,108.30773
125.0,108.1687
125.0,111.42174
125.0,113.823715
125.0,112.692116
125.0,115.24242
125.0,113.42478
125.0,111.66787
125.0,109.44586
125.0,107.33254
125.0,110.84843
125.0,110.83874
125.0,110.42543
125.0,112.369484
125.0,107.82501
125.0,108.44088
125.0,108.34755
125.0,109.31006
125.0,109.25141
125.0,109.97443
125.0,109.342606
125.0,109.789566
125.0,108.54621
125.0,110.03336
125.0,111.2291
125.0,113.28753
125.0,114.94584
125.0,114.05584
125.0,112.76774
125.0,112.753914
125.0,112.283806
125.0,113.48396
125.0,113.202896
125.0,111.95138
125.0,110.92721
125.0,110.86073
125.0,109.76138
125.0,107.32284
125.0,106.60393
125.0,105.590164
125.0,106.320946
125.0,105.98661
125.0,103.781975
125.0,103.69466
125.0,102.422714
125.0,100.22299
125.0,99.49951
125.0,97.51515
125.0,97.8124
125.0,99.699455
125.0,102.806244
125.0,102.18278
125.0,101.75432
125.0,100.69172
125.0,109.97453
125.0,108.3142
125.0,109.75361
125.0,110.150826
125.0,108.41372
125.0,110.2266
125.0,109.80393
125.0,106.0227
125.0,108.046875
125.0,107.22208
125.0,106.06973
125.0,104.84229
125.0,104.18444
125.0,106.03698
125.0,109.331116
125.0,109.90845
125.0,109.84094
125.0,110.47786
125.0,111.16834
125.0,111.30211
125.0,110.51739
125.0,108.0077
125.0,109.09556
125.0,109.86358
125.0,110.42066
125.0,113.277664
125.0,115.11428
125.0,115.381935
125.0,114.92462
125.0,114.94525
125.0,113.30192
125.0,110.56548
125.0,109.61168
125.0,107.67506
125.0,109.61205
125.0,112.755714
125.0,112.11272
125.0,109.14785
125.0,107.90841
125.0,107.20728
125.0,110.348045
125.0,107.01673
125.0,106.87338
125.0,106.503
125.0,109.05118
125.0,106.33707
125.0,111.02888
125.0,111.3631
125.0,110.628204
125.0,112.71142
125.0,112.326904
125.0,109.34852
125.0,107.54055
125.0,107.71198
125.0,108.31667
125.0,105.587006
125.0,107.37847
125.0,108.13416
125.0,105.28801
125.0,105.94446
125.0,108.40108
125.0,108.087326
124.0,103.39
123.0,105.87579
122.0,105.00757
121.0,108.651726
120.0,107.51505
119.0,106.08751
118.0,104.62429
117.0,102.842865
116.0,106.32518
115.0,104.751976
114.0,104.960014
113.0,101.33506
112.0,96.76768
111.0,96.338196
110.0,98.1728
109.0,101.11811
108.0,100.410194
107.0,102.13824
106.0,104.42493
105.0,102.60921
104.0,100.27133
103.0,101.97634
102.0,106.61617
101.0,104.36833
100.0,106.75628
99.0,106.9974
98.0,106.23583
97.0,105.68694
96.0,107.44887
95.0,106.41178
94.0,106.13878
93.0,110.315056
92.0,110.398056
91.0,110.43315
90.0,110.555115
89.0,107.98947
88.0,105.781975
87.0,105.52378
86.0,104.82452
85.0,104.65656
84.0,104.885796
83.0,100.467476
125.0,128.4717
125.0,123.62951
125.0,118.66868
125.0,111.905205
125.0,105.780174
125.0,100.37635
125.0,99.48881
125.0,97.75883
125.0,96.59949
125.0,97.94548
125.0,95.45687
125.0,97.153175
125.0,94.93906
125.0,93.87146
125.0,96.93133
125.0,99.958336
125.0,99.35686
125.0,103.47218
125.0,107.20616
125.0,108.54244
125.0,104.32259
125.0,97.72978
125.0,94.34765
125.0,94.62551
125.0,95.298645
125.0,100.37279
124.0,101.35236
123.0,106.68445
122.0,109.60581
121.0,104.8786
120.0,107.021324
119.0,101.46984
118.0,100.95369
117.0,94.095856
116.0,88.12378
115.0,91.16321
114.0,91.28319
113.0,93.59038
112.0,94.79248
111.0,106.53771
110.0,111.33687
109.0,110.0043
108.0,110.305565
107.0,110.406624
106.0,109.98069
105.0,118.00149
104.0,118.67
103.0,118.478424
102.0,114.72668
101.0,110.387115
100.0,106.176956
99.0,101.562256
98.0,96.69542
97.0,93.75508
96.0,96.81283
95.0,100.233826
94.0,98.36829
93.0,98.466354
92.0,93.741104
91.0,90.48006
90.0,91.15511
89.0,91.66382
88.0,96.44741
87.0,97.89371
86.0,99.59752
85.0,96.60761
84.0,94.87382
83.0,95.99032
82.0,96.64673
81.0,101.60908
80.0,104.173935
79.0,99.704445
78.0,101.834404
77.0,97.93785
76.0,96.62478
75.0,109.16785
74.0,108.55733
73.0,110.325836
72.0,111.303925
71.0,111.267136
70.0,102.700485
69.0,101.05984
68.0,94.50476
67.0,89.25223
66.0,92.858734
65.0,91.83569
64.0,94.38038
63.0,91.24164
62.0,84.6328
61.0,76.68002
60.0,72.89318
125.0,116.82448
125.0,117.77648
125.0,118.290695
125.0,117.009285
125.0,117.29617
125.0,116.61604
125.0,115.290955
125.0,114.59687
125.0,115.55236
125.0,115.730095
125.0,115.97036
125.0,117.40141
125.0,118.10849
125.0,118.764015
125.0,117.88029
125.0,118.958496
125.0,117.42928
125.0,116.03651
125.0,116.27202
125.0,116.554825
125.0,116.51146
125.0,116.550575
125.0,117.03658
125.0,116.49333
125.0,115.308945
125.0,114.895676
125.0,115.0574
125.0,113.61944
125.0,113.86868
125.0,113.16912
125.0,112.36925
125.0,112.08465
125.0,112.35836
125.0,112.56007
125.0,112.88715
125.0,113.014046
125.0,112.870705
125.0,112.795555
125.0,112.9757
125.0,113.20633
125.0,114.346016
125.0,115.40774
125.0,115.998825
125.0,114.966156
125.0,113.60884
125.0,115.71476
125.0,114.42451
125.0,114.13169
125.0,114.680855
125.0,114.07053
125.0,113.607216
125.0,112.10228
125.0,109.91396
125.0,110.488266
125.0,111.73108
125.0,112.56147
125.0,114.10168
125.0,112.5933
125.0,111.75412
125.0,109.257454
124.0,107.017815
123.0,106.879265
122.0,107.49723
121.0,107.71833
120.0,108.00745
119.0,107.78713
118.0,109.02281
125.0,109.05767
125.0,110.017105
125.0,107.763084
125.0,108.308136
125.0,107.093056
125.0,107.487625
125.0,106.63838
125.0,107.40166
125.0,107.58591
125.0,111.38316
125.0,116.5932
125.0,114.31705
125.0,116.60725
125.0,116.04433
125.0,110.01244
125.0,109.73865
125.0,108.6152
125.0,108.09404
125.0,107.405
125.0,107.53527
125.0,105.13314
125.0,109.15211
125.0,108.36555
125.0,105.22421
125.0,107.748985
125.0,108.40395
125.0,110.419624
125.0,109.86446
125.0,107.22258
125.0,105.181725
125.0,104.292725
125.0,106.66919
125.0,105.887245
125.0,105.67501
125.0,105.90817
125.0,106.88888
125.0,109.27244
125.0,110.32602
125.0,107.297935
125.0,108.26638
125.0,110.371796
125.0,106.96353
125.0,108.48479
125.0,110.33404
125.0,106.85555
125.0,107.72017
125.0,105.425865
125.0,102.50419
125.0,102.672615
125.0,101.76216
125.0,102.37408
125.0,105.669975
125.0,109.95481
125.0,111.06161
125.0,114.83446
125.0,119.7078
125.0,118.01604
125.0,115.19348
125.0,113.15453
125.0,109.55191
125.0,109.553604
125.0,111.80753
125.0,112.153114
125.0,107.511986
124.0,106.96354
123.0,104.533585
122.0,104.54714
121.0,106.724815
120.0,107.731026
119.0,107.93225
118.0,107.04403
117.0,107.19415
116.0,108.52569
115.0,109.682556
114.0,109.55454
113.0,108.70176
112.0,105.94489
111.0,99.19287
110.0,98.83823
109.0,96.46471
108.0,98.19071
107.0,100.614296
106.0,100.739876
105.0,101.22328
104.0,101.3362
103.0,102.749405
102.0,102.82188
101.0,105.716545
100.0,108.3439
99.0,107.40927
98.0,105.83466
97.0,109.276024
96.0,111.07153
95.0,107.510254
94.0,106.57819
93.0,100.87584
92.0,97.012566
91.0,93.7659
90.0,94.75558
89.0,91.35673
88.0,90.370056
87.0,87.63468
86.0,84.65704
85.0,83.26875
84.0,86.36076
83.0,84.114586
82.0,83.30592
81.0,88.862885
80.0,89.559586
79.0,89.16176
78.0,88.20586
77.0,89.889465
76.0,89.29214
75.0,86.612686
74.0,84.62654
73.0,82.27664
72.0,84.70301
71.0,85.49334
70.0,88.83475
69.0,89.47204
68.0,85.7829
67.0,80.22063
66.0,76.314865
65.0,79.84159
64.0,75.135635
63.0,66.12826
62.0,68.57032
61.0,68.09586
60.0,67.36826
59.0,66.74808
58.0,64.13754
57.0,58.685608
56.0,55.2965
55.0,54.565395
54.0,51.50922
53.0,48.246433
52.0,47.4836
51.0,44.12284
50.0,43.82538
49.0,43.763683
48.0,42.42724
47.0,41.58627
46.0,41.617447
45.0,39.70309
44.0,40.68668
43.0,41.44422
42.0,37.16516
41.0,34.670624
40.0,33.74662
39.0,33.83569
38.0,32.380417
37.0,34.01311
36.0,33.465263
35.0,32.59746
34.0,31.23532
33.0,31.156708
32.0,30.26012
31.0,29.21806
30.0,28.687809
29.0,26.962128
28.0,25.244646
27.0,24.253458
26.0,23.631048
25.0,23.217878
24.0,21.74912
23.0,20.608576
22.0,19.880201
21.0,19.245937
