Actual_RUL,Predicted_RUL
125.0,125.821396
125.0,126.244934
125.0,126.04448
125.0,126.35565
125.0,126.20599
125.0,126.60779
125.0,126.269356
125.0,126.215454
125.0,126.17602
125.0,126.13062
125.0,126.30804
125.0,126.213745
125.0,126.100586
125.0,126.09421
125.0,126.226616
125.0,126.00278
125.0,126.325455
125.0,126.0343
125.0,125.957664
125.0,126.07746
125.0,125.8073
125.0,125.66856
125.0,125.9162
125.0,125.812515
125.0,125.665115
125.0,125.70509
125.0,125.62738
125.0,125.40372
125.0,125.099434
125.0,125.03494
125.0,126.02368
125.0,126.11562
125.0,125.95341
125.0,126.27713
125.0,126.314
125.0,126.37029
125.0,126.417694
125.0,126.53504
125.0,126.27101
125.0,126.064674
125.0,126.4289
125.0,126.01848
125.0,125.93929
125.0,125.886856
125.0,125.48511
125.0,125.139786
125.0,125.46974
125.0,124.983765
125.0,124.21967
125.0,124.46501
125.0,124.04526
125.0,124.01085
125.0,123.88454
125.0,123.848885
125.0,123.70361
125.0,123.3444
125.0,123.344795
125.0,123.3872
125.0,123.15814
125.0,123.173164
125.0,123.85553
125.0,124.09995
125.0,124.47953
125.0,124.815674
125.0,124.630394
125.0,124.537575
125.0,124.26643
125.0,123.96339
125.0,124.316536
125.0,123.7452
125.0,124.38606
125.0,124.06965
125.0,123.46077
125.0,123.94731
125.0,123.62371
125.0,124.14449
125.0,124.711754
125.0,124.83421
125.0,124.7449
125.0,125.362305
125.0,125.29841
125.0,125.11231
125.0,125.44313
125.0,125.46584
125.0,125.47055
125.0,125.323044
125.0,125.18391
125.0,125.16314
125.0,125.12542
125.0,125.269424
125.0,125.095276
125.0,124.92008
125.0,125.03074
125.0,125.03047
125.0,125.09535
125.0,124.97103
125.0,125.05244
125.0,124.55116
124.0,125.17981
123.0,125.17655
122.0,124.93307
121.0,124.43247
120.0,124.42976
119.0,124.212105
118.0,124.15631
117.0,123.824165
116.0,123.58762
115.0,123.8582
114.0,123.48914
113.0,123.55073
112.0,123.432724
111.0,123.61944
110.0,123.6659
109.0,123.807724
108.0,123.946846
107.0,124.26098
106.0,123.348946
105.0,123.53577
104.0,123.012825
103.0,123.12546
102.0,122.40665
101.0,122.08353
100.0,121.90297
99.0,121.369865
98.0,120.984955
97.0,120.86454
96.0,120.725395
95.0,119.886375
94.0,120.6078
93.0,121.143166
92.0,120.73748
91.0,120.7962
90.0,120.7664
89.0,120.31359
88.0,120.48595
87.0,119.819626
86.0,119.92541
85.0,120.5174
84.0,120.84375
83.0,121.28375
82.0,120.57604
81.0,120.91144
80.0,120.46736
79.0,120.48889
78.0,120.31385
77.0,120.970215
76.0,120.47954
75.0,121.06048
74.0,121.08135
73.0,120.97176
72.0,120.69562
71.0,120.0451
70.0,118.95785
69.0,118.495285
68.0,115.520935
67.0,111.44229
66.0,105.07849
65.0,99.51823
64.0,91.4738
63.0,93.818665
62.0,91.24615
61.0,85.33237
60.0,84.056114
59.0,79.06354
58.0,80.52594
57.0,76.191246
56.0,76.523895
55.0,77.50371
54.0,81.83978
53.0,80.24447
52.0,80.10007
51.0,80.7697
50.0,77.70747
49.0,71.785515
48.0,68.16053
47.0,70.108505
46.0,66.96495
45.0,69.40098
44.0,67.59011
43.0,65.922325
42.0,65.540344
41.0,59.68201
40.0,59.561462
39.0,58.180756
38.0,58.714165
37.0,58.013657
36.0,56.741528
35.0,58.660603
34.0,52.661835
33.0,53.58959
32.0,51.24849
31.0,47.70569
30.0,46.06816
29.0,44.938698
28.0,46.141544
27.0,48.698887
26.0,48.148155
25.0,45.11103
24.0,42.949295
23.0,41.988277
125.0,119.8551
125.0,120.063324
125.0,119.453964
125.0,119.58636
125.0,119.42838
125.0,119.52568
125.0,120.57153
125.0,120.73575
125.0,119.99236
125.0,119.97445
125.0,118.85814
125.0,117.977615
125.0,113.88671
125.0,114.697975
125.0,114.90719
125.0,115.7348
125.0,116.97291
125.0,116.77895
125.0,114.74884
125.0,109.368935
125.0,110.17848
125.0,112.9736
125.0,115.43681
125.0,117.62865
125.0,119.008766
125.0,118.81822
125.0,119.65612
125.0,119.78951
125.0,119.614075
125.0,119.38654
125.0,120.11375
125.0,120.20543
125.0,120.33922
125.0,120.16993
125.0,120.10812
125.0,119.877846
125.0,119.8049
125.0,119.57301
124.0,119.37743
123.0,119.25302
122.0,119.03588
121.0,117.835175
120.0,115.863785
119.0,104.42504
118.0,102.214325
117.0,100.54861
116.0,99.839096
115.0,94.92867
114.0,95.05616
113.0,96.070854
112.0,102.2654
111.0,105.22169
110.0,111.87807
109.0,114.38308
108.0,116.76735
107.0,116.901695
106.0,117.65247
105.0,117.897255
104.0,117.5963
103.0,116.59264
102.0,116.227684
101.0,112.461105
100.0,111.21363
99.0,108.15091
98.0,109.26083
97.0,108.79162
96.0,113.64896
95.0,117.28349
94.0,117.84964
93.0,118.5447
92.0,118.786606
91.0,118.27467
90.0,117.91345
89.0,117.641884
88.0,117.28844
87.0,117.73697
86.0,117.93889
85.0,118.19677
84.0,118.10942
83.0,117.39102
82.0,117.137474
81.0,117.04324
80.0,116.47857
79.0,114.43745
78.0,114.47144
77.0,106.974884
76.0,104.69852
75.0,98.921074
74.0,93.56529
73.0,90.77296
72.0,88.69378
71.0,87.96546
70.0,86.895386
69.0,84.02452
68.0,86.91956
67.0,88.8708
66.0,94.80944
65.0,94.6404
64.0,96.80834
63.0,98.03645
62.0,93.79356
61.0,93.66271
60.0,92.36708
59.0,93.042725
58.0,93.07996
57.0,93.36071
56.0,93.58109
55.0,94.79882
54.0,85.94977
53.0,83.785736
52.0,93.66788
51.0,94.91099
50.0,91.68745
49.0,91.30933
48.0,81.55367
47.0,73.8859
46.0,74.59847
45.0,75.0048
44.0,73.50175
43.0,73.86361
42.0,72.65865
41.0,67.43392
40.0,67.137474
125.0,122.30787
125.0,121.97601
125.0,122.02759
125.0,121.67087
125.0,121.85055
125.0,122.47271
125.0,121.97265
125.0,121.19112
125.0,121.44932
125.0,121.63833
125.0,121.39017
125.0,121.14685
125.0,121.03109
125.0,120.96511
125.0,121.17244
125.0,121.30842
125.0,121.972626
125.0,122.606026
125.0,122.02969
125.0,122.10485
125.0,121.89464
125.0,121.82866
125.0,121.62058
125.0,120.836586
125.0,119.94181
125.0,119.95508
125.0,119.86474
125.0,120.61241
125.0,120.96052
125.0,120.213844
125.0,120.097664
125.0,119.324265
125.0,117.280334
125.0,119.43101
125.0,119.80937
125.0,120.136604
125.0,120.32082
125.0,119.431335
125.0,120.42751
125.0,121.043205
125.0,121.49587
125.0,122.16344
125.0,122.3156
125.0,122.87401
125.0,123.14877
125.0,122.76509
125.0,122.94869
125.0,122.906364
125.0,122.57893
125.0,122.97789
125.0,122.59971
125.0,122.75242
125.0,121.99665
125.0,121.95275
125.0,122.40063
125.0,122.27044
125.0,122.59385
125.0,122.30875
125.0,122.33828
125.0,121.36807
125.0,120.61979
125.0,119.59505
125.0,118.85248
125.0,119.72004
125.0,119.7339
125.0,119.69118
125.0,120.002625
125.0,119.62702
125.0,119.87914
125.0,119.42266
125.0,119.94496
125.0,120.141106
125.0,119.76262
125.0,119.46273
125.0,119.615105
125.0,119.79469
125.0,120.50652
125.0,120.67151
125.0,121.12693
125.0,120.88305
125.0,120.678215
125.0,120.94457
125.0,121.33037
125.0,121.20222
125.0,122.1575
125.0,122.56579
125.0,123.29774
125.0,123.151024
125.0,122.609
125.0,122.44337
125.0,122.01485
125.0,121.78579
125.0,121.39006
125.0,121.37262
124.0,121.00115
123.0,120.658455
122.0,120.0324
121.0,119.74324
120.0,119.69503
119.0,119.82373
118.0,119.98278
117.0,119.91081
116.0,119.35662
115.0,116.34306
114.0,112.09935
113.0,111.51734
112.0,108.13527
111.0,107.51216
110.0,113.424736
109.0,108.56687
108.0,110.87072
125.0,123.536385
125.0,123.95139
125.0,123.85226
125.0,124.48245
125.0,124.20011
125.0,124.246574
125.0,124.22287
125.0,124.441505
125.0,124.38468
125.0,124.4906
125.0,124.4519
125.0,124.64549
125.0,124.83764
125.0,125.25168
125.0,125.440865
125.0,125.40266
125.0,125.28591
125.0,125.47024
125.0,126.08588
125.0,125.89173
125.0,126.03049
125.0,125.9409
125.0,125.85254
125.0,125.46358
125.0,125.33128
125.0,125.45592
125.0,125.61115
125.0,126.1293
125.0,125.32242
125.0,125.27311
125.0,125.34012
125.0,125.589134
125.0,125.635475
125.0,126.36752
125.0,126.31679
125.0,125.5803
125.0,125.46961
125.0,125.53708
125.0,125.29902
125.0,125.21742
125.0,124.650505
125.0,124.96392
125.0,124.68368
125.0,124.52203
125.0,124.791176
125.0,123.6314
125.0,123.534294
125.0,122.90187
125.0,123.12846
125.0,122.519714
125.0,122.220116
125.0,122.25666
125.0,122.89022
125.0,123.33407
125.0,123.318375
125.0,123.39981
125.0,123.28787
125.0,123.43834
125.0,123.02219
125.0,123.35898
125.0,123.23047
125.0,123.71148
125.0,123.91603
125.0,124.364525
125.0,125.029076
125.0,125.11243
125.0,125.461174
125.0,125.6222
125.0,125.79235
125.0,125.86683
125.0,126.13705
125.0,126.420815
125.0,126.17482
125.0,126.24406
125.0,126.527115
125.0,125.78395
125.0,125.81824
125.0,125.06372
125.0,125.2662
125.0,124.712456
125.0,124.39716
125.0,124.4144
125.0,124.4103
125.0,124.202866
125.0,123.99186
125.0,123.95908
125.0,123.7757
125.0,123.631134
125.0,123.441536
125.0,123.31185
125.0,123.32928
125.0,123.38499
125.0,123.67736
125.0,123.234
125.0,123.51265
125.0,123.34983
125.0,123.291695
125.0,123.57956
125.0,123.98033
125.0,123.809
125.0,124.118
125.0,124.083405
125.0,124.54114
125.0,124.411064
125.0,124.19979
125.0,124.38674
125.0,123.87738
125.0,123.7652
125.0,123.34734
125.0,123.160324
125.0,123.07401
125.0,122.95485
125.0,123.03832
125.0,122.598885
125.0,122.44856
125.0,122.83514
125.0,122.98271
125.0,123.210175
125.0,123.218544
125.0,123.20515
125.0,123.437935
125.0,123.77477
125.0,124.12103
125.0,123.92381
125.0,124.28162
125.0,124.26154
125.0,124.14824
125.0,124.24247
125.0,123.59886
124.0,123.28054
123.0,122.48288
122.0,123.02255
121.0,122.585686
120.0,121.62611
119.0,121.5372
118.0,121.95641
117.0,122.1124
116.0,122.123856
115.0,121.48877
114.0,121.13577
113.0,121.089615
112.0,120.90102
111.0,121.12098
110.0,121.10841
109.0,121.01546
108.0,120.821045
107.0,120.83444
106.0,120.878426
105.0,120.89625
104.0,120.89259
103.0,121.407234
102.0,121.22003
101.0,121.73456
100.0,120.57725
99.0,120.70605
98.0,119.95836
97.0,120.10699
96.0,119.71877
95.0,119.16122
94.0,118.699326
93.0,118.62908
92.0,118.25751
91.0,114.603874
90.0,112.84174
89.0,110.51869
88.0,111.920296
87.0,113.35704
86.0,113.98551
85.0,113.54725
84.0,114.243744
83.0,110.12779
82.0,111.17494
81.0,110.276344
80.0,108.83902
79.0,106.55466
78.0,104.0974
77.0,104.83861
76.0,109.97486
125.0,95.253136
125.0,102.45938
125.0,97.11622
125.0,95.25848
125.0,91.362045
125.0,85.6417
125.0,88.74727
125.0,93.263756
125.0,90.95606
125.0,84.49043
125.0,85.911156
125.0,83.37198
125.0,86.224335
125.0,93.47861
125.0,97.56775
125.0,95.31806
125.0,93.0849
125.0,93.11696
125.0,95.35358
125.0,93.559044
125.0,93.22151
125.0,122.68255
125.0,123.064575
125.0,123.41826
125.0,123.562004
125.0,123.692635
125.0,123.45262
125.0,123.68556
125.0,123.85283
125.0,123.825836
125.0,124.0147
125.0,124.59858
125.0,125.07212
125.0,125.41552
125.0,125.44868
125.0,125.34001
125.0,125.27883
125.0,124.90093
125.0,124.745964
125.0,123.96753
125.0,123.91539
125.0,123.55674
125.0,122.99801
125.0,122.48526
125.0,121.83962
125.0,121.60894
125.0,121.39149
125.0,121.31327
125.0,120.92567
125.0,121.17576
125.0,121.107475
125.0,121.37231
125.0,121.73955
125.0,121.774864
125.0,121.72896
125.0,121.81889
125.0,121.61522
125.0,122.5245
125.0,122.59738
125.0,122.59891
125.0,122.65882
125.0,122.70369
125.0,123.45298
125.0,124.02318
125.0,124.03562
125.0,123.67482
125.0,123.42419
125.0,123.4103
125.0,123.26389
125.0,123.47274
125.0,123.707985
125.0,123.13497
125.0,122.754845
125.0,122.983795
125.0,122.21304
125.0,121.56744
125.0,121.57362
125.0,121.457924
125.0,121.758804
125.0,121.299706
125.0,120.23956
125.0,120.35936
125.0,121.058624
125.0,121.25048
125.0,120.98397
125.0,120.63946
125.0,119.81133
125.0,119.80159
125.0,119.3618
125.0,120.126205
125.0,120.04635
124.0,121.17046
123.0,121.35157
122.0,121.13528
121.0,121.03432
120.0,120.97157
119.0,121.42878
118.0,121.865685
117.0,121.85328
116.0,122.18722
115.0,122.97085
114.0,122.5729
113.0,122.431755
112.0,122.26883
111.0,121.29578
110.0,120.7398
109.0,120.60343
108.0,120.18249
107.0,119.49989
106.0,119.3649
105.0,119.39064
104.0,119.58061
103.0,119.505974
102.0,119.13331
101.0,118.72359
100.0,118.12804
99.0,118.166084
98.0,116.45275
97.0,117.094246
96.0,118.87376
95.0,118.71111
94.0,120.479195
93.0,120.10752
92.0,119.857666
91.0,119.67246
90.0,119.22428
89.0,119.490814
88.0,119.29017
87.0,119.928345
86.0,120.117676
85.0,119.89947
84.0,119.31253
83.0,119.806114
82.0,119.66174
81.0,119.57635
80.0,119.04529
79.0,118.47484
118.0,89.012794
117.0,85.271
116.0,88.50037
115.0,91.63472
114.0,91.65766
113.0,95.17763
112.0,98.84215
111.0,99.24504
110.0,101.09024
109.0,100.29118
108.0,97.120445
107.0,91.72842
106.0,96.58299
105.0,100.83155
104.0,104.735825
103.0,102.64736
102.0,103.67532
101.0,104.30045
100.0,103.52252
99.0,101.3395
98.0,94.966934
97.0,98.34028
96.0,101.409225
95.0,98.09119
125.0,112.44758
125.0,111.63985
125.0,113.75052
125.0,114.06595
125.0,114.6302
125.0,114.13989
125.0,113.05193
125.0,109.11125
125.0,108.93784
125.0,111.04985
125.0,107.28185
125.0,110.70572
125.0,110.28352
125.0,109.18578
125.0,111.18543
125.0,114.10929
125.0,114.938156
125.0,115.56396
125.0,115.189285
125.0,115.61357
125.0,115.51888
125.0,115.83808
125.0,115.64906
125.0,116.20842
125.0,115.89199
125.0,115.41529
125.0,115.7003
125.0,115.33401
125.0,113.413216
125.0,110.25697
125.0,113.86257
125.0,115.47198
125.0,115.04037
125.0,114.83152
125.0,110.85277
125.0,101.07901
125.0,99.80282
125.0,96.52731
125.0,94.128624
125.0,96.05928
125.0,94.17862
125.0,93.390564
125.0,96.31974
125.0,95.02808
125.0,97.00969
125.0,96.23834
125.0,99.9229
125.0,101.2923
125.0,102.2281
125.0,101.88326
125.0,103.756424
125.0,100.70142
125.0,101.74309
125.0,107.776535
125.0,106.54324
125.0,112.166534
125.0,113.46262
125.0,112.477684
125.0,108.44065
125.0,111.237274
125.0,112.317924
125.0,108.76813
125.0,105.6578
125.0,102.594154
125.0,98.00383
125.0,99.41348
125.0,95.92569
125.0,92.13318
125.0,90.77156
125.0,96.20583
125.0,92.59664
125.0,84.544685
125.0,93.33282
125.0,97.74451
125.0,99.30942
125.0,97.781334
125.0,101.63333
125.0,98.87673
125.0,106.909676
125.0,107.24618
125.0,110.55601
125.0,110.47941
125.0,111.32367
125.0,111.11733
125.0,109.484344
125.0,112.90185
125.0,113.42469
125.0,115.22355
125.0,115.66034
125.0,116.124725
125.0,116.38527
125.0,116.82072
125.0,116.630806
125.0,115.76818
125.0,115.02472
125.0,116.31814
125.0,114.32604
125.0,112.37909
125.0,109.60027
125.0,109.32875
125.0,101.11493
125.0,101.52764
125.0,104.311165
125.0,100.504074
125.0,98.591095
125.0,95.563644
125.0,91.51895
125.0,89.55864
124.0,92.40024
123.0,82.52362
122.0,86.11787
121.0,85.334564
120.0,80.355255
119.0,80.48676
118.0,79.22032
117.0,82.915146
116.0,80.98968
115.0,87.21336
114.0,85.41015
113.0,82.641396
112.0,81.00695
111.0,84.07101
110.0,80.908455
109.0,79.86751
108.0,80.04349
107.0,81.68287
106.0,75.31762
105.0,75.7928
104.0,63.468822
103.0,65.13189
102.0,71.1734
101.0,74.8736
100.0,78.38145
99.0,82.04299
98.0,83.16075
97.0,84.877106
96.0,82.59858
95.0,82.245964
94.0,81.986115
93.0,78.88602
92.0,82.39202
91.0,81.565735
90.0,83.69202
89.0,82.77757
88.0,83.27444
87.0,83.13226
86.0,81.81494
85.0,88.83215
84.0,93.37247
83.0,91.313675
82.0,89.53243
81.0,86.09645
80.0,79.57154
79.0,80.01215
78.0,80.14786
77.0,83.7888
76.0,77.80349
75.0,78.98417
74.0,73.03952
73.0,77.76664
72.0,77.39005
71.0,77.11236
70.0,77.62576
69.0,74.65565
68.0,76.73474
67.0,72.77812
66.0,66.193146
65.0,62.478497
64.0,60.694508
63.0,55.461033
62.0,54.856926
61.0,55.267067
60.0,56.637684
59.0,54.23306
58.0,57.65242
57.0,51.36784
56.0,47.107742
55.0,42.92492
54.0,43.952076
53.0,44.514423
52.0,44.067677
51.0,43.96793
50.0,46.69238
49.0,43.427147
48.0,47.68119
47.0,47.331333
46.0,44.697525
45.0,45.060337
44.0,44.091476
43.0,42.887814
42.0,40.410072
41.0,37.851788
40.0,34.57536
39.0,33.093876
38.0,32.81948
37.0,32.544346
36.0,32.06645
35.0,31.757944
34.0,33.093624
33.0,32.151237
32.0,32.51832
31.0,31.739086
30.0,30.739256
29.0,29.6578
28.0,29.510773
27.0,26.910995
26.0,27.666246
25.0,27.410057
24.0,27.133505
23.0,25.222166
22.0,24.086714
21.0,22.03787
20.0,21.22487
19.0,21.99096
18.0,21.496777
17.0,21.206074
16.0,20.733143
15.0,19.428507
125.0,123.90395
125.0,123.7012
125.0,123.51009
125.0,122.88645
125.0,122.43794
125.0,122.19566
125.0,121.76476
125.0,121.72005
125.0,121.56862
125.0,121.748566
125.0,122.54757
125.0,122.72388
125.0,122.759
125.0,122.94233
125.0,123.552475
125.0,123.40995
125.0,123.608955
125.0,123.97635
125.0,124.22969
125.0,124.10647
125.0,123.816925
125.0,123.34213
125.0,123.18937
125.0,123.57112
125.0,123.913315
125.0,123.92038
125.0,123.757614
125.0,123.48242
125.0,123.305374
125.0,123.052895
125.0,122.00974
125.0,121.81306
125.0,121.76351
125.0,122.13907
125.0,122.23166
125.0,122.71145
125.0,123.00543
125.0,123.68861
125.0,123.51388
125.0,123.77752
125.0,124.16974
125.0,124.65936
125.0,124.786
125.0,124.90549
125.0,124.889984
125.0,125.06418
125.0,125.74593
125.0,125.5586
125.0,125.75872
125.0,125.644966
125.0,125.349625
125.0,124.63149
125.0,124.13263
125.0,123.65235
125.0,123.12426
125.0,122.76076
125.0,122.42741
125.0,122.7642
125.0,122.42836
125.0,122.23167
125.0,121.50061
125.0,121.46664
125.0,121.62241
125.0,121.826416
125.0,121.92913
125.0,121.82055
125.0,122.20188
125.0,123.00601
125.0,122.71546
125.0,122.47614
125.0,122.07368
125.0,122.31356
125.0,121.943924
125.0,122.11235
125.0,122.170685
125.0,122.31524
125.0,122.188194
125.0,121.78637
125.0,121.636375
125.0,121.912575
125.0,122.00299
125.0,122.38571
125.0,122.516304
125.0,123.03543
125.0,123.17796
125.0,123.34493
125.0,123.09134
125.0,122.96692
125.0,123.23767
125.0,122.935455
125.0,122.887764
125.0,122.84607
125.0,122.76225
125.0,122.648926
125.0,122.99186
125.0,122.64604
125.0,122.58024
125.0,122.76732
125.0,121.47516
125.0,121.18956
125.0,120.30709
125.0,121.12403
125.0,121.60671
125.0,121.45563
125.0,121.20484
125.0,121.11711
125.0,120.91289
125.0,121.530685
125.0,121.16568
125.0,122.04298
125.0,122.4399
125.0,122.661255
125.0,122.61851
125.0,122.71714
125.0,123.11684
125.0,123.60416
125.0,123.51296
125.0,122.84398
125.0,122.91643
125.0,122.76037
125.0,123.47572
125.0,123.91831
125.0,123.82873
125.0,123.56526
125.0,123.67822
125.0,123.41161
125.0,123.36662
125.0,123.69284
125.0,123.29873
125.0,123.371025
125.0,122.825195
125.0,123.00443
125.0,123.276505
125.0,122.44421
125.0,122.83093
125.0,123.13982
125.0,123.22046
125.0,123.10575
125.0,123.13534
125.0,123.94905
125.0,123.88092
125.0,123.533424
125.0,123.2409
125.0,123.41044
125.0,123.4633
125.0,123.9558
125.0,123.829254
125.0,123.52675
125.0,123.38145
125.0,123.069176
125.0,123.006615
125.0,122.83432
125.0,122.31899
125.0,121.82395
125.0,121.61234
125.0,121.507935
125.0,121.47303
125.0,121.87468
125.0,121.22208
125.0,121.18918
125.0,121.04114
125.0,120.59998
125.0,120.90878
125.0,121.0899
125.0,121.41938
125.0,121.81357
125.0,122.04183
125.0,121.9485
125.0,121.587
125.0,121.97307
125.0,121.06403
125.0,120.16825
125.0,119.38756
125.0,119.09978
125.0,119.07527
125.0,118.644066
125.0,118.89454
125.0,119.250534
125.0,118.835106
125.0,117.65294
125.0,118.13168
125.0,118.2104
125.0,117.36953
125.0,119.213135
125.0,119.16585
125.0,119.93906
125.0,119.40902
125.0,119.75981
125.0,119.61953
125.0,119.20793
125.0,119.48032
125.0,119.362885
125.0,119.874435
125.0,119.9815
125.0,120.17622
125.0,121.36353
125.0,121.70753
125.0,121.706276
125.0,121.32116
125.0,121.87891
125.0,121.56044
125.0,121.222466
125.0,120.36485
125.0,119.447136
125.0,119.494576
125.0,117.12556
125.0,118.92405
125.0,119.13428
125.0,115.00676
125.0,109.42948
125.0,109.77089
125.0,109.62443
125.0,108.780594
125.0,110.704185
125.0,109.30974
125.0,109.7368
125.0,108.551636
125.0,110.481346
125.0,108.84635
125.0,106.418175
125.0,107.763084
125.0,108.41435
125.0,109.880295
125.0,113.76689
125.0,114.63256
125.0,115.47854
125.0,116.19271
125.0,118.29138
125.0,118.61664
124.0,119.259476
123.0,118.1336
122.0,117.21306
121.0,117.63801
120.0,117.33319
119.0,115.86582
118.0,110.9628
117.0,111.17011
116.0,112.36221
115.0,107.510216
114.0,108.62341
113.0,111.698715
112.0,109.37561
111.0,108.29027
110.0,108.26376
109.0,106.59218
108.0,109.25148
107.0,111.9852
106.0,109.76258
105.0,110.591385
104.0,109.18686
103.0,111.263245
102.0,113.44385
101.0,117.66119
100.0,118.838295
125.0,119.98161
125.0,119.2671
125.0,119.99341
125.0,119.62962
125.0,118.86491
125.0,118.57775
125.0,118.16508
125.0,118.64801
125.0,118.80349
125.0,119.26918
125.0,119.73072
125.0,120.53905
125.0,120.54825
125.0,121.54207
125.0,121.84553
125.0,121.890236
125.0,121.53649
125.0,120.73274
125.0,121.067184
125.0,120.94079
125.0,121.17201
125.0,121.315285
125.0,119.537605
125.0,119.741425
125.0,119.91255
125.0,121.03913
125.0,120.795044
125.0,121.15169
125.0,120.091934
125.0,119.9313
125.0,120.738785
125.0,120.69006
125.0,121.28202
125.0,120.62018
125.0,120.96076
125.0,120.96524
125.0,120.79647
125.0,120.137054
125.0,119.73636
125.0,120.47649
125.0,119.73047
125.0,119.319756
125.0,119.38661
125.0,118.97221
125.0,119.40906
125.0,118.37143
125.0,119.37111
125.0,117.23779
125.0,118.21572
125.0,118.15171
125.0,119.83411
125.0,120.04726
125.0,125.50843
125.0,125.372185
125.0,124.57749
125.0,125.10988
125.0,125.23237
125.0,125.34262
125.0,125.934006
125.0,125.799355
125.0,125.451385
125.0,125.29412
125.0,125.67142
125.0,125.941765
125.0,125.81905
125.0,126.25155
125.0,126.227455
125.0,126.01052
125.0,126.02939
125.0,126.119896
125.0,125.70405
125.0,126.04208
125.0,126.10045
125.0,126.357155
125.0,125.58718
125.0,125.73802
125.0,125.66401
125.0,126.05135
125.0,126.08036
125.0,126.10609
125.0,126.19001
125.0,126.10963
125.0,125.94212
125.0,125.47576
125.0,125.15068
125.0,124.90726
125.0,124.48688
125.0,124.30188
125.0,124.32272
125.0,124.13537
125.0,124.69947
125.0,124.509964
125.0,124.767395
125.0,125.57547
125.0,125.83154
125.0,126.0453
125.0,126.012535
125.0,125.84519
125.0,126.020966
125.0,125.63762
125.0,125.2743
125.0,125.047745
125.0,124.95225
125.0,124.40619
125.0,124.494934
125.0,124.4043
125.0,124.04417
125.0,124.27876
125.0,124.62727
125.0,124.963684
125.0,125.57666
125.0,126.160446
125.0,126.58033
125.0,125.97833
125.0,125.80219
125.0,125.41621
125.0,125.20496
125.0,124.86001
125.0,124.53145
125.0,124.062126
125.0,124.96462
125.0,124.74722
125.0,125.04636
125.0,125.55887
125.0,125.84669
125.0,126.23618
125.0,126.6227
125.0,126.785416
125.0,127.38486
125.0,126.81468
125.0,126.676544
125.0,126.623215
125.0,126.1325
125.0,125.24955
125.0,124.71533
125.0,124.582306
125.0,123.996544
125.0,123.96478
125.0,123.97428
125.0,123.94877
125.0,124.33529
125.0,124.50152
125.0,124.58875
125.0,124.29095
125.0,124.604225
125.0,124.52193
125.0,124.7269
125.0,124.76374
125.0,124.47319
125.0,124.8993
125.0,125.400734
125.0,125.08419
125.0,124.81171
125.0,125.07704
125.0,124.99542
125.0,125.22772
125.0,125.19823
125.0,125.0529
125.0,125.02405
125.0,124.561066
125.0,125.031265
125.0,124.97061
125.0,124.81296
125.0,124.931015
125.0,125.063446
125.0,125.36165
125.0,125.01493
125.0,125.02943
125.0,125.10345
125.0,124.85723
125.0,125.358734
125.0,124.870605
125.0,124.85892
125.0,124.532875
125.0,124.26031
124.0,123.75943
123.0,123.67573
122.0,123.62967
121.0,123.46326
120.0,124.05406
119.0,124.10538
118.0,123.69757
117.0,123.236496
116.0,123.31957
115.0,123.0538
114.0,123.46529
113.0,123.9302
112.0,123.89366
111.0,123.46507
110.0,123.25524
109.0,123.097885
108.0,122.260666
107.0,122.34153
106.0,122.570496
105.0,122.47577
104.0,122.64155
103.0,122.73051
102.0,123.079025
101.0,123.29186
100.0,123.528076
99.0,123.83859
98.0,123.651146
97.0,123.42657
96.0,122.9082
95.0,122.57942
94.0,122.19001
93.0,121.85225
92.0,121.69477
91.0,121.71856
90.0,122.334915
89.0,121.97995
88.0,120.96641
87.0,119.737465
86.0,119.72248
85.0,119.07602
84.0,119.1486
83.0,119.90596
82.0,119.699905
81.0,117.063126
80.0,116.25567
79.0,112.81514
78.0,110.35781
77.0,108.50034
76.0,108.84129
75.0,106.50076
74.0,110.8376
73.0,113.80306
72.0,116.01843
71.0,117.057
70.0,116.60154
69.0,112.35571
68.0,110.59164
67.0,108.31292
66.0,101.59277
65.0,100.771126
64.0,99.226425
63.0,96.6488
62.0,104.441124
61.0,105.64256
60.0,105.377304
59.0,97.71098
58.0,98.140495
57.0,93.24005
56.0,90.9489
55.0,82.4156
54.0,76.9332
53.0,75.6994
52.0,70.61483
51.0,63.867012
50.0,58.72299
49.0,58.589108
48.0,60.36702
47.0,55.622055
46.0,54.501816
45.0,51.557907
44.0,53.659836
43.0,52.16448
42.0,51.11286
41.0,48.80987
40.0,53.1765
39.0,53.865814
38.0,57.668537
37.0,55.38015
36.0,53.992508
35.0,46.401897
34.0,48.138313
33.0,49.624176
32.0,49.632175
31.0,48.267418
30.0,48.209003
29.0,46.720474
28.0,46.68521
27.0,42.950424
26.0,42.984867
25.0,40.94929
24.0,40.884254
23.0,39.8991
22.0,38.71756
21.0,36.554226
20.0,35.686382
19.0,34.527973
18.0,33.46149
17.0,32.81039
16.0,31.758257
15.0,31.265923
14.0,31.126072
13.0,30.772432
12.0,29.49401
11.0,28.0536
10.0,26.331688
9.0,24.716246
8.0,24.657814
125.0,120.25221
125.0,119.843185
125.0,120.501335
125.0,120.18377
125.0,119.93514
125.0,119.97966
125.0,120.50554
125.0,120.19789
125.0,120.13026
125.0,120.10038
125.0,120.68972
125.0,120.92253
125.0,120.49122
125.0,120.68395
125.0,119.62816
125.0,119.13817
125.0,119.8647
125.0,120.34352
125.0,120.27855
125.0,120.39815
125.0,120.74211
125.0,120.46695
125.0,120.796234
125.0,121.70651
125.0,122.65019
125.0,123.09218
125.0,122.69367
125.0,122.46454
125.0,122.45564
125.0,122.50058
125.0,122.212944
125.0,121.812225
125.0,121.56239
125.0,120.719055
125.0,119.90716
125.0,119.839355
125.0,119.74924
125.0,119.05881
125.0,119.35039
125.0,119.19509
125.0,118.67124
125.0,119.11908
125.0,119.35143
125.0,119.355545
125.0,118.99071
125.0,119.01854
125.0,119.34801
125.0,120.892235
125.0,120.81664
125.0,120.531784
125.0,120.60048
125.0,120.90119
125.0,121.21281
125.0,120.96689
125.0,121.28202
125.0,121.37441
125.0,121.0804
125.0,121.51353
125.0,121.48736
125.0,122.55346
125.0,122.25803
125.0,122.247116
125.0,122.29237
125.0,121.52849
125.0,120.62071
125.0,121.06556
125.0,120.532936
125.0,120.37699
125.0,120.04571
125.0,119.3339
125.0,118.814
125.0,118.40546
125.0,116.57192
125.0,118.37562
125.0,118.65102
125.0,118.842155
125.0,118.878845
125.0,119.29563
125.0,119.56651
125.0,120.03984
125.0,120.504234
125.0,121.75189
125.0,121.45056
125.0,121.22676
125.0,121.04432
125.0,120.94915
125.0,120.75274
125.0,120.07426
125.0,119.50422
125.0,119.622665
125.0,120.08418
125.0,119.85163
125.0,119.41827
125.0,118.96643
125.0,118.0635
125.0,115.8956
125.0,116.418976
125.0,117.79422
125.0,118.94483
125.0,119.35222
125.0,118.70261
125.0,119.04357
125.0,118.719025
125.0,119.0495
125.0,118.96148
125.0,119.532585
125.0,120.15901
125.0,120.38921
125.0,120.41839
125.0,121.1295
125.0,119.658066
125.0,119.76076
125.0,119.376526
125.0,119.1842
125.0,113.1454
125.0,108.70752
125.0,103.992874
125.0,101.30006
125.0,103.89656
125.0,105.44113
125.0,112.21157
125.0,115.89204
125.0,116.75313
125.0,117.873695
125.0,114.93327
125.0,112.29354
125.0,111.25824
125.0,109.84029
125.0,109.41825
125.0,113.16958
125.0,110.827805
125.0,111.46267
125.0,112.76032
125.0,113.14197
125.0,114.1008
125.0,114.81108
125.0,116.78515
125.0,117.30824
125.0,114.33678
125.0,116.052925
125.0,113.23491
125.0,112.09912
125.0,109.42408
125.0,110.93329
124.0,106.963455
123.0,108.33314
122.0,106.296844
121.0,103.23814
120.0,107.59545
119.0,108.07881
118.0,111.34711
117.0,111.58135
116.0,112.190056
115.0,109.62475
114.0,107.54062
113.0,113.330734
112.0,115.587685
111.0,118.68028
110.0,118.30924
109.0,119.63238
108.0,118.98095
107.0,118.626015
106.0,118.34942
105.0,118.6733
104.0,119.21438
103.0,118.04822
102.0,114.41755
101.0,108.49065
100.0,106.66856
99.0,101.75381
98.0,100.21482
97.0,102.395355
96.0,103.1012
95.0,110.62161
94.0,109.95044
93.0,106.27603
92.0,102.29062
91.0,101.88349
90.0,105.07543
89.0,104.3953
88.0,103.43858
87.0,98.48345
86.0,99.075226
85.0,95.92561
84.0,94.77946
83.0,96.97951
82.0,96.44113
81.0,102.472
80.0,97.56577
79.0,98.994705
78.0,93.41574
77.0,86.46751
76.0,87.606064
75.0,81.64609
74.0,86.88544
73.0,87.92669
72.0,82.73572
125.0,115.85745
125.0,114.67887
125.0,112.92002
125.0,114.02875
125.0,113.94251
125.0,114.00001
125.0,114.77636
125.0,113.855286
125.0,112.19862
125.0,106.91735
125.0,101.50151
125.0,101.83111
125.0,101.3568
125.0,104.033844
125.0,110.60965
125.0,111.05244
125.0,113.775955
125.0,112.48215
125.0,114.484146
125.0,116.2788
125.0,116.75736
125.0,117.1255
125.0,117.5819
125.0,117.91937
125.0,117.71509
125.0,117.47922
125.0,117.220856
125.0,117.80736
125.0,117.72925
125.0,117.35447
125.0,116.908035
125.0,115.17953
125.0,107.9148
125.0,100.413414
125.0,96.03122
125.0,92.15667
125.0,87.22194
125.0,94.22596
125.0,95.77571
125.0,93.61832
125.0,94.39459
125.0,98.00583
125.0,91.19901
125.0,102.10323
125.0,107.675865
125.0,108.01046
125.0,107.03003
125.0,107.2973
125.0,105.98808
125.0,106.911575
125.0,107.09625
125.0,104.823814
125.0,99.8515
124.0,101.30896
123.0,103.78968
122.0,103.47053
121.0,102.44968
120.0,104.73078
119.0,104.02549
118.0,99.01244
117.0,90.55942
116.0,85.50358
115.0,78.441956
114.0,75.65935
113.0,77.493996
112.0,77.68717
111.0,72.43694
110.0,76.37712
109.0,81.65266
108.0,81.59339
107.0,79.199715
106.0,82.712685
125.0,121.50071
125.0,121.01387
125.0,121.22263
125.0,119.92702
125.0,118.830795
125.0,119.42987
125.0,118.967
125.0,119.48157
125.0,120.097694
125.0,120.24939
125.0,118.55177
125.0,119.27143
125.0,118.14289
125.0,114.50475
125.0,114.44675
125.0,115.663185
125.0,115.176994
125.0,112.275246
125.0,111.5915
125.0,113.70692
125.0,107.849846
125.0,104.90921
125.0,102.819435
125.0,101.28255
125.0,101.857124
125.0,100.16046
124.0,107.16534
123.0,113.140526
122.0,115.41865
121.0,118.6295
120.0,119.6833
119.0,119.86299
118.0,121.071655
117.0,121.09074
116.0,121.15816
115.0,120.66101
114.0,120.465546
113.0,120.14735
112.0,120.74095
111.0,122.07495
110.0,121.73798
109.0,122.50799
108.0,121.81223
107.0,120.076866
106.0,119.24854
105.0,119.01455
104.0,118.49271
103.0,117.73816
102.0,117.05565
101.0,117.021194
100.0,118.82066
99.0,118.42149
98.0,118.34622
97.0,118.74628
96.0,118.210526
95.0,111.53154
94.0,113.7386
93.0,112.36733
92.0,111.27938
91.0,114.27069
90.0,111.491486
89.0,110.22836
88.0,107.32396
87.0,103.69503
86.0,104.15633
85.0,99.38252
84.0,101.51299
83.0,102.254555
82.0,105.71369
81.0,111.66394
80.0,111.34003
79.0,108.083015
78.0,109.28407
77.0,95.871994
76.0,97.907585
75.0,96.37593
74.0,96.81627
73.0,102.681625
72.0,99.84315
71.0,97.95506
70.0,100.62167
69.0,96.16217
68.0,95.463615
67.0,98.02266
66.0,93.18352
65.0,89.149956
64.0,94.91232
63.0,96.862785
62.0,94.21516
61.0,96.425415
60.0,90.89676
59.0,93.57557
58.0,90.864685
57.0,93.9271
56.0,90.00772
55.0,94.708626
54.0,93.61613
53.0,93.85587
52.0,87.231026
51.0,86.68365
50.0,81.88145
49.0,75.09355
48.0,76.69786
47.0,75.71224
46.0,72.60152
45.0,64.970436
44.0,64.29171
43.0,69.118866
42.0,71.11911
41.0,69.825516
40.0,66.50886
39.0,57.264553
38.0,55.9614
37.0,55.60484
36.0,52.0306
35.0,48.52099
34.0,47.733658
33.0,49.74605
32.0,53.35402
31.0,52.37834
30.0,54.043217
29.0,54.92127
28.0,51.968098
27.0,50.614864
26.0,46.22074
25.0,44.625282
24.0,44.901573
23.0,45.71333
22.0,43.146603
21.0,42.645878
20.0,40.985893
19.0,41.3871
18.0,39.945877
17.0,40.63122
16.0,36.638557
15.0,33.918312
14.0,31.845123
13.0,32.096603
125.0,119.07274
125.0,120.25192
125.0,120.62333
125.0,121.08107
125.0,121.132256
125.0,121.155846
125.0,120.81873
125.0,120.82088
125.0,120.80583
125.0,120.963234
125.0,120.357185
125.0,119.80208
125.0,119.43237
125.0,119.925934
125.0,121.05274
125.0,121.599
125.0,121.95972
125.0,122.62625
125.0,122.83202
125.0,123.34867
125.0,124.19947
125.0,123.85368
125.0,123.551834
125.0,124.14553
125.0,123.97719
125.0,123.97691
125.0,124.349594
125.0,123.48488
125.0,122.85467
125.0,122.72933
125.0,121.853065
125.0,122.20689
125.0,122.32128
125.0,122.7403
125.0,123.06981
125.0,122.82235
125.0,122.35023
125.0,121.888245
125.0,121.65942
125.0,121.058105
125.0,120.900375
125.0,119.90827
125.0,119.826096
125.0,119.28099
125.0,119.731606
125.0,119.5806
125.0,119.49991
125.0,119.592896
125.0,119.4243
125.0,119.81333
125.0,119.41684
125.0,119.18345
125.0,118.88033
125.0,119.783356
125.0,119.3966
125.0,116.95838
125.0,117.527855
125.0,114.86471
125.0,115.13318
125.0,116.999344
125.0,116.945694
125.0,118.03639
125.0,118.60882
125.0,119.96632
125.0,120.43575
125.0,120.902565
125.0,121.14517
125.0,121.363846
125.0,121.62805
125.0,121.909515
125.0,123.17201
125.0,123.4541
125.0,123.44372
125.0,124.53928
125.0,125.09743
125.0,125.207825
125.0,125.69034
125.0,125.367805
125.0,125.35928
125.0,125.20817
125.0,124.944084
125.0,124.7655
125.0,124.95184
125.0,125.24748
125.0,124.80208
125.0,122.88758
125.0,122.03692
125.0,121.57026
125.0,121.10053
125.0,121.07019
125.0,121.55873
125.0,120.96258
125.0,120.70991
125.0,120.41625
125.0,119.962234
125.0,118.24881
125.0,115.94649
125.0,116.32438
125.0,115.20556
125.0,116.53734
125.0,119.17842
125.0,119.52833
125.0,119.464745
125.0,120.85158
125.0,121.00015
125.0,120.558334
125.0,121.01044
125.0,121.230064
125.0,121.77179
125.0,121.90636
125.0,121.52632
125.0,120.81407
125.0,120.52009
125.0,120.0181
125.0,119.75781
125.0,119.19556
125.0,119.724525
125.0,119.24207
125.0,119.49764
125.0,119.56857
125.0,120.31105
125.0,120.265205
125.0,120.67246
125.0,119.93741
125.0,121.15517
125.0,120.796875
125.0,120.959785
125.0,121.28084
125.0,121.672905
125.0,122.14684
125.0,121.75316
125.0,121.612686
125.0,121.269135
125.0,120.70492
125.0,120.552216
125.0,120.459114
125.0,120.13933
125.0,120.00038
125.0,119.711685
125.0,119.10886
125.0,118.864
125.0,118.723976
125.0,117.35508
125.0,119.49366
125.0,119.61135
125.0,119.874016
125.0,120.423706
125.0,119.883125
125.0,119.88782
125.0,120.09622
125.0,120.05217
125.0,120.088104
125.0,120.27387
125.0,119.69957
125.0,120.94845
125.0,121.44367
125.0,121.57763
125.0,122.0011
125.0,121.75366
125.0,121.59657
125.0,120.98855
125.0,121.564514
125.0,122.48501
125.0,122.290955
125.0,122.814415
125.0,122.001175
125.0,121.60702
125.0,121.381386
125.0,121.078804
125.0,120.81066
125.0,121.345314
125.0,120.599945
125.0,119.937164
125.0,120.28198
125.0,119.66258
125.0,118.7944
125.0,117.655045
125.0,116.20722
125.0,113.231926
125.0,112.57319
125.0,107.297066
125.0,105.4623
125.0,105.41756
125.0,103.103386
125.0,99.51238
125.0,99.287125
125.0,99.50605
125.0,100.713394
125.0,100.1559
125.0,104.42966
125.0,108.1769
125.0,116.62158
125.0,118.27308
125.0,119.347626
125.0,120.02634
125.0,120.160194
125.0,120.414375
125.0,120.55428
125.0,121.31158
125.0,121.782364
125.0,122.195915
125.0,122.49026
125.0,122.33859
125.0,122.61142
125.0,122.75859
125.0,121.877106
125.0,121.29784
125.0,120.62409
125.0,120.62924
125.0,119.303635
125.0,124.08788
125.0,123.80703
125.0,122.83469
125.0,121.938736
125.0,121.0605
125.0,121.412476
125.0,121.511215
125.0,120.86194
125.0,120.230156
125.0,120.06633
125.0,120.15839
125.0,120.67616
125.0,120.85422
125.0,121.067696
125.0,120.99499
125.0,121.011986
125.0,121.0984
125.0,121.23148
125.0,120.946495
125.0,121.02382
125.0,120.91978
125.0,120.426
125.0,120.22546
125.0,120.955376
125.0,120.810455
125.0,121.014046
125.0,120.88278
125.0,121.28399
125.0,121.403564
125.0,121.172295
125.0,120.58926
125.0,120.11048
125.0,120.23645
125.0,119.70869
125.0,119.41243
125.0,119.49439
125.0,120.654045
125.0,120.20914
125.0,120.25235
125.0,119.712326
125.0,119.99109
125.0,120.16511
125.0,120.17533
125.0,120.24261
125.0,120.31238
125.0,120.473885
125.0,120.72318
125.0,120.82188
125.0,121.1389
125.0,121.4866
125.0,121.75662
125.0,121.45329
125.0,121.9469
125.0,121.981445
125.0,122.76463
125.0,122.93161
125.0,122.81573
125.0,122.85366
125.0,122.75777
125.0,122.35692
125.0,121.762474
125.0,121.738045
125.0,122.16663
125.0,122.006035
125.0,121.59618
125.0,121.34329
125.0,121.85048
125.0,121.688225
125.0,121.71309
125.0,122.01338
125.0,122.66508
125.0,122.06219
125.0,121.86446
125.0,121.32363
125.0,121.09223
125.0,121.011406
125.0,120.949814
125.0,120.557365
125.0,121.007744
125.0,120.317924
125.0,120.17264
125.0,119.43547
125.0,119.51292
125.0,119.63542
125.0,119.864395
125.0,119.70558
125.0,119.539246
125.0,119.07427
125.0,118.64343
125.0,116.18417
125.0,114.94898
125.0,116.93354
125.0,116.327866
125.0,116.57079
125.0,116.7186
125.0,119.20604
125.0,117.76221
125.0,118.97613
125.0,119.46428
125.0,120.77387
125.0,121.6006
125.0,121.12876
125.0,121.9978
125.0,122.62444
125.0,122.96095
125.0,123.64616
125.0,124.26803
125.0,124.19557
125.0,125.501854
125.0,125.083145
125.0,124.99836
125.0,124.64962
125.0,123.69712
125.0,124.60277
125.0,124.784355
125.0,124.960365
125.0,124.99269
125.0,124.471054
125.0,124.133705
125.0,123.64864
125.0,123.13002
125.0,123.46215
125.0,123.01588
125.0,122.852
125.0,122.24133
125.0,122.517105
125.0,121.698425
125.0,121.42777
125.0,121.14318
125.0,120.63032
125.0,120.684906
125.0,120.78307
125.0,121.47029
125.0,121.71997
125.0,122.13436
125.0,122.26689
125.0,121.99549
125.0,121.67525
125.0,122.23989
125.0,121.43588
125.0,120.51784
125.0,120.46157
125.0,119.84054
125.0,120.49714
125.0,119.85286
125.0,119.40375
125.0,118.7259
125.0,118.42206
125.0,118.62876
125.0,117.85078
125.0,118.06287
125.0,119.33768
125.0,119.37486
125.0,119.868996
125.0,119.84597
125.0,119.398575
125.0,117.73744
125.0,110.40708
125.0,108.45197
125.0,107.03254
125.0,106.31532
125.0,109.22469
125.0,118.52218
125.0,119.84339
125.0,120.86745
125.0,121.5395
125.0,121.97856
125.0,121.40099
125.0,121.38249
125.0,121.23053
125.0,120.939674
125.0,120.13909
125.0,119.88035
125.0,119.56228
125.0,119.57988
125.0,119.88437
125.0,119.68191
125.0,120.160614
125.0,120.59175
125.0,120.11714
125.0,119.612724
125.0,119.144646
125.0,117.83376
125.0,118.64839
125.0,117.77409
125.0,116.95779
125.0,117.96596
125.0,114.685
125.0,117.55215
125.0,119.228386
125.0,119.55469
125.0,119.987915
125.0,120.94742
125.0,121.118904
125.0,121.57388
125.0,121.29891
125.0,121.85128
125.0,121.60159
125.0,122.08657
125.0,122.2202
125.0,122.38889
125.0,122.11322
125.0,122.22251
125.0,121.568306
125.0,121.83735
125.0,121.86259
125.0,121.83566
125.0,122.037994
125.0,122.41167
125.0,121.46676
125.0,120.67221
125.0,119.56066
125.0,118.989975
125.0,119.51407
125.0,120.70954
125.0,120.34465
125.0,118.981514
125.0,117.83742
125.0,116.707306
125.0,117.14346
125.0,119.18734
125.0,119.45645
125.0,120.33823
125.0,120.72511
125.0,121.08063
125.0,121.59351
125.0,122.20916
125.0,121.624245
125.0,121.18202
125.0,121.42098
125.0,121.03383
125.0,120.04843
125.0,117.53425
125.0,111.19469
125.0,104.57079
125.0,106.81587
125.0,110.99467
125.0,110.89899
125.0,114.98834
125.0,116.087685
125.0,118.518036
125.0,120.28972
125.0,120.41697
125.0,120.417015
125.0,120.93243
125.0,121.68378
125.0,121.592865
125.0,121.58017
125.0,122.29978
125.0,122.50789
125.0,122.95476
125.0,122.75964
125.0,122.16648
125.0,122.72885
125.0,122.71009
125.0,122.85348
125.0,122.64982
125.0,122.37885
125.0,122.51555
125.0,121.71575
125.0,121.80743
125.0,121.47055
125.0,120.6366
125.0,119.2185
125.0,117.72313
125.0,112.36715
125.0,114.683105
125.0,116.488815
125.0,116.5446
125.0,115.788506
125.0,117.267685
125.0,115.74049
125.0,112.44352
125.0,108.94552
125.0,108.9186
125.0,110.555244
125.0,114.53541
125.0,115.81755
125.0,117.856705
125.0,117.79028
125.0,116.366325
125.0,118.11583
125.0,115.81429
125.0,113.238266
125.0,110.99255
125.0,116.029335
125.0,115.91205
125.0,118.87343
125.0,119.57337
125.0,119.42579
125.0,119.095085
125.0,118.42884
125.0,117.554756
125.0,114.96277
125.0,112.166534
125.0,98.88043
125.0,103.65241
125.0,105.6737
125.0,107.36458
125.0,101.192024
125.0,99.49087
125.0,98.65604
125.0,97.4075
125.0,94.03245
125.0,119.252754
125.0,118.939995
125.0,119.29173
125.0,118.89154
125.0,118.10935
125.0,119.25959
125.0,117.24131
125.0,119.52886
125.0,119.3075
125.0,120.0072
125.0,120.77158
125.0,119.66438
125.0,119.6865
125.0,119.183525
125.0,119.34446
125.0,118.66925
125.0,118.55595
125.0,119.034706
125.0,119.19756
125.0,119.41856
125.0,119.29597
125.0,119.71924
125.0,120.68774
125.0,121.02033
125.0,121.682915
125.0,121.84289
125.0,122.35126
125.0,122.620186
125.0,122.77887
125.0,123.49923
125.0,124.45675
125.0,124.149734
125.0,123.67997
125.0,122.57626
125.0,122.45901
125.0,123.14201
125.0,122.766914
125.0,122.55029
125.0,122.31302
125.0,122.4326
125.0,122.19159
125.0,121.52615
125.0,121.28497
125.0,121.24563
125.0,120.53269
125.0,119.00234
125.0,118.95232
125.0,119.02743
125.0,117.42043
125.0,119.0643
125.0,119.15941
125.0,119.82474
125.0,119.78029
125.0,120.5147
125.0,120.81489
125.0,120.836075
125.0,120.80181
125.0,121.24507
125.0,121.470985
125.0,121.690125
125.0,121.98292
125.0,121.4642
125.0,121.2454
125.0,121.701866
125.0,120.46577
125.0,120.50748
125.0,120.78635
125.0,120.96197
125.0,120.13009
125.0,120.297554
125.0,120.569664
125.0,121.01522
125.0,121.05004
125.0,120.79581
125.0,120.58869
125.0,120.39883
125.0,120.14689
125.0,120.26991
125.0,120.64648
125.0,120.91607
125.0,121.09474
125.0,120.81563
125.0,120.07227
125.0,119.853806
125.0,119.20945
125.0,117.41252
125.0,117.0903
125.0,117.85278
125.0,116.72804
125.0,114.896706
125.0,115.46275
125.0,114.44076
125.0,115.50589
125.0,117.79483
125.0,116.87522
125.0,115.4684
125.0,119.05941
125.0,119.33215
125.0,118.99435
125.0,119.80503
125.0,120.43205
125.0,120.89548
125.0,120.473946
125.0,119.67528
125.0,118.78589
125.0,118.731606
125.0,115.4143
125.0,116.791824
125.0,115.2839
125.0,117.772446
125.0,116.9745
125.0,116.83075
125.0,115.5537
125.0,115.85143
125.0,117.11781
125.0,116.47622
125.0,119.0485
125.0,118.98061
125.0,119.50688
125.0,119.82627
125.0,120.86473
125.0,121.04508
125.0,121.459854
125.0,122.33819
125.0,122.83812
125.0,122.763695
125.0,123.559235
125.0,123.43592
125.0,122.521515
125.0,122.31718
125.0,121.46401
125.0,121.17597
125.0,120.47216
125.0,120.52189
125.0,119.62015
125.0,119.19503
125.0,118.297874
125.0,116.44863
125.0,110.523476
125.0,114.93156
125.0,107.66969
125.0,105.40056
125.0,100.387184
125.0,99.33592
125.0,96.55651
125.0,100.97644
125.0,100.45064
125.0,97.72061
125.0,98.74754
125.0,103.06793
125.0,103.21779
125.0,108.96339
125.0,113.75891
125.0,116.397606
125.0,117.12294
125.0,119.23138
125.0,119.674225
125.0,120.428856
125.0,119.068596
125.0,119.184586
125.0,119.32684
125.0,114.02321
125.0,111.43181
125.0,116.8969
125.0,114.21245
125.0,108.96155
125.0,110.00558
125.0,111.79991
125.0,113.01319
125.0,116.87469
125.0,117.202835
125.0,114.00113
125.0,116.59471
125.0,116.13779
125.0,110.738914
125.0,111.67687
125.0,109.7118
125.0,113.4011
125.0,114.23292
125.0,117.62108
125.0,116.442955
125.0,117.914825
125.0,116.31234
125.0,116.014496
125.0,115.46946
125.0,115.15439
125.0,115.75899
125.0,114.50703
125.0,112.55832
125.0,108.04736
125.0,109.07041
125.0,101.03651
125.0,100.344376
125.0,99.30401
125.0,99.64896
125.0,93.686165
125.0,92.1897
124.0,94.04021
123.0,93.42733
122.0,90.80225
121.0,97.294685
120.0,95.205986
119.0,92.986374
118.0,91.41244
117.0,88.0063
116.0,86.39665
115.0,87.416306
114.0,94.37965
113.0,99.69637
112.0,105.44284
111.0,106.19628
110.0,107.945946
109.0,107.89114
108.0,103.71438
107.0,108.43266
106.0,103.465195
105.0,106.26711
125.0,113.072556
125.0,109.577385
125.0,110.78084
125.0,110.41945
125.0,111.6997
125.0,108.9006
125.0,108.53699
125.0,107.99297
125.0,106.72272
125.0,105.955444
125.0,100.42813
125.0,101.18722
125.0,100.612724
125.0,95.74845
125.0,94.40502
125.0,96.572075
125.0,103.24143
125.0,107.06609
125.0,112.64665
125.0,110.81234
125.0,112.63889
125.0,114.21998
125.0,109.127
125.0,110.25657
125.0,113.04078
125.0,110.97368
125.0,109.65854
125.0,109.0399
125.0,113.75498
125.0,116.16142
125.0,115.3582
125.0,115.71412
125.0,115.56097
125.0,113.859505
125.0,115.03907
125.0,113.485794
125.0,115.0316
125.0,114.30399
125.0,111.102875
125.0,110.46966
125.0,104.30851
125.0,105.28347
125.0,105.40429
124.0,103.120316
123.0,102.21611
122.0,107.37277
121.0,110.94917
120.0,108.86234
119.0,110.53166
118.0,107.48318
117.0,96.87721
116.0,99.4768
115.0,92.75295
114.0,88.40859
113.0,85.66087
112.0,89.4254
111.0,86.99109
110.0,90.37205
109.0,87.104805
108.0,91.41412
107.0,92.95461
106.0,94.65598
105.0,100.26757
104.0,100.89141
103.0,96.36734
102.0,92.19478
101.0,95.17843
100.0,91.50763
99.0,100.10865
98.0,98.39557
97.0,101.697105
96.0,99.64042
95.0,102.63626
94.0,98.915306
93.0,94.24109
92.0,95.84437
91.0,92.364914
90.0,88.45143
89.0,80.38245
88.0,74.189156
87.0,70.811714
86.0,69.18034
85.0,61.74583
84.0,61.870583
83.0,66.15265
125.0,122.60892
125.0,123.11347
125.0,122.75627
125.0,122.76216
125.0,122.56778
125.0,123.892975
125.0,124.35041
125.0,124.31231
125.0,123.552155
125.0,123.68476
125.0,122.69974
125.0,122.96826
125.0,122.20937
125.0,121.3878
125.0,121.25081
125.0,122.03933
125.0,122.66903
125.0,122.13394
125.0,121.7639
125.0,122.31083
125.0,121.56885
125.0,121.6093
125.0,121.05959
125.0,120.71324
125.0,120.49223
125.0,121.74311
125.0,121.6518
125.0,121.81285
125.0,121.42666
125.0,121.22321
125.0,120.9438
125.0,120.85931
125.0,120.38587
125.0,120.47559
125.0,121.35643
125.0,121.185585
125.0,120.73059
125.0,120.844635
125.0,121.01084
125.0,120.84519
125.0,120.60087
125.0,121.0998
125.0,120.87911
125.0,121.07994
125.0,121.183975
125.0,121.40959
125.0,121.774254
125.0,121.470825
125.0,121.674644
125.0,122.01738
125.0,122.43646
125.0,122.72239
125.0,122.71404
125.0,122.97307
125.0,122.84273
125.0,123.87164
125.0,123.189125
125.0,123.39236
125.0,123.08393
125.0,122.72666
125.0,122.367516
125.0,123.64688
125.0,123.382286
125.0,123.37619
125.0,123.3201
125.0,122.59261
125.0,122.18205
125.0,121.65335
125.0,121.65374
125.0,121.178055
125.0,120.99273
125.0,121.54315
125.0,121.031
125.0,121.36873
125.0,121.37328
125.0,121.49852
125.0,121.556984
125.0,121.33701
125.0,121.05959
125.0,121.02424
125.0,121.04585
125.0,121.19195
125.0,120.98344
125.0,120.41023
125.0,120.084145
125.0,119.78583
125.0,118.89298
125.0,118.982506
125.0,118.74191
125.0,115.081184
125.0,114.18368
125.0,118.91808
125.0,119.154305
125.0,119.433365
125.0,120.00688
125.0,120.4378
125.0,120.49365
125.0,120.85623
125.0,121.26022
125.0,121.45612
125.0,120.739
125.0,121.20704
125.0,120.92695
125.0,121.70368
125.0,121.29165
125.0,120.86835
125.0,121.16673
125.0,121.90423
125.0,121.222694
125.0,121.1891
125.0,121.20901
125.0,121.15724
125.0,120.996506
125.0,120.23173
125.0,119.77144
125.0,119.276375
125.0,119.76394
125.0,120.32543
125.0,120.58294
125.0,119.92416
125.0,119.50127
125.0,118.82198
125.0,115.381386
125.0,117.32604
125.0,116.238914
125.0,119.4656
125.0,119.1415
125.0,119.44351
125.0,120.23016
125.0,120.769966
125.0,120.13878
125.0,121.06425
125.0,120.32646
125.0,120.00801
125.0,120.97629
125.0,120.35132
125.0,120.001434
125.0,120.19576
125.0,119.001854
124.0,119.25879
123.0,119.17256
122.0,117.295616
121.0,118.792564
120.0,115.792694
119.0,114.58185
118.0,113.38915
117.0,112.13878
116.0,110.37863
115.0,109.452934
114.0,106.275795
113.0,103.75334
112.0,94.14648
111.0,91.62885
110.0,94.04795
109.0,89.373985
108.0,92.973404
107.0,87.141785
106.0,95.00383
105.0,99.5174
104.0,104.35073
103.0,100.786446
102.0,102.46801
101.0,99.19725
100.0,95.66049
99.0,103.55543
98.0,105.028824
97.0,107.88106
96.0,110.18419
95.0,108.83117
94.0,107.670746
93.0,108.15245
92.0,110.81619
125.0,103.20653
125.0,107.76551
125.0,112.046776
125.0,114.88633
125.0,113.99796
125.0,112.12805
125.0,114.32468
125.0,114.71383
125.0,112.2328
125.0,113.805626
125.0,112.71428
125.0,112.644585
125.0,115.476685
125.0,115.66892
125.0,114.98487
124.0,114.73881
123.0,115.581116
122.0,115.70487
121.0,115.93264
120.0,116.788734
119.0,117.01721
118.0,116.21339
117.0,116.0806
116.0,116.663086
115.0,116.72781
114.0,116.71539
113.0,117.39638
112.0,117.837845
111.0,117.26882
110.0,115.7676
109.0,113.44113
108.0,113.28677
107.0,111.36022
106.0,110.22474
105.0,107.48438
104.0,102.97806
103.0,98.85847
102.0,99.76373
101.0,104.06222
100.0,105.02764
99.0,104.86881
98.0,104.432236
97.0,107.690544
96.0,108.27452
95.0,105.96623
94.0,106.0938
93.0,105.49661
92.0,98.728546
91.0,96.98447
90.0,99.94141
89.0,100.59959
88.0,98.882675
87.0,98.66506
86.0,96.87838
85.0,100.44087
84.0,102.33909
83.0,98.12887
82.0,101.70278
81.0,102.3803
80.0,96.999374
79.0,95.07882
78.0,98.038155
77.0,95.80181
76.0,96.342445
75.0,93.072586
74.0,92.33864
73.0,87.50091
72.0,89.98288
71.0,94.34218
70.0,91.58628
69.0,89.50686
68.0,85.617455
67.0,84.60333
66.0,83.25109
65.0,78.436165
64.0,78.02667
63.0,73.097946
62.0,77.21663
61.0,81.506355
60.0,82.29683
59.0,85.890114
58.0,80.59093
57.0,74.7044
56.0,71.48805
55.0,72.514755
54.0,72.27268
53.0,62.64308
52.0,61.853165
51.0,62.600018
50.0,59.96824
49.0,63.10997
48.0,69.005974
47.0,68.12215
46.0,78.53436
45.0,82.11322
44.0,87.717804
43.0,90.75029
42.0,91.07344
41.0,89.780365
40.0,82.386406
39.0,85.53722
38.0,86.18876
37.0,91.70477
36.0,85.54165
35.0,81.199875
34.0,72.192444
33.0,68.27585
32.0,67.075386
31.0,60.7569
30.0,54.266693
29.0,49.460308
28.0,47.12154
27.0,47.15327
26.0,42.752094
25.0,39.682793
24.0,37.247993
23.0,34.723145
22.0,32.37848
21.0,30.089802
20.0,26.114716
19.0,25.375254
18.0,24.517767
17.0,23.564587
16.0,23.137003
15.0,22.56309
14.0,22.57319
13.0,21.168936
12.0,20.950474
125.0,117.80405
125.0,118.23807
125.0,119.03919
125.0,119.196526
125.0,118.76308
125.0,119.37465
125.0,118.98474
125.0,118.60545
125.0,118.43984
125.0,118.34492
125.0,117.87761
125.0,117.635864
125.0,118.127396
125.0,119.037415
125.0,118.70828
125.0,117.76589
125.0,117.93119
125.0,117.895966
125.0,118.448166
125.0,118.4617
125.0,118.6184
125.0,118.350685
125.0,118.16694
125.0,118.41625
125.0,117.63568
125.0,115.817345
125.0,114.88602
125.0,113.425674
125.0,113.24182
125.0,109.73999
125.0,108.666664
125.0,109.6417
125.0,113.01944
125.0,110.894455
124.0,113.24218
123.0,114.71771
122.0,113.64071
121.0,113.0955
120.0,113.159294
119.0,110.513664
118.0,110.09806
117.0,110.48025
116.0,114.43934
115.0,114.77429
114.0,113.40021
113.0,109.32919
112.0,108.61752
111.0,103.08289
110.0,102.56866
109.0,107.46602
108.0,108.00205
107.0,109.91337
106.0,109.06612
105.0,110.16042
104.0,111.87342
103.0,115.50873
102.0,116.97468
101.0,117.88703
100.0,117.86355
99.0,118.07835
98.0,117.17705
97.0,117.46031
96.0,117.10422
95.0,116.80695
94.0,115.267456
93.0,112.057106
92.0,113.33076
91.0,113.3513
90.0,113.57601
89.0,108.69284
88.0,101.18377
87.0,101.31915
86.0,96.38397
85.0,94.33813
84.0,90.79562
83.0,86.32915
82.0,80.591736
81.0,78.746155
80.0,75.59915
79.0,82.51646
78.0,83.62725
77.0,85.71016
76.0,86.81299
75.0,89.3267
74.0,90.8321
73.0,91.77683
72.0,93.80958
71.0,101.445526
70.0,102.60563
69.0,111.40497
68.0,110.570984
67.0,110.59681
66.0,106.83097
65.0,105.752
64.0,104.96318
63.0,106.028824
62.0,107.12336
61.0,105.29664
60.0,105.31391
59.0,103.70428
58.0,99.66123
57.0,98.32073
56.0,96.44166
55.0,95.167725
54.0,93.50756
53.0,86.27132
52.0,87.81083
51.0,87.67299
50.0,84.14842
49.0,79.91723
48.0,78.225464
47.0,71.42476
46.0,71.05329
45.0,67.31704
44.0,64.78316
43.0,64.29005
42.0,55.369026
41.0,55.19742
40.0,51.902084
39.0,58.391922
38.0,52.23784
37.0,46.861618
36.0,46.865322
35.0,44.51702
34.0,45.325897
33.0,44.405094
32.0,47.545643
31.0,45.14993
30.0,46.04251
29.0,45.85375
28.0,45.164497
27.0,47.339836
125.0,115.17094
125.0,110.59864
125.0,111.264336
125.0,109.30169
125.0,112.527374
125.0,115.25412
125.0,119.27306
125.0,120.23376
125.0,120.38639
125.0,120.65724
125.0,121.537506
125.0,121.35102
125.0,121.104065
125.0,121.37619
125.0,121.260864
125.0,120.866005
125.0,120.82244
125.0,120.44134
125.0,120.50793
125.0,121.00312
125.0,120.45077
125.0,119.53645
125.0,119.81303
125.0,119.65972
125.0,119.39962
125.0,119.16954
125.0,119.047806
125.0,117.693695
125.0,118.45914
125.0,119.288025
125.0,118.96387
125.0,118.96953
125.0,116.050575
125.0,115.29033
125.0,119.087425
125.0,115.86349
125.0,117.16988
125.0,119.6828
125.0,119.57278
125.0,120.69977
125.0,121.357185
125.0,121.29876
125.0,121.98973
125.0,122.62166
125.0,122.922386
125.0,121.92015
125.0,121.95398
125.0,121.26083
125.0,121.03636
125.0,121.9426
125.0,120.71888
125.0,119.34984
125.0,119.7532
125.0,119.19753
125.0,119.2135
125.0,119.25652
125.0,119.017395
125.0,118.52439
125.0,118.808495
125.0,118.56695
125.0,118.42223
125.0,117.98473
125.0,114.24446
125.0,118.47665
125.0,119.21774
125.0,118.0692
125.0,119.11602
125.0,117.16416
125.0,112.59025
125.0,112.313736
125.0,113.73347
125.0,117.422646
125.0,119.17899
125.0,119.32233
125.0,119.34768
125.0,116.06668
125.0,115.753494
125.0,113.068405
125.0,118.56398
125.0,118.988976
125.0,118.87978
125.0,119.71616
125.0,120.38824
125.0,121.0077
125.0,121.04304
125.0,121.74217
125.0,121.50176
125.0,121.47431
125.0,121.549065
125.0,120.76775
125.0,120.523125
125.0,120.177505
125.0,119.87953
125.0,119.957146
125.0,120.08676
125.0,120.743515
125.0,121.43003
125.0,121.42426
125.0,120.793144
125.0,120.31132
125.0,120.0573
125.0,119.57866
125.0,119.99567
125.0,120.07668
125.0,119.34318
125.0,119.226616
125.0,120.0811
125.0,118.875206
125.0,115.27383
125.0,117.36422
125.0,117.372574
125.0,114.99303
125.0,112.30008
125.0,114.41367
125.0,112.89384
125.0,116.058815
125.0,113.987686
125.0,117.83403
125.0,116.76726
125.0,113.257286
125.0,109.17826
125.0,109.02389
125.0,112.881065
125.0,113.82064
125.0,107.2014
125.0,107.74322
125.0,108.13079
125.0,115.38829
125.0,113.72079
125.0,111.72981
125.0,111.47341
125.0,109.24208
125.0,105.17949
125.0,101.99812
125.0,109.38407
125.0,108.15855
125.0,105.04983
125.0,102.82396
125.0,102.936775
125.0,100.93702
125.0,101.732704
125.0,104.17685
125.0,103.20544
125.0,107.7767
125.0,122.313736
125.0,122.52343
125.0,122.439964
125.0,122.09756
125.0,121.34086
125.0,120.92818
125.0,120.45419
125.0,120.07687
125.0,120.68833
125.0,120.73116
125.0,120.482185
125.0,120.66503
125.0,121.6544
125.0,122.80671
125.0,122.2735
125.0,122.26138
125.0,121.74268
125.0,121.25503
125.0,121.47531
125.0,120.758995
125.0,120.801285
125.0,120.59556
125.0,120.523
125.0,120.5626
125.0,120.901474
125.0,121.836815
125.0,120.86404
125.0,121.529915
125.0,122.01675
125.0,122.02305
125.0,122.067055
125.0,121.59009
125.0,120.527916
125.0,120.0567
125.0,120.094536
125.0,119.17503
125.0,118.49547
125.0,118.03807
125.0,118.760574
125.0,119.23624
125.0,119.66871
125.0,120.06662
125.0,120.85995
125.0,121.71544
125.0,121.086754
125.0,120.92528
125.0,119.988846
125.0,120.02836
125.0,121.11661
125.0,120.70135
125.0,120.80376
125.0,119.588585
125.0,119.87522
125.0,120.31803
125.0,120.86736
125.0,121.616615
125.0,120.87211
125.0,120.88372
125.0,121.57279
125.0,121.747894
125.0,121.88844
125.0,121.30122
125.0,121.036766
125.0,120.94144
125.0,121.15832
125.0,121.12095
125.0,120.36641
125.0,120.28752
125.0,119.988304
125.0,120.628105
125.0,120.989136
125.0,121.094604
125.0,121.640366
125.0,121.90902
125.0,121.83669
125.0,121.91882
125.0,122.12894
125.0,122.80278
125.0,123.352005
125.0,123.013535
125.0,122.43848
125.0,121.6772
125.0,122.45428
125.0,122.82057
125.0,123.211006
125.0,123.98576
125.0,123.37189
125.0,123.01693
125.0,122.75193
125.0,122.661865
125.0,121.57996
125.0,121.09828
125.0,120.801
125.0,121.72099
125.0,122.33778
125.0,123.05358
125.0,123.33429
125.0,123.67314
125.0,123.62321
125.0,123.88636
125.0,123.84345
125.0,123.46024
125.0,122.62837
125.0,122.1823
125.0,121.8487
125.0,120.50952
125.0,119.1049
125.0,118.322105
125.0,116.86637
125.0,115.73749
125.0,107.21752
125.0,103.16378
125.0,102.60763
125.0,99.08154
125.0,98.68384
125.0,108.70761
125.0,108.633896
125.0,111.23833
125.0,112.41533
125.0,114.86477
125.0,108.74387
125.0,106.792274
125.0,110.34988
125.0,115.60768
125.0,119.51805
125.0,119.99069
125.0,120.74239
125.0,121.437325
125.0,122.54098
125.0,122.73941
125.0,123.00722
125.0,122.67591
125.0,122.85638
125.0,122.89931
125.0,122.92815
125.0,121.85014
125.0,120.92988
125.0,120.81024
125.0,120.426125
125.0,120.31538
125.0,121.556
125.0,121.86373
125.0,121.797966
125.0,121.822495
125.0,120.78866
125.0,121.60548
125.0,121.68528
125.0,121.417145
125.0,121.46758
125.0,122.49059
125.0,122.381165
125.0,121.94515
125.0,121.99327
125.0,122.85651
125.0,122.56767
125.0,121.6021
125.0,120.99543
125.0,120.76217
125.0,120.57694
125.0,119.885056
125.0,119.4522
125.0,118.31797
125.0,119.4103
125.0,120.07393
125.0,121.23776
125.0,121.91222
125.0,121.479324
125.0,120.935394
125.0,121.02862
125.0,120.85
125.0,121.69425
125.0,121.81595
125.0,121.99449
125.0,122.00946
125.0,121.00162
125.0,121.30951
125.0,121.378784
125.0,120.780815
125.0,121.05478
125.0,121.20691
125.0,122.47287
125.0,122.9851
125.0,123.471306
125.0,123.5884
125.0,123.15579
125.0,122.39232
125.0,121.997444
125.0,121.53113
125.0,119.857895
125.0,119.12438
125.0,119.74569
125.0,119.376945
125.0,119.701546
125.0,119.427315
125.0,119.333534
125.0,119.07411
125.0,118.95232
125.0,119.20983
125.0,118.98907
125.0,119.44918
125.0,119.978935
125.0,120.49928
125.0,121.60524
125.0,122.206375
125.0,122.910965
125.0,122.6859
125.0,123.8627
125.0,123.59415
125.0,124.045006
125.0,123.280365
125.0,123.580185
125.0,122.95351
125.0,123.10878
125.0,121.99027
125.0,121.94715
125.0,122.62658
125.0,122.60009
125.0,121.515434
125.0,120.95761
125.0,120.69471
125.0,121.18882
125.0,120.88914
125.0,120.400734
125.0,119.71644
125.0,119.35186
125.0,118.85174
125.0,119.79481
125.0,120.00875
125.0,118.66962
125.0,117.22652
125.0,114.40493
125.0,113.12072
125.0,115.81752
125.0,114.324394
125.0,112.9311
125.0,115.14286
125.0,117.92527
125.0,114.4546
125.0,114.18751
125.0,116.05025
125.0,115.534386
125.0,114.728165
125.0,118.82796
125.0,118.903404
125.0,120.426384
125.0,121.35625
125.0,121.15711
125.0,121.42919
125.0,121.473564
125.0,121.69689
125.0,121.79604
125.0,122.295784
125.0,121.94883
125.0,122.32943
125.0,122.87609
125.0,123.19447
125.0,123.57641
125.0,124.0557
125.0,123.23314
125.0,122.68737
125.0,122.21511
125.0,121.68853
125.0,122.18927
125.0,122.41734
125.0,122.50795
125.0,122.84043
125.0,122.610466
125.0,122.448395
125.0,122.167435
125.0,121.91734
125.0,121.39513
125.0,120.95905
125.0,120.16018
125.0,118.93118
125.0,119.559135
125.0,116.28817
125.0,117.72762
125.0,118.58464
125.0,118.549706
125.0,117.647224
125.0,110.52475
125.0,112.87542
125.0,109.81059
125.0,112.57614
125.0,117.921455
125.0,118.86034
125.0,119.79144
125.0,120.69449
125.0,121.44564
125.0,121.75097
125.0,121.68082
125.0,122.045166
125.0,122.40763
125.0,122.51381
125.0,122.53557
125.0,122.096214
125.0,122.585815
125.0,122.88303
125.0,122.09128
125.0,122.26764
125.0,121.57718
125.0,121.4792
125.0,120.36589
125.0,119.197296
125.0,119.36405
125.0,110.28889
125.0,110.08902
125.0,108.242966
125.0,110.561966
125.0,114.29989
125.0,111.755226
125.0,115.43238
125.0,114.70201
125.0,110.17307
125.0,105.24108
125.0,105.408264
125.0,104.058266
125.0,109.22995
125.0,110.54241
125.0,108.11728
125.0,106.2939
125.0,110.8973
125.0,111.732414
125.0,115.56968
125.0,115.332115
125.0,116.33493
125.0,119.29181
125.0,120.322876
125.0,120.645805
125.0,121.80772
125.0,123.248055
125.0,123.819275
125.0,124.00502
125.0,123.46385
125.0,123.292015
125.0,122.59923
125.0,122.38328
125.0,122.24573
125.0,121.49879
125.0,121.9833
125.0,121.27285
125.0,121.32634
125.0,120.77036
125.0,119.192825
125.0,116.31434
125.0,110.105675
125.0,104.45816
125.0,100.18185
125.0,99.52685
125.0,102.86738
125.0,101.41421
125.0,100.40492
125.0,96.4951
125.0,95.42788
125.0,94.80652
125.0,91.7566
125.0,91.26155
125.0,87.23849
125.0,88.23818
125.0,91.749725
125.0,99.168625
125.0,97.607
125.0,93.27161
125.0,96.5865
125.0,96.750404
125.0,99.47334
125.0,104.21098
125.0,106.45476
125.0,104.41031
125.0,108.6932
125.0,107.630684
124.0,106.07731
123.0,109.51285
122.0,111.682625
121.0,112.08752
120.0,115.78744
119.0,115.91386
118.0,117.43812
117.0,116.94608
116.0,117.90018
115.0,116.82142
114.0,114.73808
113.0,111.21668
112.0,107.66459
111.0,105.80815
110.0,102.181946
109.0,100.52765
108.0,93.96759
107.0,88.961586
106.0,87.39182
105.0,85.344444
104.0,90.256615
103.0,85.802086
102.0,84.43582
101.0,84.77581
100.0,86.9745
99.0,84.336586
98.0,93.09381
97.0,95.4977
96.0,93.56706
95.0,95.72512
94.0,95.1419
93.0,94.471886
92.0,96.792366
91.0,95.34518
90.0,99.6877
89.0,95.79978
88.0,96.58771
87.0,92.97298
86.0,96.95524
85.0,93.23249
84.0,91.44941
83.0,100.98539
82.0,101.33696
81.0,98.69397
80.0,91.681
79.0,84.33354
78.0,83.19381
77.0,75.39626
76.0,63.347473
75.0,60.798122
74.0,63.924023
73.0,58.649315
72.0,61.04005
71.0,65.11176
70.0,67.56642
69.0,68.12257
68.0,65.825195
67.0,62.9663
66.0,58.98221
65.0,61.465202
64.0,62.34573
63.0,62.298477
62.0,63.732227
61.0,62.1157
60.0,62.271244
59.0,61.164146
58.0,63.15562
57.0,59.893944
56.0,59.521362
55.0,56.702377
54.0,56.712383
53.0,56.14949
52.0,54.81223
51.0,50.32816
50.0,48.221024
49.0,46.801052
48.0,48.804066
47.0,46.83582
46.0,45.80736
45.0,44.817104
44.0,45.135193
43.0,43.476074
42.0,45.51922
41.0,45.518234
40.0,45.136868
125.0,94.492775
125.0,90.9147
125.0,92.75738
125.0,93.08562
125.0,97.766045
125.0,101.2049
125.0,104.34562
125.0,106.21976
125.0,106.89782
125.0,107.94918
125.0,111.78786
125.0,111.40431
125.0,112.3074
125.0,111.641045
125.0,109.419426
125.0,112.30692
125.0,111.49377
125.0,109.64297
125.0,110.0755
125.0,110.39648
125.0,109.798805
125.0,109.577385
125.0,108.73702
125.0,107.94656
125.0,107.709496
125.0,110.22255
125.0,108.38704
125.0,111.8654
124.0,108.08824
123.0,108.77564
122.0,111.35
121.0,113.182465
120.0,111.660515
119.0,111.97198
118.0,113.61016
117.0,115.84327
116.0,115.5047
115.0,113.73905
114.0,111.155914
113.0,110.96521
112.0,108.371315
111.0,108.53657
110.0,109.80958
109.0,105.28918
108.0,99.2257
107.0,97.35023
106.0,96.47657
105.0,93.68312
104.0,93.86301
103.0,95.93093
102.0,103.44243
101.0,107.12956
100.0,110.54398
99.0,109.19369
98.0,111.39351
97.0,111.07683
96.0,110.72506
95.0,112.049904
94.0,107.95224
93.0,106.419334
125.0,107.25825
125.0,107.91723
125.0,104.16945
125.0,99.20273
125.0,100.47893
125.0,97.106575
125.0,96.568794
125.0,92.43777
125.0,94.22537
125.0,99.14322
125.0,97.14524
125.0,102.666695
125.0,103.274826
125.0,105.717384
125.0,104.09091
125.0,104.926735
125.0,103.29428
125.0,104.09927
125.0,104.17895
125.0,101.94716
125.0,112.62228
125.0,110.942154
125.0,114.48873
125.0,115.92309
125.0,114.416916
125.0,112.5712
125.0,113.1708
125.0,115.20833
125.0,114.12383
125.0,115.20372
125.0,116.147835
125.0,115.342865
125.0,114.86135
125.0,110.40289
125.0,108.51905
125.0,100.07417
125.0,98.20138
125.0,91.44775
125.0,86.99156
125.0,87.53688
125.0,89.92461
125.0,93.04389
125.0,95.54089
125.0,94.45541
125.0,92.27055
125.0,90.14698
125.0,90.73226
125.0,89.21002
125.0,88.90358
125.0,90.969284
125.0,98.8422
125.0,103.78103
125.0,105.92454
125.0,108.19373
125.0,111.688866
125.0,112.769516
125.0,107.56271
125.0,110.235405
125.0,106.0062
125.0,106.857346
125.0,108.1704
125.0,108.44721
125.0,106.98412
125.0,103.428375
125.0,101.81491
125.0,99.14379
124.0,100.53017
123.0,99.77076
122.0,99.42222
121.0,105.76638
120.0,107.83599
119.0,109.79318
118.0,109.63127
117.0,104.61549
116.0,100.74429
115.0,96.43862
114.0,95.92071
113.0,96.39957
112.0,96.317764
111.0,100.81509
110.0,102.410164
109.0,105.46158
108.0,104.02739
107.0,100.206604
106.0,100.522415
105.0,98.377914
104.0,92.3334
103.0,87.854485
102.0,85.98693
101.0,81.92137
100.0,79.353775
99.0,75.55869
98.0,74.27436
97.0,72.83162
96.0,74.119965
95.0,74.41755
94.0,77.56686
93.0,76.21498
92.0,71.96248
91.0,73.29977
90.0,80.49952
89.0,82.11939
88.0,82.934425
87.0,80.082596
86.0,84.549805
85.0,83.17912
84.0,82.73298
83.0,80.283005
82.0,81.7419
81.0,82.167465
80.0,85.110535
79.0,86.32138
78.0,85.53894
77.0,77.95885
125.0,126.94511
125.0,126.62895
125.0,126.00416
125.0,126.20527
125.0,125.77329
125.0,125.50032
125.0,125.58736
125.0,125.42124
125.0,125.67301
125.0,125.86129
125.0,126.54923
125.0,126.568405
125.0,126.68383
125.0,126.34903
125.0,126.48295
125.0,126.397896
125.0,126.079185
125.0,125.816124
125.0,125.507744
125.0,125.348656
125.0,125.36956
125.0,125.512985
125.0,125.50931
125.0,125.165596
125.0,125.12891
125.0,125.444176
125.0,125.46405
125.0,125.114845
125.0,124.59767
125.0,124.97985
125.0,124.92654
125.0,124.94467
125.0,124.73461
125.0,124.41508
125.0,124.20007
125.0,123.94603
125.0,124.25196
125.0,124.55385
125.0,124.610115
125.0,125.40032
125.0,125.66699
125.0,125.44685
125.0,125.648636
125.0,125.71891
125.0,125.695694
125.0,126.28499
125.0,126.73339
125.0,126.84341
125.0,125.99251
125.0,125.25427
125.0,125.238495
125.0,125.121475
125.0,124.94064
125.0,124.58664
125.0,125.196266
125.0,124.99508
125.0,124.63991
125.0,124.83154
125.0,124.847664
125.0,125.183525
125.0,125.12946
125.0,125.10093
125.0,125.655876
125.0,125.58182
125.0,125.90587
125.0,126.10483
125.0,126.741516
125.0,127.07421
125.0,126.887245
125.0,127.135414
125.0,127.09907
125.0,126.42612
125.0,125.756325
125.0,125.31068
125.0,125.012665
125.0,124.88005
125.0,125.056076
125.0,125.81655
125.0,125.08392
125.0,124.81472
125.0,124.836044
125.0,125.042854
125.0,124.94849
125.0,124.38258
125.0,124.332565
125.0,123.80026
125.0,123.357574
125.0,123.21978
125.0,123.75809
125.0,123.81671
125.0,123.92013
125.0,123.74804
125.0,124.08044
125.0,124.00478
125.0,124.10775
125.0,124.148094
125.0,124.49632
125.0,124.15992
125.0,123.843575
125.0,124.33393
125.0,124.57589
125.0,124.40242
125.0,123.94643
125.0,123.680374
125.0,123.70426
125.0,123.33536
125.0,123.67128
125.0,124.371315
125.0,124.36794
125.0,125.04631
125.0,125.68072
125.0,126.11471
125.0,126.25578
125.0,126.06905
125.0,126.13345
125.0,125.900444
125.0,125.35866
125.0,124.651
125.0,124.3864
125.0,123.484505
125.0,123.38859
125.0,122.648544
125.0,121.96887
125.0,122.21079
125.0,121.99169
125.0,122.134384
124.0,122.29344
123.0,121.88204
122.0,121.88297
121.0,122.035736
120.0,121.47047
119.0,121.46226
118.0,121.03923
117.0,120.87312
116.0,121.31687
115.0,121.16173
114.0,121.37057
113.0,121.70826
112.0,121.65081
111.0,121.63572
110.0,121.712524
109.0,121.612885
108.0,121.7679
107.0,121.94962
106.0,121.80153
105.0,121.46181
104.0,121.77986
103.0,121.54375
102.0,121.36553
101.0,121.70084
100.0,121.73042
99.0,120.39321
98.0,119.78142
97.0,116.77442
96.0,112.70229
95.0,112.925545
94.0,113.31165
93.0,109.634575
92.0,107.84079
91.0,108.8906
90.0,107.888596
89.0,108.15483
88.0,110.66074
87.0,110.63896
86.0,112.080666
85.0,110.35828
84.0,115.11112
83.0,117.764084
82.0,118.90719
81.0,119.02326
80.0,119.33273
79.0,119.6243
78.0,119.43716
77.0,120.03447
76.0,119.82419
75.0,118.8759
74.0,116.64237
73.0,116.30339
72.0,117.129814
71.0,116.21433
70.0,116.40191
69.0,108.4362
68.0,110.06419
67.0,104.53403
66.0,104.50861
65.0,97.21513
125.0,124.57821
125.0,124.385056
125.0,124.67518
125.0,124.19594
125.0,124.4912
125.0,124.519
125.0,124.28857
125.0,124.08304
125.0,123.672134
125.0,123.985794
125.0,124.20379
125.0,124.97794
125.0,125.34012
125.0,125.41397
125.0,125.40081
125.0,124.913155
125.0,124.93022
125.0,124.58311
125.0,123.46301
125.0,123.514275
125.0,123.31996
125.0,123.54346
125.0,123.48399
125.0,123.12405
125.0,123.088684
125.0,122.802345
125.0,122.41348
125.0,122.15054
125.0,121.89464
125.0,121.80244
125.0,121.97475
125.0,121.46509
125.0,120.880325
125.0,120.19689
125.0,120.16959
125.0,120.869576
125.0,120.93632
125.0,121.282845
125.0,121.61458
125.0,121.567726
125.0,121.89117
125.0,122.89584
125.0,123.46264
125.0,123.63914
125.0,123.86555
125.0,123.661476
125.0,123.949844
125.0,124.030304
125.0,123.560905
125.0,123.74598
125.0,124.051445
125.0,124.52857
125.0,124.71088
125.0,125.07681
125.0,125.303925
125.0,125.824615
125.0,125.767914
125.0,125.92918
125.0,125.816345
125.0,125.2546
125.0,125.64295
125.0,124.78422
125.0,124.38172
125.0,123.871666
125.0,123.79748
125.0,123.818275
125.0,123.57021
125.0,123.33889
125.0,123.14113
125.0,122.55174
125.0,122.5299
125.0,123.066345
125.0,123.7611
125.0,123.77023
125.0,124.02721
125.0,123.71363
125.0,123.739914
125.0,123.192085
125.0,122.85278
125.0,122.8581
125.0,122.53137
125.0,122.06762
125.0,121.543465
125.0,121.40048
125.0,120.8704
125.0,121.55226
125.0,121.416435
125.0,121.12978
125.0,121.39201
125.0,121.06467
125.0,121.35426
125.0,121.7239
125.0,121.45025
125.0,121.466324
125.0,121.78893
125.0,121.49975
125.0,121.53484
125.0,121.84363
125.0,121.94625
125.0,121.52992
125.0,122.25433
125.0,122.16851
125.0,122.277824
125.0,122.23574
125.0,122.174355
125.0,121.71295
125.0,121.414246
125.0,120.636566
125.0,120.20328
125.0,120.333626
125.0,120.550644
125.0,121.12433
125.0,122.30714
125.0,122.7174
125.0,122.79642
125.0,123.24832
125.0,123.37205
125.0,123.41572
125.0,124.223145
125.0,124.65646
125.0,124.86258
125.0,125.1695
125.0,124.99241
125.0,124.83621
125.0,124.09829
125.0,123.82068
125.0,123.33643
125.0,123.82449
125.0,123.5287
125.0,123.28043
125.0,122.97754
125.0,121.971985
125.0,121.43182
125.0,121.08616
125.0,121.01429
125.0,119.873535
125.0,119.421364
125.0,119.513885
125.0,118.40028
125.0,118.07315
125.0,117.293625
125.0,117.98355
125.0,118.617355
125.0,118.15777
125.0,117.21899
125.0,118.13441
125.0,119.03462
125.0,119.284454
125.0,119.86514
125.0,120.856064
125.0,121.974495
125.0,122.534966
125.0,122.78582
125.0,122.66769
125.0,122.08148
125.0,122.43518
125.0,122.28636
125.0,122.705795
125.0,122.60287
125.0,122.83503
125.0,121.97512
125.0,120.95581
125.0,120.41426
125.0,120.37915
125.0,120.582596
125.0,119.7083
125.0,119.06735
125.0,119.31338
125.0,119.31439
125.0,120.16771
125.0,119.43911
125.0,119.58644
125.0,119.67736
125.0,120.28078
125.0,119.47305
125.0,119.67285
125.0,119.90038
125.0,118.48059
125.0,118.8586
125.0,119.64312
125.0,119.39666
125.0,119.44582
125.0,119.26834
125.0,119.27769
125.0,118.32056
125.0,118.91936
125.0,118.45929
125.0,117.87854
125.0,114.192184
125.0,110.6376
125.0,109.57399
125.0,108.710045
125.0,107.35564
124.0,104.41161
123.0,101.07799
122.0,107.01827
121.0,105.18326
120.0,107.61339
119.0,109.95396
110.0,118.72516
109.0,117.04345
108.0,117.18187
107.0,115.10508
106.0,116.37263
105.0,116.25993
104.0,117.592064
103.0,116.82404
102.0,114.347946
101.0,116.253075
100.0,117.61736
99.0,117.046684
98.0,118.65392
97.0,117.28376
96.0,118.586975
95.0,118.24998
94.0,116.71723
93.0,112.48821
92.0,109.73158
91.0,109.060165
90.0,111.799706
89.0,112.73384
88.0,112.37071
87.0,109.360954
86.0,111.71767
85.0,106.48018
84.0,102.2692
83.0,103.689644
82.0,105.24334
81.0,100.45877
80.0,94.290115
79.0,88.347595
78.0,91.45531
77.0,86.4786
76.0,92.72745
75.0,92.21089
74.0,97.877686
73.0,95.95529
72.0,101.09468
71.0,107.15304
70.0,110.813095
69.0,113.73268
68.0,116.94999
67.0,115.73749
66.0,116.68686
65.0,116.210175
64.0,114.30715
63.0,115.24515
62.0,114.66061
61.0,114.61797
60.0,117.282036
59.0,114.73332
58.0,111.65084
57.0,109.37394
56.0,105.51852
55.0,101.00934
54.0,100.13817
53.0,98.140144
52.0,96.07909
51.0,83.988464
50.0,77.94475
49.0,72.82364
48.0,72.380165
47.0,74.20084
46.0,72.37698
45.0,74.536095
44.0,78.256546
43.0,77.03836
42.0,78.40283
41.0,81.17516
40.0,78.409584
39.0,77.74194
38.0,82.235664
37.0,83.04745
36.0,78.357254
35.0,73.753006
34.0,77.32601
33.0,83.05012
32.0,79.63249
31.0,75.69836
30.0,76.8081
29.0,69.9857
28.0,64.21975
27.0,62.066093
26.0,49.394146
25.0,42.9539
24.0,40.649227
23.0,37.670174
22.0,35.822643
21.0,32.125393
20.0,30.568241
19.0,29.21235
18.0,28.18507
17.0,28.28842
16.0,27.090694
15.0,27.6151
14.0,27.291424
13.0,24.549515
12.0,22.573565
11.0,20.32031
10.0,20.117062
9.0,18.948029
8.0,17.53439
7.0,15.959501
125.0,118.96747
125.0,119.84005
125.0,120.11978
125.0,120.22773
125.0,120.20667
125.0,119.48323
125.0,118.36263
125.0,118.135956
125.0,118.11755
125.0,118.01617
125.0,117.6937
125.0,116.93458
125.0,116.57328
125.0,116.18457
125.0,111.776955
125.0,108.972015
125.0,107.05536
125.0,103.78358
125.0,101.967834
125.0,102.9787
125.0,104.424225
125.0,106.42821
125.0,106.97405
125.0,109.553825
125.0,113.31407
125.0,116.581154
125.0,117.847176
125.0,117.83986
125.0,117.76913
125.0,118.495804
125.0,118.59566
125.0,119.22407
125.0,119.34848
125.0,119.29602
125.0,120.05515
125.0,119.25382
125.0,118.65841
125.0,118.69487
125.0,118.04286
125.0,117.89414
125.0,117.47238
125.0,116.64672
125.0,116.25335
125.0,115.30007
125.0,115.360115
125.0,116.329216
125.0,116.15383
125.0,116.41035
125.0,116.644844
125.0,117.24889
125.0,117.39989
125.0,117.90196
125.0,118.59207
125.0,119.395164
125.0,119.55997
125.0,119.012726
125.0,118.33816
125.0,119.13553
125.0,119.16122
125.0,118.79933
125.0,118.74144
125.0,118.05007
125.0,116.949615
125.0,115.11308
125.0,116.09933
125.0,114.46346
125.0,108.5375
125.0,109.37762
125.0,106.28899
125.0,105.68915
125.0,111.06348
125.0,108.028046
125.0,112.87871
125.0,113.71967
125.0,111.63587
125.0,112.63619
125.0,109.18735
125.0,109.28062
125.0,109.14973
125.0,110.00903
125.0,112.26811
125.0,116.43203
125.0,117.491585
125.0,118.027664
125.0,117.62975
125.0,116.89915
125.0,117.11466
125.0,117.07856
125.0,117.63149
125.0,117.28414
125.0,116.59715
125.0,116.16518
125.0,115.86943
125.0,112.377014
125.0,112.51083
125.0,112.7752
125.0,113.27959
125.0,113.94779
125.0,115.31727
125.0,113.72563
125.0,115.452415
125.0,108.58856
125.0,110.08084
125.0,110.33072
125.0,106.845055
125.0,104.81468
125.0,99.62736
125.0,96.06696
125.0,98.86241
125.0,102.88792
125.0,105.042366
125.0,109.03249
125.0,109.37358
125.0,112.09437
125.0,112.82268
125.0,110.96195
125.0,110.8014
125.0,112.72723
125.0,112.24612
125.0,113.11227
125.0,111.76869
125.0,111.53609
125.0,115.019295
125.0,113.10912
125.0,112.21424
125.0,113.63863
125.0,111.84645
125.0,111.80416
124.0,111.57955
123.0,109.47583
122.0,108.73768
121.0,99.47822
120.0,96.88662
119.0,98.513664
118.0,94.57232
117.0,88.16292
116.0,87.31507
115.0,85.29868
114.0,80.86
113.0,82.33125
112.0,83.53492
111.0,85.54013
110.0,92.06417
109.0,94.14407
108.0,91.72353
107.0,91.938995
106.0,89.20193
105.0,87.99154
104.0,89.47177
103.0,96.3366
102.0,95.67395
101.0,89.59822
100.0,89.463715
99.0,88.26212
98.0,85.31715
97.0,85.333984
96.0,87.36784
95.0,96.97333
94.0,100.03447
93.0,107.705635
92.0,111.08033
91.0,111.92371
90.0,111.7781
89.0,116.02326
88.0,116.39545
87.0,114.6657
86.0,113.42449
85.0,111.97947
84.0,104.81217
83.0,107.15726
82.0,107.24711
81.0,111.962494
80.0,111.38274
79.0,109.802864
78.0,109.11702
77.0,107.19682
76.0,105.25443
75.0,103.12675
74.0,104.0108
73.0,102.921
72.0,103.35732
71.0,95.60418
70.0,92.34152
69.0,88.50566
68.0,89.1188
67.0,81.75042
66.0,74.28153
65.0,78.87634
64.0,75.55948
63.0,74.38446
62.0,71.982
61.0,58.37181
60.0,50.93445
59.0,50.763176
58.0,50.2418
57.0,41.144295
56.0,39.605797
55.0,36.92881
54.0,34.668365
53.0,33.621193
52.0,31.969912
51.0,30.196114
50.0,28.58135
49.0,29.973072
48.0,28.441284
47.0,29.013243
46.0,29.169926
45.0,29.985977
44.0,30.850008
43.0,31.771296
42.0,33.167286
41.0,30.680132
40.0,29.666613
39.0,28.529078
38.0,31.272873
37.0,29.583876
36.0,28.62875
35.0,28.927515
34.0,28.78655
33.0,27.210554
32.0,26.802689
31.0,26.74881
30.0,26.800703
29.0,24.538628
28.0,23.976343
27.0,22.037367
26.0,18.057405
25.0,15.9332695
24.0,15.670479
23.0,14.537025
125.0,123.981804
125.0,123.928276
125.0,123.96395
125.0,123.539764
125.0,123.55552
125.0,123.81361
125.0,124.20359
125.0,124.94118
125.0,124.80001
125.0,125.81841
125.0,125.64151
125.0,126.201096
125.0,126.21753
125.0,126.497986
125.0,126.5748
125.0,126.329765
125.0,125.92208
125.0,125.60829
125.0,125.56881
125.0,124.96265
125.0,124.737366
125.0,124.757065
125.0,124.85701
125.0,124.9095
125.0,124.08943
125.0,123.48746
125.0,123.32153
125.0,123.70154
125.0,124.0366
125.0,123.79602
125.0,123.729546
125.0,123.76198
125.0,123.706764
125.0,123.58597
125.0,123.74414
125.0,123.737
125.0,123.695724
125.0,124.26966
125.0,124.25581
125.0,124.753586
125.0,124.76708
125.0,124.797386
125.0,124.65817
125.0,124.968376
125.0,125.64573
125.0,125.40253
125.0,125.310776
125.0,124.79515
125.0,124.919
125.0,123.82304
125.0,124.0382
125.0,123.97522
125.0,124.173996
125.0,124.027435
125.0,123.57855
125.0,123.84088
125.0,123.88332
125.0,124.24298
125.0,124.283165
125.0,123.821526
125.0,123.84429
125.0,123.8554
125.0,123.730316
125.0,124.1861
125.0,124.32841
125.0,124.10939
125.0,124.27286
125.0,124.80887
125.0,124.84369
125.0,124.350845
125.0,124.32452
125.0,123.776726
125.0,123.24222
125.0,123.55961
125.0,123.79906
125.0,123.57221
125.0,123.22551
125.0,125.416664
125.0,125.14929
125.0,125.17631
125.0,125.3922
125.0,125.31145
125.0,125.043495
125.0,125.25027
125.0,125.14086
125.0,125.55099
125.0,126.46663
125.0,126.669136
125.0,126.530495
125.0,126.3999
125.0,126.17755
125.0,126.63555
125.0,126.99629
125.0,127.07284
125.0,126.737404
125.0,127.09826
125.0,127.45795
125.0,127.28478
125.0,126.591354
125.0,126.60475
125.0,126.40114
125.0,125.96648
125.0,126.34167
125.0,126.14016
125.0,125.83287
125.0,125.59749
125.0,125.79404
125.0,125.63996
125.0,125.97881
125.0,125.793304
125.0,125.731606
125.0,125.60099
125.0,125.82313
125.0,126.05998
125.0,125.95041
125.0,125.572205
125.0,125.82147
125.0,126.111404
125.0,125.992386
125.0,125.64829
125.0,125.63113
125.0,126.02654
125.0,126.226204
125.0,126.12495
125.0,126.32878
125.0,125.76665
125.0,125.408966
125.0,124.39738
125.0,124.0306
125.0,124.19316
125.0,124.131775
125.0,124.25149
125.0,124.97005
125.0,124.98248
125.0,125.192955
125.0,125.10812
125.0,125.030205
125.0,124.43245
125.0,123.92748
125.0,123.48208
125.0,124.100655
125.0,124.41865
125.0,124.72704
125.0,124.74673
125.0,124.1461
125.0,124.36667
125.0,124.41322
125.0,124.87026
125.0,125.07553
125.0,124.77251
125.0,125.08972
125.0,125.70611
125.0,126.33172
125.0,126.69818
125.0,127.63461
125.0,127.20247
125.0,127.23476
125.0,127.08867
125.0,126.54575
125.0,126.158165
125.0,126.02264
125.0,126.101524
125.0,126.504395
125.0,126.311066
125.0,126.539734
125.0,126.63438
125.0,126.62205
125.0,126.22042
125.0,126.14752
125.0,125.42038
125.0,125.878914
125.0,125.86704
125.0,125.682
125.0,126.414734
125.0,126.413704
125.0,126.57869
125.0,126.74257
125.0,126.55285
125.0,126.66383
125.0,126.69359
125.0,126.54825
125.0,126.23565
125.0,125.61084
125.0,125.22744
125.0,125.67905
125.0,125.66543
125.0,125.45229
125.0,125.65355
125.0,125.45681
125.0,125.13053
125.0,124.93398
125.0,124.797554
125.0,124.868546
125.0,124.66515
125.0,124.91727
125.0,124.83888
125.0,124.82515
125.0,124.78584
125.0,124.70195
125.0,125.02342
125.0,124.90559
125.0,124.4666
125.0,124.61867
125.0,125.02359
125.0,125.433815
125.0,125.52285
125.0,126.43197
125.0,126.4365
125.0,126.824615
125.0,127.30211
125.0,127.43726
125.0,127.58111
125.0,127.06172
125.0,127.13689
125.0,127.440216
125.0,127.37593
125.0,127.005325
125.0,127.17783
125.0,126.95999
125.0,126.57072
125.0,126.247345
125.0,125.90069
125.0,125.857056
125.0,125.71252
125.0,126.03633
125.0,126.62131
125.0,126.69541
125.0,126.337425
125.0,126.34593
125.0,125.81553
125.0,125.27333
125.0,125.14549
125.0,125.24897
125.0,125.20934
125.0,125.04384
125.0,125.485435
125.0,125.36383
125.0,126.01235
125.0,125.895294
125.0,125.7686
125.0,125.96312
125.0,125.68687
125.0,125.488106
125.0,125.620125
125.0,126.052055
125.0,125.73972
125.0,125.60455
125.0,125.53343
125.0,125.50059
125.0,125.79526
125.0,126.17519
125.0,126.371506
125.0,126.44114
125.0,126.18376
125.0,125.689255
125.0,126.221596
125.0,126.52483
125.0,126.723366
125.0,125.975105
125.0,125.28856
125.0,125.07905
125.0,124.90042
125.0,124.15642
125.0,123.633675
125.0,123.20984
125.0,123.89971
125.0,123.92238
125.0,123.27215
125.0,123.79825
125.0,123.80171
125.0,123.521385
125.0,124.14587
125.0,124.09235
125.0,124.375244
125.0,125.42042
125.0,125.10409
125.0,125.24702
125.0,125.208855
125.0,125.44449
125.0,125.49649
125.0,125.34356
125.0,125.06868
125.0,125.32772
125.0,125.22785
125.0,125.14038
125.0,125.86936
125.0,125.99865
125.0,126.319214
125.0,125.81289
125.0,125.56284
125.0,125.64069
125.0,126.017525
125.0,125.69945
125.0,125.569595
125.0,125.44513
125.0,126.014114
125.0,125.92752
125.0,125.149475
125.0,125.218376
125.0,124.72008
125.0,123.737366
125.0,123.56338
125.0,123.31976
125.0,123.515594
125.0,123.98864
125.0,123.832596
125.0,123.42969
125.0,123.06473
125.0,123.01073
125.0,123.10362
125.0,123.627365
125.0,123.48199
125.0,123.85149
125.0,123.85806
125.0,123.52507
125.0,123.64678
125.0,123.962425
125.0,123.477615
125.0,123.1271
125.0,123.58532
125.0,123.41674
125.0,123.79228
125.0,123.71728
125.0,123.93459
125.0,124.095474
125.0,124.34658
125.0,124.69054
125.0,124.73491
125.0,125.307304
125.0,125.3189
125.0,124.53353
125.0,123.99314
125.0,123.45287
125.0,123.09836
125.0,123.01078
125.0,123.05166
125.0,122.55689
125.0,122.06032
125.0,121.6933
125.0,121.942444
125.0,122.44141
125.0,121.97447
125.0,121.48421
125.0,121.47272
125.0,121.39955
125.0,121.076775
125.0,121.91801
125.0,121.92259
125.0,121.29595
125.0,122.176155
125.0,122.171364
125.0,122.43405
125.0,122.21858
125.0,122.3267
125.0,122.307915
125.0,122.36742
125.0,121.99022
125.0,122.03643
125.0,122.26089
125.0,122.22263
125.0,121.64733
125.0,121.77683
125.0,122.19356
125.0,121.505905
125.0,121.55425
125.0,121.57449
125.0,120.72091
125.0,120.84261
125.0,120.97478
125.0,120.86504
125.0,121.53155
125.0,121.1858
125.0,121.026474
125.0,121.18392
125.0,120.24018
125.0,120.24116
125.0,120.02136
125.0,119.46728
125.0,119.64129
125.0,120.70314
125.0,121.53147
125.0,121.66969
125.0,121.616066
125.0,121.72333
125.0,121.62159
125.0,121.81091
125.0,121.57422
125.0,120.359795
125.0,120.005066
125.0,118.96077
125.0,118.78854
125.0,117.6037
125.0,118.49998
125.0,112.75217
125.0,113.186325
125.0,108.81797
125.0,103.32897
125.0,102.77861
125.0,104.91093
125.0,106.52939
125.0,107.992905
125.0,108.833206
125.0,109.05175
125.0,108.37488
125.0,104.74553
125.0,108.41833
125.0,107.56934
125.0,100.7341
125.0,121.20596
125.0,121.810295
125.0,122.335495
125.0,121.31116
125.0,121.34857
125.0,121.769745
125.0,121.80813
125.0,121.42565
125.0,121.121346
125.0,121.45644
125.0,121.45986
125.0,120.62462
125.0,120.54538
125.0,119.4801
125.0,117.76333
125.0,118.168236
125.0,118.88005
125.0,119.13813
125.0,118.8319
125.0,119.03548
125.0,119.194016
125.0,119.33811
125.0,120.097145
125.0,120.15339
125.0,119.69447
125.0,119.45173
125.0,119.76831
125.0,119.31418
125.0,119.49785
125.0,119.79387
125.0,119.94757
125.0,119.50648
125.0,118.04534
125.0,117.12647
125.0,117.6034
125.0,118.463356
125.0,118.42371
125.0,118.10126
125.0,118.14368
125.0,118.594765
125.0,118.642685
125.0,118.4029
125.0,119.77772
125.0,119.71272
125.0,119.85449
125.0,119.71128
125.0,119.83113
125.0,120.55323
125.0,120.37294
125.0,120.10692
125.0,121.01294
125.0,120.66597
125.0,120.50374
125.0,120.81611
125.0,119.3728
125.0,118.72376
125.0,117.619736
125.0,118.33874
125.0,118.272514
125.0,118.47363
125.0,118.30752
125.0,116.01745
125.0,113.522255
125.0,117.54031
125.0,117.88692
125.0,117.258125
125.0,116.79315
125.0,116.44029
125.0,117.67222
125.0,117.54299
125.0,117.554726
125.0,118.101166
125.0,118.00132
125.0,113.92763
125.0,116.23372
125.0,114.43691
125.0,111.70668
125.0,115.64865
125.0,113.57407
125.0,113.62318
125.0,111.68224
125.0,110.60543
125.0,107.30919
125.0,108.71129
125.0,100.97593
125.0,99.53913
125.0,103.519684
125.0,116.32328
125.0,114.85791
125.0,117.38055
125.0,118.93227
125.0,118.74904
125.0,120.12353
125.0,120.905876
125.0,120.37196
125.0,120.52721
125.0,120.419266
125.0,121.028
125.0,121.7032
125.0,121.20644
125.0,120.90929
125.0,121.259285
125.0,120.79744
125.0,119.70182
125.0,120.103004
125.0,119.673645
125.0,118.96336
125.0,118.50864
125.0,118.35423
125.0,113.7897
125.0,106.71866
125.0,110.35596
125.0,111.13143
125.0,109.75045
125.0,100.9662
125.0,97.01075
125.0,101.14808
125.0,101.32869
125.0,93.85539
125.0,94.22246
125.0,95.75508
125.0,100.9133
125.0,102.952156
125.0,100.710915
125.0,98.641556
125.0,109.0497
125.0,109.59485
125.0,115.0117
125.0,117.75179
125.0,117.062195
125.0,117.56434
125.0,117.8562
125.0,113.53707
125.0,107.14062
125.0,110.593575
125.0,111.2303
125.0,109.12227
125.0,105.75131
125.0,105.753296
125.0,101.44833
125.0,104.400635
125.0,110.34065
125.0,107.71404
125.0,109.35335
125.0,108.31653
125.0,110.08163
125.0,109.997375
125.0,106.36013
125.0,105.39524
125.0,100.84036
125.0,99.67657
125.0,100.4598
125.0,104.1528
125.0,103.47484
125.0,108.484535
125.0,115.28982
125.0,114.022285
125.0,114.60732
125.0,114.56983
125.0,115.21152
124.0,114.809166
123.0,107.52889
122.0,110.444016
121.0,107.96985
120.0,109.9164
119.0,106.67871
118.0,108.99061
117.0,103.413284
116.0,104.97294
115.0,103.07193
114.0,108.336685
113.0,105.86964
112.0,109.97951
111.0,112.6179
110.0,111.94781
109.0,112.07635
108.0,112.62259
107.0,107.93176
106.0,104.715485
105.0,107.41715
104.0,106.151955
103.0,101.52264
102.0,103.05732
101.0,100.54031
100.0,97.99171
99.0,94.47832
98.0,92.77928
97.0,92.38508
96.0,94.62249
95.0,95.01556
94.0,91.63599
93.0,88.835075
92.0,90.52642
91.0,86.07952
90.0,85.35643
89.0,77.226494
88.0,82.18347
87.0,81.24212
86.0,82.13049
85.0,79.65929
84.0,75.6206
83.0,81.29561
82.0,83.17035
81.0,83.459175
80.0,82.93383
79.0,85.97345
78.0,84.70543
77.0,81.41693
76.0,73.33597
75.0,73.0522
74.0,66.97744
73.0,56.491608
72.0,57.44458
71.0,57.81026
70.0,55.040344
69.0,61.43721
68.0,61.5331
67.0,59.774635
66.0,59.07985
65.0,61.486214
64.0,64.545296
63.0,65.52713
62.0,62.820347
61.0,58.06833
60.0,58.93712
59.0,59.530586
58.0,57.261364
57.0,53.98017
56.0,50.0904
55.0,49.99117
54.0,49.242416
53.0,49.43034
52.0,47.408527
51.0,45.728645
50.0,44.692406
49.0,42.43405
48.0,42.569973
47.0,40.63783
46.0,38.56814
45.0,36.36719
44.0,37.259228
43.0,36.260635
42.0,36.9794
41.0,37.65449
40.0,36.505302
39.0,34.594276
38.0,32.75288
37.0,30.820509
125.0,121.82525
125.0,122.61122
125.0,123.123764
125.0,122.92982
125.0,122.64259
125.0,122.64669
125.0,122.511955
125.0,123.40857
125.0,122.98231
125.0,122.300995
125.0,121.80311
125.0,120.96952
125.0,121.143234
125.0,120.649284
125.0,121.043465
125.0,121.24597
125.0,121.29799
125.0,120.58361
125.0,120.6153
125.0,121.084946
125.0,121.65812
125.0,121.25284
125.0,121.95316
125.0,121.71884
125.0,121.2346
125.0,120.714516
125.0,119.77434
125.0,119.88504
125.0,120.47073
125.0,120.526985
125.0,120.78986
125.0,121.33309
125.0,121.71761
125.0,120.96167
125.0,121.23562
125.0,120.94622
125.0,120.89687
125.0,121.21685
125.0,120.934235
125.0,120.109024
125.0,120.60591
125.0,119.92024
125.0,119.911224
125.0,119.46451
125.0,118.96934
125.0,119.34922
125.0,119.61857
125.0,120.13991
125.0,119.91628
125.0,119.79116
125.0,118.84709
125.0,120.07494
125.0,120.99346
125.0,120.88666
125.0,121.25977
125.0,120.711655
125.0,120.41248
125.0,121.50156
125.0,122.093094
125.0,121.66847
125.0,121.47308
125.0,121.79758
125.0,121.37824
125.0,120.5204
125.0,119.86091
125.0,120.69691
125.0,119.88999
125.0,120.03579
125.0,120.89769
125.0,119.38805
125.0,114.80674
125.0,109.42034
125.0,102.69247
125.0,99.7033
125.0,93.64317
125.0,91.19357
125.0,92.190834
125.0,96.63197
124.0,96.15557
123.0,97.71298
122.0,102.390656
121.0,108.1755
120.0,112.16163
119.0,118.55225
118.0,119.08872
117.0,118.95296
116.0,118.1081
115.0,118.55801
114.0,118.73198
113.0,118.57702
112.0,117.80645
111.0,118.55316
110.0,117.232994
109.0,106.74841
108.0,105.522606
107.0,117.780106
106.0,115.35818
105.0,113.58299
104.0,113.9724
103.0,111.8369
102.0,108.03159
101.0,108.23442
100.0,99.922386
99.0,99.02537
98.0,97.14104
97.0,93.32222
96.0,88.55468
95.0,91.70191
94.0,91.0524
93.0,97.7751
92.0,96.441086
91.0,96.99045
90.0,96.55996
89.0,100.181984
88.0,104.571556
87.0,100.45394
86.0,102.17063
85.0,106.3738
84.0,107.540726
83.0,106.46553
82.0,95.47046
81.0,91.32813
80.0,86.47782
79.0,76.44558
78.0,77.82983
77.0,81.09546
76.0,83.20035
75.0,78.27488
74.0,75.34279
125.0,121.31247
125.0,121.49743
125.0,120.86286
125.0,120.717285
125.0,120.51431
125.0,120.47855
125.0,120.42795
125.0,120.37452
125.0,120.37202
125.0,120.527336
125.0,120.273315
125.0,120.88065
125.0,121.19516
125.0,122.00748
125.0,122.71327
125.0,122.90651
125.0,122.619804
125.0,122.429756
125.0,122.71964
125.0,122.421425
125.0,123.041336
125.0,123.3939
125.0,123.44298
125.0,123.00809
125.0,122.52675
125.0,121.5205
125.0,121.19719
125.0,120.49562
125.0,120.94453
125.0,120.92028
125.0,121.28061
125.0,121.7094
125.0,121.2897
125.0,121.54423
125.0,121.35626
125.0,120.61631
125.0,120.91735
125.0,121.59059
125.0,120.80942
125.0,120.49463
125.0,120.57395
125.0,121.444374
125.0,121.467834
125.0,121.95857
125.0,121.72933
125.0,121.93089
125.0,122.166885
125.0,122.26878
125.0,122.00194
125.0,122.10941
125.0,122.969574
125.0,123.09553
125.0,122.66961
125.0,122.77682
125.0,122.76609
125.0,122.2503
125.0,122.39799
125.0,121.70771
125.0,121.93955
125.0,121.996826
125.0,121.6872
125.0,122.61191
125.0,123.02043
125.0,122.90107
125.0,122.141525
125.0,122.02193
125.0,121.91346
125.0,121.72318
125.0,120.90288
125.0,119.65986
125.0,119.489204
125.0,119.62086
125.0,119.10213
125.0,119.450775
125.0,119.47915
125.0,120.00567
125.0,120.304665
125.0,120.02566
125.0,119.76345
125.0,120.07634
125.0,120.19903
125.0,119.89931
125.0,119.60414
125.0,119.68006
125.0,119.95894
125.0,120.37806
125.0,120.267555
125.0,120.764786
125.0,121.09854
125.0,121.63045
125.0,121.84692
125.0,122.48008
125.0,123.04437
125.0,123.33399
125.0,123.4338
125.0,123.391304
125.0,123.23727
125.0,122.77801
125.0,122.87917
125.0,121.9406
125.0,121.73827
125.0,122.030785
125.0,121.40918
125.0,120.69456
125.0,120.00148
125.0,119.162605
125.0,119.454506
125.0,118.16139
125.0,117.83892
125.0,117.771736
125.0,115.814415
125.0,114.48536
125.0,114.874825
125.0,116.247696
125.0,116.99893
125.0,113.42113
125.0,113.86149
125.0,117.09799
125.0,118.59422
125.0,118.607765
125.0,119.48135
125.0,120.03099
125.0,121.28357
125.0,121.63071
125.0,121.208206
125.0,120.92897
125.0,120.86358
125.0,121.15571
125.0,121.06922
125.0,121.31664
125.0,121.5175
125.0,121.48424
125.0,120.612625
125.0,120.61286
125.0,120.81345
125.0,119.81145
125.0,119.894936
125.0,119.66677
125.0,119.57121
125.0,119.29724
125.0,119.91506
125.0,120.046005
125.0,120.22217
125.0,120.93015
125.0,121.66961
125.0,121.41073
125.0,122.3456
125.0,122.60432
125.0,122.7572
125.0,122.45962
125.0,122.279686
125.0,121.847824
125.0,122.25435
125.0,122.37002
125.0,121.92227
125.0,121.81765
125.0,121.24187
125.0,120.60338
125.0,119.262024
125.0,119.33525
125.0,118.89255
125.0,119.01173
125.0,118.92123
125.0,119.98064
125.0,119.906044
125.0,119.283195
125.0,120.266556
125.0,119.90157
125.0,119.84778
125.0,119.30311
125.0,119.75509
125.0,119.54171
125.0,120.14952
125.0,120.588036
125.0,121.18247
125.0,120.87232
125.0,121.11633
125.0,121.26234
125.0,120.38922
125.0,120.56329
125.0,120.5236
125.0,120.72572
125.0,121.60023
125.0,122.17409
125.0,121.860344
125.0,121.8351
125.0,121.782104
125.0,121.16581
125.0,120.75312
125.0,121.08144
125.0,120.823425
125.0,120.29512
125.0,119.674706
125.0,119.20215
125.0,118.301
125.0,115.22603
125.0,114.36991
125.0,107.48832
125.0,104.501305
125.0,100.382256
125.0,99.69564
125.0,107.38854
125.0,106.33599
125.0,99.81206
125.0,96.61907
125.0,93.852394
125.0,98.32581
125.0,103.19281
125.0,100.90074
125.0,107.70941
125.0,116.533264
125.0,119.616554
125.0,120.70811
125.0,121.547104
125.0,122.05771
125.0,122.28928
125.0,122.6445
125.0,123.15275
125.0,123.37984
125.0,123.1386
125.0,122.521194
125.0,121.424515
125.0,121.17547
125.0,120.78077
125.0,119.75434
125.0,118.910706
125.0,118.29939
125.0,117.86096
125.0,117.59816
125.0,112.386955
125.0,111.93502
125.0,112.15958
125.0,111.03901
125.0,108.17821
125.0,112.206474
125.0,109.80778
125.0,109.62141
125.0,112.09279
125.0,114.49949
125.0,116.702675
125.0,119.13045
125.0,118.499565
125.0,118.44065
125.0,118.097466
125.0,118.61247
125.0,118.22812
125.0,117.958466
125.0,118.69728
125.0,118.08703
125.0,117.523834
125.0,116.41102
125.0,117.59645
125.0,118.24227
125.0,114.26977
125.0,107.23932
125.0,101.23758
125.0,105.594246
125.0,107.107475
125.0,110.27469
125.0,104.23541
125.0,101.03465
125.0,101.17373
125.0,100.71841
125.0,102.29774
125.0,106.30936
125.0,101.16349
125.0,99.138695
125.0,103.903694
125.0,105.4804
125.0,110.25326
125.0,111.47623
125.0,109.65427
125.0,108.37527
125.0,110.70738
125.0,110.74829
125.0,112.73581
125.0,113.1882
125.0,114.11449
125.0,117.11773
125.0,115.03551
124.0,112.680954
123.0,109.78567
122.0,103.27912
121.0,102.062004
120.0,107.10347
119.0,112.03788
118.0,109.17656
117.0,108.98701
116.0,109.62592
115.0,104.51962
114.0,105.44847
113.0,108.14083
112.0,105.69345
111.0,112.00409
110.0,107.09454
109.0,101.21781
108.0,96.75939
107.0,94.36307
106.0,94.68925
105.0,95.89758
104.0,95.8052
103.0,92.81032
102.0,93.89636
101.0,96.266205
100.0,91.2921
99.0,93.24324
98.0,93.35418
97.0,95.99322
96.0,95.97804
95.0,90.37646
94.0,87.13244
93.0,79.28367
92.0,80.538
91.0,82.54668
90.0,83.50327
106.0,114.117966
105.0,112.43904
104.0,110.750015
103.0,112.23568
102.0,110.64729
101.0,106.19998
100.0,104.961105
99.0,98.481
98.0,102.69664
97.0,99.78018
96.0,104.74914
95.0,102.3722
94.0,97.18485
93.0,99.54506
92.0,105.25337
91.0,104.57167
90.0,107.69109
89.0,106.893
88.0,107.85872
87.0,108.211006
86.0,109.235634
85.0,109.25056
84.0,113.9328
83.0,112.70188
82.0,114.42439
81.0,113.55181
80.0,113.876076
79.0,114.937195
78.0,115.57512
77.0,115.11332
76.0,111.88235
75.0,111.07157
74.0,110.99981
73.0,114.77713
72.0,115.70705
71.0,115.86268
70.0,116.05915
69.0,113.74264
68.0,116.13078
67.0,116.26749
66.0,115.736786
65.0,116.03964
64.0,111.37637
63.0,108.50067
62.0,109.33865
61.0,102.34605
60.0,100.09738
59.0,100.602585
58.0,102.52707
57.0,105.276985
56.0,105.228676
55.0,101.26555
54.0,105.2727
53.0,101.42216
52.0,103.76174
51.0,104.74491
50.0,105.719696
49.0,103.70244
48.0,102.20773
47.0,100.94322
46.0,95.37642
45.0,93.55569
44.0,83.9548
43.0,81.52179
42.0,73.531006
41.0,64.076035
40.0,67.9613
39.0,64.42745
38.0,55.884422
37.0,49.87232
36.0,46.38789
35.0,44.355423
34.0,38.83551
33.0,37.687897
32.0,33.36023
31.0,32.683052
30.0,30.635336
29.0,30.109896
28.0,30.180952
27.0,30.53469
26.0,30.13937
25.0,30.601776
24.0,29.773672
23.0,29.42718
22.0,29.555782
21.0,30.130854
20.0,28.485718
19.0,22.138338
18.0,21.03118
17.0,20.650488
16.0,19.065783
15.0,16.144268
14.0,15.577845
13.0,14.141187
12.0,14.348452
125.0,123.95413
125.0,124.30132
125.0,124.016525
125.0,123.913185
125.0,123.832016
125.0,122.83249
125.0,122.54373
125.0,122.50916
125.0,123.2525
125.0,123.57842
125.0,123.75982
125.0,124.10547
125.0,123.94025
125.0,123.74481
125.0,123.26968
125.0,122.90259
125.0,122.285515
125.0,122.174576
125.0,121.772125
125.0,122.15279
125.0,121.998055
125.0,121.701164
125.0,121.237724
125.0,121.134476
125.0,121.26285
125.0,120.40734
125.0,120.449165
125.0,120.35426
125.0,119.67196
125.0,120.24507
125.0,120.38969
125.0,120.32445
125.0,119.87488
125.0,119.91077
125.0,120.40312
125.0,119.413666
125.0,119.970055
125.0,120.03042
125.0,120.260254
125.0,120.54178
125.0,120.472984
125.0,121.01377
125.0,121.24589
125.0,120.049805
125.0,120.087
125.0,119.722305
125.0,119.31141
125.0,119.50832
125.0,119.42453
125.0,120.12453
125.0,120.112045
125.0,119.910355
125.0,120.21334
125.0,120.83576
125.0,120.984825
125.0,120.16557
125.0,120.41157
125.0,120.85813
125.0,120.72513
125.0,121.22056
125.0,121.28091
125.0,121.90467
125.0,121.055115
125.0,121.40479
125.0,121.14233
125.0,121.01237
125.0,121.59518
125.0,121.538025
125.0,120.861465
125.0,120.65138
125.0,120.235
125.0,120.16145
125.0,120.17361
125.0,119.740814
125.0,119.30859
125.0,118.31539
125.0,117.0716
125.0,117.09355
125.0,119.22898
125.0,119.91793
125.0,120.778305
125.0,120.992004
125.0,121.31672
125.0,121.0431
125.0,120.673775
125.0,120.34345
125.0,119.69061
125.0,118.93677
125.0,118.84317
125.0,119.30805
125.0,118.99311
125.0,119.17511
125.0,118.649605
125.0,120.192825
125.0,119.86441
125.0,119.81933
125.0,120.42257
125.0,120.023415
125.0,120.12085
125.0,119.0171
125.0,117.87079
125.0,117.02739
125.0,118.09808
125.0,117.84966
125.0,114.95231
125.0,115.431435
125.0,110.60463
125.0,113.76439
125.0,118.891304
125.0,119.80496
125.0,120.54578
125.0,120.85189
125.0,120.90204
125.0,120.433304
125.0,119.713646
125.0,118.46764
125.0,113.709526
125.0,109.24184
125.0,109.37365
125.0,114.90387
125.0,113.989296
125.0,111.65087
125.0,111.84949
125.0,117.72346
125.0,115.99719
125.0,118.7723
125.0,119.265526
125.0,119.5056
125.0,120.357506
125.0,119.21343
125.0,117.58329
125.0,116.67208
125.0,115.70219
125.0,116.359535
125.0,114.51693
125.0,114.23369
125.0,112.11056
125.0,118.51748
125.0,118.89586
125.0,118.16434
125.0,117.79336
125.0,117.77328
125.0,114.161804
125.0,112.265724
125.0,110.510315
125.0,103.39937
125.0,109.16838
125.0,113.24369
125.0,116.68588
125.0,110.3366
125.0,105.20178
125.0,98.5128
125.0,94.73659
125.0,96.588806
125.0,90.261475
125.0,91.123764
125.0,93.22021
125.0,98.14566
125.0,105.24303
125.0,106.31837
125.0,115.24536
125.0,116.61345
125.0,115.22666
125.0,114.30715
125.0,111.09439
125.0,111.78681
125.0,112.30033
125.0,111.85535
125.0,111.81204
125.0,112.13447
125.0,107.95093
125.0,107.156136
125.0,105.87882
125.0,106.85597
125.0,105.86588
125.0,104.42376
125.0,104.874435
125.0,102.434906
125.0,99.54911
125.0,90.09303
125.0,88.290016
125.0,93.53342
125.0,91.152336
125.0,95.3317
125.0,124.10803
125.0,124.16035
125.0,124.00973
125.0,124.33654
125.0,125.03891
125.0,125.44865
125.0,125.71347
125.0,125.861916
125.0,125.81369
125.0,125.93035
125.0,126.09074
125.0,126.06385
125.0,125.751335
125.0,125.431526
125.0,125.156715
125.0,124.64528
125.0,124.32082
125.0,124.04608
125.0,124.1202
125.0,124.15092
125.0,123.97841
125.0,124.60722
125.0,124.72733
125.0,125.25901
125.0,125.29162
125.0,125.098915
125.0,125.24624
125.0,125.21553
125.0,125.009445
125.0,124.495125
125.0,123.953125
125.0,123.621155
125.0,123.99209
125.0,123.893616
125.0,124.58439
125.0,124.13584
125.0,124.076035
125.0,123.82762
125.0,123.29616
125.0,123.17466
125.0,122.38662
125.0,122.60794
125.0,122.3142
125.0,122.4911
125.0,122.53516
125.0,122.249916
125.0,122.34852
125.0,122.3545
125.0,122.54724
125.0,122.816925
125.0,123.69527
125.0,123.78108
125.0,123.94983
125.0,124.31468
125.0,124.50449
125.0,124.07068
125.0,123.746155
125.0,123.88766
125.0,123.49818
125.0,123.75499
125.0,123.67937
125.0,123.15896
125.0,123.88505
125.0,124.279495
125.0,124.88699
125.0,125.32633
125.0,124.835815
125.0,124.988365
125.0,124.49719
125.0,124.972824
125.0,124.54957
125.0,124.67247
125.0,124.225975
125.0,124.27247
125.0,124.35758
125.0,124.21083
125.0,123.81502
125.0,123.58367
125.0,123.57909
125.0,123.480064
125.0,123.982506
125.0,123.32302
125.0,123.10805
125.0,123.077194
125.0,123.561714
125.0,123.91913
125.0,123.54252
125.0,123.8047
125.0,123.541084
125.0,123.0896
125.0,122.93998
125.0,122.31771
125.0,122.86771
125.0,122.37391
125.0,121.25279
125.0,121.63289
125.0,121.507904
125.0,122.16209
125.0,122.60963
125.0,122.51507
125.0,122.32993
125.0,122.41981
125.0,122.83894
125.0,123.11252
125.0,123.05011
125.0,122.81628
125.0,122.37671
125.0,122.347916
125.0,122.17808
125.0,122.708694
125.0,122.74987
125.0,121.89289
125.0,122.14744
125.0,122.007034
125.0,122.47631
125.0,122.66111
125.0,122.4998
125.0,122.5487
125.0,122.00689
125.0,121.57064
125.0,121.34886
125.0,120.69224
124.0,120.4556
123.0,120.0475
122.0,119.50371
121.0,119.6495
120.0,120.74414
119.0,120.81226
118.0,121.57603
117.0,121.054306
116.0,120.81683
115.0,121.32871
114.0,122.01236
113.0,122.351425
112.0,122.45382
111.0,122.77283
110.0,122.561676
109.0,122.551796
108.0,122.212395
107.0,122.58076
106.0,121.78808
105.0,120.47755
104.0,120.886925
103.0,119.88661
102.0,119.82083
101.0,119.72092
100.0,119.45408
99.0,119.24913
98.0,118.32175
97.0,115.87909
96.0,114.891556
95.0,113.0428
94.0,110.962074
93.0,113.775
92.0,112.118286
91.0,112.12253
90.0,112.32056
89.0,110.669655
88.0,110.71293
87.0,108.53847
86.0,104.62421
85.0,102.92978
84.0,101.838425
83.0,102.11269
82.0,101.80669
81.0,103.6859
80.0,100.37968
79.0,104.50585
78.0,103.22078
77.0,102.83042
76.0,94.81598
75.0,91.26452
74.0,90.21305
73.0,90.51318
72.0,86.498024
71.0,81.582504
70.0,88.73295
69.0,87.72858
68.0,88.39813
67.0,88.27179
66.0,89.19565
65.0,89.20675
64.0,86.06158
63.0,90.13348
62.0,86.617134
61.0,94.19967
60.0,99.46587
59.0,98.74876
58.0,98.803345
57.0,99.551216
56.0,98.64895
55.0,97.55069
54.0,91.68549
53.0,91.93216
52.0,86.87522
51.0,86.46899
50.0,93.9104
49.0,92.386986
48.0,82.872696
47.0,80.035
46.0,65.40332
45.0,64.39879
44.0,61.868893
43.0,63.246647
42.0,58.760353
41.0,56.479164
40.0,61.10017
39.0,59.72311
38.0,61.645782
37.0,56.0657
36.0,57.15421
35.0,55.330715
34.0,55.13604
33.0,49.865723
32.0,47.32743
31.0,50.559124
30.0,49.526623
29.0,50.99111
28.0,51.121765
27.0,52.73518
26.0,50.547382
25.0,49.527237
24.0,45.7138
23.0,42.502594
22.0,39.802464
21.0,39.884003
20.0,42.576477
19.0,41.830643
18.0,37.625477
17.0,34.75059
16.0,33.566624
15.0,33.094906
14.0,33.589886
13.0,32.922237
12.0,30.459972
11.0,28.48887
125.0,127.48229
125.0,127.80979
125.0,127.8874
125.0,127.89449
125.0,127.65148
125.0,127.17785
125.0,126.62268
125.0,126.41242
125.0,126.151054
125.0,126.26949
125.0,126.05576
125.0,125.7215
125.0,125.90128
125.0,125.7171
125.0,125.7055
125.0,125.95424
125.0,125.80775
125.0,126.20111
125.0,126.550125
125.0,126.40073
125.0,126.28904
125.0,125.671165
125.0,125.6018
125.0,125.296936
125.0,125.30719
125.0,125.51828
125.0,125.687225
125.0,125.72986
125.0,126.21853
125.0,126.57797
125.0,126.88108
125.0,127.32373
125.0,127.51238
125.0,128.0625
125.0,128.15543
125.0,127.75755
125.0,127.066315
125.0,126.38894
125.0,126.04499
125.0,126.13359
125.0,126.3431
125.0,125.863106
125.0,126.08913
125.0,125.696465
125.0,125.51877
125.0,125.64811
125.0,125.56459
125.0,125.72895
125.0,125.876915
125.0,125.955444
125.0,125.93682
125.0,125.729485
125.0,125.03597
125.0,124.690414
125.0,124.84487
125.0,125.26437
125.0,124.91848
125.0,125.07731
125.0,125.16129
125.0,125.46025
125.0,125.42176
125.0,125.97697
125.0,126.03164
125.0,126.38904
125.0,126.961205
125.0,126.716034
125.0,126.47292
125.0,126.63899
125.0,126.838776
125.0,126.8723
125.0,126.82871
125.0,126.36167
125.0,126.302185
125.0,125.98921
125.0,125.944885
125.0,126.29065
125.0,126.666756
125.0,126.74452
125.0,126.6621
125.0,126.724304
125.0,126.57414
125.0,126.627686
125.0,126.18168
125.0,126.32175
125.0,126.527145
125.0,126.181366
125.0,126.21023
125.0,126.36393
125.0,126.20596
125.0,126.42659
125.0,125.843765
125.0,126.036674
125.0,126.25909
125.0,126.30001
125.0,126.65863
125.0,126.71594
125.0,126.61728
125.0,126.5778
125.0,126.43922
125.0,126.39354
125.0,126.68422
125.0,126.877235
125.0,126.50649
125.0,125.92918
125.0,126.02331
125.0,125.38396
125.0,125.640434
125.0,125.45575
125.0,125.06056
125.0,124.84811
125.0,125.04973
125.0,124.79474
125.0,124.87707
125.0,125.08744
125.0,124.76233
125.0,125.17598
125.0,125.90361
125.0,126.342476
125.0,127.28825
125.0,127.502144
125.0,127.15285
125.0,127.30433
125.0,127.2987
125.0,126.80775
125.0,126.822754
125.0,126.56085
125.0,126.64476
125.0,126.50916
125.0,126.44688
125.0,126.24847
125.0,126.43509
125.0,126.76445
125.0,126.38229
125.0,126.033035
125.0,126.07171
125.0,125.49879
125.0,125.72643
125.0,125.277115
125.0,124.83993
125.0,124.63921
125.0,125.22133
125.0,125.20552
125.0,125.59411
125.0,126.05579
125.0,125.93527
125.0,125.88993
125.0,126.044586
125.0,125.77903
125.0,126.06513
125.0,125.95965
125.0,125.70231
125.0,125.591415
125.0,125.35201
125.0,125.019875
125.0,125.245094
125.0,124.910324
125.0,124.99936
125.0,125.16409
125.0,125.29178
125.0,125.73965
125.0,126.13101
125.0,126.09963
125.0,125.726234
125.0,125.30935
125.0,125.33377
125.0,124.984276
125.0,124.91396
125.0,124.59051
125.0,124.77041
125.0,124.84553
125.0,125.11849
125.0,125.05777
125.0,125.543594
125.0,126.097694
125.0,125.936615
125.0,125.82302
125.0,125.61813
125.0,125.913994
125.0,125.98035
125.0,125.98686
125.0,126.18423
125.0,125.69998
125.0,125.57739
125.0,125.25466
125.0,125.53489
125.0,125.75668
125.0,126.51242
125.0,126.46145
125.0,126.21525
125.0,126.19275
125.0,125.65508
125.0,125.173584
125.0,124.307465
125.0,123.90878
125.0,124.37467
125.0,124.16243
125.0,123.2331
125.0,122.97891
125.0,123.39942
125.0,123.82833
125.0,124.23501
125.0,124.26273
125.0,124.58911
125.0,125.00161
125.0,125.20145
125.0,125.39931
125.0,125.23757
125.0,125.51553
125.0,125.59977
125.0,125.901085
125.0,126.03361
125.0,125.72831
125.0,125.79937
125.0,125.36606
125.0,125.54918
125.0,125.34973
125.0,125.6073
125.0,125.41589
125.0,125.23268
125.0,125.28202
125.0,124.86352
125.0,125.2934
125.0,124.76683
125.0,124.78356
125.0,124.797844
125.0,124.65364
125.0,124.15396
125.0,123.66511
125.0,123.61079
125.0,123.81018
125.0,123.8374
125.0,123.73553
125.0,123.47251
125.0,123.362946
125.0,123.87322
125.0,123.99066
125.0,124.559296
125.0,124.53828
125.0,124.34716
125.0,124.60233
125.0,125.28874
125.0,125.19322
125.0,125.173256
125.0,124.06778
125.0,123.50759
125.0,122.65043
125.0,122.38781
125.0,122.512115
125.0,123.1471
125.0,123.36914
125.0,123.68685
125.0,123.75868
125.0,123.20566
125.0,122.35556
125.0,122.60713
125.0,122.888985
125.0,123.48105
125.0,122.86161
125.0,122.41025
125.0,123.151825
125.0,123.04295
125.0,122.62559
125.0,122.819885
125.0,122.86631
125.0,122.67614
125.0,122.366264
125.0,122.71043
125.0,122.16929
125.0,121.997444
125.0,122.02093
125.0,121.88841
125.0,121.931755
125.0,122.256584
125.0,121.930046
125.0,121.93398
125.0,122.35718
125.0,122.37199
125.0,122.7352
125.0,123.228806
125.0,123.500435
125.0,123.61967
125.0,123.3799
125.0,122.75499
125.0,122.5378
125.0,122.981285
125.0,122.96949
125.0,123.328804
125.0,123.71115
125.0,123.59829
125.0,124.560776
125.0,124.65325
125.0,124.41288
125.0,124.33702
125.0,124.50241
125.0,123.65931
125.0,123.11965
125.0,122.89062
125.0,122.17898
125.0,121.59795
125.0,121.585205
125.0,120.45373
125.0,120.695564
125.0,120.20754
125.0,120.02324
125.0,120.12471
125.0,120.73015
125.0,120.87573
125.0,120.83998
125.0,120.84661
125.0,121.09869
125.0,121.341034
125.0,121.54872
125.0,121.546715
125.0,121.57453
125.0,121.16301
125.0,120.26508
125.0,119.97642
125.0,120.27592
125.0,120.28673
125.0,121.26404
125.0,121.24236
125.0,121.336945
125.0,121.323044
125.0,121.46397
125.0,120.97762
125.0,120.86684
125.0,121.03337
125.0,120.71068
125.0,120.152504
125.0,119.94057
125.0,119.43872
125.0,119.26235
125.0,118.82171
125.0,118.83117
125.0,119.49416
125.0,119.776794
125.0,119.80054
125.0,116.68637
125.0,115.89086
125.0,119.79238
125.0,120.36719
125.0,120.536995
125.0,121.16952
125.0,120.9335
125.0,120.47303
125.0,120.03238
125.0,119.26356
125.0,119.60621
125.0,119.04379
125.0,118.05925
125.0,119.57166
125.0,119.46142
125.0,119.49312
125.0,119.423805
125.0,118.4767
125.0,118.823204
125.0,119.543594
124.0,117.35242
123.0,115.4184
122.0,114.0269
121.0,111.00688
120.0,111.15399
119.0,111.419815
118.0,117.72693
117.0,118.891235
116.0,119.42743
115.0,119.55465
114.0,110.54994
113.0,109.87443
112.0,109.757385
111.0,112.6471
110.0,111.091774
109.0,117.40955
108.0,115.99827
107.0,117.46818
106.0,110.27306
105.0,106.97931
104.0,109.60552
103.0,105.60139
102.0,93.46317
101.0,94.65533
100.0,84.09502
99.0,82.79836
98.0,82.28758
125.0,109.39102
125.0,106.848656
125.0,104.109215
125.0,104.44558
125.0,104.1961
125.0,105.43856
125.0,108.29669
125.0,109.19366
125.0,110.788895
125.0,110.56261
125.0,111.3483
125.0,109.9417
125.0,111.22961
125.0,111.77555
125.0,114.67957
125.0,116.95136
125.0,117.16726
125.0,117.76982
125.0,118.06937
125.0,117.65328
125.0,118.2169
125.0,117.55053
125.0,117.870735
125.0,118.03558
125.0,117.84801
125.0,118.257286
125.0,117.5763
125.0,117.33819
125.0,117.04417
125.0,115.41584
125.0,114.21709
125.0,113.19147
125.0,112.67942
125.0,107.97595
125.0,105.477844
125.0,99.46886
125.0,94.09189
125.0,91.52748
125.0,91.36171
125.0,86.29627
125.0,76.940254
125.0,74.84973
125.0,70.81663
125.0,75.18114
125.0,79.692024
125.0,81.42258
125.0,80.37254
125.0,79.452126
125.0,78.67657
125.0,81.77002
125.0,80.51885
125.0,79.40519
125.0,83.31609
125.0,87.871994
125.0,87.40139
125.0,91.04349
125.0,94.3609
125.0,95.28021
125.0,95.7008
125.0,98.54992
125.0,97.883484
125.0,97.94231
125.0,98.381516
125.0,99.116135
125.0,99.4392
125.0,101.379585
125.0,95.67337
125.0,95.81868
125.0,98.16998
125.0,94.27303
125.0,89.98691
125.0,83.82837
125.0,85.36215
125.0,90.92616
125.0,87.17474
125.0,84.5315
124.0,87.45935
123.0,91.7919
122.0,91.39364
121.0,92.55073
120.0,95.942535
119.0,91.83707
118.0,93.31646
117.0,91.19894
116.0,83.71237
115.0,84.309456
114.0,87.0549
113.0,87.11857
112.0,83.82614
111.0,81.94882
110.0,84.4861
109.0,93.293175
108.0,97.60418
107.0,102.85753
106.0,104.44064
105.0,103.170715
104.0,102.7023
103.0,101.86085
102.0,105.2916
101.0,108.17767
100.0,106.25625
99.0,104.32455
98.0,105.427605
97.0,104.20573
96.0,104.72691
95.0,102.860695
94.0,102.11094
93.0,101.75086
92.0,98.17718
91.0,98.65083
90.0,94.70521
89.0,87.58691
88.0,83.57203
87.0,79.73189
86.0,73.53976
85.0,77.91544
84.0,77.083115
83.0,74.135315
82.0,76.378746
81.0,71.9195
80.0,73.08213
79.0,69.55379
78.0,63.317715
77.0,67.39893
76.0,71.164085
75.0,67.99079
74.0,66.16583
73.0,66.76411
72.0,65.828186
71.0,59.492588
70.0,58.292233
69.0,57.886272
68.0,53.815895
67.0,55.400177
66.0,49.965984
65.0,49.5142
64.0,51.76756
63.0,48.9495
62.0,49.99485
61.0,54.19298
60.0,58.47468
59.0,59.96923
58.0,57.52056
57.0,57.639614
56.0,51.031044
55.0,54.178818
54.0,58.165028
53.0,50.79679
52.0,52.971638
51.0,55.562393
50.0,50.184994
49.0,49.756214
48.0,47.55766
47.0,50.384262
46.0,46.168358
45.0,42.553673
44.0,40.415886
43.0,38.67939
42.0,35.704796
41.0,36.009514
40.0,37.834118
39.0,36.379414
38.0,34.788624
37.0,34.055725
36.0,33.97429
35.0,33.915672
34.0,33.76949
33.0,32.60868
32.0,32.55021
31.0,27.759338
125.0,111.96828
125.0,110.84983
125.0,103.609695
125.0,101.46678
125.0,102.892914
125.0,100.04505
125.0,103.22493
125.0,104.63156
124.0,100.09994
123.0,106.795456
122.0,108.555786
121.0,113.07595
120.0,116.8126
119.0,115.5612
118.0,113.57897
117.0,113.43791
116.0,117.24138
115.0,117.70708
114.0,117.86072
113.0,118.6883
112.0,119.75043
111.0,119.48545
110.0,119.29934
109.0,119.18526
108.0,118.9611
107.0,119.00489
106.0,119.23977
105.0,119.04014
104.0,118.54328
103.0,118.31701
102.0,118.49547
101.0,118.657234
100.0,116.60034
99.0,116.70327
98.0,117.96344
97.0,118.55429
96.0,118.92461
95.0,118.35039
94.0,117.570984
93.0,118.64259
92.0,118.62309
91.0,118.31516
90.0,118.325874
89.0,117.453545
88.0,118.0396
87.0,118.01757
86.0,117.48424
85.0,117.48666
84.0,117.89898
83.0,118.3572
82.0,118.63655
81.0,118.0755
80.0,118.0369
79.0,117.763016
78.0,117.94484
77.0,116.879845
76.0,116.64845
75.0,115.323
74.0,114.890205
73.0,110.769135
72.0,110.80401
71.0,108.4547
70.0,100.31975
69.0,98.122894
68.0,96.52718
67.0,94.16084
66.0,93.50256
65.0,91.625015
64.0,92.82889
63.0,97.42184
62.0,102.74713
61.0,97.69344
60.0,98.187256
59.0,98.7997
58.0,102.68424
57.0,94.79915
56.0,96.57551
55.0,94.49989
54.0,98.62693
53.0,98.65296
52.0,102.445435
51.0,102.49919
50.0,103.89718
49.0,108.86788
48.0,114.56631
47.0,112.81062
46.0,108.32122
45.0,103.77818
44.0,100.33704
43.0,96.28886
125.0,121.482025
125.0,120.920654
125.0,120.8624
125.0,119.20832
125.0,119.32728
125.0,117.301674
125.0,112.01493
125.0,113.680275
125.0,119.14751
125.0,119.83323
125.0,118.92027
125.0,118.5876
125.0,118.824905
125.0,118.04923
125.0,115.38637
125.0,118.730194
125.0,116.678314
125.0,119.06403
125.0,119.358536
125.0,119.287
125.0,120.42701
125.0,120.110435
125.0,120.93775
125.0,121.200874
125.0,120.86837
125.0,121.340546
125.0,121.69689
125.0,120.59497
125.0,120.353676
125.0,120.23884
125.0,120.65376
125.0,119.1391
125.0,120.51511
125.0,118.996574
125.0,119.67493
125.0,119.73786
125.0,120.67798
125.0,120.036934
125.0,120.25846
125.0,120.96324
125.0,120.68576
125.0,120.50043
125.0,120.41129
125.0,120.251366
125.0,120.287155
125.0,120.19855
125.0,119.227295
125.0,118.767456
125.0,118.96531
125.0,117.31292
125.0,118.37897
125.0,118.67396
125.0,119.85546
125.0,121.05934
125.0,121.4948
125.0,122.59673
125.0,122.38831
125.0,121.5526
125.0,121.979866
125.0,121.261314
125.0,120.87629
125.0,120.199615
125.0,120.13681
125.0,119.09497
125.0,118.529144
125.0,118.81813
125.0,119.58577
125.0,120.05279
125.0,120.54451
125.0,120.98947
125.0,121.44902
125.0,121.5724
125.0,122.02511
125.0,121.51296
125.0,122.518585
125.0,122.465996
125.0,122.174416
125.0,121.76563
125.0,122.09241
125.0,121.80572
125.0,122.54963
125.0,122.22515
125.0,122.66485
125.0,122.79366
125.0,122.25267
125.0,122.99869
125.0,122.37662
125.0,121.783516
125.0,120.84173
125.0,120.56335
125.0,119.630394
125.0,117.64126
125.0,115.66636
125.0,112.92733
125.0,108.66672
125.0,106.02431
125.0,105.32337
125.0,106.73451
125.0,108.37957
125.0,110.64946
125.0,115.39816
125.0,113.490135
125.0,113.17424
125.0,114.43043
125.0,116.01112
125.0,117.93892
125.0,118.365715
125.0,119.3757
125.0,119.61751
125.0,119.84535
125.0,119.77235
125.0,119.5104
125.0,120.240845
125.0,120.64273
125.0,120.880196
125.0,120.49431
125.0,121.04297
125.0,121.30065
125.0,120.978134
125.0,121.413925
125.0,121.59585
125.0,121.3748
125.0,120.365776
125.0,119.8505
125.0,118.0775
125.0,118.69287
125.0,115.40347
125.0,115.95903
125.0,114.64796
125.0,108.59727
125.0,112.39009
125.0,115.4332
125.0,112.64907
125.0,117.98366
125.0,116.98255
125.0,116.74365
125.0,118.02459
125.0,118.292145
125.0,118.82295
125.0,117.64709
125.0,118.21677
125.0,118.934006
125.0,119.31683
125.0,119.01353
125.0,119.03532
125.0,118.631905
125.0,119.23738
125.0,118.67497
125.0,119.131325
125.0,119.16655
125.0,119.26738
125.0,119.836464
125.0,119.406944
125.0,120.580956
125.0,121.273544
125.0,122.41445
125.0,122.23455
125.0,121.69885
125.0,122.16698
125.0,122.17878
125.0,121.91612
125.0,121.483665
125.0,121.74771
125.0,121.58437
125.0,121.72954
125.0,120.806786
125.0,121.04854
125.0,121.086876
125.0,120.18968
125.0,119.804245
125.0,119.08321
125.0,118.17521
125.0,118.708984
125.0,115.77999
125.0,116.8731
125.0,118.08556
125.0,118.55522
125.0,119.039116
125.0,119.174736
125.0,119.39987
125.0,118.371826
125.0,118.3603
125.0,118.50415
125.0,120.00206
125.0,119.45025
125.0,119.770256
125.0,118.44945
125.0,116.45836
125.0,120.04752
125.0,120.19196
125.0,119.199844
125.0,119.78199
125.0,119.85463
125.0,119.379295
125.0,114.89711
125.0,113.08181
125.0,112.95934
125.0,112.57796
125.0,110.09256
125.0,116.50051
125.0,113.79825
125.0,117.482735
125.0,115.982796
125.0,108.965546
125.0,108.4522
125.0,111.73993
125.0,112.80404
125.0,113.572235
125.0,118.08388
125.0,118.16989
125.0,118.3843
125.0,118.7713
125.0,118.776215
125.0,118.87566
125.0,118.231125
125.0,117.08133
125.0,115.8556
125.0,111.23477
125.0,113.42537
125.0,110.931786
125.0,112.88879
125.0,115.896065
125.0,118.63017
125.0,115.410416
125.0,114.37705
125.0,113.04195
125.0,108.14269
125.0,108.23621
125.0,104.93688
125.0,105.287186
125.0,106.522545
125.0,106.54577
125.0,105.868416
125.0,104.57627
125.0,108.957726
125.0,114.13776
125.0,115.8842
125.0,117.32833
125.0,118.3673
125.0,119.14628
125.0,119.07299
125.0,119.01121
125.0,119.32347
125.0,120.34791
125.0,119.472595
125.0,119.00951
125.0,118.68573
125.0,119.31554
125.0,120.37477
125.0,119.94375
125.0,120.88698
125.0,119.60553
125.0,119.09862
125.0,118.815
125.0,118.45054
125.0,116.3854
125.0,112.04375
125.0,103.01531
125.0,96.64416
125.0,101.56012
125.0,108.99006
125.0,105.11925
125.0,103.29849
125.0,106.711624
125.0,106.38238
125.0,107.144356
125.0,112.9351
125.0,114.26423
125.0,115.41085
125.0,116.137474
125.0,115.83559
125.0,115.81462
125.0,117.790115
125.0,117.19498
125.0,117.634895
125.0,118.53784
125.0,118.902504
125.0,119.023636
125.0,118.11602
125.0,118.25207
125.0,117.612305
125.0,117.21532
125.0,117.653725
125.0,117.67935
125.0,115.672905
125.0,109.045204
125.0,106.141495
125.0,102.88026
125.0,95.60876
125.0,99.42713
125.0,92.75724
125.0,89.41005
125.0,86.90153
125.0,87.29602
125.0,81.284676
125.0,79.13831
125.0,83.75661
125.0,83.70857
125.0,79.9042
125.0,78.52382
125.0,80.373985
125.0,81.797035
125.0,84.75919
125.0,84.1641
125.0,89.76653
125.0,90.27809
125.0,91.84907
125.0,93.43793
125.0,90.502785
125.0,87.078926
125.0,86.88355
125.0,89.94083
124.0,93.151886
123.0,91.210526
122.0,95.44512
121.0,94.98785
120.0,95.06889
119.0,96.564156
118.0,96.09047
117.0,96.66677
116.0,96.46316
115.0,89.160034
114.0,88.63948
113.0,88.694595
112.0,90.0833
111.0,87.48497
110.0,86.70756
109.0,85.64592
108.0,85.00834
107.0,87.88694
106.0,87.758446
105.0,84.261856
104.0,84.20736
103.0,85.85717
102.0,85.932076
101.0,82.82169
100.0,82.8318
99.0,81.80175
98.0,86.086685
97.0,85.66482
96.0,85.848755
95.0,87.640205
94.0,83.40856
93.0,76.79486
92.0,74.10056
91.0,68.53278
90.0,66.458664
89.0,65.974754
88.0,65.56237
87.0,65.47817
86.0,64.41909
85.0,67.1497
84.0,70.86105
83.0,66.87542
82.0,66.46037
81.0,68.56595
80.0,64.06196
79.0,63.835808
78.0,65.14814
77.0,63.658775
76.0,64.545555
75.0,61.40433
74.0,59.013485
73.0,57.89797
72.0,56.38004
71.0,56.968266
70.0,56.57594
69.0,56.60383
68.0,58.01174
67.0,56.49823
66.0,53.555153
65.0,51.80072
64.0,49.591064
63.0,46.059162
62.0,45.185543
61.0,44.97313
125.0,116.960014
125.0,116.89934
125.0,115.52191
125.0,112.39452
125.0,107.354576
125.0,105.89556
125.0,107.65392
125.0,106.56962
125.0,107.89757
124.0,109.44645
123.0,118.58884
122.0,118.67534
121.0,118.542046
120.0,116.354385
119.0,117.83644
118.0,118.606445
117.0,118.29637
116.0,117.3525
115.0,118.93645
114.0,118.78893
113.0,118.652466
112.0,117.25488
111.0,117.82308
110.0,117.61878
109.0,118.59855
108.0,118.97618
107.0,118.78589
106.0,119.39444
105.0,120.26251
104.0,119.29479
103.0,120.97405
102.0,121.45305
101.0,120.67267
100.0,119.71016
99.0,119.24887
98.0,117.86686
97.0,117.02709
96.0,116.83665
95.0,117.13757
94.0,117.144066
93.0,117.61361
92.0,118.14394
91.0,118.4655
90.0,117.29693
89.0,117.71735
88.0,116.023346
87.0,113.0787
86.0,109.33864
125.0,116.96549
125.0,116.7866
125.0,116.64053
125.0,115.050766
125.0,114.47691
125.0,114.8336
125.0,116.020485
125.0,120.12784
125.0,120.01918
125.0,120.423584
125.0,121.62917
125.0,120.58923
125.0,121.194885
125.0,121.44165
125.0,122.55392
125.0,121.70676
125.0,122.31511
125.0,122.530396
125.0,122.38048
125.0,121.969315
125.0,122.73595
125.0,122.1766
125.0,121.54377
125.0,120.77705
125.0,120.4665
125.0,119.76291
125.0,121.32674
125.0,120.31788
125.0,119.96819
125.0,120.37928
125.0,121.02716
125.0,121.72671
125.0,121.77816
125.0,121.492546
125.0,120.90511
125.0,120.17927
125.0,119.44747
125.0,119.00803
125.0,115.61053
125.0,115.31908
125.0,117.774574
125.0,109.350494
125.0,108.92668
125.0,113.03704
125.0,118.47609
125.0,112.51545
125.0,103.264656
125.0,103.821144
125.0,107.963
125.0,107.19796
125.0,107.177216
125.0,110.17771
125.0,107.71307
125.0,110.23614
125.0,110.20721
125.0,116.0299
125.0,118.27833
125.0,117.00734
125.0,118.12705
125.0,117.90457
125.0,118.09787
125.0,118.69835
125.0,119.131905
125.0,118.9661
125.0,119.1536
125.0,120.76764
125.0,120.43525
125.0,120.64771
125.0,120.60163
125.0,120.91061
125.0,120.38434
125.0,118.96268
125.0,116.93615
125.0,117.9058
125.0,117.47968
125.0,113.65989
125.0,116.349045
125.0,118.00459
125.0,114.19138
125.0,111.39574
125.0,112.05636
125.0,113.42083
125.0,116.52367
125.0,115.91187
125.0,117.752464
125.0,119.311035
125.0,119.07926
125.0,119.14358
125.0,119.71361
125.0,120.40932
125.0,119.92775
125.0,119.09433
125.0,119.32021
125.0,119.66219
125.0,119.76852
125.0,119.33874
125.0,120.77214
125.0,121.70552
125.0,121.21958
125.0,120.640114
125.0,120.02476
125.0,118.718864
125.0,117.035995
125.0,114.8556
125.0,111.76284
125.0,106.823265
125.0,109.22689
125.0,110.7577
125.0,108.38622
125.0,102.357414
125.0,102.87794
124.0,102.54455
123.0,104.64224
122.0,100.52578
121.0,99.32174
120.0,97.47748
119.0,97.5385
118.0,98.68084
117.0,98.501
116.0,102.06037
115.0,94.926636
114.0,89.56708
113.0,84.36921
112.0,83.749084
111.0,80.522415
110.0,84.62588
109.0,88.20712
108.0,87.063286
107.0,81.52225
106.0,81.648544
105.0,80.59777
104.0,81.659615
103.0,82.52262
102.0,83.459076
101.0,86.43818
100.0,83.539856
99.0,87.25254
98.0,92.74492
97.0,97.9693
96.0,93.43393
95.0,92.94792
94.0,93.94459
93.0,94.03408
92.0,94.59856
91.0,96.39999
90.0,99.15988
89.0,98.96975
88.0,93.30377
87.0,93.568504
86.0,96.24867
85.0,89.79799
84.0,95.40656
83.0,96.95295
82.0,99.489006
81.0,98.85469
80.0,99.28738
79.0,94.39179
78.0,88.35482
77.0,84.542015
76.0,83.08471
75.0,74.61576
74.0,72.1278
73.0,72.98479
72.0,72.360634
71.0,74.77407
70.0,72.76159
69.0,68.591125
68.0,74.03948
67.0,72.62909
66.0,68.099846
65.0,63.605995
64.0,54.220295
63.0,56.970573
62.0,55.595093
61.0,60.2153
60.0,65.60389
59.0,61.683155
58.0,55.007084
57.0,58.405064
56.0,57.29407
55.0,55.813015
54.0,54.756195
53.0,50.306194
52.0,54.37053
51.0,50.757973
50.0,55.573135
49.0,61.527832
48.0,58.55485
47.0,62.699272
46.0,59.59438
45.0,58.34256
44.0,53.415104
43.0,50.159298
42.0,49.92184
41.0,50.451233
40.0,49.50872
39.0,47.799355
38.0,47.57301
37.0,44.45721
36.0,44.30782
35.0,45.702793
125.0,124.74326
125.0,124.54404
125.0,124.59903
125.0,124.8002
125.0,124.97383
125.0,125.309494
125.0,125.46742
125.0,125.35195
125.0,125.74455
125.0,125.55063
125.0,125.6094
125.0,125.52227
125.0,125.366035
125.0,125.55535
125.0,125.44957
125.0,125.464424
125.0,125.829994
125.0,125.6288
125.0,125.74957
125.0,125.46813
125.0,125.382065
125.0,124.92582
125.0,124.72586
125.0,124.80946
125.0,124.88403
125.0,124.5399
125.0,124.39144
125.0,124.75305
125.0,124.72056
125.0,125.17391
125.0,125.35489
125.0,125.39151
125.0,125.34761
125.0,125.02681
125.0,125.21234
125.0,125.31654
125.0,125.197174
125.0,125.418976
125.0,125.660095
125.0,125.92816
125.0,126.187904
125.0,125.68919
125.0,125.806984
125.0,125.920044
125.0,126.27256
125.0,126.62284
125.0,126.51318
125.0,126.02076
125.0,126.13875
125.0,125.346344
125.0,125.48071
125.0,124.68675
125.0,125.2034
125.0,124.93686
125.0,125.30625
125.0,124.913864
125.0,123.89631
125.0,123.65448
125.0,123.39836
125.0,123.3819
125.0,123.86377
125.0,123.81294
125.0,123.95471
125.0,123.943794
125.0,124.25838
125.0,124.30891
125.0,124.327866
125.0,124.684456
125.0,124.57331
125.0,125.03774
125.0,125.76653
125.0,125.87723
125.0,126.23288
125.0,126.29163
125.0,126.98163
125.0,127.04393
125.0,126.39682
125.0,125.828865
125.0,125.422
125.0,124.6841
125.0,124.93759
125.0,125.09798
125.0,125.11541
125.0,124.69134
125.0,125.47846
125.0,125.628174
125.0,125.39002
125.0,125.372795
125.0,125.23009
125.0,124.75144
125.0,124.99744
125.0,124.330986
125.0,124.248924
125.0,124.441864
125.0,124.203384
125.0,123.91326
125.0,123.554276
125.0,123.46871
125.0,123.00548
125.0,123.0097
125.0,123.29635
125.0,123.45282
125.0,124.23885
125.0,123.908134
125.0,124.54607
124.0,124.197495
123.0,124.156525
122.0,124.314064
121.0,124.147804
120.0,123.71087
119.0,124.221306
118.0,124.587944
117.0,124.56611
116.0,124.23137
115.0,124.1059
114.0,123.97155
113.0,123.39247
112.0,123.29358
111.0,123.3423
110.0,122.49063
109.0,122.677025
108.0,122.20803
107.0,122.0489
106.0,122.681915
105.0,122.64689
104.0,122.36201
103.0,122.34154
102.0,122.5027
101.0,122.81907
100.0,122.4046
99.0,122.43414
98.0,122.594284
97.0,122.60422
96.0,122.185745
95.0,122.32573
94.0,121.65374
93.0,121.48989
92.0,120.98603
91.0,119.93169
90.0,119.15066
89.0,118.77027
88.0,117.739494
87.0,115.40398
86.0,114.30098
85.0,111.276535
84.0,107.59923
83.0,106.16998
82.0,103.80157
81.0,104.25615
80.0,100.61306
79.0,100.779724
78.0,99.870605
77.0,98.83002
76.0,105.324524
75.0,104.02841
74.0,103.561966
73.0,101.854774
72.0,103.61906
71.0,103.23365
70.0,104.76552
69.0,105.19859
68.0,106.13011
67.0,104.942665
66.0,106.89898
65.0,111.79861
64.0,110.57041
63.0,112.432884
62.0,106.728195
61.0,100.25534
60.0,93.899536
59.0,86.614105
58.0,88.68584
57.0,88.62704
56.0,89.57312
55.0,91.320244
54.0,90.52405
53.0,85.16316
52.0,82.10149
51.0,83.564
50.0,80.96911
49.0,86.245026
48.0,83.01143
47.0,81.7765
46.0,78.36388
125.0,124.781525
125.0,125.24483
125.0,124.92985
125.0,125.01973
125.0,124.60069
125.0,124.77128
125.0,124.56117
125.0,125.186295
125.0,125.41518
125.0,125.512955
125.0,125.293526
125.0,124.753624
125.0,123.82368
125.0,123.60955
125.0,123.43689
125.0,123.62963
125.0,123.797
125.0,123.30466
125.0,123.61757
125.0,123.60795
125.0,123.81102
125.0,123.714355
125.0,124.13993
125.0,124.01597
125.0,123.35174
125.0,123.39871
125.0,123.63679
125.0,123.759384
125.0,124.04713
125.0,124.31787
125.0,123.95911
125.0,123.65088
125.0,122.94013
125.0,123.17999
125.0,122.73358
125.0,123.112915
125.0,123.25097
125.0,124.143555
125.0,124.49481
125.0,124.63851
125.0,124.53335
125.0,124.0007
125.0,123.76603
125.0,123.58934
125.0,123.56788
125.0,123.76252
125.0,123.43323
125.0,123.19668
125.0,122.94869
125.0,122.59142
125.0,123.12722
125.0,123.25995
125.0,123.823524
125.0,123.35819
125.0,123.13158
125.0,123.772125
125.0,124.50078
125.0,125.111145
125.0,125.30601
125.0,126.082405
125.0,126.441536
125.0,126.47426
125.0,126.59885
125.0,126.42102
125.0,125.86634
125.0,125.51011
125.0,125.1453
125.0,125.306366
125.0,124.92857
125.0,124.67252
125.0,124.4614
125.0,123.74061
125.0,123.5754
125.0,123.6076
125.0,123.45105
125.0,123.24053
125.0,123.00053
125.0,122.35087
125.0,122.20417
125.0,122.50877
125.0,122.57886
125.0,122.646095
125.0,122.50054
125.0,122.41894
125.0,122.39526
125.0,122.63773
125.0,122.45389
125.0,123.45269
125.0,124.13747
125.0,124.44854
125.0,124.01791
125.0,123.556244
125.0,123.19331
125.0,122.93537
125.0,121.82136
125.0,121.18207
125.0,121.37483
125.0,121.48149
125.0,121.567
125.0,121.036736
125.0,120.61572
125.0,121.46676
125.0,121.3213
125.0,120.99944
125.0,121.38655
125.0,120.974335
125.0,121.52196
125.0,122.05987
125.0,122.43976
125.0,122.73355
125.0,123.179245
125.0,123.35487
125.0,123.86471
125.0,124.11678
125.0,124.120346
125.0,124.36429
125.0,124.18209
125.0,124.631004
125.0,125.13472
125.0,124.52188
125.0,123.77548
125.0,123.14611
125.0,122.48088
125.0,122.360374
125.0,121.81548
125.0,122.405556
125.0,122.38133
125.0,122.14884
125.0,121.08994
125.0,120.21314
125.0,119.15599
125.0,119.38566
125.0,119.061966
125.0,117.62265
125.0,117.7166
125.0,117.362236
125.0,117.39425
125.0,118.19
125.0,120.80024
125.0,119.888756
125.0,120.054665
125.0,119.67264
125.0,120.12715
124.0,120.1201
123.0,120.80312
122.0,121.103676
121.0,121.17575
120.0,120.67337
119.0,120.45378
118.0,119.37612
117.0,119.28521
116.0,118.786316
115.0,118.66565
114.0,118.51194
113.0,115.04612
112.0,118.5215
111.0,118.70338
110.0,119.08315
109.0,116.67057
108.0,118.72082
107.0,118.81825
106.0,118.87022
105.0,116.28341
104.0,108.804855
103.0,106.94775
102.0,108.139206
101.0,115.010025
100.0,116.43746
99.0,118.4605
98.0,118.17305
97.0,118.58845
96.0,116.31558
95.0,119.241585
94.0,118.84
93.0,119.438934
92.0,118.68544
91.0,118.48023
90.0,116.90137
89.0,113.28678
88.0,114.67365
87.0,117.46597
86.0,111.45141
85.0,111.65394
84.0,108.59577
83.0,103.71944
82.0,106.14289
81.0,104.43562
80.0,99.307495
79.0,93.927704
78.0,102.14241
77.0,106.63728
76.0,113.56282
75.0,112.20883
74.0,101.71598
73.0,100.74629
72.0,98.04425
71.0,101.80568
70.0,100.02619
69.0,97.66275
68.0,95.68269
67.0,86.729225
66.0,82.73135
65.0,78.21274
64.0,73.75447
63.0,68.95143
62.0,62.866547
61.0,66.584694
60.0,68.49944
59.0,72.31963
58.0,74.96487
57.0,74.034256
56.0,78.255135
55.0,79.52614
54.0,78.04647
53.0,79.17623
52.0,77.79846
51.0,67.06795
50.0,58.826633
49.0,52.33889
48.0,48.591534
47.0,47.31536
46.0,47.674736
45.0,47.189625
44.0,46.921158
43.0,51.327267
42.0,48.88779
41.0,48.80262
40.0,48.715195
39.0,50.520695
38.0,53.014942
37.0,52.60098
36.0,46.371616
35.0,47.63121
34.0,47.808826
33.0,46.025543
32.0,46.003372
31.0,44.858307
30.0,45.09274
29.0,45.091393
28.0,46.582504
27.0,44.21904
26.0,42.017235
25.0,40.57999
125.0,125.47304
125.0,124.68894
125.0,124.21337
125.0,124.1229
125.0,124.10587
125.0,124.24179
125.0,124.60314
125.0,124.45138
125.0,124.99015
125.0,124.33342
125.0,123.89424
125.0,124.33326
125.0,124.59521
125.0,124.188545
125.0,124.41777
125.0,124.42993
125.0,124.54421
125.0,124.51646
125.0,124.672134
125.0,124.67105
125.0,124.6884
125.0,124.66102
125.0,124.823746
125.0,124.83168
125.0,124.59189
125.0,124.52238
125.0,124.29064
125.0,124.7557
125.0,125.07384
125.0,125.55951
125.0,125.79189
125.0,125.29558
125.0,124.93646
125.0,125.01739
125.0,124.71793
125.0,124.06074
125.0,123.56855
125.0,123.19354
125.0,123.38474
125.0,123.3796
125.0,123.83539
125.0,124.15075
125.0,124.60859
125.0,124.28878
125.0,124.17368
125.0,124.146545
125.0,124.40951
125.0,124.555664
125.0,124.835014
125.0,124.63052
125.0,124.8114
125.0,125.055626
125.0,125.19865
125.0,125.06391
125.0,125.09462
125.0,125.3161
125.0,125.15093
125.0,125.63552
125.0,126.072105
125.0,126.47362
125.0,126.37126
125.0,126.12762
125.0,126.167145
125.0,126.163826
125.0,125.910805
125.0,125.55322
125.0,125.08167
125.0,124.74914
125.0,124.644264
125.0,124.39084
125.0,124.83417
125.0,124.81988
125.0,124.7828
125.0,124.75797
125.0,125.26967
125.0,125.721054
125.0,125.54881
125.0,125.171814
125.0,124.84095
125.0,124.35161
125.0,123.988304
125.0,123.8111
125.0,123.701805
125.0,123.778244
125.0,123.68261
125.0,123.57738
125.0,123.99856
125.0,123.934586
125.0,124.42746
125.0,124.92415
125.0,124.40047
125.0,124.578995
125.0,124.75245
125.0,124.883514
125.0,124.73968
125.0,124.73147
125.0,124.14709
125.0,124.104965
125.0,123.78496
125.0,123.00935
125.0,122.69424
125.0,122.79695
125.0,122.71234
125.0,122.936264
125.0,123.37234
125.0,124.34969
125.0,124.14504
125.0,124.196144
125.0,123.91284
125.0,123.50483
125.0,123.333565
125.0,123.10093
125.0,122.50638
125.0,122.610855
125.0,122.2392
125.0,121.9412
125.0,122.50175
125.0,122.22566
125.0,122.0298
125.0,122.39186
125.0,122.56075
125.0,122.91284
125.0,123.15111
125.0,123.43619
125.0,123.55326
125.0,123.48004
125.0,123.640495
125.0,123.93898
125.0,123.932304
125.0,123.7639
125.0,123.260025
125.0,123.34545
125.0,123.190384
125.0,123.07663
125.0,122.887505
125.0,122.787415
125.0,122.91892
125.0,122.34628
124.0,122.3038
123.0,122.24624
122.0,121.99368
121.0,122.38955
120.0,122.63706
119.0,122.88711
118.0,122.39387
117.0,121.96877
116.0,122.02372
115.0,121.68701
114.0,121.22872
113.0,121.23853
112.0,122.01926
111.0,121.554535
110.0,121.6623
109.0,122.029686
108.0,122.041916
107.0,122.23079
106.0,122.74316
105.0,122.84695
104.0,122.571785
103.0,122.24255
102.0,121.615135
101.0,122.08715
100.0,122.3022
99.0,122.076355
98.0,121.851944
97.0,121.691315
96.0,120.89586
95.0,119.95177
94.0,119.04288
93.0,116.826836
92.0,107.446434
91.0,107.11448
90.0,103.70652
89.0,95.70627
88.0,93.65935
87.0,89.54061
125.0,127.43889
125.0,127.41145
125.0,127.01191
125.0,127.43829
125.0,127.278435
125.0,127.67443
125.0,127.14964
125.0,127.34315
125.0,127.35073
125.0,127.03611
125.0,127.06308
125.0,126.98042
125.0,126.87813
125.0,127.056595
125.0,127.173874
125.0,126.95292
125.0,127.309784
125.0,127.12654
125.0,126.99582
125.0,126.00811
125.0,125.86905
125.0,126.14588
125.0,126.49688
125.0,126.72122
125.0,126.69727
125.0,126.20583
125.0,126.0315
125.0,125.82873
125.0,125.58021
125.0,126.25269
125.0,126.477615
125.0,126.47164
125.0,126.38858
125.0,126.47465
125.0,126.58626
125.0,126.31942
125.0,126.09038
125.0,126.40667
125.0,126.51875
125.0,126.942245
125.0,127.07743
125.0,127.12774
125.0,127.168434
125.0,126.891075
125.0,126.63566
125.0,126.59789
125.0,126.25183
125.0,125.95685
125.0,126.1681
125.0,125.89666
125.0,126.052795
125.0,126.42464
125.0,126.744896
125.0,126.83207
125.0,127.098946
125.0,126.94179
125.0,126.380516
125.0,126.18154
125.0,126.2352
125.0,126.392334
125.0,125.57569
125.0,125.203445
125.0,125.61758
125.0,125.17093
125.0,124.26886
125.0,124.38402
125.0,124.34487
125.0,124.161896
125.0,124.47472
125.0,124.557434
125.0,125.13852
125.0,125.19157
125.0,125.28162
125.0,125.661896
125.0,125.28567
125.0,125.04368
125.0,125.36837
125.0,124.59315
125.0,124.49318
125.0,124.578476
125.0,124.45478
125.0,124.02794
125.0,124.58965
125.0,124.14804
125.0,124.54938
125.0,124.733055
125.0,124.725845
125.0,124.754456
125.0,125.59655
125.0,125.94417
125.0,125.64999
125.0,126.06677
125.0,126.3386
125.0,125.83816
125.0,125.273315
125.0,124.842674
125.0,124.53638
125.0,124.07264
125.0,123.91531
125.0,124.05059
125.0,124.38277
125.0,124.033646
124.0,123.73509
123.0,123.144135
122.0,122.8762
121.0,122.79067
120.0,123.25689
125.0,127.76649
125.0,127.81897
125.0,128.01358
125.0,127.92009
125.0,128.14326
125.0,128.2722
125.0,127.87406
125.0,127.32275
125.0,127.06619
125.0,127.21461
125.0,127.17633
125.0,127.092834
125.0,126.80615
125.0,126.81203
125.0,126.63761
125.0,126.671165
125.0,126.95141
125.0,127.05368
125.0,127.23254
125.0,127.60037
125.0,127.62243
125.0,127.69125
125.0,127.556725
125.0,127.45196
125.0,127.42735
125.0,127.51013
125.0,127.65947
125.0,126.99895
125.0,123.01369
125.0,122.57364
125.0,122.177826
125.0,121.72404
125.0,121.509544
125.0,120.4553
125.0,119.28054
125.0,117.98142
125.0,112.61249
125.0,109.73132
125.0,110.97797
125.0,108.41645
125.0,105.04472
125.0,108.995834
125.0,109.7693
125.0,104.31241
125.0,110.343796
125.0,111.355545
125.0,110.080315
125.0,105.06075
125.0,108.92094
125.0,110.46034
125.0,108.01481
125.0,107.915474
125.0,111.06433
125.0,118.14195
125.0,118.47953
125.0,119.10874
125.0,120.26891
125.0,121.09043
125.0,121.13088
125.0,121.58319
125.0,121.65027
125.0,121.470695
125.0,121.383675
125.0,120.38316
125.0,119.72116
125.0,92.689735
125.0,96.862015
125.0,94.52432
125.0,95.159676
125.0,96.29883
125.0,98.24368
125.0,100.41653
125.0,105.46027
125.0,108.00755
125.0,106.85291
125.0,108.535126
125.0,107.52989
125.0,106.42632
125.0,108.36917
125.0,108.1557
125.0,111.97257
125.0,113.46239
125.0,114.57348
125.0,115.006294
125.0,115.725266
125.0,115.7895
125.0,116.16491
125.0,116.26671
125.0,115.31125
125.0,113.05459
125.0,111.235245
125.0,105.68586
125.0,101.54705
125.0,99.88776
125.0,95.90799
125.0,94.929115
125.0,98.80318
125.0,96.2025
125.0,97.82247
125.0,94.05882
125.0,94.05531
125.0,95.071075
125.0,97.25963
125.0,97.929405
125.0,91.45537
125.0,90.05074
125.0,87.499466
125.0,88.1066
125.0,89.71938
125.0,86.63155
125.0,92.413414
125.0,93.382645
125.0,90.51164
125.0,94.07513
125.0,94.925804
125.0,92.59682
125.0,119.25672
125.0,118.9876
125.0,119.15038
125.0,117.68049
125.0,119.439156
125.0,118.28923
125.0,115.97014
125.0,118.16897
125.0,118.22119
125.0,119.06171
125.0,119.840775
125.0,120.3719
125.0,120.28989
125.0,121.20736
125.0,121.93607
125.0,121.332886
125.0,121.813736
125.0,121.358116
125.0,120.97995
125.0,119.32656
125.0,116.63579
125.0,119.710266
125.0,119.852036
125.0,119.4604
125.0,117.79504
125.0,118.429344
125.0,117.97775
125.0,112.74912
125.0,109.49418
125.0,112.65008
125.0,115.2776
125.0,116.08871
125.0,112.05928
125.0,113.298546
125.0,116.75687
125.0,114.90367
125.0,109.08711
125.0,114.5646
125.0,112.85976
125.0,118.964554
125.0,119.69161
125.0,120.92225
125.0,121.73191
125.0,121.662186
125.0,122.52233
125.0,121.76016
125.0,121.9351
125.0,122.05266
125.0,121.989044
125.0,121.8669
125.0,120.56879
125.0,121.4083
125.0,121.739235
125.0,120.861145
125.0,119.96102
125.0,120.002884
125.0,120.342545
125.0,119.81092
125.0,120.44394
125.0,119.99229
125.0,118.99338
125.0,118.85701
125.0,118.49264
125.0,118.132454
125.0,118.993805
125.0,118.5631
125.0,119.40029
125.0,119.55924
125.0,120.50474
125.0,121.03699
125.0,121.0268
125.0,120.58626
125.0,120.63882
125.0,125.25463
125.0,125.455246
125.0,125.515
125.0,125.87747
125.0,126.09266
125.0,125.66934
125.0,125.15235
125.0,125.12654
125.0,125.07026
125.0,124.56871
125.0,124.16901
125.0,124.476234
125.0,124.182465
125.0,124.7232
125.0,124.877426
125.0,124.4818
125.0,124.50187
125.0,124.60308
125.0,124.45525
125.0,125.03074
125.0,125.14727
125.0,125.44173
125.0,125.714676
125.0,125.262245
125.0,124.91186
125.0,124.941216
125.0,125.16503
125.0,124.81649
125.0,125.036476
125.0,124.99004
125.0,125.12459
125.0,125.07276
125.0,125.138985
125.0,124.97645
125.0,125.280174
125.0,125.90754
125.0,125.80051
125.0,126.21692
125.0,126.144424
125.0,125.63038
125.0,125.06786
125.0,124.9778
125.0,124.73454
125.0,124.536934
125.0,124.21716
125.0,123.68496
125.0,123.96167
125.0,123.89171
125.0,123.78625
125.0,124.38599
125.0,124.23734
125.0,124.21286
125.0,123.916824
125.0,123.88385
125.0,124.11979
125.0,124.09551
125.0,124.852196
125.0,124.75786
125.0,124.71207
125.0,124.101906
125.0,124.436134
125.0,124.664024
125.0,124.7144
125.0,125.1487
125.0,125.45346
125.0,125.722664
125.0,125.1556
125.0,124.98649
125.0,124.85847
125.0,124.636475
125.0,124.46955
125.0,124.45857
125.0,124.6955
125.0,124.74778
125.0,124.48222
125.0,123.7987
125.0,123.9137
125.0,123.63782
125.0,123.1152
125.0,123.19097
125.0,122.54835
125.0,122.74755
125.0,122.47248
125.0,121.69868
125.0,121.5989
125.0,121.72364
125.0,121.61782
125.0,121.13614
125.0,120.85299
125.0,121.221405
125.0,121.39208
125.0,121.98073
125.0,122.05864
124.0,122.273636
123.0,122.451035
122.0,122.17082
121.0,121.93603
120.0,121.834335
119.0,121.85718
118.0,121.57507
117.0,121.48309
116.0,121.46166
115.0,121.10322
114.0,121.399086
113.0,121.30029
112.0,121.28805
111.0,121.44328
110.0,121.83396
109.0,121.607315
108.0,121.310745
107.0,120.39092
106.0,120.548515
105.0,120.581955
104.0,121.12817
103.0,121.13699
102.0,120.82436
101.0,120.48553
100.0,119.89114
99.0,119.99085
98.0,120.345955
97.0,119.74916
96.0,119.69679
95.0,119.423836
94.0,119.69004
93.0,119.71162
92.0,119.552315
91.0,118.32706
90.0,116.49005
89.0,119.3001
88.0,119.69212
87.0,118.82342
86.0,116.89782
85.0,114.86581
84.0,110.96579
83.0,112.52546
82.0,112.400635
81.0,111.90703
80.0,117.95776
79.0,114.95559
78.0,114.45805
77.0,112.45531
76.0,114.10609
75.0,109.499
74.0,107.54925
73.0,109.16986
72.0,95.07952
71.0,90.06725
70.0,88.42836
69.0,87.884544
68.0,87.56195
125.0,120.98793
125.0,121.16477
125.0,121.989655
125.0,122.84013
125.0,122.94242
125.0,123.218475
125.0,123.66914
125.0,123.44798
125.0,123.47142
125.0,123.45894
125.0,123.73714
125.0,124.019516
125.0,123.71603
125.0,124.06967
125.0,123.98517
125.0,124.33362
125.0,124.44293
125.0,124.927795
125.0,124.5847
125.0,124.93297
125.0,124.5297
125.0,124.858604
125.0,124.48195
125.0,124.532906
125.0,124.033134
125.0,123.50656
125.0,122.843506
125.0,122.58621
125.0,121.68635
125.0,121.75232
125.0,121.55966
125.0,121.27939
125.0,121.79681
125.0,122.089
125.0,121.8566
125.0,121.89513
125.0,122.6893
125.0,123.21359
125.0,123.02924
125.0,122.74131
125.0,122.684746
125.0,122.701866
125.0,122.62496
125.0,122.51726
125.0,122.341896
125.0,122.710686
125.0,123.18053
125.0,123.06202
125.0,122.997536
125.0,122.62854
125.0,122.31844
125.0,122.6082
125.0,121.8454
125.0,121.30153
125.0,121.47573
125.0,121.612465
125.0,121.300995
125.0,121.61255
125.0,121.83061
125.0,122.00295
125.0,122.253075
125.0,122.562325
125.0,122.867805
125.0,122.34654
124.0,122.16962
123.0,122.12993
122.0,121.51174
121.0,121.411385
120.0,121.07966
119.0,120.7359
118.0,120.57295
117.0,120.21209
116.0,119.97537
115.0,120.32402
114.0,120.33161
113.0,121.08509
112.0,121.76855
111.0,121.36608
110.0,121.65664
109.0,121.79761
108.0,122.24235
107.0,121.74433
106.0,121.459305
105.0,120.89069
104.0,121.04657
103.0,121.30091
102.0,121.63601
101.0,121.827835
100.0,121.84287
99.0,121.656654
98.0,121.66878
125.0,101.79085
125.0,109.37284
125.0,112.658295
125.0,111.35212
125.0,114.64835
125.0,116.763275
125.0,117.76151
125.0,118.28844
125.0,119.05052
125.0,120.20218
125.0,120.400894
125.0,119.821724
125.0,118.65782
125.0,117.71184
125.0,118.31477
125.0,117.97966
125.0,118.58467
125.0,119.11259
125.0,117.94618
125.0,118.16178
125.0,118.14922
125.0,117.98432
125.0,118.5903
125.0,117.085396
125.0,117.526024
125.0,117.21206
125.0,117.08589
125.0,115.3087
125.0,116.41189
125.0,116.303734
125.0,116.134995
125.0,114.54265
125.0,112.44888
125.0,109.08498
125.0,108.597855
125.0,108.37594
125.0,108.63004
125.0,108.71066
125.0,105.437325
124.0,110.74798
123.0,109.41485
122.0,110.22231
121.0,107.53203
120.0,107.70115
119.0,112.81331
118.0,110.23934
117.0,116.453064
116.0,118.04415
115.0,118.659325
114.0,119.233475
113.0,119.104904
112.0,119.82188
111.0,119.47668
110.0,119.05671
109.0,119.13726
108.0,119.30229
107.0,118.79326
106.0,117.678314
105.0,117.593376
104.0,117.76796
103.0,116.527985
102.0,116.6915
101.0,115.30767
100.0,112.751144
99.0,110.421936
98.0,102.01123
97.0,94.84049
96.0,92.6888
95.0,90.47417
94.0,91.34097
93.0,91.32424
92.0,89.54614
91.0,85.770325
90.0,90.14397
89.0,95.83689
88.0,93.72361
87.0,97.505585
86.0,103.20205
85.0,107.26502
84.0,108.2873
83.0,107.2181
82.0,107.210335
81.0,102.458534
80.0,98.12843
79.0,99.1109
78.0,101.10456
77.0,101.38659
76.0,99.73113
75.0,97.55467
74.0,93.1546
73.0,87.84671
72.0,90.382164
71.0,90.56895
70.0,93.50821
69.0,96.173706
68.0,95.24919
67.0,91.436165
66.0,88.24205
65.0,87.03644
64.0,83.46675
63.0,83.82214
62.0,83.10026
61.0,80.53204
60.0,87.41233
59.0,88.18662
58.0,86.21715
57.0,89.80041
56.0,95.318954
55.0,94.36135
54.0,92.029465
53.0,85.9541
52.0,86.19322
51.0,87.47817
50.0,89.57338
49.0,93.66271
48.0,93.39653
47.0,94.07894
46.0,92.15267
45.0,90.06555
44.0,81.39078
43.0,78.90138
42.0,82.86504
41.0,83.159035
40.0,80.32287
39.0,83.71985
38.0,79.16061
37.0,73.87071
36.0,71.84202
35.0,70.44542
34.0,63.941902
33.0,56.474663
32.0,52.136585
31.0,42.642395
30.0,35.54996
29.0,34.827614
28.0,32.744495
27.0,31.773813
26.0,28.285765
25.0,27.462288
24.0,25.550035
23.0,21.76351
22.0,19.981009
21.0,19.396399
20.0,18.79178
19.0,17.189487
18.0,16.12045
17.0,14.990854
16.0,15.08948
15.0,15.922685
14.0,15.736064
13.0,14.638069
12.0,14.613272
11.0,13.323129
10.0,12.15174
9.0,11.508929
125.0,116.660324
125.0,117.02536
125.0,117.125435
125.0,117.39558
125.0,116.7699
125.0,117.14216
125.0,117.11408
125.0,120.434105
125.0,120.228645
125.0,119.65706
125.0,119.85533
125.0,119.146904
125.0,119.42661
125.0,118.40759
125.0,116.612114
125.0,110.73339
125.0,108.377594
125.0,111.26021
125.0,110.43943
125.0,111.26283
125.0,111.55427
125.0,112.08147
125.0,113.18745
125.0,107.368355
125.0,111.36758
125.0,111.54911
125.0,106.01333
125.0,107.1412
125.0,109.84178
125.0,102.64131
125.0,104.90752
125.0,102.63823
125.0,102.652016
125.0,100.561966
125.0,96.219246
125.0,100.66844
125.0,105.4375
125.0,102.87942
125.0,105.44035
125.0,113.00625
125.0,116.99736
125.0,118.35064
125.0,119.94566
125.0,120.069565
125.0,120.075905
125.0,119.41473
125.0,118.906334
125.0,118.37548
125.0,118.24097
125.0,118.86959
125.0,119.39457
125.0,119.67514
125.0,119.23139
125.0,118.85627
125.0,116.83533
125.0,116.790634
125.0,115.03659
125.0,118.285645
125.0,117.34666
125.0,119.144424
125.0,119.20451
125.0,118.8105
125.0,119.99687
125.0,119.90251
125.0,117.90196
125.0,118.749245
125.0,117.87421
125.0,119.07341
125.0,119.80178
125.0,119.22128
125.0,118.53237
125.0,113.109634
125.0,115.74764
125.0,117.19435
125.0,116.331055
125.0,115.34503
125.0,115.44061
125.0,115.74814
125.0,115.08758
125.0,115.691154
125.0,115.646194
125.0,118.80897
125.0,115.318596
125.0,114.61973
125.0,115.9637
125.0,116.631004
125.0,116.57125
125.0,118.5849
125.0,118.67678
125.0,118.75192
125.0,118.42767
125.0,117.759544
125.0,118.59587
125.0,118.99574
125.0,119.40983
125.0,119.44646
125.0,119.59062
125.0,120.204094
125.0,120.06461
125.0,120.90798
125.0,119.89526
125.0,119.33497
125.0,119.97975
125.0,119.67601
125.0,116.24159
125.0,113.816124
125.0,111.24641
125.0,105.61989
125.0,106.75385
125.0,105.78018
125.0,105.54634
125.0,106.34682
125.0,121.81529
125.0,121.90315
125.0,122.93425
125.0,122.43873
125.0,120.94495
125.0,120.16556
125.0,119.54203
125.0,118.9707
125.0,117.612404
125.0,118.46125
125.0,118.34195
125.0,118.373375
125.0,118.60067
125.0,119.02461
125.0,119.642624
125.0,119.60299
125.0,118.95386
125.0,119.30196
125.0,120.7905
125.0,121.07578
125.0,121.070946
125.0,121.84465
125.0,121.8429
125.0,123.20487
125.0,123.89645
125.0,123.7277
125.0,124.06494
125.0,124.14462
125.0,123.99146
125.0,123.49032
125.0,123.710144
125.0,122.92068
125.0,123.21973
125.0,123.20803
125.0,122.3018
125.0,121.688484
125.0,120.775475
125.0,120.38191
125.0,120.1933
125.0,119.72862
125.0,119.00802
125.0,119.47024
125.0,119.242
125.0,116.74482
125.0,113.53554
125.0,111.54714
125.0,102.71932
125.0,103.79415
125.0,103.69154
125.0,108.435005
125.0,114.68785
125.0,114.65691
125.0,116.355675
125.0,118.87981
125.0,118.902534
125.0,118.97506
125.0,119.83474
125.0,120.48578
125.0,119.99654
125.0,119.87212
125.0,120.4094
125.0,119.39385
125.0,119.59837
125.0,120.22823
125.0,120.474365
125.0,119.73424
125.0,119.50632
125.0,119.17344
125.0,119.49602
125.0,118.20033
125.0,118.50015
125.0,118.74826
125.0,119.48195
125.0,118.89872
125.0,115.53799
125.0,117.01767
125.0,116.03499
125.0,119.43087
125.0,118.41215
125.0,119.27247
125.0,119.63591
125.0,119.74488
125.0,119.04624
125.0,116.99581
125.0,113.809044
125.0,112.87733
125.0,119.24526
125.0,119.70005
125.0,119.95506
125.0,119.760895
125.0,120.44136
125.0,120.361786
125.0,120.30093
125.0,121.389435
125.0,121.63304
125.0,122.23403
125.0,122.55748
125.0,123.01896
125.0,122.204796
125.0,120.93393
125.0,121.94127
125.0,122.072525
125.0,122.44031
125.0,121.19728
125.0,120.22029
125.0,120.94217
125.0,119.66482
125.0,120.208115
125.0,119.97299
125.0,120.207466
125.0,119.567955
125.0,118.94023
125.0,117.56276
125.0,116.826614
125.0,114.08152
125.0,116.36201
125.0,117.326035
125.0,116.52928
125.0,110.20693
125.0,111.44834
125.0,111.735405
125.0,116.6071
125.0,115.51586
125.0,115.03957
125.0,118.9119
125.0,116.79024
125.0,119.05285
125.0,119.60205
125.0,118.267876
125.0,119.133644
125.0,119.372955
125.0,118.20843
125.0,117.336845
125.0,112.046295
125.0,112.128685
125.0,118.357
125.0,118.06431
125.0,116.879616
125.0,119.23118
125.0,119.49421
125.0,119.960625
125.0,120.58328
125.0,119.7952
125.0,120.73339
125.0,121.92099
125.0,121.92808
125.0,121.96326
125.0,121.290565
125.0,120.79795
125.0,120.451096
125.0,121.71715
125.0,120.80428
125.0,119.53465
125.0,119.792854
125.0,120.26543
125.0,120.20862
125.0,120.81848
125.0,120.4506
125.0,120.732796
125.0,120.9391
125.0,120.73449
125.0,120.7529
125.0,120.99701
125.0,120.186584
125.0,119.61088
125.0,119.347694
125.0,117.394875
125.0,115.76734
125.0,116.17284
125.0,110.229225
125.0,108.8648
125.0,105.503235
125.0,99.42381
125.0,101.97717
125.0,102.48087
125.0,104.1725
125.0,107.11201
125.0,102.93965
125.0,104.83504
125.0,105.07818
125.0,111.92816
125.0,114.46365
125.0,116.89136
125.0,117.98674
125.0,116.008644
125.0,117.47539
125.0,119.44455
125.0,119.519485
125.0,119.39362
125.0,119.64346
125.0,118.46012
125.0,118.65985
125.0,119.42996
125.0,118.55975
125.0,118.84603
125.0,118.75885
125.0,116.64859
125.0,112.741035
125.0,117.1065
125.0,115.61275
125.0,114.499886
125.0,110.43184
125.0,107.53259
125.0,105.686386
125.0,108.77638
125.0,113.978485
125.0,117.01358
125.0,115.58245
125.0,112.283264
125.0,111.22906
125.0,116.67014
125.0,117.35886
125.0,115.4047
125.0,114.62043
125.0,111.938866
125.0,107.73191
125.0,107.14986
125.0,109.13657
125.0,109.76605
125.0,109.71226
125.0,108.01855
125.0,113.20786
125.0,118.55317
125.0,117.88092
125.0,118.64593
125.0,118.136986
125.0,116.49562
125.0,112.052246
125.0,112.64193
125.0,114.62459
125.0,114.0809
125.0,108.99833
125.0,109.97269
125.0,109.68754
125.0,106.6979
125.0,106.8604
125.0,111.711044
125.0,103.76883
125.0,107.53935
125.0,108.44883
125.0,107.716606
125.0,111.09072
125.0,114.01558
125.0,111.41254
125.0,108.7711
125.0,105.85974
125.0,107.717285
125.0,107.9037
125.0,111.202
125.0,111.551094
125.0,109.460236
125.0,109.60263
125.0,105.774895
125.0,106.47444
125.0,106.355965
125.0,101.3732
125.0,97.830086
125.0,91.93414
125.0,84.345146
125.0,84.237724
125.0,87.31435
125.0,88.31498
125.0,86.05504
125.0,86.92577
125.0,80.0264
125.0,85.72008
125.0,88.928116
125.0,83.5066
125.0,86.19928
125.0,92.182
125.0,92.62134
125.0,96.77097
125.0,101.42583
125.0,103.56983
125.0,107.37537
125.0,109.12408
125.0,111.23418
125.0,112.528435
125.0,111.6548
125.0,111.828384
125.0,110.036415
125.0,108.66179
125.0,107.931496
125.0,106.58616
125.0,109.41856
125.0,104.673134
125.0,104.87655
125.0,101.771
125.0,94.15991
125.0,92.9508
125.0,87.214836
125.0,86.04839
125.0,81.16458
124.0,83.41085
123.0,79.07519
122.0,86.29796
121.0,84.05436
120.0,73.203514
119.0,68.77566
118.0,68.24438
117.0,67.30919
116.0,71.08686
115.0,75.879295
114.0,82.34534
113.0,82.77609
112.0,83.15832
111.0,80.934166
110.0,84.52579
109.0,81.703514
108.0,76.80974
107.0,76.35426
106.0,72.16793
105.0,70.539
104.0,75.48183
103.0,75.479195
102.0,79.56741
101.0,76.89212
100.0,76.63299
99.0,74.33096
98.0,71.554375
97.0,64.99645
96.0,62.301872
95.0,63.08659
94.0,62.116234
93.0,58.818764
92.0,58.03825
91.0,57.469093
90.0,53.02208
89.0,50.734596
88.0,49.072937
87.0,49.625904
86.0,51.665886
85.0,52.038467
84.0,49.421124
83.0,48.343212
82.0,46.904274
81.0,47.71121
80.0,49.53471
79.0,51.37646
78.0,49.41345
77.0,49.95539
76.0,52.9442
75.0,55.664593
74.0,55.9225
73.0,56.391113
72.0,58.88595
71.0,64.3374
70.0,66.294754
69.0,69.84864
68.0,71.47414
67.0,66.08807
66.0,63.6608
65.0,62.789104
64.0,65.81889
63.0,68.30308
62.0,68.68956
61.0,63.645893
60.0,62.23383
59.0,60.763515
58.0,58.082344
57.0,56.71405
56.0,52.133575
55.0,51.188194
54.0,51.33654
53.0,50.524445
52.0,47.68835
125.0,124.51158
125.0,124.558685
125.0,124.33907
125.0,124.210686
125.0,124.2953
125.0,123.957115
125.0,124.06746
125.0,124.23033
125.0,124.413574
125.0,124.82342
125.0,125.56692
125.0,125.61171
125.0,125.951706
125.0,125.906586
125.0,125.7398
125.0,125.410034
125.0,124.84282
125.0,124.880455
125.0,125.149475
125.0,125.47859
125.0,125.80287
125.0,126.3867
125.0,126.06822
125.0,126.0124
125.0,126.03919
125.0,126.02645
125.0,125.96534
125.0,126.44763
125.0,126.68492
125.0,126.67897
125.0,126.36916
125.0,126.39791
125.0,126.540306
125.0,126.48371
125.0,126.3757
125.0,126.087456
125.0,125.750854
125.0,125.30519
125.0,124.71467
125.0,124.51711
125.0,123.869774
125.0,123.62777
125.0,123.17109
125.0,122.62712
125.0,121.74284
125.0,121.60464
125.0,121.31582
125.0,121.91057
125.0,122.148674
125.0,122.063095
125.0,122.19801
125.0,122.828445
125.0,123.080025
125.0,123.19084
125.0,122.98374
125.0,122.63175
125.0,123.21369
125.0,123.71302
125.0,123.69714
125.0,123.9551
125.0,123.859764
125.0,123.910164
125.0,124.24869
125.0,124.253845
125.0,124.68055
125.0,124.61135
125.0,125.22446
125.0,125.34539
125.0,125.651985
125.0,125.938576
125.0,125.876724
125.0,125.794945
125.0,125.841125
125.0,125.565216
125.0,125.38588
125.0,125.23048
125.0,125.354126
125.0,125.457954
125.0,125.03135
125.0,124.714005
125.0,124.18422
125.0,124.11529
125.0,123.47701
125.0,123.36622
125.0,123.01339
125.0,122.81868
125.0,122.570366
125.0,122.777626
125.0,122.800964
125.0,123.4198
125.0,124.001045
125.0,124.027985
125.0,124.32489
125.0,124.21647
125.0,124.66763
125.0,124.43622
125.0,125.06455
125.0,125.27195
125.0,125.35386
125.0,124.558205
125.0,124.01025
125.0,123.593506
125.0,123.08455
125.0,122.58333
125.0,122.616875
125.0,122.20962
125.0,121.82217
125.0,121.98961
125.0,121.4886
125.0,121.16526
125.0,121.199455
125.0,121.31929
125.0,120.72223
125.0,120.86976
125.0,121.16389
125.0,121.24945
125.0,121.42358
125.0,121.85228
125.0,121.72588
124.0,121.75571
123.0,121.467186
122.0,121.91359
121.0,122.101974
120.0,121.82261
119.0,122.17862
118.0,122.37206
117.0,122.58868
116.0,122.99702
115.0,123.1035
114.0,122.54209
113.0,121.90078
112.0,122.11544
111.0,122.23736
110.0,122.0747
109.0,122.09379
108.0,121.62452
107.0,120.87806
106.0,120.825264
105.0,119.67599
104.0,118.41089
103.0,117.99225
102.0,117.44934
101.0,114.09913
100.0,114.64663
99.0,117.10061
98.0,114.126
97.0,112.459465
96.0,115.92516
95.0,115.51069
94.0,111.05689
93.0,107.810005
92.0,110.581245
91.0,111.88911
90.0,111.739235
89.0,112.77879
88.0,114.90539
87.0,116.28948
86.0,117.86219
85.0,119.28542
84.0,119.73456
83.0,120.03258
82.0,120.376335
81.0,120.24187
80.0,120.69933
79.0,119.96373
78.0,119.536545
77.0,118.96782
76.0,116.40954
75.0,111.18723
74.0,111.75437
73.0,110.17557
72.0,107.66683
71.0,102.92832
70.0,96.73265
69.0,92.433174
68.0,91.40783
67.0,95.39129
66.0,97.274864
65.0,91.571655
64.0,86.99338
63.0,82.56213
62.0,78.80339
61.0,77.06538
60.0,65.4394
59.0,65.23098
58.0,66.81238
57.0,64.352135
56.0,66.755066
55.0,68.83664
54.0,69.33816
53.0,67.73468
52.0,68.006226
51.0,62.93769
50.0,68.66263
49.0,66.09234
48.0,63.42706
47.0,60.508797
46.0,58.937416
45.0,62.003204
44.0,68.56318
43.0,71.09362
42.0,67.64632
41.0,61.993824
40.0,54.4561
39.0,50.35377
38.0,53.091267
37.0,53.752804
36.0,54.764107
35.0,56.647808
34.0,54.6799
125.0,118.52462
125.0,118.14864
125.0,117.38908
125.0,115.81379
125.0,113.50405
125.0,111.68392
125.0,112.96716
125.0,113.32951
125.0,115.94415
125.0,118.375656
125.0,119.10195
125.0,119.41835
125.0,119.02526
125.0,119.30522
125.0,118.97482
125.0,119.68137
125.0,119.772316
125.0,119.84699
125.0,119.8071
125.0,119.07572
125.0,118.83329
125.0,117.92706
125.0,114.598465
125.0,113.646385
125.0,117.38896
125.0,112.629074
125.0,108.63257
125.0,107.02241
125.0,105.07676
125.0,106.49617
125.0,101.31427
125.0,105.059586
125.0,106.372696
125.0,105.889786
125.0,104.58016
125.0,103.52494
125.0,110.493866
125.0,112.425644
125.0,112.256714
125.0,116.88813
125.0,118.47094
125.0,118.52375
125.0,118.80918
125.0,118.46634
125.0,118.470985
125.0,118.34034
125.0,119.37989
125.0,120.15345
125.0,120.18733
125.0,120.05305
125.0,118.87147
125.0,118.460434
125.0,118.556564
125.0,117.86812
125.0,118.34581
125.0,118.035126
125.0,118.36544
125.0,118.787155
125.0,120.071304
125.0,120.53585
125.0,120.17205
125.0,120.335976
125.0,120.13971
125.0,120.31442
125.0,120.6212
125.0,120.7602
125.0,121.10138
125.0,121.54767
125.0,121.76793
125.0,122.40856
125.0,122.232605
125.0,122.625244
125.0,122.33403
125.0,121.950005
125.0,121.094765
125.0,119.86875
125.0,119.051285
125.0,119.563484
125.0,120.19817
125.0,119.18764
125.0,119.169075
125.0,119.144745
125.0,119.95856
125.0,120.34085
125.0,120.69617
125.0,119.833534
125.0,119.62506
125.0,119.65737
125.0,119.613945
125.0,119.548
125.0,119.39677
125.0,119.11536
125.0,117.52552
125.0,115.343094
125.0,116.37899
125.0,111.78131
125.0,108.95093
125.0,110.66659
125.0,108.67803
125.0,106.44657
125.0,102.006226
125.0,102.821976
125.0,103.29306
125.0,99.39677
125.0,92.32338
125.0,92.5071
125.0,93.30301
125.0,100.48441
125.0,99.39311
125.0,101.59988
125.0,108.5424
125.0,113.18252
125.0,115.98789
125.0,118.21222
125.0,118.55505
125.0,118.64686
125.0,119.17169
125.0,120.43759
125.0,121.16991
125.0,121.27381
125.0,120.45823
125.0,119.19361
125.0,119.5523
125.0,119.631256
125.0,120.23038
125.0,120.38922
125.0,119.84665
125.0,120.11732
125.0,121.01233
125.0,122.06145
125.0,121.98295
125.0,122.54596
125.0,122.45841
125.0,122.64757
125.0,121.62696
125.0,120.9799
125.0,120.05604
125.0,119.64461
125.0,120.31311
125.0,120.278435
125.0,119.43131
125.0,118.48063
125.0,117.49033
125.0,117.24278
125.0,113.52983
125.0,116.76864
125.0,111.2601
125.0,110.13258
125.0,116.27854
125.0,118.38361
125.0,117.9125
125.0,118.60894
125.0,119.13933
125.0,119.33147
125.0,119.821045
125.0,120.36893
125.0,121.48078
125.0,122.393684
125.0,122.79393
125.0,123.29972
125.0,123.01339
125.0,123.63714
125.0,122.51807
125.0,122.62717
125.0,121.96311
125.0,121.24604
125.0,121.332115
125.0,121.07471
125.0,120.40562
125.0,119.855
125.0,118.73754
125.0,116.22239
125.0,110.731064
125.0,110.54883
125.0,106.70094
125.0,111.84844
125.0,106.18533
125.0,104.948524
125.0,105.93985
125.0,110.7581
125.0,113.32793
125.0,117.955635
125.0,113.28378
125.0,116.02251
125.0,117.03507
125.0,120.00228
125.0,121.98933
125.0,122.01708
125.0,122.11759
125.0,122.50051
125.0,121.98963
125.0,121.97977
125.0,121.765045
125.0,121.50682
125.0,122.184975
125.0,121.89925
125.0,121.96389
125.0,120.74322
125.0,119.380135
125.0,117.800995
125.0,117.44443
125.0,114.17956
125.0,114.73393
125.0,117.18388
125.0,117.85007
125.0,119.361374
125.0,118.06327
125.0,117.7522
125.0,116.38901
125.0,117.816895
125.0,118.96161
125.0,117.15235
125.0,114.17209
125.0,112.827896
125.0,114.86571
125.0,114.596115
125.0,113.684265
125.0,117.21528
125.0,115.018814
125.0,113.126724
125.0,115.22901
125.0,112.0473
125.0,112.86523
125.0,111.318634
125.0,117.401566
125.0,117.77106
125.0,114.23102
125.0,117.136566
125.0,116.019295
125.0,112.72481
125.0,117.74754
125.0,116.90598
125.0,119.00912
125.0,118.6796
125.0,118.51372
125.0,117.42301
125.0,117.94922
125.0,119.00113
125.0,118.38667
125.0,118.15539
125.0,118.69864
125.0,117.14005
125.0,114.984985
125.0,112.41686
125.0,114.1194
125.0,101.11401
125.0,100.26668
125.0,101.05885
125.0,94.48248
125.0,97.25815
125.0,99.589226
125.0,93.31536
125.0,95.058624
125.0,98.69344
125.0,102.6937
125.0,113.76453
125.0,116.894035
125.0,117.69995
125.0,116.73592
125.0,117.03116
125.0,116.839516
125.0,115.69539
125.0,115.590256
125.0,115.264046
125.0,116.53062
125.0,118.44807
125.0,117.83336
125.0,116.00862
125.0,114.754036
125.0,113.09725
125.0,112.877686
124.0,111.507286
123.0,105.11575
122.0,109.97505
121.0,105.49514
120.0,101.69332
119.0,97.9013
118.0,96.98004
117.0,90.9189
116.0,95.57509
115.0,99.14902
114.0,101.81427
113.0,100.117874
112.0,108.327255
111.0,110.24231
110.0,109.43425
109.0,108.05604
108.0,105.34359
107.0,99.97563
106.0,105.503456
105.0,108.40976
104.0,110.53418
103.0,111.78392
102.0,113.25175
101.0,110.799164
100.0,112.330925
99.0,113.497986
98.0,108.17279
97.0,105.09158
96.0,105.57332
95.0,105.69339
94.0,106.22653
93.0,106.82392
92.0,110.93269
91.0,110.580864
90.0,111.751976
89.0,110.05042
88.0,106.94318
87.0,104.213806
86.0,104.470695
85.0,103.22608
84.0,102.564285
83.0,103.06588
82.0,100.77314
81.0,97.58332
80.0,95.21742
79.0,87.9868
78.0,86.03553
77.0,80.522285
76.0,78.79909
75.0,79.080734
74.0,74.51281
73.0,77.60102
72.0,74.19966
71.0,71.42761
70.0,64.150635
69.0,64.245514
68.0,61.884747
67.0,62.633232
66.0,64.46186
65.0,69.89198
64.0,69.94415
63.0,70.94819
62.0,74.4809
61.0,78.19567
60.0,81.43234
59.0,84.41503
58.0,86.39956
57.0,86.00134
56.0,90.477295
55.0,94.81863
54.0,92.9637
53.0,91.05798
52.0,92.235374
51.0,89.95454
50.0,89.97615
49.0,88.923965
48.0,81.231995
47.0,77.31953
125.0,127.67748
125.0,127.801895
125.0,127.78179
125.0,127.867386
125.0,127.55394
125.0,127.590225
125.0,127.4019
125.0,127.13859
125.0,126.57456
125.0,126.0626
125.0,126.40276
125.0,125.810234
125.0,125.475555
125.0,125.483246
125.0,125.10456
125.0,124.89295
125.0,124.01845
125.0,124.20835
125.0,123.76851
125.0,124.06133
125.0,123.95466
125.0,124.09745
125.0,124.57201
125.0,124.50789
125.0,124.875786
125.0,124.98662
125.0,125.53912
125.0,125.81208
125.0,126.12396
125.0,126.43139
125.0,126.58085
125.0,126.58389
125.0,126.68639
125.0,126.77616
125.0,126.5385
125.0,127.0279
125.0,127.27955
125.0,127.52075
125.0,127.837944
125.0,127.93754
125.0,128.44559
125.0,128.27153
125.0,128.08539
125.0,127.809074
124.0,127.40088
123.0,127.14179
122.0,126.56107
121.0,126.30142
120.0,126.08042
119.0,125.99693
118.0,125.958664
117.0,126.11799
116.0,125.83567
115.0,125.992134
114.0,126.356316
113.0,126.21404
112.0,126.445724
111.0,126.066345
110.0,125.812126
109.0,125.14835
108.0,125.17196
107.0,125.12767
106.0,124.96209
105.0,125.11036
104.0,125.08769
103.0,125.139534
102.0,124.71604
101.0,124.62155
100.0,124.22712
99.0,123.87116
98.0,124.14488
97.0,124.146286
96.0,123.90725
95.0,123.957634
94.0,124.23012
93.0,123.87358
92.0,124.01493
91.0,124.15317
90.0,124.19233
89.0,123.73695
88.0,123.515396
87.0,123.974
86.0,123.90231
85.0,123.83974
84.0,123.684006
83.0,123.21561
82.0,123.291046
81.0,123.21364
80.0,123.19066
79.0,122.667816
78.0,123.149826
77.0,122.9917
76.0,122.53242
75.0,122.259834
74.0,122.50192
73.0,122.474724
72.0,121.480835
71.0,121.478645
70.0,121.43057
69.0,121.103584
68.0,121.527794
67.0,122.15136
66.0,122.11535
65.0,121.72708
64.0,121.743546
63.0,121.88837
62.0,121.988754
61.0,121.162415
60.0,121.133644
59.0,120.593575
58.0,119.85199
57.0,118.22847
56.0,116.48858
55.0,118.38498
54.0,117.03306
53.0,113.50013
52.0,108.65615
51.0,103.5216
50.0,101.754196
49.0,98.19321
48.0,98.174484
47.0,93.192955
46.0,88.85792
45.0,82.347496
44.0,82.030754
43.0,84.31442
42.0,74.78817
41.0,73.272766
40.0,71.25844
39.0,70.5946
38.0,71.65503
37.0,72.81994
36.0,69.83641
35.0,62.685318
34.0,61.00577
33.0,59.676094
32.0,55.322155
31.0,48.279053
30.0,43.34449
29.0,42.579365
28.0,41.630825
27.0,38.416283
26.0,39.74773
25.0,39.76968
24.0,41.61429
23.0,43.06973
22.0,45.45606
21.0,45.3168
20.0,41.03527
19.0,39.585464
18.0,39.49127
17.0,39.00166
16.0,39.509727
15.0,36.51676
14.0,36.15982
13.0,33.474636
125.0,113.64165
125.0,115.97993
125.0,113.63819
125.0,114.42694
125.0,115.551315
125.0,115.66968
125.0,115.23209
125.0,114.20706
125.0,115.67759
125.0,116.04358
125.0,115.17212
125.0,105.085594
125.0,101.624626
125.0,96.4984
125.0,97.91916
125.0,97.20892
125.0,100.81936
125.0,104.793205
125.0,103.34809
125.0,104.50935
125.0,105.11294
125.0,103.18554
125.0,100.27513
125.0,100.44917
125.0,105.10288
125.0,107.396255
125.0,110.91092
125.0,106.65648
125.0,103.099556
125.0,103.363815
125.0,105.59501
125.0,107.283485
125.0,103.305115
125.0,106.99579
125.0,103.73904
125.0,103.075356
125.0,101.49786
125.0,102.5608
125.0,98.82194
125.0,100.67982
125.0,101.12486
125.0,102.004845
125.0,102.183136
125.0,106.03514
125.0,108.43125
125.0,112.344826
125.0,114.20366
125.0,114.41794
125.0,114.00644
125.0,115.34631
125.0,114.7726
125.0,116.222946
125.0,114.97018
125.0,114.33034
125.0,115.077095
125.0,116.204346
125.0,116.12791
125.0,115.47707
125.0,113.13104
125.0,112.257385
125.0,112.63552
125.0,110.20775
125.0,102.479965
125.0,100.03712
125.0,98.43029
125.0,95.62457
125.0,100.10982
125.0,98.97157
125.0,95.90629
125.0,97.103806
125.0,95.04208
125.0,93.16428
125.0,95.652016
125.0,95.612816
125.0,93.461174
125.0,91.24574
125.0,93.12287
125.0,92.42264
125.0,94.09995
125.0,90.73986
125.0,87.4069
125.0,89.27563
125.0,88.7489
125.0,92.73413
125.0,94.59275
125.0,97.409874
125.0,101.68734
125.0,99.82745
125.0,102.08356
125.0,101.96578
125.0,108.35578
125.0,111.091835
125.0,111.60834
125.0,112.10754
125.0,112.4357
125.0,112.38133
125.0,112.33567
125.0,112.182274
125.0,111.73089
125.0,111.64125
125.0,113.425804
125.0,111.80429
125.0,107.080864
125.0,105.58532
125.0,97.5626
125.0,92.46262
125.0,89.02709
125.0,88.300354
125.0,84.632164
124.0,76.00451
123.0,69.43623
122.0,69.764404
121.0,75.09793
120.0,76.33318
119.0,77.605774
118.0,78.17998
117.0,79.20816
116.0,73.78432
115.0,74.62084
114.0,80.06044
113.0,85.635864
112.0,88.5485
111.0,87.587776
110.0,89.61864
109.0,85.46636
108.0,93.390686
107.0,86.98675
106.0,94.04498
105.0,93.4872
104.0,93.20426
103.0,93.58706
102.0,88.422935
101.0,83.41813
100.0,84.6324
99.0,87.892654
98.0,89.55981
97.0,84.53051
96.0,83.101524
95.0,80.911575
94.0,75.53965
93.0,68.24949
92.0,62.390907
91.0,60.194
90.0,57.033
89.0,53.112297
88.0,53.944016
87.0,46.00539
86.0,41.00615
85.0,42.97971
84.0,47.55096
83.0,50.886147
82.0,47.266365
81.0,48.99179
80.0,51.425964
79.0,50.930946
78.0,53.574524
77.0,54.15652
76.0,55.46218
75.0,53.521236
74.0,54.139458
73.0,53.465633
72.0,50.373486
71.0,47.123543
70.0,46.851868
69.0,51.48804
68.0,55.1339
67.0,51.737144
66.0,48.882202
65.0,48.29109
64.0,44.56889
63.0,42.28914
62.0,41.520386
61.0,38.53451
60.0,38.137035
59.0,39.032093
58.0,37.388577
57.0,33.45731
56.0,32.912487
55.0,33.39325
54.0,30.790947
53.0,30.178717
52.0,29.210846
51.0,30.188164
50.0,29.525793
49.0,29.485662
48.0,29.6925
47.0,29.642443
125.0,118.8826
125.0,118.75208
125.0,118.21929
125.0,118.84081
125.0,118.678986
125.0,118.78961
125.0,119.02285
125.0,120.176254
125.0,119.070786
125.0,118.339874
125.0,119.187294
125.0,119.23203
125.0,119.08824
125.0,119.306656
125.0,120.12191
125.0,120.48495
125.0,121.30533
125.0,121.25478
125.0,121.04519
125.0,120.74708
125.0,120.67717
125.0,121.11222
125.0,120.78706
125.0,121.127365
125.0,120.92079
125.0,121.38211
125.0,121.88027
125.0,121.77288
125.0,121.73228
125.0,121.67481
125.0,120.28003
125.0,120.0197
125.0,120.56179
125.0,120.74979
125.0,120.77421
125.0,120.41268
125.0,120.40473
125.0,121.03399
125.0,120.119484
125.0,120.55617
125.0,120.96414
125.0,120.314255
125.0,119.75296
125.0,119.819466
125.0,120.130806
125.0,120.04773
125.0,119.96635
125.0,118.91815
125.0,117.73914
125.0,117.87649
125.0,117.64486
125.0,117.51927
125.0,118.0551
125.0,116.138565
125.0,113.87917
125.0,115.93314
125.0,118.20257
125.0,118.57752
125.0,118.5491
125.0,118.18983
125.0,115.78253
125.0,115.6454
125.0,117.016655
125.0,118.81453
125.0,119.74543
125.0,120.185936
125.0,120.59973
125.0,120.57818
125.0,119.841705
125.0,119.77721
125.0,119.74339
125.0,119.18439
125.0,117.89658
125.0,118.02934
125.0,116.32121
125.0,115.53873
125.0,117.00238
125.0,117.380356
125.0,116.72558
125.0,116.42673
125.0,117.71521
125.0,119.038445
125.0,119.40628
125.0,119.25697
125.0,119.95253
125.0,120.251205
125.0,119.84856
125.0,120.20569
125.0,120.22098
125.0,119.62808
125.0,119.81001
125.0,119.09755
125.0,119.562195
125.0,119.861465
125.0,119.546936
125.0,119.180786
125.0,119.57036
125.0,119.56743
125.0,119.83152
125.0,119.17835
125.0,119.10693
125.0,119.78039
125.0,119.70015
125.0,119.557976
125.0,117.94164
125.0,117.44362
125.0,118.46607
125.0,119.03278
125.0,118.75027
125.0,118.96597
125.0,118.9101
125.0,118.53503
125.0,116.25245
125.0,116.050964
125.0,112.514885
125.0,109.45284
125.0,108.51557
125.0,106.151566
125.0,110.54206
125.0,107.483986
125.0,107.995316
125.0,109.67155
125.0,108.68549
125.0,108.883095
125.0,107.277336
125.0,109.47673
125.0,110.13786
125.0,103.69689
125.0,106.665665
125.0,105.797874
125.0,111.841156
125.0,115.99485
125.0,114.963394
124.0,116.50997
123.0,112.34382
122.0,109.16349
121.0,112.38023
120.0,112.62697
119.0,104.156334
118.0,107.57666
117.0,109.64928
116.0,106.303635
115.0,106.073006
114.0,104.83679
113.0,102.56179
112.0,106.70823
111.0,104.643486
110.0,102.64628
109.0,103.135956
108.0,97.6526
107.0,96.93801
106.0,102.21919
105.0,103.16306
104.0,97.53741
103.0,100.46753
102.0,99.014984
101.0,95.38381
100.0,91.09495
99.0,91.61802
98.0,96.46497
97.0,99.09303
96.0,105.02423
95.0,104.52889
94.0,99.721924
93.0,93.077896
92.0,90.266365
91.0,92.69342
90.0,90.026695
89.0,86.36241
88.0,87.31322
87.0,90.2698
86.0,86.26046
85.0,82.28162
84.0,78.94425
83.0,76.14382
82.0,77.137665
81.0,73.013016
80.0,70.19104
79.0,72.046326
78.0,74.567665
77.0,75.7441
76.0,78.05843
75.0,81.37706
74.0,80.992676
73.0,75.15354
72.0,72.82161
71.0,66.1537
70.0,65.72648
69.0,66.42988
68.0,68.201645
67.0,69.29456
66.0,69.380394
65.0,66.13788
64.0,62.0548
63.0,57.095364
62.0,53.221985
61.0,53.688778
60.0,54.913074
59.0,55.87463
58.0,55.15001
57.0,57.408318
56.0,54.14253
55.0,51.777138
54.0,49.517155
53.0,49.144207
52.0,48.75596
51.0,50.40175
50.0,50.146206
49.0,47.94757
48.0,46.49037
47.0,45.9057
125.0,121.81136
125.0,122.13019
125.0,122.824356
125.0,122.597694
125.0,121.80726
125.0,121.70419
125.0,120.78811
125.0,121.07906
125.0,120.57911
125.0,120.58547
125.0,120.334564
125.0,119.99221
125.0,119.92212
125.0,118.598434
125.0,118.777306
125.0,115.26308
125.0,114.890274
125.0,114.18497
125.0,113.25697
125.0,116.387764
124.0,117.23358
123.0,115.46462
122.0,118.66368
121.0,118.75787
120.0,118.211006
119.0,117.95039
118.0,118.5612
117.0,118.97085
116.0,119.36309
115.0,119.76873
114.0,119.30079
113.0,119.303894
112.0,120.33086
111.0,120.70472
110.0,120.741356
109.0,120.74055
108.0,118.98762
107.0,119.04219
106.0,118.892
105.0,119.08572
104.0,118.533554
103.0,116.60287
102.0,116.03294
101.0,112.94735
100.0,113.09035
99.0,108.294945
98.0,105.724785
97.0,101.98553
96.0,105.53071
95.0,111.90407
94.0,106.1977
93.0,104.36592
92.0,106.85525
91.0,99.28033
90.0,102.60447
89.0,108.710365
88.0,110.19438
87.0,112.68334
86.0,116.88626
85.0,116.973625
84.0,117.06166
83.0,117.98805
82.0,117.32949
81.0,117.86769
80.0,118.05641
79.0,116.45298
78.0,111.16347
77.0,110.29434
76.0,113.33455
75.0,112.91488
74.0,115.27196
73.0,108.94073
72.0,113.85493
71.0,113.857414
70.0,107.30681
69.0,104.492546
68.0,104.780174
67.0,91.05056
66.0,88.966736
65.0,86.18663
64.0,77.22548
63.0,70.86836
62.0,64.74202
61.0,56.884186
60.0,59.651463
59.0,64.09015
58.0,62.383064
57.0,59.19227
56.0,66.4515
55.0,66.67416
54.0,68.49305
53.0,72.09585
52.0,73.85178
51.0,77.42767
50.0,74.138336
49.0,72.08366
48.0,74.75756
47.0,77.22578
46.0,87.029785
45.0,85.862976
44.0,83.39401
43.0,78.87028
42.0,81.5137
41.0,85.49966
40.0,77.773575
39.0,77.77648
38.0,75.654594
37.0,71.73781
36.0,64.71257
35.0,59.585503
34.0,54.592045
33.0,51.64119
32.0,48.133358
31.0,44.82106
30.0,41.424328
29.0,38.188473
28.0,39.0146
27.0,37.18681
26.0,35.64576
25.0,34.93947
24.0,34.630478
23.0,34.885025
22.0,34.68533
21.0,33.760437
20.0,30.938303
19.0,30.225946
18.0,30.579313
17.0,30.064709
16.0,29.738592
15.0,28.65294
14.0,26.284048
13.0,26.182358
125.0,115.20541
125.0,119.825485
125.0,120.11009
125.0,121.10034
125.0,121.788704
125.0,121.9531
125.0,121.486115
125.0,121.32515
125.0,120.75791
125.0,121.2482
125.0,121.10043
125.0,119.36147
125.0,119.74891
125.0,119.966125
125.0,119.191
125.0,119.779
125.0,118.5679
125.0,115.56372
125.0,114.4392
125.0,115.51485
125.0,116.92044
125.0,116.958084
125.0,116.420654
125.0,116.142296
125.0,112.60737
125.0,117.09038
125.0,116.97227
125.0,119.41539
125.0,119.67475
125.0,120.23523
125.0,121.58266
125.0,121.867485
125.0,123.11909
125.0,122.798195
125.0,122.057365
125.0,121.92675
125.0,121.12748
125.0,120.78227
125.0,120.27432
125.0,120.10518
125.0,120.12461
125.0,118.905685
125.0,118.12083
125.0,119.276596
125.0,117.319046
125.0,108.67114
125.0,98.95999
125.0,98.96868
125.0,104.17522
125.0,106.09683
125.0,106.86922
125.0,107.612625
125.0,106.45134
125.0,102.616905
125.0,100.19368
125.0,102.3523
125.0,103.06347
125.0,105.768486
125.0,111.96746
125.0,116.9327
125.0,118.154366
125.0,118.53202
125.0,120.215096
125.0,119.43197
125.0,117.22605
125.0,116.58417
125.0,108.50419
125.0,106.03647
125.0,112.97414
124.0,116.52745
123.0,115.71619
122.0,114.295395
121.0,114.90668
120.0,118.65161
119.0,119.88573
118.0,120.078255
117.0,119.85485
116.0,120.8493
115.0,120.99053
114.0,120.61843
113.0,120.62972
112.0,120.510414
111.0,120.69019
110.0,119.7885
109.0,119.28959
108.0,117.760124
107.0,117.9868
106.0,118.26722
105.0,118.001205
104.0,119.27672
103.0,120.22777
102.0,120.348335
101.0,119.891655
100.0,119.3626
99.0,119.329765
98.0,119.17345
97.0,118.433655
96.0,114.67028
95.0,111.13403
94.0,113.82304
93.0,113.66119
92.0,113.79358
91.0,111.58106
90.0,115.04888
89.0,118.58229
88.0,118.620735
87.0,115.98845
86.0,116.86877
85.0,117.2201
84.0,110.2833
83.0,106.0261
82.0,107.68268
81.0,109.50228
80.0,110.705894
79.0,106.23966
78.0,99.98495
77.0,95.13023
76.0,94.32174
75.0,95.22168
74.0,98.8583
73.0,97.36394
72.0,96.611916
71.0,99.861984
70.0,103.89202
69.0,96.1388
68.0,93.63905
67.0,91.41561
66.0,91.00425
65.0,90.47884
64.0,86.125656
63.0,88.83223
62.0,90.84553
61.0,90.99869
60.0,84.95348
59.0,86.02463
58.0,80.82484
57.0,75.572815
56.0,74.5381
55.0,71.135704
54.0,62.544598
53.0,62.5607
52.0,64.76299
51.0,58.433533
50.0,56.115387
49.0,52.388325
48.0,53.11653
47.0,55.02367
46.0,56.444534
45.0,57.02076
44.0,58.74476
43.0,58.319115
42.0,55.65351
41.0,57.772167
40.0,58.440575
39.0,55.686256
38.0,55.03345
37.0,58.85104
36.0,57.838745
35.0,55.71241
34.0,54.53596
125.0,122.43417
125.0,122.34233
125.0,122.10911
125.0,122.459946
125.0,122.89539
125.0,122.7167
125.0,122.23044
125.0,121.96818
125.0,122.23292
125.0,121.65641
125.0,121.88452
125.0,122.430405
125.0,122.28327
125.0,121.88387
125.0,121.67275
125.0,122.366875
125.0,122.482
125.0,123.03403
125.0,122.82938
125.0,122.972084
125.0,123.15029
125.0,122.97789
125.0,122.739334
125.0,122.49309
125.0,122.21965
125.0,122.27224
125.0,122.29108
125.0,122.10764
125.0,121.96144
125.0,122.5498
125.0,122.766525
125.0,122.875725
125.0,122.78171
125.0,123.01398
125.0,123.06039
125.0,122.93911
125.0,123.07599
125.0,123.25483
125.0,123.352615
125.0,122.47388
125.0,122.6751
125.0,123.40034
125.0,122.704384
125.0,122.68009
125.0,122.38562
125.0,121.983246
125.0,122.14048
125.0,122.24616
125.0,122.28081
125.0,122.55597
125.0,122.40312
125.0,122.19071
125.0,121.64368
125.0,120.8024
125.0,120.742424
125.0,120.82293
125.0,121.068275
125.0,120.39161
125.0,120.87999
125.0,121.07152
125.0,121.37355
125.0,121.50572
125.0,121.748535
125.0,121.42122
125.0,121.18888
125.0,121.560036
125.0,121.49361
125.0,121.65624
125.0,121.68705
125.0,121.46028
125.0,121.79692
125.0,121.68477
125.0,121.43405
125.0,121.759834
125.0,121.86365
125.0,121.87696
125.0,122.14791
125.0,122.753044
125.0,123.13505
125.0,123.623665
125.0,123.0444
125.0,123.46233
125.0,122.848564
125.0,122.47578
125.0,122.09528
125.0,122.39077
125.0,122.31379
125.0,121.48777
125.0,122.02203
125.0,122.847824
125.0,123.49415
125.0,123.62007
125.0,124.16242
125.0,123.8156
125.0,123.10062
125.0,122.88259
125.0,122.44776
125.0,122.02546
125.0,121.8435
125.0,121.99157
125.0,122.11387
125.0,122.16738
125.0,121.75451
125.0,121.75232
125.0,121.11942
125.0,120.61849
125.0,120.88835
125.0,121.41248
125.0,120.897995
125.0,121.08156
125.0,120.95436
125.0,120.4031
125.0,120.08746
125.0,119.98296
125.0,119.1957
125.0,119.74155
125.0,119.33173
125.0,120.240875
125.0,120.46652
125.0,121.05068
125.0,121.86612
125.0,122.24346
125.0,121.96603
125.0,121.622475
125.0,122.393105
125.0,122.077835
125.0,122.01198
125.0,122.21046
125.0,122.235016
125.0,121.91587
125.0,121.43375
125.0,120.95405
125.0,120.75437
125.0,120.478485
125.0,120.439026
125.0,119.602394
125.0,118.69415
125.0,117.38567
125.0,111.61579
125.0,117.31418
125.0,116.18327
125.0,118.28247
125.0,115.793175
125.0,113.07889
125.0,109.01047
125.0,113.38858
125.0,111.899536
125.0,117.83708
125.0,118.87224
125.0,119.61361
125.0,118.971504
125.0,118.896935
125.0,117.776215
124.0,116.095245
123.0,120.02197
122.0,120.15056
121.0,120.23532
120.0,119.66262
119.0,118.992966
118.0,118.83418
117.0,118.60743
116.0,118.53574
115.0,118.24583
114.0,118.78967
113.0,119.23979
112.0,119.91473
111.0,119.86256
110.0,119.9791
109.0,119.62014
108.0,119.61274
107.0,118.34877
106.0,118.80939
105.0,114.93117
104.0,114.43953
103.0,114.98048
102.0,111.347305
101.0,113.50917
100.0,115.72453
99.0,113.853615
98.0,114.41678
97.0,110.36201
96.0,109.58545
95.0,110.37975
94.0,104.6835
93.0,112.897675
92.0,106.04644
91.0,107.07729
90.0,108.35493
89.0,111.99915
88.0,118.20687
87.0,118.55625
86.0,119.17324
85.0,118.69241
84.0,118.09663
83.0,118.059784
82.0,116.68454
81.0,110.44722
80.0,113.20869
79.0,107.618256
78.0,104.651
77.0,106.56543
76.0,109.98484
75.0,102.51968
74.0,106.43403
73.0,108.25972
72.0,100.57254
71.0,100.877075
70.0,93.332985
69.0,83.01033
68.0,80.12213
67.0,71.7295
66.0,65.67054
65.0,65.35808
64.0,62.22692
63.0,70.85621
62.0,70.31328
61.0,71.77324
60.0,67.92214
59.0,66.58727
58.0,69.650894
57.0,63.436337
56.0,66.794685
55.0,66.036385
54.0,70.67306
53.0,78.94522
52.0,75.560776
51.0,72.7669
50.0,76.001625
49.0,76.475746
48.0,74.80371
47.0,73.12234
46.0,70.50836
45.0,69.249016
44.0,71.08455
43.0,68.58483
42.0,64.68029
41.0,58.195286
40.0,54.019695
39.0,46.224056
38.0,42.64666
37.0,42.515823
36.0,43.10325
35.0,42.645767
34.0,42.741165
33.0,44.99936
32.0,43.30538
31.0,43.75059
30.0,43.09693
29.0,40.643074
28.0,41.10714
27.0,41.02381
26.0,40.53376
25.0,41.27057
24.0,41.92855
23.0,38.87271
22.0,37.722248
21.0,35.755234
20.0,34.36065
19.0,33.524246
18.0,31.620941
17.0,29.938238
16.0,29.413172
125.0,125.19866
125.0,125.177666
125.0,125.13095
125.0,124.47584
125.0,124.41319
125.0,124.4353
125.0,124.11782
125.0,124.148415
125.0,124.145584
125.0,124.677765
125.0,124.9233
125.0,124.98696
125.0,125.084816
125.0,124.9114
125.0,124.95265
125.0,124.693245
125.0,124.23582
125.0,123.95947
125.0,124.25979
125.0,124.41602
125.0,123.705605
125.0,123.89659
125.0,123.989296
125.0,123.79267
125.0,123.457306
125.0,123.64906
125.0,124.19046
125.0,124.719894
125.0,125.04621
125.0,124.78727
125.0,125.13411
125.0,125.090645
125.0,125.271675
125.0,125.27849
125.0,125.19185
125.0,124.93816
125.0,124.57971
125.0,124.60291
125.0,124.62389
125.0,124.24688
125.0,123.97923
125.0,123.769714
125.0,123.51453
125.0,123.859795
125.0,123.939766
125.0,124.1693
125.0,124.51518
125.0,124.46768
125.0,124.81295
125.0,125.35289
125.0,125.71099
125.0,126.13914
125.0,126.29365
125.0,126.2884
125.0,126.24845
125.0,126.46352
125.0,126.22535
125.0,125.72165
125.0,124.94314
125.0,125.02219
125.0,125.09331
125.0,124.446014
125.0,124.2584
125.0,124.28188
125.0,124.33134
125.0,123.61072
125.0,123.25442
125.0,123.197655
125.0,122.6573
125.0,121.68771
125.0,121.467606
125.0,121.443054
125.0,121.54016
125.0,122.07616
125.0,122.141914
125.0,122.52301
125.0,122.40259
125.0,122.07145
125.0,121.974754
125.0,122.003586
125.0,121.997505
125.0,122.264694
125.0,122.57336
125.0,122.318
125.0,123.3367
125.0,123.86708
125.0,124.19688
125.0,124.581116
125.0,113.92902
125.0,116.87376
125.0,113.44408
125.0,111.8389
125.0,113.113266
125.0,112.28454
125.0,114.1684
125.0,110.24788
125.0,109.41978
125.0,104.013985
125.0,102.98824
125.0,106.60426
125.0,100.82833
125.0,100.30465
125.0,100.48096
125.0,98.30347
125.0,97.79686
125.0,92.83376
124.0,93.69782
123.0,97.42192
122.0,97.38372
121.0,98.35573
120.0,103.23507
119.0,106.38308
118.0,109.64725
117.0,111.73253
116.0,112.0094
115.0,113.745705
114.0,115.10299
113.0,114.09466
112.0,116.2956
111.0,115.93751
110.0,113.92549
109.0,111.95441
108.0,113.66606
107.0,110.12681
106.0,112.700615
105.0,110.90161
104.0,110.60377
103.0,105.86922
102.0,106.87017
101.0,111.757904
100.0,107.01222
99.0,106.16514
98.0,108.02281
97.0,104.08691
96.0,97.90874
95.0,98.98995
94.0,103.347984
93.0,105.80021
92.0,108.303856
91.0,110.03336
90.0,110.8014
89.0,110.9745
88.0,110.342384
87.0,111.74304
86.0,111.87477
85.0,105.99843
84.0,100.2275
83.0,92.401085
82.0,94.407875
81.0,93.66347
80.0,91.29185
79.0,93.50629
78.0,86.397675
77.0,91.339226
76.0,91.500206
75.0,97.20996
74.0,98.01898
73.0,95.005486
72.0,99.88946
71.0,105.175934
70.0,105.26098
69.0,105.08282
68.0,102.37142
67.0,100.81754
66.0,93.94561
65.0,93.6934
64.0,95.85172
63.0,95.283104
62.0,94.95809
61.0,96.84104
60.0,90.02733
59.0,83.89221
58.0,86.89308
57.0,82.72219
56.0,81.32931
55.0,75.47648
54.0,68.07692
53.0,68.03447
52.0,66.37155
51.0,63.06623
50.0,56.239113
49.0,54.66161
48.0,53.803585
47.0,53.58649
46.0,50.790504
45.0,52.8362
44.0,51.816322
43.0,54.223476
42.0,58.02343
41.0,61.904587
40.0,57.92506
39.0,53.78531
38.0,48.421947
37.0,50.164433
36.0,47.01512
35.0,44.633934
34.0,42.523743
33.0,45.388737
32.0,45.51234
31.0,47.899208
30.0,42.293724
29.0,41.422478
28.0,42.918926
27.0,41.361965
26.0,38.312767
25.0,38.837986
24.0,39.596157
125.0,127.02415
125.0,126.939835
125.0,126.89281
125.0,127.29879
125.0,127.04161
125.0,126.61238
125.0,126.350136
125.0,126.69809
125.0,126.3784
125.0,126.45085
125.0,126.184
125.0,126.2072
125.0,124.825455
125.0,124.719955
125.0,124.89576
125.0,125.15157
125.0,125.502556
125.0,125.5247
125.0,125.73639
125.0,125.741005
125.0,125.70947
125.0,125.72898
125.0,125.3362
125.0,125.05886
125.0,125.786125
125.0,126.20688
125.0,126.76771
125.0,126.886024
125.0,126.708046
125.0,126.39093
125.0,126.20644
125.0,126.45024
125.0,126.0088
125.0,126.17643
125.0,126.32103
125.0,126.167534
125.0,126.33289
125.0,126.62209
125.0,126.582756
125.0,126.79261
125.0,127.0607
125.0,127.555534
125.0,127.275856
125.0,127.09178
125.0,126.614006
125.0,126.77358
125.0,126.9618
125.0,126.69477
125.0,126.549736
125.0,126.33607
125.0,126.36444
125.0,126.02085
125.0,125.679344
125.0,125.79788
125.0,126.223
125.0,126.14134
125.0,125.87394
125.0,125.67203
125.0,126.17411
125.0,126.11203
125.0,125.867355
125.0,126.449615
125.0,126.489876
125.0,126.623985
125.0,126.51528
125.0,126.07831
125.0,125.909805
125.0,125.9566
125.0,125.82521
125.0,125.56215
125.0,125.85992
125.0,126.40306
125.0,126.84503
125.0,126.55563
125.0,126.47955
125.0,126.146736
125.0,126.62457
125.0,126.32835
125.0,126.455185
125.0,126.29858
125.0,126.48498
125.0,125.72706
125.0,126.17913
125.0,126.06011
125.0,125.94456
125.0,125.61044
125.0,125.714165
125.0,125.26983
125.0,125.32343
125.0,124.83458
125.0,124.50011
125.0,124.75073
125.0,124.54008
125.0,124.59389
125.0,124.88851
125.0,124.73191
125.0,124.66383
125.0,125.17402
125.0,124.73177
125.0,124.79774
125.0,124.64367
125.0,125.24624
125.0,125.3141
125.0,125.51616
125.0,125.94484
125.0,125.53619
125.0,125.80116
125.0,125.55255
125.0,125.745865
125.0,125.34726
125.0,125.120285
125.0,124.993645
125.0,125.14189
125.0,125.274
125.0,125.669136
125.0,125.61053
125.0,126.194016
125.0,126.06862
125.0,126.09692
125.0,125.68233
125.0,125.46746
125.0,125.35377
125.0,124.868774
125.0,124.70554
125.0,124.58755
125.0,124.29516
125.0,124.02661
125.0,124.224495
125.0,123.90685
125.0,124.219986
125.0,125.08194
125.0,125.63731
125.0,125.77321
125.0,125.36208
125.0,125.41275
125.0,125.12359
125.0,124.806015
125.0,124.69981
125.0,125.09839
125.0,125.25147
125.0,125.029564
125.0,124.77348
125.0,124.40207
125.0,124.083015
125.0,124.192444
125.0,124.09554
125.0,123.76453
125.0,123.58578
125.0,124.06252
125.0,123.72157
125.0,123.21282
125.0,122.56538
125.0,122.7019
125.0,122.16489
125.0,121.91374
125.0,121.966805
125.0,121.64533
125.0,121.12096
124.0,120.34436
123.0,120.0749
122.0,120.6071
121.0,121.04592
120.0,121.15042
119.0,121.33612
118.0,120.8603
117.0,121.38684
116.0,121.38948
115.0,121.53485
114.0,122.19879
113.0,122.06718
112.0,121.908844
111.0,122.00978
110.0,121.416466
109.0,121.635864
108.0,121.80342
107.0,121.787994
106.0,121.52487
105.0,122.17403
104.0,122.55865
103.0,122.10881
102.0,122.19745
101.0,121.79142
100.0,122.40726
99.0,122.288
98.0,121.798
97.0,122.32662
96.0,122.44201
95.0,121.43439
94.0,120.87706
93.0,121.11257
92.0,120.57599
91.0,120.01496
90.0,119.705734
125.0,119.96724
125.0,120.175285
125.0,120.164505
125.0,119.637146
125.0,118.854904
125.0,119.56636
125.0,120.338844
125.0,120.09345
125.0,120.01169
125.0,119.51494
125.0,120.14342
125.0,119.56281
125.0,119.57878
125.0,119.67946
125.0,120.62243
125.0,120.58094
125.0,120.45884
125.0,120.7016
125.0,121.10258
125.0,120.92217
125.0,121.22327
125.0,121.38466
125.0,121.05638
125.0,122.256485
125.0,122.97411
125.0,123.304245
125.0,123.41192
125.0,123.85796
125.0,123.313545
125.0,123.52331
125.0,123.23858
125.0,122.236786
125.0,121.50927
125.0,121.00807
125.0,121.61301
125.0,121.330536
125.0,120.662285
125.0,118.163826
125.0,117.049286
125.0,119.22866
125.0,119.32209
125.0,117.517426
125.0,119.403465
125.0,119.50735
125.0,119.97971
125.0,119.38213
125.0,118.916916
125.0,119.39183
125.0,119.57139
125.0,118.89464
125.0,118.7523
125.0,118.92927
125.0,111.8211
125.0,114.55192
125.0,115.96814
125.0,119.21397
125.0,119.64114
125.0,121.094376
125.0,121.16191
125.0,121.44648
125.0,121.50558
125.0,120.69915
125.0,119.954254
125.0,117.413475
125.0,118.659355
125.0,119.06306
125.0,119.00226
125.0,118.94426
125.0,119.51598
125.0,120.61063
125.0,121.216095
125.0,121.44414
125.0,121.23671
125.0,121.50944
125.0,121.44974
125.0,121.676346
125.0,121.32968
125.0,121.3319
125.0,121.018036
125.0,121.47392
125.0,121.648384
125.0,121.716286
125.0,121.81483
125.0,121.572525
125.0,121.4562
125.0,122.27258
125.0,122.04479
125.0,121.77711
125.0,122.06257
125.0,121.43789
125.0,120.81893
125.0,120.4213
125.0,120.11117
125.0,120.54118
125.0,120.823
125.0,119.36108
125.0,119.03261
125.0,117.9045
125.0,115.32946
125.0,118.56641
125.0,117.347466
125.0,116.556496
125.0,118.10682
125.0,118.60028
125.0,119.48457
125.0,118.75315
125.0,117.40104
125.0,118.24328
125.0,119.99563
125.0,119.75802
125.0,118.8525
125.0,118.8006
125.0,118.21489
125.0,118.01699
125.0,119.01339
125.0,118.78388
125.0,118.099464
125.0,110.79545
125.0,114.41533
125.0,111.99745
125.0,114.93787
125.0,118.36411
125.0,119.350494
125.0,119.61943
125.0,120.26298
125.0,119.52235
125.0,119.69896
125.0,119.924675
125.0,120.090805
125.0,120.88658
125.0,121.27978
125.0,120.591415
125.0,120.73573
125.0,119.90067
125.0,120.46052
125.0,119.54278
125.0,119.889435
125.0,120.396355
125.0,119.477005
125.0,119.43686
125.0,119.9622
125.0,120.35668
125.0,120.265785
125.0,119.46774
125.0,119.912445
125.0,119.54516
125.0,118.92894
125.0,115.46206
125.0,114.613
125.0,115.60294
125.0,115.262535
125.0,115.64455
125.0,112.902176
125.0,111.79394
125.0,112.29536
125.0,107.056656
125.0,107.832
125.0,104.24097
125.0,105.87386
125.0,106.87035
125.0,105.205795
125.0,101.01561
125.0,103.688354
125.0,103.520836
125.0,105.10638
125.0,104.9466
125.0,109.441536
125.0,112.9087
125.0,107.89292
125.0,111.608475
125.0,116.02989
125.0,117.1809
125.0,118.66425
125.0,122.05361
125.0,121.96024
125.0,122.07338
125.0,122.01552
125.0,121.55045
125.0,121.72017
125.0,121.57499
125.0,120.487434
125.0,120.00099
125.0,120.0168
125.0,119.15144
125.0,118.59103
125.0,118.829994
125.0,119.06989
125.0,119.20402
125.0,118.31346
125.0,118.68705
125.0,118.942665
103.0,117.79949
102.0,117.457245
101.0,117.634705
100.0,117.0373
99.0,116.78082
98.0,115.43977
97.0,117.70162
96.0,118.65229
95.0,119.23216
94.0,118.818726
93.0,118.52802
92.0,118.89216
91.0,119.443756
90.0,119.48985
89.0,119.08424
88.0,119.34518
87.0,119.61466
86.0,119.2408
85.0,119.41711
84.0,118.20693
83.0,117.25435
82.0,116.82436
81.0,117.13461
80.0,117.536385
79.0,117.16718
78.0,109.33643
77.0,112.520294
76.0,112.44658
75.0,110.88301
74.0,111.49439
73.0,112.40366
72.0,114.2815
71.0,113.01218
70.0,113.14431
69.0,112.77657
68.0,110.90308
67.0,114.18041
66.0,115.30829
65.0,117.08188
64.0,117.70503
63.0,114.39375
62.0,113.055244
61.0,111.001
60.0,106.75937
59.0,102.95868
58.0,97.74401
57.0,98.121895
56.0,94.547615
55.0,91.29425
54.0,86.55246
53.0,79.49335
52.0,78.909966
51.0,81.51454
50.0,83.89864
49.0,84.06216
48.0,82.52222
47.0,84.90743
46.0,91.09256
45.0,95.474655
44.0,100.25929
43.0,105.66844
42.0,104.68945
41.0,104.679405
40.0,109.2096
39.0,106.24626
38.0,105.10017
37.0,104.77442
36.0,104.45451
35.0,105.104645
34.0,107.57964
33.0,102.255875
32.0,103.871765
31.0,98.81395
30.0,98.4576
29.0,93.52652
28.0,81.87999
27.0,75.37083
26.0,79.87635
125.0,118.81728
125.0,119.10212
125.0,118.55936
125.0,118.37694
125.0,117.5942
125.0,117.516556
125.0,117.09161
125.0,117.69878
125.0,118.46428
125.0,118.59782
125.0,119.067566
125.0,119.36762
125.0,120.98706
125.0,121.477455
125.0,121.623474
125.0,120.39468
125.0,120.394485
125.0,120.02439
125.0,120.02981
125.0,119.07127
125.0,119.10118
125.0,119.703064
125.0,119.18558
125.0,119.08634
125.0,118.57617
125.0,118.02041
124.0,117.63144
123.0,117.46131
122.0,117.78711
121.0,117.3279
120.0,116.8702
119.0,116.10872
118.0,117.14921
117.0,117.96523
116.0,117.74138
115.0,117.3298
114.0,117.61002
113.0,117.42164
112.0,117.35046
111.0,114.9147
110.0,112.23205
109.0,115.55758
108.0,116.90262
107.0,116.720695
106.0,117.21888
105.0,116.85738
104.0,117.130455
103.0,116.51751
102.0,115.912674
101.0,113.525246
100.0,112.6676
99.0,115.03537
98.0,112.82157
97.0,115.641914
96.0,114.36941
95.0,115.53281
94.0,113.60237
93.0,114.18905
92.0,112.57485
91.0,109.95147
90.0,112.15381
89.0,109.61109
88.0,110.48302
87.0,111.126045
86.0,108.70959
85.0,111.39886
84.0,112.657715
83.0,109.58928
82.0,107.544136
81.0,112.17524
80.0,112.55362
79.0,114.870605
78.0,110.75555
77.0,110.69498
76.0,110.40856
75.0,109.88694
125.0,120.999855
125.0,121.55271
125.0,121.77323
125.0,122.01707
125.0,121.83871
125.0,122.478424
125.0,121.446075
125.0,120.79422
125.0,120.67497
125.0,120.69199
125.0,120.98276
125.0,121.38902
125.0,121.35512
125.0,121.53834
125.0,121.42124
125.0,120.88998
125.0,120.882484
125.0,121.286095
125.0,121.21416
125.0,121.48925
125.0,121.37295
125.0,121.847275
125.0,122.522835
125.0,122.087524
125.0,122.10652
125.0,122.31034
125.0,122.144264
125.0,121.854454
125.0,121.12732
125.0,120.85628
125.0,121.41631
125.0,121.86587
125.0,122.08923
125.0,122.214294
125.0,121.944275
125.0,123.54049
125.0,123.2039
125.0,123.57536
125.0,123.42303
125.0,123.48118
125.0,123.715454
125.0,123.10871
125.0,122.16853
125.0,121.83888
125.0,121.60309
125.0,121.05676
125.0,120.71465
125.0,121.45835
125.0,121.7425
125.0,121.77753
125.0,121.88736
125.0,122.67959
125.0,123.26422
125.0,122.766785
125.0,122.36826
125.0,122.49446
125.0,122.19401
125.0,121.59187
125.0,120.53548
125.0,120.029236
125.0,120.02452
125.0,119.447395
125.0,119.80102
125.0,119.442505
125.0,119.538185
125.0,119.819046
125.0,119.384
125.0,119.080826
125.0,118.885574
125.0,119.39773
125.0,119.90218
125.0,119.50712
125.0,119.859055
125.0,119.80282
125.0,120.13258
125.0,120.01372
125.0,119.86249
125.0,119.49733
125.0,120.09666
125.0,119.91357
125.0,120.056984
125.0,120.39579
125.0,119.902985
125.0,119.767624
125.0,120.139656
125.0,120.11788
125.0,120.97904
125.0,121.18991
125.0,121.198814
125.0,120.26366
125.0,121.079
125.0,121.175156
125.0,120.64272
125.0,120.59188
125.0,120.39948
125.0,120.5536
125.0,119.87367
125.0,119.17862
125.0,118.37611
125.0,115.70804
125.0,114.22363
125.0,112.044495
125.0,110.55496
125.0,107.40255
125.0,108.66558
125.0,105.5063
125.0,108.47872
125.0,105.23625
124.0,105.015274
123.0,102.017715
122.0,106.03579
121.0,104.064384
120.0,99.537506
119.0,99.621254
118.0,105.10235
117.0,109.030365
116.0,116.87244
115.0,120.023766
114.0,120.203926
113.0,120.2155
112.0,120.26325
111.0,119.912865
110.0,118.542175
109.0,118.07407
108.0,118.433266
107.0,119.26768
106.0,117.29664
105.0,114.68951
104.0,114.106224
103.0,113.449776
102.0,108.81631
101.0,108.29097
100.0,110.58652
99.0,113.08263
98.0,117.24
97.0,116.65818
96.0,114.059135
95.0,110.38422
94.0,109.01362
93.0,104.50791
92.0,106.1365
91.0,106.50271
90.0,94.80144
89.0,94.65291
88.0,94.551384
87.0,98.92461
86.0,100.0264
85.0,100.2941
84.0,97.01512
83.0,100.60538
82.0,98.236694
81.0,91.605515
80.0,89.91194
79.0,90.85441
125.0,112.69779
125.0,114.28626
125.0,116.70926
125.0,113.71699
125.0,115.121315
125.0,115.3882
125.0,117.59384
125.0,117.86954
125.0,117.39959
125.0,115.924225
125.0,112.46347
125.0,111.12758
125.0,110.414604
125.0,108.70094
125.0,108.94923
125.0,108.91869
125.0,107.37429
125.0,105.7818
125.0,105.69771
125.0,108.788086
125.0,108.27138
125.0,108.87663
125.0,107.873886
125.0,108.803
125.0,103.35384
125.0,103.57369
125.0,100.80093
125.0,100.524376
125.0,98.79448
125.0,98.34135
125.0,95.08555
125.0,104.29465
125.0,100.82732
125.0,96.86531
125.0,94.546875
125.0,94.505646
125.0,101.199036
125.0,98.14635
125.0,92.875824
125.0,84.965324
125.0,85.1147
125.0,84.69847
125.0,90.40884
125.0,91.82806
125.0,93.72228
125.0,94.97687
125.0,101.54601
125.0,102.304405
125.0,101.4351
125.0,108.14703
125.0,107.91595
125.0,111.144226
125.0,112.29123
125.0,112.760254
125.0,110.49761
125.0,110.736
125.0,113.23374
125.0,111.121124
125.0,107.28387
125.0,106.94861
125.0,103.266975
125.0,102.372574
125.0,99.53392
125.0,98.56085
125.0,92.737274
125.0,91.7782
125.0,87.60632
125.0,81.473114
125.0,84.10802
125.0,75.44012
125.0,73.90428
125.0,73.75658
124.0,76.776566
123.0,73.22054
122.0,70.74262
121.0,71.04272
120.0,77.137856
119.0,81.46218
118.0,84.098785
117.0,85.081535
116.0,83.883705
115.0,88.41443
125.0,119.61307
125.0,119.56795
124.0,119.347084
123.0,120.05279
122.0,120.610176
121.0,119.79996
120.0,120.675705
119.0,120.6548
118.0,120.22619
117.0,120.49103
116.0,119.0488
115.0,119.18039
114.0,117.70287
113.0,117.7358
112.0,117.32097
111.0,118.92535
110.0,117.88551
109.0,115.06815
108.0,108.41003
107.0,109.97538
106.0,105.69641
105.0,108.11199
104.0,106.1204
103.0,105.37895
102.0,104.433014
101.0,97.66067
100.0,101.15932
99.0,107.28075
98.0,116.07155
97.0,118.700554
125.0,114.99153
125.0,118.18836
124.0,116.99329
123.0,117.919495
122.0,117.072716
121.0,117.84333
120.0,114.54248
119.0,113.90184
118.0,111.60889
117.0,112.38534
116.0,114.06444
115.0,115.99936
114.0,114.466866
113.0,115.377365
112.0,109.94744
111.0,107.48242
110.0,99.6914
109.0,97.148346
108.0,95.279274
107.0,97.069405
106.0,96.83223
105.0,99.395836
104.0,106.79989
103.0,102.70984
102.0,100.63696
101.0,97.04438
100.0,101.19355
99.0,98.76116
98.0,100.638176
97.0,98.17466
96.0,106.59231
95.0,107.95764
94.0,109.01456
93.0,114.177826
92.0,114.98362
91.0,117.14718
90.0,117.46758
89.0,116.992134
88.0,116.372215
87.0,118.32564
86.0,118.07449
85.0,117.1942
84.0,117.16391
83.0,116.10465
82.0,115.88514
81.0,115.70376
80.0,116.00402
79.0,115.037445
78.0,114.4679
77.0,112.15319
76.0,108.00375
75.0,108.25284
74.0,109.799324
73.0,108.39063
72.0,104.697044
71.0,98.37308
70.0,96.84865
69.0,96.576515
68.0,94.59436
67.0,90.45616
66.0,88.48991
65.0,82.83159
64.0,84.61358
63.0,80.54799
62.0,79.79475
61.0,81.699356
60.0,84.030655
59.0,84.319664
58.0,83.75997
57.0,87.961105
56.0,90.53831
55.0,93.05378
54.0,95.29016
53.0,97.70694
52.0,95.44508
51.0,94.605446
50.0,96.952515
49.0,92.33947
48.0,85.99706
47.0,88.55544
46.0,84.301735
45.0,85.161194
44.0,82.33422
43.0,87.705345
42.0,89.97706
41.0,83.57172
40.0,80.21966
39.0,76.506775
38.0,77.54539
37.0,75.77328
36.0,73.281296
35.0,71.52344
34.0,66.78625
33.0,65.37159
32.0,63.258865
31.0,65.45963
30.0,61.575546
29.0,66.175766
28.0,64.80755
27.0,64.533455
26.0,61.124714
25.0,54.71564
24.0,52.933865
23.0,54.406063
22.0,58.327652
21.0,54.936543
20.0,51.884525
19.0,48.65846
18.0,46.88814
17.0,44.3348
16.0,41.06631
15.0,36.99402
14.0,35.260452
13.0,35.414898
12.0,33.27454
11.0,27.707397
125.0,121.99317
125.0,122.36218
125.0,121.80308
125.0,121.86291
125.0,121.76265
125.0,121.10694
125.0,120.903305
125.0,120.781746
125.0,121.23879
125.0,121.26146
125.0,121.12217
125.0,121.70807
125.0,121.30735
125.0,121.68446
125.0,121.58621
125.0,121.03029
125.0,121.57118
125.0,122.02354
125.0,121.7076
125.0,121.313416
125.0,121.5131
125.0,121.42389
125.0,121.26392
125.0,121.673996
125.0,121.55576
125.0,121.78735
125.0,122.38801
125.0,122.47646
125.0,122.24354
125.0,123.20934
125.0,123.42137
125.0,123.39359
125.0,122.55401
125.0,122.75266
125.0,123.01454
125.0,122.63739
125.0,123.01307
125.0,123.86838
125.0,123.88834
125.0,123.668465
125.0,123.45741
125.0,122.97207
125.0,122.677284
125.0,122.55289
125.0,122.36916
125.0,121.70136
125.0,122.41115
125.0,122.07955
125.0,121.94891
125.0,121.42417
125.0,122.02414
125.0,121.76079
125.0,121.18836
125.0,120.75487
125.0,120.62879
125.0,120.13234
125.0,120.27459
125.0,120.377106
125.0,119.7847
125.0,120.83502
125.0,121.100174
125.0,121.0286
125.0,120.979324
125.0,121.74814
125.0,122.23087
125.0,121.373436
125.0,121.03166
125.0,121.782425
125.0,121.37865
125.0,121.18116
125.0,120.89266
125.0,120.15105
125.0,119.51133
125.0,118.81994
125.0,117.943016
125.0,117.054146
125.0,117.97659
125.0,118.62922
125.0,119.244736
125.0,118.948296
125.0,119.27589
125.0,119.95727
125.0,120.30511
125.0,120.03784
125.0,120.427025
125.0,120.327805
125.0,120.878395
125.0,121.116196
125.0,121.64582
125.0,121.1093
125.0,121.121994
125.0,121.05097
125.0,120.876335
125.0,121.59718
125.0,121.01473
125.0,120.636284
125.0,121.08082
125.0,121.62084
125.0,121.8031
125.0,120.78217
125.0,120.58956
125.0,120.64775
125.0,120.71
125.0,120.48251
125.0,120.396255
125.0,121.068085
125.0,121.09232
125.0,122.00938
125.0,121.921776
125.0,121.7138
125.0,122.03214
125.0,123.023926
125.0,122.314735
125.0,122.512665
125.0,122.08593
125.0,121.78234
125.0,122.08116
125.0,121.54554
125.0,122.43636
125.0,121.81563
125.0,122.15061
125.0,121.89913
125.0,121.024475
125.0,121.87338
125.0,122.28765
125.0,122.03624
125.0,121.88642
125.0,122.12269
125.0,120.99219
125.0,120.09819
125.0,120.38253
125.0,119.85884
125.0,120.32187
125.0,119.993256
125.0,120.21343
125.0,120.46345
125.0,119.62703
125.0,119.955345
125.0,120.43323
125.0,120.81972
125.0,120.29708
125.0,120.48833
125.0,119.521065
125.0,119.77604
125.0,118.59225
125.0,119.29801
125.0,118.460106
125.0,117.96634
125.0,118.83549
125.0,119.04695
125.0,119.33347
125.0,119.40381
125.0,120.313934
125.0,119.773094
125.0,121.16767
125.0,120.91961
125.0,120.71249
125.0,120.98518
125.0,120.380745
125.0,120.49586
125.0,120.774185
125.0,120.66792
125.0,121.837296
125.0,121.2313
125.0,120.52566
125.0,119.998085
125.0,119.129585
125.0,119.1242
125.0,119.082985
125.0,119.3381
125.0,119.4841
125.0,119.71292
125.0,119.70894
125.0,120.52053
125.0,120.30619
125.0,120.80046
125.0,119.77196
125.0,120.271576
125.0,120.07235
125.0,119.83665
125.0,119.95907
125.0,120.26861
125.0,121.01178
125.0,121.00754
125.0,121.205505
125.0,121.85017
125.0,122.00983
125.0,122.28367
125.0,122.50375
125.0,122.54526
125.0,121.80333
125.0,121.622696
125.0,121.66175
125.0,121.44925
125.0,120.97464
125.0,120.43328
125.0,119.64981
125.0,119.19448
125.0,119.35775
125.0,119.542114
125.0,119.616394
125.0,120.17908
125.0,119.28491
125.0,119.26542
125.0,117.7433
125.0,114.99277
125.0,108.79849
125.0,109.10854
125.0,105.98425
125.0,105.999214
125.0,112.74073
125.0,115.426865
125.0,118.18379
125.0,114.806656
125.0,117.18768
125.0,116.01795
125.0,117.28646
125.0,116.07042
125.0,117.064865
125.0,118.31144
125.0,118.50404
125.0,118.788506
125.0,118.87631
125.0,119.50335
125.0,119.65852
125.0,119.873314
125.0,120.16772
125.0,119.516174
125.0,118.99592
125.0,117.2448
125.0,115.77444
125.0,112.463745
125.0,113.13844
125.0,115.805145
125.0,115.31861
125.0,118.75895
125.0,119.11726
125.0,118.81258
125.0,118.25447
125.0,118.54622
125.0,119.2447
125.0,119.787766
125.0,119.581894
125.0,118.5884
125.0,122.926926
125.0,122.610504
125.0,121.57183
125.0,121.42561
125.0,120.94928
125.0,120.28754
125.0,118.94859
125.0,118.90645
125.0,119.13457
125.0,118.9944
125.0,117.433846
125.0,119.67875
125.0,119.70762
125.0,119.3597
125.0,119.81627
125.0,120.26115
125.0,121.176956
125.0,121.03721
125.0,120.99716
125.0,120.95329
125.0,120.99903
125.0,121.19784
125.0,121.32676
125.0,121.381065
125.0,121.414925
125.0,121.6713
125.0,121.24853
125.0,121.58674
125.0,122.25215
125.0,122.179115
125.0,121.91749
125.0,121.38914
125.0,121.8482
125.0,122.23092
125.0,122.42593
125.0,122.3496
125.0,122.007286
125.0,122.615715
125.0,122.99426
125.0,123.312584
125.0,123.43222
125.0,123.350815
125.0,123.29336
125.0,122.714325
125.0,122.07183
125.0,122.23805
125.0,122.357574
125.0,121.17429
125.0,121.256935
125.0,121.654045
125.0,121.7371
125.0,121.60966
125.0,121.26185
125.0,121.40374
125.0,122.43348
125.0,122.59038
125.0,122.52442
125.0,121.78573
125.0,124.33355
125.0,123.95867
125.0,122.87861
125.0,123.04014
125.0,122.622505
125.0,122.07815
125.0,121.93145
125.0,121.95042
125.0,122.4497
125.0,122.82848
125.0,123.14905
125.0,123.09345
125.0,123.37303
125.0,123.41093
125.0,123.7894
125.0,124.10886
125.0,124.12101
125.0,123.77927
125.0,123.928314
125.0,124.105804
125.0,124.54244
125.0,124.53688
125.0,124.584946
125.0,124.20161
125.0,124.0282
125.0,124.000824
125.0,123.96443
125.0,123.85951
125.0,123.91148
125.0,123.20113
125.0,122.62193
125.0,122.49535
125.0,122.60536
125.0,122.367355
125.0,122.205574
125.0,121.2891
125.0,121.46051
125.0,121.25607
125.0,120.958595
125.0,121.65394
125.0,121.4932
125.0,121.30168
125.0,121.14932
125.0,120.64453
125.0,120.607254
125.0,121.48586
125.0,122.27844
125.0,122.20167
125.0,122.89869
125.0,123.19659
125.0,124.11166
125.0,123.95812
125.0,123.61052
125.0,123.42548
125.0,122.80965
125.0,122.884514
125.0,122.31989
125.0,122.39347
125.0,123.26099
125.0,123.21081
125.0,123.06826
125.0,123.12572
125.0,123.1127
125.0,122.75627
125.0,122.630684
125.0,122.0511
125.0,122.791
125.0,122.40413
125.0,122.41703
125.0,122.905464
125.0,122.57024
125.0,122.33536
125.0,122.02959
125.0,122.18355
125.0,122.33456
125.0,122.18374
125.0,121.863335
125.0,121.36245
125.0,121.78704
125.0,121.24818
125.0,121.872284
125.0,121.89974
125.0,122.227
125.0,122.38783
125.0,121.979774
125.0,122.06571
125.0,121.68656
125.0,121.8784
125.0,122.333305
125.0,123.00189
125.0,123.07183
125.0,122.508026
125.0,122.643845
125.0,122.99447
125.0,123.62997
125.0,123.876305
125.0,124.41866
125.0,124.36494
125.0,124.52039
125.0,124.740295
125.0,124.3682
125.0,124.410995
125.0,124.24883
125.0,124.059616
125.0,123.8645
125.0,123.31256
125.0,122.93995
125.0,122.90668
125.0,122.46302
125.0,122.30396
125.0,122.58622
125.0,122.49637
125.0,122.28637
125.0,121.92226
125.0,120.711914
125.0,120.409996
125.0,119.6292
125.0,120.45601
125.0,121.22655
125.0,121.53503
125.0,120.859055
125.0,118.912384
125.0,117.910225
125.0,115.7314
125.0,116.777664
125.0,117.27177
125.0,116.74295
125.0,119.635895
125.0,119.81537
125.0,119.82092
125.0,119.46191
125.0,119.50224
125.0,118.79632
125.0,118.195595
125.0,119.33232
124.0,119.793045
123.0,119.70482
122.0,120.21995
121.0,118.58114
120.0,119.05872
119.0,119.16664
118.0,119.92884
117.0,119.41422
116.0,119.53357
125.0,117.66813
125.0,117.65729
125.0,118.88586
125.0,116.71971
125.0,106.46725
125.0,106.83206
125.0,107.58139
125.0,110.731125
125.0,112.3695
125.0,117.34405
125.0,115.941826
125.0,118.31363
125.0,118.79377
125.0,119.86599
125.0,120.48219
125.0,121.67796
125.0,122.22792
125.0,121.748375
125.0,121.31387
125.0,119.95586
125.0,118.47399
125.0,117.72002
125.0,117.783165
125.0,118.760574
125.0,120.13021
125.0,120.91644
125.0,121.3746
125.0,121.59787
125.0,121.12968
125.0,120.990906
125.0,120.115875
125.0,119.39775
125.0,117.37997
125.0,112.61479
125.0,104.32006
125.0,102.27748
125.0,98.31731
125.0,97.54225
125.0,98.18629
125.0,99.987625
125.0,93.21612
125.0,96.549
125.0,97.9921
125.0,106.39461
125.0,108.50245
125.0,115.076096
125.0,116.98879
125.0,117.042885
125.0,118.67223
125.0,118.47803
125.0,117.503654
125.0,117.34174
125.0,118.298256
125.0,118.45094
125.0,119.642876
125.0,119.187416
125.0,119.010735
125.0,118.88781
125.0,118.11432
125.0,118.526665
125.0,118.91219
125.0,118.64706
125.0,118.24198
125.0,117.47118
125.0,115.975006
125.0,117.97952
125.0,117.19948
125.0,116.29395
125.0,114.68908
125.0,111.51692
125.0,107.50072
125.0,107.601715
125.0,104.970245
125.0,104.23177
125.0,105.89764
125.0,113.26346
125.0,117.94922
125.0,119.36066
125.0,120.62548
125.0,119.98776
125.0,119.55341
125.0,118.9066
125.0,117.7686
125.0,115.99798
125.0,118.7331
125.0,118.98363
125.0,119.28527
125.0,119.09543
125.0,119.25977
125.0,119.24977
125.0,119.55008
125.0,119.84339
125.0,119.64172
125.0,120.70252
125.0,121.107834
125.0,120.35245
125.0,120.18823
125.0,120.44402
125.0,120.30964
125.0,119.55047
125.0,118.92189
125.0,118.5538
125.0,115.29247
125.0,111.282196
125.0,108.36413
125.0,107.594955
125.0,111.036255
125.0,110.845985
125.0,107.60216
125.0,102.74936
125.0,102.3698
125.0,104.442955
125.0,100.50428
125.0,99.05609
125.0,103.30048
125.0,109.496445
125.0,109.08461
125.0,115.33819
125.0,114.15136
125.0,114.25781
125.0,115.95781
125.0,116.614624
125.0,114.79218
125.0,116.3566
125.0,114.920135
125.0,111.15277
125.0,109.58375
125.0,106.116
125.0,103.43843
125.0,103.443756
125.0,103.33629
125.0,99.293755
125.0,92.33596
125.0,95.21181
125.0,94.350395
125.0,87.12271
125.0,79.1537
125.0,77.23254
125.0,75.30669
125.0,75.53256
125.0,75.672966
125.0,77.10536
125.0,79.53531
125.0,86.18404
125.0,89.38147
125.0,94.35278
125.0,98.67342
125.0,102.15646
125.0,106.16478
125.0,103.66336
125.0,109.21347
125.0,110.86031
125.0,107.899025
125.0,104.0179
125.0,99.48079
125.0,96.49023
125.0,97.68393
125.0,94.54863
125.0,94.27047
125.0,99.53894
125.0,99.54848
125.0,101.2726
125.0,105.73335
125.0,107.46022
125.0,106.10495
125.0,104.422714
125.0,106.895966
125.0,110.68666
125.0,106.85082
125.0,110.96004
124.0,106.80403
123.0,106.53804
122.0,108.49476
121.0,108.33565
120.0,108.80588
119.0,104.33131
118.0,108.603
117.0,106.988815
116.0,102.66237
115.0,100.87959
114.0,101.94603
113.0,91.133896
112.0,87.20151
111.0,79.0741
110.0,75.39821
109.0,72.09641
108.0,74.126724
107.0,74.13777
106.0,74.96827
105.0,74.54294
104.0,79.23207
103.0,81.14216
102.0,85.2575
101.0,82.45472
100.0,81.90341
99.0,87.562294
98.0,93.03184
97.0,92.869446
96.0,93.57327
95.0,95.38174
94.0,89.67335
93.0,89.703186
92.0,86.06163
91.0,83.98183
90.0,83.21549
89.0,77.98539
88.0,74.69637
87.0,70.90371
86.0,69.29795
85.0,65.629135
84.0,66.533775
83.0,65.02526
82.0,69.91513
81.0,68.34265
80.0,71.22468
79.0,69.578926
78.0,68.514755
77.0,63.497498
76.0,61.492695
75.0,55.49743
74.0,53.450428
73.0,56.01839
72.0,59.53282
71.0,61.084873
125.0,120.85545
125.0,119.99905
125.0,119.231064
125.0,118.74879
125.0,119.5751
125.0,119.24113
125.0,119.5374
125.0,119.39242
125.0,119.92865
125.0,120.05335
125.0,119.594826
125.0,119.42293
125.0,119.24437
125.0,119.62363
125.0,119.25106
125.0,119.812775
125.0,119.301926
125.0,119.93661
125.0,120.06289
125.0,120.71033
125.0,121.36541
125.0,121.8152
125.0,122.44466
125.0,123.06278
125.0,123.25511
125.0,123.09975
125.0,122.48055
125.0,122.42656
125.0,121.85224
125.0,121.48547
125.0,121.4627
125.0,121.33543
125.0,121.3201
125.0,121.92238
125.0,121.98263
125.0,121.91253
125.0,122.18863
125.0,122.04598
125.0,122.29461
125.0,122.807205
125.0,122.8388
125.0,123.39116
125.0,123.65223
125.0,123.659195
125.0,124.06399
125.0,124.036476
125.0,122.928116
125.0,122.48759
125.0,122.39983
125.0,122.13192
125.0,122.46693
125.0,122.06314
125.0,122.67222
125.0,123.058716
125.0,122.51233
125.0,122.18869
125.0,121.388954
125.0,121.69536
125.0,121.48801
125.0,121.04277
125.0,120.634125
125.0,120.588974
125.0,120.68941
125.0,121.11087
125.0,120.84195
125.0,120.93256
125.0,121.34989
125.0,120.41711
125.0,121.16545
125.0,121.353745
125.0,121.828186
125.0,121.83183
125.0,121.65285
125.0,121.73077
125.0,121.58882
125.0,121.770065
125.0,121.324554
125.0,121.205025
125.0,121.6646
125.0,121.56413
125.0,121.32996
125.0,121.26604
125.0,121.43989
125.0,121.56239
125.0,121.76621
125.0,121.513824
125.0,121.17504
125.0,120.27574
125.0,120.67013
125.0,120.941315
125.0,120.975624
125.0,120.527145
125.0,120.496346
125.0,120.78216
125.0,119.69169
125.0,118.08562
125.0,115.4626
125.0,113.97804
125.0,114.02474
125.0,112.2922
125.0,113.82119
125.0,115.03783
125.0,113.67013
125.0,112.97156
125.0,118.32923
125.0,119.89105
125.0,120.61967
124.0,120.53851
123.0,120.47943
122.0,121.0507
121.0,120.76981
120.0,120.05843
119.0,120.04518
118.0,120.01884
117.0,120.66
116.0,119.954704
115.0,119.579704
114.0,119.1705
113.0,118.425
112.0,118.68614
111.0,118.46772
110.0,119.5836
109.0,119.20911
108.0,119.32376
107.0,117.7023
106.0,113.54987
105.0,116.72838
104.0,118.54427
103.0,118.59495
102.0,115.253105
101.0,117.79238
100.0,118.84294
99.0,118.78618
98.0,118.693016
97.0,120.039566
96.0,120.15679
95.0,119.7231
125.0,118.8668
125.0,119.874504
125.0,120.073814
125.0,120.05234
125.0,120.231224
125.0,120.7941
125.0,121.18549
125.0,120.99882
125.0,121.458466
125.0,121.33122
125.0,121.98113
125.0,121.929474
125.0,121.38604
125.0,120.99566
125.0,120.834366
125.0,120.334404
125.0,120.6878
125.0,119.424995
125.0,118.98583
125.0,119.13067
125.0,119.37956
125.0,119.41203
125.0,119.97981
125.0,119.59088
125.0,119.669754
125.0,119.03857
125.0,118.90239
125.0,117.9124
125.0,118.18499
125.0,118.60484
125.0,117.590935
125.0,118.25501
125.0,116.853134
125.0,115.309875
125.0,112.69352
125.0,113.46412
125.0,108.08452
125.0,99.32509
125.0,97.67867
125.0,98.47307
125.0,101.70874
125.0,100.68234
124.0,104.52802
123.0,105.11733
122.0,105.19009
121.0,105.599686
120.0,107.24743
119.0,107.845985
118.0,114.141815
117.0,112.96816
116.0,117.645355
115.0,117.77722
114.0,118.56477
113.0,118.308556
112.0,118.80678
111.0,118.95134
110.0,117.52767
109.0,117.44991
108.0,116.634254
107.0,117.55615
106.0,116.468605
105.0,116.319046
104.0,117.6518
103.0,114.68063
102.0,111.26627
101.0,113.70848
100.0,110.63335
99.0,110.41488
98.0,111.65953
97.0,111.32544
96.0,110.91681
95.0,114.90988
94.0,116.2974
93.0,117.17027
92.0,116.92132
91.0,117.94004
90.0,117.3863
89.0,116.80724
88.0,118.12225
87.0,118.26845
86.0,118.49458
85.0,117.89232
84.0,117.04588
83.0,116.22715
82.0,115.650116
81.0,114.37849
80.0,107.01722
79.0,108.104355
78.0,100.47196
77.0,100.19225
76.0,95.19291
75.0,96.38669
74.0,106.029366
73.0,97.847336
72.0,102.91877
71.0,108.38141
70.0,100.69053
69.0,98.8578
68.0,94.96686
67.0,93.98454
66.0,86.609886
65.0,86.06479
64.0,86.62052
63.0,84.917465
62.0,79.958244
61.0,76.58705
60.0,72.02816
59.0,73.56908
58.0,84.876396
57.0,79.8748
125.0,120.01422
125.0,119.60481
125.0,119.69181
125.0,119.31296
125.0,119.67694
125.0,120.05064
125.0,120.344315
125.0,120.13047
125.0,119.64038
125.0,119.44732
125.0,119.06854
125.0,119.90566
125.0,118.96945
125.0,119.852066
125.0,120.682816
125.0,120.73153
125.0,120.95512
125.0,120.86132
125.0,120.31299
125.0,120.42441
125.0,120.41786
125.0,120.27805
125.0,120.88797
125.0,120.79103
125.0,120.6731
125.0,120.44941
125.0,120.60447
125.0,120.71195
125.0,121.09434
125.0,122.131195
125.0,122.368515
125.0,121.84668
125.0,122.49474
125.0,122.49126
125.0,121.9522
125.0,121.93046
125.0,122.39465
125.0,122.54486
125.0,122.18629
125.0,121.5414
125.0,121.6097
125.0,121.77716
125.0,121.778435
125.0,121.41834
125.0,121.71797
125.0,121.16876
125.0,120.74696
125.0,120.616135
125.0,119.85332
125.0,120.498314
125.0,120.00555
125.0,119.75944
125.0,120.00545
125.0,119.4399
125.0,119.1867
125.0,119.077065
125.0,118.9119
125.0,118.67408
125.0,119.24123
125.0,119.534454
125.0,119.877975
125.0,118.48195
125.0,119.20624
125.0,119.62207
125.0,118.991486
125.0,119.39735
125.0,119.95151
125.0,120.00203
125.0,120.398476
125.0,120.66852
125.0,120.926605
125.0,121.630356
125.0,121.16799
125.0,121.23142
125.0,121.71961
125.0,121.24955
125.0,120.487465
125.0,120.125114
125.0,119.724655
125.0,120.183914
125.0,119.622696
125.0,119.583244
125.0,120.25519
125.0,119.94438
125.0,119.78102
125.0,120.01943
125.0,119.22749
125.0,119.69393
125.0,121.0317
125.0,121.705925
125.0,121.83626
125.0,120.97473
125.0,119.71157
125.0,119.704445
125.0,119.58884
125.0,117.46006
125.0,117.22641
125.0,117.37512
125.0,115.43544
125.0,113.42699
125.0,111.76122
125.0,113.3309
125.0,111.082596
125.0,111.854225
125.0,113.325775
125.0,115.43177
125.0,113.28325
125.0,113.47553
125.0,113.91212
125.0,117.52969
125.0,118.93712
125.0,119.92453
125.0,121.370735
125.0,121.69827
125.0,121.5265
125.0,121.60264
125.0,121.16041
125.0,120.973495
125.0,121.69915
125.0,121.89448
125.0,122.14951
125.0,121.35083
125.0,120.327934
125.0,120.23251
125.0,120.249985
125.0,119.440414
125.0,118.69909
125.0,118.432495
125.0,118.33185
125.0,115.94252
125.0,112.01255
125.0,113.593
125.0,110.83726
125.0,104.309944
125.0,104.65066
125.0,108.62066
125.0,107.73851
125.0,110.54999
125.0,106.25115
125.0,107.43099
125.0,108.5641
125.0,113.07846
125.0,113.612816
125.0,116.56644
125.0,118.32378
125.0,118.950806
125.0,119.06129
125.0,118.886154
125.0,118.900856
125.0,119.341606
125.0,119.71424
125.0,120.24953
125.0,120.44273
125.0,120.47878
125.0,120.02679
125.0,119.31793
125.0,119.265526
125.0,120.01051
125.0,120.76819
125.0,121.15225
125.0,122.13023
125.0,121.8379
125.0,121.50621
125.0,120.988396
125.0,121.02343
125.0,120.82487
125.0,120.81089
125.0,120.749214
125.0,120.878174
125.0,121.9256
125.0,121.45212
125.0,122.07647
125.0,121.65519
125.0,121.67139
125.0,120.78164
125.0,120.212395
125.0,119.50856
125.0,120.16374
125.0,119.80568
125.0,119.47696
125.0,119.10573
125.0,118.06266
125.0,118.72487
125.0,118.24313
125.0,108.02239
125.0,104.60438
125.0,104.322105
125.0,110.985695
125.0,109.88251
125.0,115.329666
125.0,115.7015
125.0,114.64938
125.0,112.41593
125.0,108.78627
125.0,114.88667
125.0,110.96897
125.0,114.49301
125.0,116.64056
125.0,114.42165
125.0,114.306274
125.0,114.911644
125.0,116.54946
125.0,117.74073
125.0,114.372116
125.0,105.35179
125.0,107.663795
125.0,105.46688
125.0,106.516975
125.0,110.26767
125.0,111.53088
125.0,106.332344
125.0,109.01253
125.0,107.48905
125.0,102.45789
125.0,96.31678
125.0,92.29183
125.0,90.381226
124.0,93.09114
123.0,97.68036
122.0,105.105965
121.0,109.30268
120.0,108.155846
119.0,107.46964
118.0,109.466705
117.0,110.81159
116.0,107.75718
115.0,104.96196
114.0,103.896935
113.0,105.22608
112.0,107.43058
111.0,106.95983
110.0,108.18917
109.0,107.67247
108.0,102.76735
107.0,96.30266
106.0,95.95912
105.0,95.1668
104.0,90.10215
103.0,86.728645
102.0,80.955574
101.0,78.903854
100.0,75.007324
99.0,79.61329
98.0,81.46852
97.0,83.18693
96.0,82.26378
95.0,89.783806
94.0,92.12087
93.0,92.66231
92.0,95.36256
91.0,96.16398
90.0,97.27642
89.0,92.83194
88.0,89.28979
87.0,92.231094
125.0,94.28801
125.0,91.17904
125.0,90.50623
125.0,88.91452
125.0,99.08815
125.0,105.06586
125.0,104.1251
125.0,108.62254
125.0,112.52974
125.0,115.61336
125.0,116.37296
125.0,115.70528
125.0,114.78221
125.0,112.90866
125.0,114.03164
125.0,110.80845
125.0,111.933304
125.0,115.32458
125.0,113.77556
125.0,115.115585
125.0,116.28458
125.0,114.38586
125.0,112.147964
125.0,110.80997
125.0,113.29711
125.0,109.76621
125.0,107.25397
125.0,105.24221
125.0,105.65556
125.0,100.25029
125.0,98.166664
125.0,98.33692
125.0,98.551315
125.0,101.71684
125.0,107.12868
125.0,105.76806
125.0,100.935486
125.0,98.19408
125.0,97.20705
125.0,96.49824
125.0,100.20517
125.0,97.403915
125.0,98.01389
125.0,101.09434
125.0,100.05054
125.0,100.39142
125.0,100.43082
125.0,100.77278
125.0,103.67688
125.0,102.276566
125.0,100.343185
125.0,101.246
125.0,98.29879
125.0,97.347786
125.0,98.41716
125.0,91.92804
125.0,91.55502
125.0,84.83346
125.0,86.59472
125.0,83.52816
124.0,78.13877
123.0,75.72754
122.0,78.042656
121.0,74.448044
120.0,78.028725
119.0,81.196785
118.0,75.655235
117.0,74.959816
116.0,79.95177
115.0,82.70418
114.0,91.143486
113.0,89.81445
112.0,94.4706
111.0,96.38949
110.0,92.632935
109.0,92.94314
108.0,96.1709
107.0,100.60682
106.0,103.24098
105.0,99.94349
104.0,96.90281
103.0,97.71499
102.0,89.109245
101.0,90.262825
100.0,87.08653
99.0,81.83682
98.0,80.2761
97.0,82.12687
125.0,119.700005
125.0,119.78266
125.0,119.37624
125.0,118.78062
125.0,118.08364
125.0,117.632675
125.0,117.40611
125.0,115.27637
125.0,112.925995
125.0,113.454384
125.0,110.50621
125.0,105.62059
125.0,102.44365
125.0,104.15667
125.0,104.60064
125.0,103.720604
125.0,104.41283
125.0,108.7099
125.0,116.703896
125.0,118.78246
125.0,118.50202
125.0,118.16681
125.0,116.13237
125.0,113.93109
125.0,113.76836
125.0,111.162544
125.0,108.73093
125.0,108.592995
125.0,111.95616
125.0,113.04726
125.0,108.856186
125.0,113.34694
125.0,116.89191
125.0,116.50734
125.0,116.1071
125.0,117.11523
125.0,114.63968
125.0,116.56459
125.0,110.22116
125.0,108.34077
124.0,98.11115
123.0,96.58413
122.0,89.01844
121.0,90.01924
120.0,95.17125
119.0,96.70438
118.0,101.89765
117.0,106.03603
116.0,111.58869
115.0,108.152466
114.0,103.620995
113.0,102.81296
112.0,104.89415
111.0,102.361115
110.0,103.38418
109.0,101.39708
108.0,100.97058
107.0,105.97913
106.0,104.7487
105.0,102.869484
104.0,103.74951
103.0,99.16584
102.0,102.106384
101.0,102.616394
100.0,105.24851
99.0,108.947136
98.0,110.9694
97.0,111.58249
96.0,110.226074
95.0,105.1443
94.0,101.590294
93.0,97.970665
92.0,93.735756
91.0,93.17419
90.0,90.09165
89.0,86.9162
88.0,90.6972
87.0,90.93203
86.0,95.537186
85.0,92.0383
84.0,93.47857
83.0,87.15461
82.0,86.22768
81.0,85.870735
80.0,83.8321
79.0,81.22689
78.0,86.88429
77.0,90.33019
76.0,89.05632
75.0,87.249054
74.0,91.50378
73.0,86.753395
72.0,84.9083
71.0,89.30633
70.0,92.23489
69.0,87.895355
68.0,90.862625
67.0,95.710075
66.0,94.36965
65.0,94.38246
64.0,94.120514
63.0,94.45606
62.0,87.455185
61.0,88.69619
60.0,84.706696
59.0,81.28798
58.0,79.82843
57.0,77.564575
56.0,71.90405
55.0,67.01839
54.0,64.71294
53.0,58.408714
52.0,55.698254
51.0,52.07176
125.0,119.19764
125.0,120.122955
125.0,121.02136
125.0,120.32032
125.0,119.849815
125.0,119.017166
125.0,120.10999
125.0,120.43043
125.0,117.28671
125.0,118.99431
125.0,119.31613
125.0,119.608505
125.0,120.38187
125.0,120.10061
125.0,119.31884
125.0,119.75792
125.0,120.7349
125.0,120.909065
125.0,120.91887
125.0,120.96378
125.0,121.9521
125.0,121.06179
125.0,120.39755
125.0,118.55768
125.0,113.69505
125.0,115.121376
125.0,115.38435
125.0,114.4374
125.0,112.13403
125.0,111.77139
125.0,111.7459
125.0,111.93806
125.0,113.07682
125.0,118.44196
125.0,118.85441
124.0,118.924904
123.0,119.249985
122.0,119.21993
121.0,118.484764
120.0,118.75591
119.0,119.364105
118.0,119.30889
117.0,119.17858
116.0,117.14751
115.0,114.18779
114.0,117.34152
113.0,117.88612
112.0,119.00997
111.0,118.607994
110.0,119.4639
109.0,120.0134
108.0,120.39741
107.0,119.55744
106.0,119.10264
105.0,118.640594
104.0,117.95631
103.0,118.42236
102.0,116.264015
101.0,118.350266
100.0,118.01954
99.0,115.82092
98.0,117.18162
97.0,114.69287
96.0,118.87692
95.0,118.993225
94.0,119.23433
93.0,118.44777
92.0,118.159035
91.0,117.44898
90.0,117.274574
89.0,112.71213
88.0,113.643105
87.0,107.98783
86.0,107.20001
85.0,109.62969
84.0,109.255
83.0,110.671555
82.0,104.78297
81.0,100.538185
80.0,100.99844
79.0,100.890625
78.0,96.645905
77.0,93.79551
76.0,90.44533
75.0,90.072075
74.0,89.56376
125.0,124.40238
125.0,124.40562
125.0,124.200554
125.0,124.40419
125.0,124.535866
125.0,125.06522
125.0,124.92602
125.0,124.78928
125.0,124.51025
125.0,124.24898
125.0,124.40855
125.0,124.5264
125.0,125.16603
125.0,125.59903
125.0,125.33942
125.0,125.45334
125.0,125.789505
125.0,125.37553
125.0,125.34489
125.0,125.740005
125.0,125.5683
125.0,125.50224
125.0,125.70305
125.0,125.86178
125.0,125.501915
125.0,125.33535
125.0,125.213104
125.0,124.863075
125.0,125.353485
125.0,125.29284
125.0,124.8419
125.0,124.97239
125.0,124.45123
125.0,124.75089
125.0,124.664246
125.0,125.01379
125.0,124.85766
125.0,124.86447
125.0,124.84358
125.0,124.951866
125.0,124.76631
125.0,124.791504
125.0,125.548004
125.0,125.49166
125.0,125.23454
125.0,125.59688
125.0,125.28187
125.0,124.844444
125.0,124.73452
125.0,124.19782
125.0,123.49035
125.0,122.994675
125.0,124.04359
125.0,124.79262
125.0,124.900894
125.0,125.02019
125.0,125.11924
125.0,125.155556
125.0,125.70186
125.0,125.51051
125.0,125.778275
125.0,125.86328
125.0,125.772865
125.0,125.60841
125.0,125.21884
125.0,125.626816
125.0,125.792786
125.0,125.71111
125.0,125.75392
125.0,125.97048
125.0,126.35696
125.0,126.46317
125.0,126.6444
125.0,126.46155
125.0,126.16617
125.0,126.156006
125.0,125.44003
125.0,125.07102
125.0,124.61445
125.0,124.26433
125.0,123.98792
125.0,123.49976
125.0,123.53525
125.0,123.450935
125.0,123.43864
125.0,123.95222
125.0,123.637314
125.0,123.415115
125.0,123.12085
125.0,123.3548
125.0,123.80203
125.0,123.78682
125.0,124.0977
125.0,124.19183
125.0,124.40544
125.0,124.44171
125.0,124.29013
125.0,124.19383
125.0,123.796165
125.0,123.841225
125.0,124.430664
125.0,124.48869
125.0,124.727264
125.0,125.333626
125.0,125.6275
125.0,125.6502
125.0,125.55602
125.0,125.80032
125.0,125.0616
125.0,125.0692
125.0,124.97952
125.0,124.60137
125.0,125.04368
125.0,124.82895
125.0,124.73547
125.0,124.20126
125.0,123.60844
125.0,122.96758
125.0,122.37772
125.0,122.225746
125.0,121.78446
125.0,121.063705
125.0,121.55533
125.0,121.57254
125.0,121.85644
125.0,121.95471
125.0,122.18967
125.0,121.74813
125.0,121.6132
125.0,121.65611
125.0,121.52952
125.0,120.93047
125.0,121.27964
125.0,121.73157
125.0,122.054344
125.0,122.66831
125.0,122.92707
125.0,123.64602
125.0,123.29609
125.0,123.610695
125.0,123.88945
125.0,123.8853
125.0,124.00211
125.0,123.77648
125.0,123.63722
125.0,123.32197
125.0,123.11724
125.0,122.8323
125.0,122.88428
125.0,123.32554
125.0,122.91584
125.0,122.155014
125.0,122.38874
125.0,122.11765
125.0,122.19288
125.0,122.3791
125.0,122.24624
125.0,122.362
125.0,122.21046
125.0,122.031746
125.0,121.745926
125.0,121.45805
125.0,121.26043
125.0,121.31059
125.0,121.17864
125.0,121.465126
125.0,121.34951
125.0,121.479454
125.0,121.34949
125.0,121.920525
125.0,121.781746
125.0,121.992744
125.0,121.1664
125.0,120.714066
125.0,121.25292
125.0,120.87955
125.0,121.11586
125.0,120.43487
125.0,119.98808
125.0,119.048996
125.0,119.205826
125.0,116.70898
125.0,118.17201
125.0,116.23939
125.0,118.16867
125.0,116.88284
125.0,117.059746
125.0,112.47093
125.0,113.335815
125.0,113.33392
125.0,117.78264
125.0,118.90916
125.0,119.666534
125.0,119.89704
125.0,120.173904
125.0,120.34748
125.0,120.57651
125.0,120.46562
125.0,120.91537
125.0,120.70786
125.0,120.679245
125.0,120.81176
125.0,120.42476
125.0,121.11807
125.0,120.937515
125.0,120.36018
125.0,120.41381
125.0,120.72555
125.0,121.40463
125.0,120.43535
125.0,120.71152
125.0,120.82092
125.0,120.223526
125.0,120.22228
125.0,120.31048
125.0,120.00606
125.0,120.04165
125.0,120.09737
125.0,120.23369
125.0,119.717285
125.0,119.33945
125.0,119.727325
125.0,119.64417
125.0,119.75984
125.0,118.8484
125.0,118.18287
125.0,118.061455
125.0,119.039024
125.0,119.87643
125.0,119.245636
125.0,118.19258
125.0,117.78365
125.0,119.14969
125.0,119.27655
125.0,117.31429
125.0,118.11483
125.0,118.39639
125.0,118.325836
125.0,119.04423
125.0,116.0849
125.0,115.78457
125.0,113.36234
125.0,112.00578
125.0,112.25725
125.0,117.43305
125.0,110.926094
125.0,111.56773
125.0,109.852554
125.0,114.12608
125.0,115.523994
125.0,115.15332
125.0,112.93328
125.0,111.079636
125.0,106.913536
125.0,112.54187
125.0,112.71025
125.0,114.984604
125.0,113.159615
125.0,114.73069
125.0,112.65652
125.0,112.080284
125.0,109.6133
125.0,106.3371
125.0,106.76956
125.0,102.16036
125.0,99.98543
125.0,98.25694
125.0,95.44329
125.0,92.88299
125.0,92.85082
125.0,98.87953
125.0,98.319664
125.0,100.69968
125.0,96.599
125.0,98.021095
125.0,96.228065
125.0,100.75691
125.0,103.01493
125.0,107.96868
125.0,112.32287
125.0,110.400986
125.0,111.45076
125.0,110.85065
125.0,113.75798
125.0,114.627426
125.0,114.676254
125.0,113.580376
125.0,113.268974
125.0,115.10913
125.0,115.38291
125.0,116.041756
125.0,116.331825
125.0,115.58763
125.0,115.71115
125.0,115.17578
125.0,111.79294
125.0,111.441444
125.0,108.76278
125.0,107.08615
125.0,108.0474
125.0,108.586105
125.0,108.487564
125.0,104.72262
125.0,100.066185
125.0,96.326416
125.0,91.62946
125.0,86.10063
125.0,86.39373
125.0,83.23027
125.0,85.96809
125.0,81.41386
125.0,75.00558
125.0,73.28906
125.0,70.674706
125.0,71.76351
125.0,88.68364
125.0,97.39183
125.0,100.38474
125.0,106.59434
125.0,107.238304
125.0,109.21295
125.0,111.38183
125.0,109.94377
125.0,110.29159
125.0,110.47127
125.0,99.92326
125.0,96.83049
125.0,100.131035
125.0,101.94725
125.0,107.35403
125.0,108.044655
125.0,108.6743
125.0,109.49557
125.0,114.22215
125.0,113.286385
125.0,111.52268
125.0,117.53312
125.0,115.65684
125.0,118.51312
125.0,119.458725
125.0,120.55773
125.0,119.55391
125.0,119.471596
125.0,119.729744
125.0,118.45792
125.0,117.94905
125.0,115.13192
125.0,113.86637
125.0,110.843346
125.0,110.3154
125.0,111.90654
125.0,112.56385
125.0,105.683266
125.0,102.644356
125.0,94.77833
125.0,87.582306
125.0,92.91462
125.0,95.68891
125.0,94.928345
125.0,102.81695
125.0,97.87303
125.0,102.047
125.0,106.461044
125.0,108.38354
125.0,111.625824
124.0,108.60842
123.0,114.86965
122.0,117.70628
121.0,116.334526
120.0,116.95337
119.0,117.41354
118.0,117.14855
117.0,117.64116
116.0,117.61574
115.0,115.43213
114.0,113.36893
113.0,110.50608
112.0,107.72425
111.0,103.67733
110.0,101.764656
109.0,104.4302
108.0,108.16376
107.0,108.06658
106.0,103.97422
105.0,101.635895
104.0,99.527504
103.0,105.72003
102.0,104.635506
101.0,105.10234
100.0,107.47987
99.0,110.5022
98.0,111.63315
97.0,114.37163
96.0,116.07516
95.0,116.29514
94.0,113.32016
93.0,112.72731
92.0,111.46388
91.0,111.42585
90.0,113.20688
89.0,116.07006
88.0,115.24476
87.0,116.26695
86.0,115.0221
85.0,107.30505
84.0,103.737724
83.0,97.3794
82.0,94.75899
81.0,94.65677
80.0,90.82864
79.0,90.99036
78.0,93.62504
77.0,89.78205
76.0,89.577995
75.0,92.02813
74.0,97.18501
73.0,102.42423
72.0,104.956505
125.0,104.16194
125.0,105.14807
124.0,102.63193
123.0,102.02583
122.0,105.72282
121.0,109.508995
120.0,112.20678
119.0,109.06215
118.0,111.38295
117.0,112.70509
116.0,113.81228
115.0,112.10418
114.0,116.17835
113.0,115.09478
112.0,116.828094
111.0,117.44359
110.0,116.35446
109.0,116.13588
108.0,115.35349
107.0,114.979225
106.0,114.67685
125.0,121.89372
125.0,122.036606
125.0,121.655304
125.0,121.63003
125.0,121.525635
125.0,121.32279
125.0,120.923904
125.0,121.2437
125.0,121.456924
125.0,120.84584
125.0,121.17686
125.0,120.39495
125.0,119.467896
125.0,119.13418
125.0,119.00841
125.0,118.77679
125.0,118.685776
125.0,116.929985
125.0,112.97651
125.0,107.96587
125.0,108.115166
125.0,108.848625
125.0,112.94953
125.0,110.53362
125.0,114.5383
125.0,116.66165
125.0,118.72593
125.0,119.873985
125.0,119.78015
125.0,120.22144
125.0,120.98572
125.0,120.20313
125.0,120.15163
125.0,120.28389
125.0,120.324844
125.0,120.34276
125.0,119.43788
125.0,118.77835
125.0,118.103645
125.0,117.09864
125.0,114.54234
124.0,112.09282
123.0,112.704956
122.0,107.46431
121.0,108.09212
120.0,110.37814
119.0,104.47709
118.0,105.69124
117.0,110.26875
116.0,110.56881
115.0,111.9507
114.0,112.70897
125.0,123.93404
125.0,123.75573
125.0,124.087975
125.0,123.63027
125.0,123.663795
125.0,123.271736
125.0,123.36125
125.0,123.507095
125.0,123.30061
125.0,123.05389
125.0,122.919914
125.0,123.01518
125.0,123.09931
125.0,123.34506
125.0,124.21149
125.0,124.31918
125.0,123.92466
125.0,124.20449
125.0,123.82981
125.0,123.82269
125.0,123.68077
125.0,123.84328
125.0,123.36456
125.0,123.436226
125.0,123.00674
125.0,122.950806
125.0,123.605606
125.0,123.754974
125.0,124.15216
125.0,123.81018
125.0,123.92146
125.0,124.39516
125.0,124.76259
125.0,125.06175
125.0,124.79593
125.0,124.345505
125.0,125.04679
125.0,125.1196
125.0,124.85889
125.0,124.145454
125.0,123.592
125.0,123.33755
125.0,123.05918
125.0,123.13363
125.0,123.88777
125.0,123.93918
125.0,123.685715
125.0,123.89341
125.0,124.27905
125.0,124.05262
125.0,123.877556
125.0,123.30523
125.0,123.0258
125.0,122.952415
125.0,122.32408
125.0,122.56848
125.0,123.171104
125.0,123.88042
125.0,124.05987
125.0,123.63273
125.0,124.17047
125.0,124.770226
125.0,125.31651
125.0,125.64029
125.0,125.58052
125.0,125.38904
125.0,125.81369
125.0,125.46915
125.0,125.09735
125.0,124.46104
125.0,124.34614
125.0,124.63207
125.0,124.226006
125.0,123.845474
125.0,124.01798
125.0,123.90041
125.0,123.820045
125.0,123.402115
125.0,123.33693
125.0,122.79945
125.0,122.2403
125.0,122.09993
125.0,121.74052
125.0,121.8815
125.0,121.826675
125.0,122.08166
125.0,122.42499
125.0,123.17013
125.0,122.76904
125.0,121.79233
125.0,121.780846
125.0,121.805504
125.0,121.827774
125.0,122.25203
125.0,122.24679
125.0,121.777054
125.0,121.7118
125.0,121.390076
125.0,121.7984
125.0,122.085655
125.0,122.50383
125.0,122.61903
125.0,122.4499
125.0,122.09622
125.0,122.461784
125.0,122.32061
125.0,122.32987
125.0,122.27448
125.0,122.35181
125.0,121.818436
125.0,121.79918
125.0,122.26178
125.0,122.58032
125.0,122.84884
125.0,122.07355
125.0,122.58556
125.0,122.683685
125.0,123.07953
125.0,122.788315
125.0,121.985916
124.0,121.442154
123.0,120.71451
122.0,120.69045
121.0,121.442764
120.0,121.59744
119.0,120.827705
118.0,121.0123
117.0,121.4128
116.0,120.92464
115.0,120.26927
114.0,120.91424
113.0,120.48255
112.0,120.46868
111.0,119.49102
110.0,119.80579
109.0,120.157715
108.0,119.91318
107.0,120.24892
106.0,119.55724
105.0,119.228065
104.0,119.31297
103.0,119.17482
102.0,119.32761
101.0,119.77364
100.0,120.01215
99.0,120.29709
98.0,120.08817
97.0,119.213264
96.0,118.76765
95.0,118.59952
94.0,119.181114
93.0,118.61381
92.0,116.12634
91.0,113.67299
90.0,114.2005
89.0,109.77814
88.0,105.514915
87.0,104.91816
86.0,107.353165
85.0,102.03978
84.0,101.497185
83.0,99.620224
82.0,101.20073
81.0,104.80534
80.0,105.38001
79.0,105.53616
78.0,106.03833
77.0,106.022316
76.0,103.74132
75.0,107.631874
74.0,108.818634
73.0,106.580795
72.0,102.84519
71.0,103.90818
70.0,103.809265
69.0,101.76455
68.0,96.98413
67.0,88.87824
66.0,88.1452
65.0,87.73042
64.0,88.011505
63.0,92.25157
62.0,85.52111
61.0,86.771866
60.0,87.47983
59.0,88.700806
58.0,91.72799
57.0,95.18315
56.0,88.98155
55.0,92.03343
54.0,85.464966
53.0,81.44899
52.0,78.37218
51.0,78.89396
50.0,80.14986
49.0,79.10192
48.0,81.83028
47.0,77.46354
46.0,78.589264
45.0,76.12721
44.0,77.56135
43.0,71.62954
42.0,65.81136
41.0,64.37367
40.0,57.96373
39.0,54.8601
38.0,52.828945
125.0,124.51627
125.0,123.84146
125.0,123.756256
125.0,123.99689
125.0,124.745384
125.0,123.91061
125.0,123.43242
125.0,122.94139
125.0,122.51768
125.0,122.527306
125.0,122.197556
125.0,121.69672
125.0,121.51962
125.0,121.70495
125.0,122.69135
125.0,122.09498
125.0,122.71263
125.0,122.69699
125.0,122.44
125.0,123.387665
125.0,123.24568
125.0,123.59244
125.0,123.79698
125.0,124.39634
125.0,123.92552
125.0,123.709206
125.0,124.168144
125.0,123.74313
125.0,123.42308
125.0,123.35649
125.0,123.48225
125.0,123.89054
125.0,123.908
125.0,124.55336
125.0,125.01554
125.0,124.12619
125.0,123.482124
125.0,123.20986
125.0,122.87717
125.0,122.78602
125.0,121.57655
125.0,120.83494
125.0,121.01845
125.0,120.63176
125.0,120.95082
125.0,120.20643
125.0,119.78852
125.0,120.259834
125.0,119.94447
124.0,120.55472
123.0,120.71609
122.0,121.6246
121.0,121.23858
120.0,121.78733
119.0,121.63715
118.0,121.41116
117.0,121.782265
116.0,121.74729
115.0,121.29261
114.0,120.435555
113.0,121.04735
112.0,121.91965
111.0,121.30861
110.0,121.59396
109.0,121.990395
108.0,122.14779
107.0,121.861626
106.0,122.24915
105.0,122.59016
104.0,122.193565
103.0,121.42711
102.0,121.12187
101.0,121.01402
100.0,120.99555
99.0,121.302345
98.0,121.01871
97.0,119.96156
96.0,120.37498
95.0,119.94121
94.0,120.58115
93.0,120.55014
92.0,121.41357
91.0,121.13049
90.0,120.58293
89.0,120.01753
88.0,118.515335
87.0,116.47408
86.0,117.4919
85.0,110.67586
84.0,101.81785
83.0,103.925446
82.0,110.83679
81.0,109.53361
80.0,107.50199
79.0,110.59914
78.0,112.87516
77.0,114.39107
76.0,117.64376
75.0,118.40594
74.0,119.68533
73.0,120.31876
72.0,121.006714
71.0,120.715935
70.0,121.12114
69.0,120.42714
68.0,120.56802
67.0,119.902435
66.0,119.88722
65.0,118.693245
64.0,116.273125
63.0,114.2844
62.0,114.33622
61.0,115.144
60.0,108.80763
59.0,107.321335
58.0,102.89835
57.0,99.93793
56.0,96.19829
55.0,91.737236
54.0,85.52097
53.0,84.22314
52.0,81.06995
51.0,71.68061
50.0,62.301777
49.0,57.607502
48.0,59.38299
47.0,55.607445
46.0,56.789406
45.0,55.98617
44.0,62.927544
43.0,69.66582
42.0,67.22138
41.0,67.99329
40.0,73.508286
39.0,73.657524
38.0,73.62718
37.0,70.00683
36.0,74.80571
35.0,74.301216
34.0,67.822235
33.0,61.98092
32.0,56.746952
31.0,56.46901
30.0,55.431946
29.0,54.016106
28.0,53.390102
27.0,49.17018
26.0,47.31827
25.0,45.731224
24.0,41.644825
23.0,40.01201
22.0,39.62993
21.0,37.219986
20.0,34.435406
19.0,33.557087
18.0,31.85825
17.0,30.45332
16.0,30.199429
15.0,30.308165
14.0,29.96085
13.0,29.08469
12.0,28.210745
11.0,28.9315
10.0,28.014874
9.0,26.401081
8.0,25.68456
125.0,117.53078
125.0,117.151695
125.0,117.649376
125.0,118.34286
125.0,118.188515
125.0,117.77581
125.0,116.9129
125.0,112.98653
125.0,109.59369
125.0,110.4226
125.0,111.74807
125.0,111.71215
125.0,113.2015
125.0,112.89705
125.0,112.13971
125.0,110.439224
125.0,109.77107
125.0,101.3889
125.0,102.40289
125.0,106.274605
125.0,105.97873
125.0,107.64197
125.0,105.663536
125.0,106.70024
125.0,108.015594
124.0,101.73685
123.0,102.1578
122.0,104.667854
121.0,101.268005
120.0,101.98665
119.0,103.4545
118.0,98.61435
117.0,101.05507
116.0,104.45397
115.0,104.060394
114.0,105.52705
113.0,103.5805
112.0,101.96016
111.0,104.822365
110.0,102.67456
109.0,107.07726
108.0,104.96487
107.0,104.22321
106.0,105.397285
105.0,102.94156
104.0,105.06534
103.0,103.88133
102.0,104.73749
101.0,108.26133
100.0,109.661896
99.0,113.861694
98.0,113.25459
97.0,108.2305
96.0,110.156525
95.0,113.78975
94.0,108.45572
93.0,108.623695
92.0,107.903366
91.0,102.38738
90.0,101.75581
89.0,103.28886
88.0,102.155075
87.0,102.35887
86.0,109.040726
85.0,111.97525
84.0,112.48365
83.0,109.33923
82.0,111.82859
81.0,105.683586
80.0,107.06364
79.0,107.31652
78.0,99.97921
77.0,100.19622
76.0,107.56688
75.0,103.22749
74.0,109.555855
73.0,105.95383
72.0,100.06863
71.0,99.24643
70.0,102.04958
69.0,103.31696
68.0,99.118484
67.0,94.98779
66.0,89.5938
65.0,80.52747
64.0,75.09416
63.0,69.54341
62.0,65.60961
61.0,58.7936
60.0,56.88339
59.0,53.960083
58.0,56.19107
57.0,56.805305
56.0,64.62006
55.0,75.67296
54.0,76.89092
53.0,78.11021
52.0,77.7978
51.0,74.30723
50.0,74.71158
49.0,77.67169
48.0,79.40881
47.0,85.135
46.0,87.5149
45.0,83.20341
44.0,80.42167
43.0,76.00757
42.0,68.00853
41.0,60.402596
40.0,58.417625
39.0,54.739452
38.0,49.95769
37.0,49.837894
36.0,50.090797
35.0,43.033497
34.0,38.705044
33.0,34.998043
32.0,31.312176
31.0,29.52458
30.0,30.038834
29.0,29.522186
28.0,28.666288
27.0,29.998898
26.0,29.200247
25.0,30.975431
24.0,29.118835
23.0,29.15564
22.0,28.464071
21.0,28.567724
20.0,28.702208
19.0,29.615942
18.0,28.178585
17.0,27.811554
16.0,27.160992
15.0,25.98789
14.0,25.5171
125.0,123.51064
125.0,123.12199
125.0,123.187256
125.0,122.99661
125.0,123.56726
125.0,123.67523
125.0,123.83518
125.0,123.6285
125.0,123.93723
125.0,123.88185
125.0,123.783424
125.0,122.953026
125.0,122.04529
125.0,121.59655
125.0,120.72623
125.0,120.326805
125.0,119.30102
125.0,118.91232
125.0,119.84983
125.0,118.74407
125.0,118.64398
125.0,118.70608
125.0,113.89376
125.0,112.36026
125.0,112.15686
125.0,118.98172
125.0,119.765656
125.0,120.32329
125.0,119.777145
125.0,120.295784
125.0,121.07527
125.0,121.13649
125.0,121.27475
125.0,121.0777
125.0,121.37781
125.0,121.779915
125.0,121.96511
125.0,122.47916
125.0,122.83355
125.0,123.56653
125.0,123.87087
125.0,124.27054
125.0,124.22894
125.0,124.26336
125.0,124.19914
125.0,124.039894
125.0,124.08366
125.0,123.733925
125.0,123.79474
125.0,123.54332
125.0,122.94501
125.0,122.525406
125.0,122.11524
125.0,121.49104
125.0,121.53544
125.0,122.39737
125.0,122.35065
125.0,122.13534
125.0,121.8977
125.0,122.0672
125.0,121.660934
125.0,121.42108
125.0,121.246056
125.0,120.59893
125.0,121.45982
125.0,121.414085
125.0,121.27937
125.0,121.637405
125.0,121.48943
125.0,121.59417
125.0,121.492134
125.0,121.154625
125.0,120.33805
125.0,120.025314
125.0,120.09644
125.0,120.299446
125.0,120.965164
125.0,120.30692
125.0,119.75926
125.0,119.98743
125.0,119.74337
125.0,119.989685
125.0,120.188126
125.0,119.43302
125.0,118.80982
125.0,119.798195
125.0,119.60396
125.0,120.30668
125.0,120.24717
125.0,119.660866
125.0,119.641815
125.0,119.183754
125.0,119.39538
125.0,120.11453
125.0,120.80233
125.0,120.93256
125.0,120.79391
125.0,120.8759
125.0,120.782715
125.0,121.24985
125.0,121.77316
125.0,121.83933
125.0,121.87584
125.0,121.7104
125.0,121.175644
125.0,121.09027
125.0,121.20342
125.0,121.81658
125.0,121.19961
125.0,121.031044
125.0,121.81496
125.0,122.375496
125.0,122.451996
125.0,121.84114
125.0,121.08617
125.0,122.39778
125.0,122.099045
125.0,121.37619
125.0,121.74545
125.0,121.08217
125.0,120.53938
125.0,119.92136
125.0,119.80422
125.0,118.9145
125.0,117.86489
125.0,118.81317
125.0,117.57752
125.0,112.19264
125.0,113.41511
125.0,115.04141
125.0,117.2725
125.0,118.63063
125.0,118.60454
125.0,118.004875
125.0,115.93069
125.0,118.16168
125.0,120.02757
125.0,121.25304
125.0,121.79842
125.0,121.250244
125.0,121.407585
125.0,121.62008
125.0,121.32667
125.0,121.04011
125.0,120.35422
125.0,121.20784
125.0,122.1174
125.0,122.25377
125.0,122.86854
125.0,122.25162
125.0,122.864815
125.0,123.43674
125.0,122.948524
125.0,122.64796
125.0,122.670395
125.0,123.46889
125.0,123.28422
125.0,122.8264
125.0,122.091446
125.0,121.75265
125.0,121.12251
125.0,119.98736
125.0,119.41022
125.0,118.269585
125.0,111.5662
125.0,109.83482
125.0,112.452
125.0,116.65047
125.0,114.808205
125.0,108.60615
125.0,103.96824
125.0,105.03239
125.0,105.432526
125.0,100.83918
125.0,100.81617
125.0,105.52633
125.0,114.78181
125.0,114.60427
125.0,115.3002
125.0,113.554886
125.0,115.66671
125.0,118.80121
125.0,120.01745
125.0,120.011765
125.0,119.86104
125.0,120.47707
125.0,121.19501
125.0,122.37124
125.0,122.38445
125.0,123.4816
125.0,123.28178
125.0,122.81766
125.0,123.32063
125.0,123.430405
125.0,123.24621
125.0,123.444824
125.0,123.59389
125.0,123.014565
125.0,122.24837
125.0,121.89346
125.0,121.443596
125.0,122.03218
125.0,121.85039
125.0,121.22427
125.0,120.82831
125.0,119.954575
125.0,121.09363
125.0,120.59413
125.0,120.34341
125.0,119.91572
125.0,119.623856
125.0,119.74227
125.0,120.073044
125.0,120.44719
125.0,119.312775
125.0,119.04468
125.0,119.0936
125.0,118.8549
125.0,117.824135
125.0,118.56642
125.0,118.33615
125.0,117.390686
125.0,113.87083
125.0,113.66697
125.0,110.96445
125.0,105.81656
125.0,110.54591
125.0,105.32573
125.0,104.72842
125.0,104.21329
125.0,105.12482
125.0,107.06261
125.0,108.26822
125.0,110.1425
125.0,111.94505
125.0,110.08039
125.0,114.42487
125.0,109.07634
125.0,116.67772
125.0,117.65578
125.0,119.034805
125.0,118.432
125.0,118.335754
125.0,119.35941
125.0,120.184364
125.0,119.739296
125.0,120.43778
125.0,120.13157
125.0,119.73006
125.0,119.890656
125.0,120.09662
125.0,119.45318
125.0,119.52505
125.0,119.893776
125.0,118.44254
125.0,118.90796
125.0,117.92148
125.0,118.668106
125.0,118.20734
125.0,115.49616
125.0,112.11833
125.0,113.56194
125.0,108.79418
125.0,111.87145
125.0,114.10432
125.0,112.64013
125.0,117.96079
125.0,119.29219
125.0,119.25581
125.0,118.8074
125.0,114.2288
125.0,109.96829
125.0,107.447334
125.0,110.78192
125.0,111.14954
125.0,109.30951
125.0,110.47207
125.0,106.27928
125.0,108.56612
125.0,114.51153
125.0,116.9493
125.0,116.35302
125.0,117.508995
125.0,114.32993
125.0,115.963264
125.0,116.18055
125.0,112.31948
125.0,113.19925
125.0,114.332794
125.0,107.353065
125.0,103.29266
125.0,105.62592
125.0,103.412506
125.0,103.35499
125.0,100.41654
125.0,97.329544
125.0,95.75144
125.0,97.2775
125.0,99.72616
125.0,94.85377
125.0,93.355896
125.0,99.68079
125.0,99.30214
125.0,99.31123
125.0,100.21138
125.0,101.68646
125.0,101.05015
125.0,99.391136
125.0,94.95679
125.0,99.6749
125.0,97.5788
124.0,102.90275
123.0,101.769295
122.0,100.44907
121.0,99.26966
120.0,100.950294
119.0,96.83678
118.0,93.40033
117.0,98.11378
116.0,96.70794
115.0,93.486305
114.0,96.02773
113.0,95.94019
112.0,94.353905
111.0,93.46616
110.0,93.51255
109.0,92.257385
108.0,93.77772
107.0,98.66897
106.0,102.57053
105.0,102.55988
104.0,98.54688
103.0,97.25987
102.0,99.64521
101.0,103.51305
100.0,104.73958
99.0,102.551636
98.0,99.222466
97.0,101.048454
96.0,101.961136
95.0,97.86717
94.0,94.123405
93.0,94.90454
92.0,93.17909
91.0,90.55901
90.0,87.70689
89.0,85.38032
88.0,82.5312
87.0,85.2031
86.0,82.301735
85.0,82.06239
84.0,80.89407
83.0,79.80042
82.0,75.56804
81.0,80.12019
80.0,79.27225
79.0,74.76803
78.0,78.76676
77.0,79.67042
76.0,81.000755
75.0,75.12339
74.0,78.79658
73.0,75.511826
72.0,78.528885
71.0,74.99536
70.0,69.79026
69.0,70.205925
68.0,71.1449
67.0,70.481415
66.0,65.728195
65.0,71.01513
64.0,68.96885
63.0,68.92806
62.0,64.64771
61.0,59.74753
60.0,56.968697
59.0,57.641266
58.0,56.703575
57.0,58.35674
56.0,56.134613
55.0,55.762894
54.0,55.56567
53.0,54.144264
52.0,54.16871
51.0,53.51927
50.0,52.449615
49.0,48.11751
48.0,49.00214
47.0,51.032013
46.0,51.519566
45.0,49.75651
44.0,51.262817
43.0,48.49626
42.0,46.965523
41.0,45.00539
40.0,41.074
39.0,40.851227
38.0,41.57064
37.0,41.46817
36.0,39.582283
35.0,36.710575
34.0,33.78797
33.0,32.085762
32.0,32.672806
31.0,32.775757
30.0,30.172909
29.0,29.71153
28.0,30.34108
27.0,29.685686
26.0,28.286188
25.0,27.163591
24.0,25.576426
23.0,23.29572
124.0,119.17745
123.0,119.33818
122.0,119.64969
121.0,119.761086
120.0,120.51293
119.0,120.57216
118.0,120.691864
117.0,120.44139
116.0,120.91982
115.0,121.87353
114.0,122.948685
113.0,122.67056
112.0,122.7543
111.0,122.76725
110.0,121.916756
109.0,121.959
108.0,121.396576
107.0,121.56821
106.0,120.44949
105.0,120.10179
104.0,119.65632
103.0,118.79673
102.0,116.52321
101.0,113.210144
100.0,107.3761
99.0,105.20544
98.0,106.26757
97.0,110.35467
96.0,107.65462
95.0,110.741005
94.0,110.676186
93.0,110.15478
92.0,108.162674
91.0,104.80115
90.0,103.98835
89.0,105.7133
88.0,108.46966
87.0,107.02321
86.0,103.47794
85.0,106.73064
84.0,106.864944
83.0,108.6041
82.0,110.11809
81.0,115.45327
80.0,118.630066
79.0,119.6676
78.0,118.98449
77.0,119.90221
76.0,119.62478
75.0,119.716896
74.0,120.252716
73.0,120.24642
72.0,119.131905
71.0,118.50884
70.0,116.83996
69.0,118.42984
68.0,118.91515
67.0,119.05092
66.0,119.8899
65.0,120.37701
64.0,120.62088
63.0,119.98609
62.0,119.517296
61.0,118.708405
60.0,118.120346
59.0,118.801865
58.0,118.33949
57.0,117.727
56.0,114.15723
55.0,105.40545
54.0,98.8876
53.0,98.32804
52.0,101.17203
51.0,110.77435
50.0,111.8054
49.0,110.11523
48.0,110.35688
47.0,108.88755
46.0,105.94404
45.0,107.142296
44.0,106.90106
43.0,100.78028
42.0,91.419365
41.0,89.414246
40.0,83.77144
39.0,85.356125
38.0,85.2992
37.0,78.60914
36.0,75.790115
35.0,70.32098
34.0,70.55232
33.0,71.40942
32.0,77.43044
31.0,78.56544
30.0,72.901566
29.0,69.71339
28.0,67.10296
27.0,65.384674
26.0,54.569164
25.0,51.773212
24.0,49.54821
23.0,44.748566
22.0,43.361538
21.0,42.42032
20.0,38.2581
19.0,34.236164
18.0,33.24514
17.0,31.353287
16.0,30.110691
15.0,27.81051
14.0,27.770674
13.0,25.072227
12.0,23.538794
11.0,22.306282
10.0,20.491175
125.0,124.74053
125.0,124.020424
125.0,124.0187
125.0,124.19007
125.0,123.91306
125.0,123.59537
125.0,124.07218
125.0,123.951805
125.0,124.25047
125.0,123.85501
125.0,124.03454
125.0,124.72836
125.0,125.36648
125.0,125.31926
125.0,125.166985
125.0,125.35802
125.0,125.77814
125.0,125.96437
125.0,126.27065
125.0,126.73576
125.0,126.726944
125.0,126.52097
125.0,126.33036
125.0,125.80231
125.0,125.02944
125.0,124.343285
125.0,123.48542
125.0,123.09004
125.0,123.32313
125.0,123.72561
125.0,123.13643
124.0,123.15973
123.0,123.18696
122.0,123.58978
121.0,124.55875
125.0,121.03875
125.0,121.0054
125.0,120.62242
125.0,120.28794
125.0,119.72907
125.0,119.8299
125.0,119.74574
125.0,120.407524
125.0,119.7186
125.0,120.44514
125.0,120.430405
125.0,120.27786
125.0,120.2803
125.0,120.153206
125.0,119.885376
125.0,120.16938
125.0,121.02943
125.0,121.32458
125.0,121.2472
125.0,121.36346
125.0,122.2058
125.0,122.95112
125.0,122.11556
125.0,121.89731
125.0,121.687904
125.0,121.644035
125.0,121.28002
125.0,120.768425
125.0,121.310486
125.0,121.54146
125.0,121.62694
125.0,121.40745
125.0,122.45263
125.0,122.28477
125.0,122.75672
125.0,123.00596
125.0,122.99461
125.0,122.72799
125.0,121.23561
125.0,120.36015
125.0,119.65441
125.0,119.85956
125.0,119.03401
125.0,118.552345
125.0,118.00841
125.0,118.09437
125.0,119.2424
125.0,118.99529
125.0,119.176506
125.0,119.03918
125.0,119.94183
125.0,120.84159
125.0,120.093735
125.0,120.50013
125.0,119.87337
125.0,120.8129
125.0,122.61935
125.0,121.56769
125.0,121.34573
125.0,121.260254
125.0,121.8633
125.0,121.63177
125.0,122.5881
125.0,122.40465
125.0,122.97256
125.0,123.08459
125.0,122.508095
125.0,121.99144
125.0,120.648224
125.0,119.25866
125.0,119.94901
125.0,119.40339
125.0,119.186264
125.0,118.5506
125.0,119.55988
125.0,119.97878
125.0,120.77794
125.0,120.60209
125.0,120.36571
125.0,119.90644
125.0,119.56154
125.0,120.24196
125.0,120.8654
125.0,120.45595
125.0,120.76368
125.0,121.71602
125.0,122.43477
125.0,122.60434
125.0,122.411285
125.0,121.90139
125.0,121.97803
125.0,121.25519
125.0,121.176765
125.0,121.236176
125.0,121.33038
125.0,120.88702
125.0,121.00477
125.0,120.76257
125.0,120.67233
125.0,119.94132
125.0,119.537704
125.0,119.19908
125.0,119.42771
125.0,119.781685
125.0,120.05538
125.0,120.40981
125.0,120.89196
125.0,120.731575
125.0,119.86171
125.0,119.080826
125.0,118.3881
125.0,118.166306
125.0,117.711105
125.0,116.875885
125.0,116.73525
125.0,118.30546
125.0,118.454155
125.0,118.51192
125.0,118.94235
125.0,118.979904
125.0,118.90771
125.0,115.181656
125.0,115.81327
125.0,117.91248
125.0,119.667366
125.0,120.085495
125.0,120.62901
125.0,121.16136
125.0,122.232765
125.0,121.9959
125.0,121.76651
125.0,121.85946
125.0,121.65703
125.0,122.57188
125.0,122.2476
125.0,122.719765
125.0,122.474976
125.0,122.676025
125.0,122.38227
125.0,122.05128
125.0,121.742874
125.0,122.42693
125.0,122.10005
125.0,121.6301
125.0,121.520874
125.0,121.01894
125.0,120.378204
125.0,119.92443
125.0,119.30324
125.0,119.609695
125.0,118.04251
125.0,112.788216
125.0,114.79976
125.0,114.90307
125.0,110.760956
125.0,111.02891
125.0,107.81509
125.0,107.19979
125.0,102.88669
125.0,100.87404
125.0,100.86091
125.0,101.56398
125.0,102.205124
125.0,108.1608
125.0,110.627144
125.0,109.60941
125.0,109.34204
125.0,114.62672
125.0,113.1511
125.0,118.76523
125.0,117.49318
125.0,119.55367
125.0,120.30138
125.0,120.571236
125.0,119.01793
125.0,118.76822
125.0,119.02
125.0,119.36715
125.0,118.907364
125.0,119.33696
125.0,117.825005
125.0,117.39265
125.0,117.98768
125.0,118.16744
125.0,118.03079
125.0,113.89743
125.0,113.52486
125.0,116.663826
125.0,115.14336
125.0,116.47859
125.0,117.20387
125.0,118.166695
125.0,118.873116
125.0,119.25411
125.0,119.845566
125.0,119.51932
125.0,120.245834
125.0,121.15223
125.0,121.75655
125.0,122.156876
125.0,122.5081
125.0,123.242065
125.0,123.83508
125.0,123.28307
125.0,121.88222
125.0,121.60289
125.0,120.54547
125.0,120.22675
125.0,119.35112
125.0,118.93347
125.0,116.50783
125.0,117.686775
125.0,114.96941
125.0,108.87346
125.0,112.52928
125.0,108.303474
125.0,110.54346
125.0,115.21943
125.0,117.14144
125.0,118.87005
125.0,116.86124
125.0,109.28318
125.0,110.713905
125.0,108.52535
125.0,116.30477
125.0,118.23111
125.0,118.58958
125.0,118.71454
125.0,119.16272
125.0,119.28487
125.0,120.714165
125.0,121.119545
125.0,121.08497
125.0,120.52314
125.0,119.311584
125.0,118.97695
125.0,117.758484
125.0,115.849335
125.0,111.213066
125.0,111.3254
125.0,109.25774
125.0,109.84786
125.0,102.933914
125.0,99.30956
125.0,104.19862
125.0,110.61862
125.0,108.33599
125.0,108.911995
125.0,110.700966
125.0,115.15958
125.0,112.76112
125.0,113.03335
125.0,117.5777
125.0,118.51642
125.0,119.38882
125.0,119.781075
125.0,119.600624
125.0,119.68295
125.0,118.37442
125.0,119.30361
125.0,119.94187
125.0,119.49614
125.0,118.64327
125.0,115.069466
125.0,106.95087
125.0,98.126114
125.0,90.914474
125.0,93.76948
125.0,95.63515
125.0,96.08007
125.0,96.687004
125.0,90.37304
125.0,91.7952
125.0,95.41751
125.0,99.15607
125.0,98.03263
125.0,93.58072
125.0,93.491325
125.0,93.443275
125.0,98.32552
125.0,99.676384
125.0,105.32437
125.0,105.29965
125.0,102.42289
125.0,98.2747
125.0,95.308304
125.0,98.130226
125.0,92.50073
125.0,91.08357
125.0,99.324585
125.0,93.7383
125.0,88.27649
125.0,88.27119
125.0,88.961075
125.0,90.002266
125.0,92.7791
125.0,88.66687
124.0,91.24051
123.0,95.424545
122.0,93.95353
121.0,94.99801
120.0,98.0652
119.0,98.78321
118.0,101.60289
117.0,105.93627
116.0,102.56808
115.0,99.14164
114.0,98.5307
113.0,101.18023
112.0,102.637886
111.0,105.57086
110.0,102.13988
109.0,99.553154
108.0,101.324486
107.0,102.12301
106.0,100.99994
105.0,101.469574
104.0,95.59505
103.0,94.421875
102.0,93.161804
101.0,87.202995
125.0,98.09568
125.0,101.57101
125.0,106.607216
125.0,108.25098
125.0,106.49167
125.0,109.309135
125.0,108.34115
125.0,112.29688
125.0,111.216736
125.0,111.81769
125.0,113.10776
125.0,113.891335
125.0,113.775406
125.0,112.9441
125.0,110.87368
125.0,111.02268
125.0,109.88155
125.0,107.96828
125.0,104.13398
125.0,102.885796
125.0,104.745926
125.0,103.550865
125.0,107.266785
125.0,108.19705
125.0,107.94362
125.0,102.7177
125.0,101.74318
125.0,109.182495
125.0,107.260895
125.0,110.795784
125.0,111.590195
125.0,112.19746
125.0,112.11761
125.0,113.41565
125.0,113.461784
125.0,115.52934
125.0,116.0015
125.0,116.76424
125.0,115.97462
125.0,115.80873
125.0,115.27796
125.0,115.10381
125.0,114.136536
125.0,111.87829
125.0,108.55522
125.0,101.95141
125.0,92.869606
125.0,88.31615
125.0,89.42757
125.0,85.19362
125.0,77.05636
125.0,81.777695
125.0,86.25259
125.0,88.11153
125.0,89.81786
125.0,92.97427
125.0,94.55404
125.0,94.832954
125.0,93.67943
125.0,93.4687
125.0,93.82514
125.0,98.68683
125.0,103.14112
125.0,103.25904
125.0,104.42738
125.0,105.077324
125.0,101.78075
125.0,103.130646
125.0,103.50652
125.0,107.36513
125.0,107.96455
125.0,103.772285
125.0,103.16406
125.0,103.17124
125.0,97.68774
125.0,98.69735
125.0,93.34257
125.0,84.28083
125.0,77.05702
125.0,74.849846
125.0,71.9263
125.0,77.95228
125.0,72.06635
125.0,72.511955
125.0,74.92228
125.0,72.00372
125.0,70.31899
125.0,67.49984
125.0,64.270195
125.0,71.8943
125.0,79.90335
125.0,82.5747
125.0,90.41337
125.0,93.232925
125.0,86.63209
125.0,83.30858
125.0,76.73684
125.0,76.86187
125.0,73.813866
125.0,81.60423
125.0,73.003525
124.0,65.16793
123.0,61.86382
122.0,66.13258
121.0,65.830055
120.0,68.9354
119.0,72.29517
118.0,79.143105
117.0,82.3848
116.0,81.08251
115.0,80.00458
114.0,77.29929
113.0,77.009094
112.0,86.05819
111.0,86.9476
110.0,84.094376
109.0,84.13459
108.0,86.766304
125.0,112.16434
125.0,109.467636
125.0,109.87385
125.0,110.99364
125.0,104.73545
125.0,109.16771
125.0,108.784065
125.0,109.260414
124.0,113.70285
123.0,114.063416
122.0,113.6724
121.0,117.038025
120.0,117.83647
119.0,117.79868
118.0,117.09046
117.0,116.81866
116.0,116.88326
115.0,116.82824
114.0,117.002335
113.0,116.74128
112.0,117.55578
111.0,117.367386
110.0,118.672966
109.0,119.68796
108.0,119.74435
107.0,119.665276
106.0,119.80441
105.0,119.52003
104.0,118.410065
103.0,117.92138
102.0,117.019394
101.0,116.47984
100.0,113.17986
99.0,112.867516
98.0,105.048035
97.0,106.94152
96.0,102.16029
95.0,103.36396
94.0,106.65256
93.0,102.754974
92.0,102.64747
91.0,106.55963
90.0,104.49997
89.0,100.44846
88.0,100.57489
87.0,100.71682
86.0,102.81774
85.0,101.84978
84.0,106.7296
83.0,104.793
82.0,106.76248
81.0,105.76142
80.0,108.82124
79.0,110.59665
78.0,113.19083
77.0,108.49754
76.0,104.81614
75.0,102.47221
74.0,100.300026
73.0,101.324005
72.0,92.85875
71.0,89.941666
70.0,83.37471
69.0,85.41773
68.0,81.07329
67.0,79.58442
66.0,79.850945
65.0,85.10904
64.0,91.46179
63.0,86.40571
62.0,91.30518
61.0,91.87493
60.0,93.09746
59.0,91.93653
58.0,99.66691
57.0,101.62941
56.0,103.315475
55.0,99.89538
54.0,102.894936
53.0,101.6498
52.0,100.91948
51.0,101.60632
50.0,103.08437
49.0,103.97562
48.0,100.42959
47.0,94.878815
46.0,91.12245
45.0,94.24227
44.0,86.80821
43.0,88.02078
42.0,85.10935
125.0,120.10595
125.0,120.41479
125.0,120.64487
125.0,120.21731
125.0,120.117355
125.0,120.07573
125.0,119.440704
125.0,119.03566
125.0,118.8755
125.0,119.15573
125.0,118.74582
125.0,119.41521
125.0,118.94312
125.0,119.3583
125.0,119.19302
125.0,120.292435
125.0,119.699425
125.0,119.96731
125.0,120.97226
125.0,120.27543
125.0,119.75157
125.0,119.60486
125.0,118.72159
125.0,120.21029
125.0,120.36544
125.0,121.152115
125.0,121.25831
125.0,121.29716
125.0,122.34874
125.0,121.921425
125.0,121.835304
125.0,122.9453
125.0,123.90776
125.0,123.70826
125.0,123.38316
125.0,123.08428
125.0,122.96783
125.0,122.835754
125.0,123.561264
125.0,123.736786
125.0,123.35756
125.0,122.88675
125.0,122.55755
125.0,122.42695
125.0,122.2923
125.0,122.78155
125.0,122.07038
125.0,121.5628
125.0,120.9791
125.0,120.01393
125.0,119.17069
125.0,117.52341
125.0,113.31298
125.0,117.254364
125.0,116.624016
125.0,117.552864
125.0,110.854095
125.0,110.48074
125.0,115.1193
125.0,114.55918
125.0,113.779205
125.0,117.4659
125.0,119.0753
125.0,119.88488
125.0,120.40785
125.0,121.09817
125.0,122.33309
125.0,122.68797
125.0,122.67336
125.0,122.87301
125.0,122.009026
125.0,122.66608
125.0,122.58328
125.0,121.37324
125.0,121.959236
125.0,122.069145
125.0,121.000725
125.0,120.6097
125.0,119.85129
125.0,119.58524
125.0,119.56721
125.0,118.79814
125.0,118.31631
125.0,118.079254
125.0,118.5663
125.0,119.08407
125.0,118.87224
125.0,119.00121
125.0,119.02007
125.0,118.986206
125.0,119.4965
125.0,119.03033
125.0,119.28603
125.0,120.21673
125.0,119.683136
125.0,119.839745
125.0,120.6358
125.0,120.66127
125.0,119.854805
125.0,119.63688
125.0,119.009384
125.0,119.05941
125.0,118.2803
125.0,113.74389
125.0,118.284386
125.0,118.03885
125.0,114.24318
125.0,117.632744
125.0,113.51559
125.0,115.32065
125.0,118.88091
125.0,119.187874
125.0,118.89616
125.0,116.64187
125.0,108.25313
125.0,122.23043
125.0,122.82617
125.0,123.0429
125.0,123.09267
125.0,123.38809
125.0,122.98241
125.0,123.166565
125.0,123.68874
125.0,123.88366
125.0,123.7304
125.0,123.664215
125.0,123.70155
125.0,123.27286
125.0,123.509315
125.0,123.764694
125.0,123.59314
125.0,123.16285
125.0,123.13062
125.0,122.6456
125.0,122.89766
125.0,122.67418
125.0,121.67308
125.0,121.34536
125.0,121.140686
125.0,121.37851
125.0,121.46756
125.0,121.87816
125.0,122.060326
125.0,121.88721
125.0,121.77031
125.0,122.02951
125.0,122.163536
125.0,121.94729
125.0,121.54284
125.0,121.26435
125.0,121.120575
125.0,124.40428
125.0,124.41685
125.0,124.83871
125.0,125.0474
125.0,124.955215
125.0,125.10803
125.0,124.78419
125.0,124.40733
125.0,124.451805
125.0,124.03206
125.0,123.55364
125.0,122.803474
125.0,122.955055
125.0,122.58177
125.0,122.69372
125.0,122.640076
125.0,123.11447
125.0,122.93551
125.0,122.9475
125.0,122.85678
125.0,123.04197
125.0,122.58062
125.0,122.18906
125.0,122.40413
125.0,122.69253
125.0,122.57942
125.0,122.76629
125.0,123.62084
125.0,123.22978
125.0,122.56711
125.0,122.83088
125.0,122.53343
125.0,122.73437
125.0,122.84168
125.0,122.89826
125.0,122.921524
125.0,122.72025
125.0,122.96189
125.0,122.99058
125.0,123.202774
125.0,123.2261
125.0,122.670715
125.0,122.96478
125.0,123.038506
125.0,123.76277
125.0,123.60901
125.0,123.68594
125.0,123.54875
125.0,123.355804
125.0,122.794914
125.0,122.89987
125.0,123.42744
125.0,123.46631
125.0,123.92854
125.0,123.96845
125.0,123.741745
125.0,123.71092
125.0,124.32791
125.0,124.09748
125.0,123.72942
125.0,123.73507
125.0,123.79932
125.0,123.8898
125.0,123.81488
125.0,123.918015
125.0,123.93406
125.0,124.024
125.0,123.91507
125.0,124.047745
125.0,124.493095
125.0,124.25922
125.0,124.35935
125.0,123.673805
125.0,123.60302
125.0,123.530014
125.0,123.20742
125.0,122.936424
125.0,122.90633
125.0,123.54286
125.0,123.18564
125.0,123.5437
125.0,123.69322
125.0,123.60732
125.0,123.46867
125.0,123.09522
125.0,122.51315
125.0,121.3471
125.0,121.86262
125.0,121.59532
125.0,120.710686
125.0,120.66704
125.0,120.67929
125.0,121.08346
125.0,120.992004
125.0,120.58542
125.0,120.69253
125.0,121.381325
125.0,121.09383
125.0,122.076866
125.0,122.40286
125.0,122.15651
125.0,123.14993
125.0,122.67757
125.0,122.51651
125.0,122.19672
125.0,122.52759
125.0,122.35887
125.0,122.552155
125.0,123.44257
125.0,123.99617
125.0,124.40612
125.0,124.39844
125.0,124.20558
125.0,124.56553
125.0,124.340645
125.0,124.14046
125.0,123.51114
125.0,123.52684
125.0,123.33245
125.0,123.302124
125.0,122.77426
125.0,122.46336
125.0,122.53142
125.0,122.79202
125.0,122.09822
125.0,121.88402
125.0,122.050865
125.0,121.946526
125.0,121.830826
125.0,122.40904
125.0,122.545746
125.0,122.25856
125.0,122.366714
125.0,121.72944
125.0,121.93209
125.0,122.194786
125.0,122.18517
125.0,122.1959
125.0,122.10081
125.0,122.33121
125.0,121.962875
125.0,121.9867
125.0,122.17697
125.0,122.673836
125.0,121.97963
125.0,121.78321
125.0,121.98873
125.0,121.87012
125.0,122.2284
125.0,122.32597
125.0,121.58443
125.0,121.26501
125.0,121.08595
125.0,121.14392
125.0,121.431114
125.0,121.189224
125.0,121.100975
125.0,121.52612
125.0,120.97208
125.0,121.30022
125.0,121.98368
125.0,122.02954
125.0,122.549446
125.0,122.82611
125.0,123.64461
125.0,124.19604
125.0,124.64568
125.0,124.6272
125.0,124.44249
125.0,123.73968
125.0,123.093376
125.0,122.510086
125.0,122.424934
125.0,122.44651
125.0,121.138
125.0,120.88558
125.0,120.989815
125.0,119.83177
125.0,119.93645
125.0,120.435295
125.0,119.75046
125.0,120.26901
125.0,120.45103
125.0,120.716446
125.0,120.941315
125.0,121.169914
125.0,121.00661
125.0,121.96129
125.0,121.73685
125.0,121.36502
125.0,121.8951
125.0,121.78739
125.0,122.08704
125.0,122.01969
125.0,122.21419
125.0,122.569534
125.0,122.88864
125.0,122.41317
125.0,122.146164
125.0,121.912636
125.0,121.67285
125.0,120.84335
125.0,120.887924
125.0,121.3576
125.0,121.22183
125.0,121.40088
125.0,121.34594
125.0,120.96235
125.0,121.062355
125.0,121.50895
125.0,120.70914
125.0,120.468994
125.0,120.51695
125.0,121.2298
125.0,121.64811
125.0,121.41247
125.0,120.99032
125.0,120.81817
125.0,120.571075
125.0,120.07113
125.0,119.72192
125.0,119.765656
125.0,120.40579
125.0,120.37467
125.0,120.31071
125.0,120.680756
125.0,121.71373
125.0,121.36959
125.0,121.32658
125.0,121.361084
125.0,120.368484
125.0,119.87993
125.0,119.22668
125.0,119.874626
125.0,119.70178
125.0,119.41016
125.0,119.11072
125.0,117.94693
125.0,117.858
125.0,118.88928
125.0,118.43042
125.0,118.023705
125.0,115.33945
125.0,117.80648
125.0,118.23507
125.0,118.46213
125.0,118.129524
125.0,117.40887
125.0,117.89197
125.0,118.012085
125.0,118.8173
125.0,119.04849
125.0,119.32601
124.0,119.8329
123.0,120.0294
122.0,120.57384
121.0,121.0586
120.0,120.990074
119.0,120.89268
118.0,119.888466
117.0,117.52
116.0,117.49263
115.0,115.81343
114.0,116.06594
113.0,116.42437
112.0,118.70667
111.0,117.92873
110.0,111.28171
109.0,111.935974
108.0,106.01175
107.0,110.19445
106.0,110.30694
105.0,108.67818
104.0,105.48553
103.0,100.661514
102.0,101.421616
101.0,100.69648
100.0,99.21752
99.0,99.887436
98.0,96.56012
97.0,102.93123
96.0,104.96854
95.0,105.44427
94.0,109.465385
93.0,109.37226
92.0,111.65242
91.0,106.368835
90.0,103.45618
89.0,102.65008
88.0,102.0858
87.0,98.357796
86.0,108.45902
85.0,115.41769
84.0,117.19867
83.0,118.79088
82.0,118.61072
81.0,118.37777
80.0,115.9243
79.0,115.356316
78.0,113.64223
77.0,112.41114
76.0,106.57689
75.0,107.381386
74.0,95.5702
73.0,83.54468
72.0,81.86572
71.0,74.73642
70.0,76.347664
69.0,75.71537
68.0,69.67237
67.0,69.5811
66.0,73.03784
65.0,68.15273
64.0,66.10829
63.0,63.073
62.0,60.77405
61.0,60.471497
60.0,63.41631
125.0,126.05287
125.0,125.834625
125.0,125.22432
125.0,125.12445
125.0,125.53471
125.0,125.76245
125.0,125.812996
125.0,126.06987
125.0,126.02209
125.0,126.844894
125.0,127.0789
125.0,127.04799
125.0,127.087875
125.0,127.02146
125.0,126.78823
125.0,126.86598
125.0,126.95397
125.0,127.40678
125.0,127.71763
125.0,127.920166
125.0,127.852974
125.0,128.10182
125.0,128.11617
125.0,128.07854
125.0,127.67242
125.0,127.74074
125.0,127.48304
125.0,127.01452
125.0,126.49158
125.0,125.71171
125.0,126.2165
125.0,126.477165
125.0,126.84724
125.0,127.09702
125.0,127.13726
125.0,127.23441
125.0,126.98063
125.0,127.08939
125.0,126.8134
125.0,127.125786
125.0,126.757324
125.0,127.33269
125.0,127.62843
125.0,127.65427
125.0,127.24635
125.0,127.54768
125.0,127.32905
125.0,126.93261
125.0,126.72681
125.0,126.955315
125.0,126.98206
125.0,126.95673
125.0,126.86707
125.0,126.32522
125.0,126.41533
125.0,126.234695
125.0,125.78517
125.0,125.38001
125.0,124.92226
125.0,125.23823
125.0,125.396164
125.0,125.60696
125.0,125.75486
125.0,125.3442
125.0,125.67639
125.0,125.57943
125.0,125.78825
125.0,126.07728
125.0,126.012535
125.0,126.086815
125.0,126.04253
125.0,125.8181
125.0,125.75681
125.0,125.94162
125.0,126.19786
125.0,126.45865
125.0,126.50688
125.0,126.07204
125.0,126.25082
125.0,126.97509
125.0,127.323
125.0,127.44473
125.0,127.273605
125.0,126.895325
125.0,126.668396
125.0,126.604126
125.0,126.43595
125.0,126.53873
125.0,126.34529
125.0,126.256256
125.0,126.34653
125.0,126.44696
125.0,126.64893
125.0,126.430275
125.0,127.21318
125.0,127.093796
125.0,126.716125
125.0,126.63044
125.0,126.613304
125.0,126.320854
125.0,126.670044
125.0,126.25797
125.0,125.94739
125.0,125.4449
125.0,124.77797
125.0,124.85576
125.0,124.28065
125.0,124.60793
125.0,125.061646
125.0,125.175255
125.0,125.09495
125.0,125.04378
125.0,124.94174
125.0,124.598595
125.0,124.37941
125.0,124.69952
125.0,124.470985
125.0,124.69632
125.0,125.132385
125.0,125.55088
125.0,125.66714
125.0,125.48739
125.0,125.74591
125.0,125.99867
125.0,126.90693
125.0,127.00808
125.0,127.10112
125.0,127.08423
125.0,127.02412
125.0,126.94596
125.0,126.90105
125.0,125.965385
125.0,125.83284
125.0,125.73172
125.0,125.21917
125.0,124.75914
125.0,124.75042
125.0,124.6242
125.0,124.80195
125.0,124.43021
125.0,124.63209
125.0,124.407425
125.0,124.430405
125.0,123.477135
125.0,123.30384
125.0,122.94186
125.0,123.17096
125.0,122.86311
125.0,122.970375
125.0,123.01353
125.0,123.33134
125.0,123.268265
125.0,123.49707
125.0,123.44246
125.0,123.713776
125.0,123.2482
125.0,123.313324
125.0,123.4045
125.0,123.75574
125.0,124.27759
125.0,124.08617
125.0,123.23776
125.0,123.02062
125.0,123.40405
125.0,123.30165
125.0,123.00098
125.0,123.6583
125.0,123.90586
125.0,124.310005
125.0,124.14946
125.0,124.259094
125.0,124.48691
125.0,124.75794
125.0,124.37179
125.0,124.730064
125.0,124.23031
125.0,124.513374
125.0,124.45223
125.0,124.75916
125.0,124.28509
125.0,124.28309
125.0,123.991234
125.0,123.933655
125.0,123.95268
125.0,123.76276
125.0,123.585464
125.0,123.17085
125.0,122.44987
125.0,122.05257
125.0,121.90939
125.0,121.84465
125.0,121.09585
125.0,121.50048
125.0,120.76732
125.0,120.82511
125.0,120.767715
125.0,120.733925
125.0,120.62032
125.0,121.2425
125.0,121.45956
125.0,121.535065
125.0,122.00809
125.0,121.81729
125.0,122.30054
125.0,123.03156
125.0,122.720436
124.0,121.97525
123.0,122.352554
122.0,122.9246
121.0,122.44116
120.0,123.39672
119.0,122.685905
118.0,123.100426
117.0,123.59562
116.0,122.68283
115.0,122.20873
114.0,122.13936
113.0,121.76047
112.0,121.25216
111.0,120.92352
110.0,120.95475
109.0,120.36186
108.0,120.22139
107.0,119.00783
106.0,117.732704
105.0,115.28023
104.0,112.67562
103.0,107.75763
102.0,107.894104
101.0,114.68339
100.0,116.93303
99.0,118.99523
98.0,117.33096
97.0,119.235054
96.0,119.971306
95.0,119.89683
94.0,120.26943
93.0,120.00052
92.0,119.53317
91.0,118.495346
90.0,117.6528
89.0,107.07007
88.0,111.598816
87.0,108.28426
86.0,108.46531
85.0,97.84021
84.0,96.86009
83.0,98.23351
82.0,97.983734
81.0,100.64296
80.0,101.102325
79.0,102.77073
78.0,99.226906
77.0,100.230064
76.0,99.81912
75.0,99.51316
74.0,92.4894
73.0,88.53365
72.0,82.398796
71.0,81.494125
70.0,81.22277
69.0,87.58916
68.0,82.86926
67.0,85.27594
66.0,87.26309
65.0,87.12688
64.0,89.73106
63.0,82.196945
62.0,78.01971
61.0,82.18406
60.0,74.890686
59.0,72.5763
58.0,77.711075
57.0,74.26618
56.0,69.714294
55.0,65.49828
54.0,68.24106
53.0,65.70631
52.0,63.81922
51.0,60.732944
50.0,60.275017
49.0,60.484917
48.0,57.923965
47.0,56.515396
46.0,55.329346
45.0,54.66699
44.0,54.18837
43.0,55.145344
42.0,50.312668
41.0,47.85919
40.0,44.34374
39.0,49.229935
38.0,47.241577
37.0,45.861893
36.0,48.100838
35.0,50.7019
34.0,48.559837
33.0,48.548622
32.0,48.840805
31.0,48.072285
30.0,46.770027
29.0,45.22749
28.0,44.5936
27.0,41.719154
26.0,40.19097
25.0,39.214
24.0,38.722225
23.0,37.726
22.0,36.107906
21.0,35.436234
20.0,34.45193
19.0,32.702095
124.0,106.809006
123.0,104.86157
122.0,104.342224
121.0,101.52496
120.0,99.992874
119.0,98.98156
118.0,97.718315
117.0,99.345276
116.0,98.58995
115.0,95.32265
114.0,96.43691
113.0,98.34085
112.0,100.244415
111.0,104.37969
110.0,103.885574
109.0,100.57054
108.0,99.09597
107.0,106.119385
106.0,108.887924
105.0,107.34647
104.0,105.43437
103.0,104.77809
102.0,105.584404
101.0,101.42531
100.0,102.98125
99.0,104.4884
98.0,102.8084
97.0,101.81491
96.0,100.66427
95.0,98.70242
94.0,99.18875
93.0,95.89563
92.0,95.25674
91.0,95.57548
90.0,93.35113
89.0,93.47335
88.0,95.223114
87.0,96.5887
86.0,93.4351
85.0,90.051636
84.0,94.12557
83.0,91.64089
82.0,97.6055
81.0,101.346466
80.0,100.12127
79.0,99.25289
78.0,99.54329
77.0,101.43476
76.0,97.321884
75.0,96.989456
74.0,102.15315
73.0,97.47225
72.0,94.44948
71.0,91.48672
70.0,86.86368
69.0,87.73992
68.0,87.190475
67.0,83.27294
115.0,94.7628
114.0,94.97886
113.0,102.15521
112.0,105.27806
111.0,105.77143
110.0,106.89021
109.0,108.038956
108.0,106.767494
107.0,106.7294
106.0,102.160034
105.0,103.47499
104.0,103.56538
103.0,98.36549
102.0,95.88407
101.0,93.41047
100.0,100.61261
99.0,107.93619
98.0,104.53777
97.0,111.66512
96.0,112.02853
95.0,112.440735
94.0,113.68912
93.0,111.57422
92.0,112.03082
91.0,110.93668
90.0,113.15844
89.0,112.6138
88.0,112.38757
87.0,111.880104
86.0,112.35985
85.0,110.30862
84.0,110.93381
83.0,112.07204
82.0,112.90689
81.0,111.76521
80.0,108.86694
79.0,102.72594
78.0,101.37705
77.0,98.850266
76.0,93.87793
75.0,90.718254
74.0,90.0121
73.0,84.833755
72.0,85.276085
71.0,89.12795
70.0,98.29301
69.0,102.8714
68.0,103.38238
67.0,111.40919
66.0,109.50794
65.0,109.72999
64.0,109.89921
63.0,105.920235
62.0,96.97617
61.0,92.941795
60.0,96.15274
59.0,93.81903
58.0,91.22884
57.0,91.724464
56.0,84.45466
55.0,78.321495
54.0,79.07219
53.0,83.51742
52.0,82.94947
51.0,81.14263
50.0,83.01548
49.0,78.32626
48.0,83.22961
47.0,85.461586
46.0,94.803696
45.0,97.10272
44.0,92.30771
43.0,94.53077
42.0,98.73343
41.0,99.85121
40.0,95.46443
39.0,93.304214
38.0,92.94587
37.0,87.067894
36.0,88.95697
35.0,81.5532
34.0,79.21712
33.0,75.40376
32.0,65.8703
31.0,52.991
30.0,50.31842
29.0,42.523205
28.0,39.70398
27.0,41.83147
26.0,37.525833
25.0,35.522877
24.0,34.565823
23.0,33.848263
22.0,35.13052
21.0,31.366863
20.0,30.22284
19.0,26.480549
18.0,25.593437
17.0,24.76005
16.0,23.254805
15.0,21.527122
14.0,21.154877
125.0,121.23056
125.0,121.60645
125.0,121.7315
125.0,121.62307
125.0,120.89099
125.0,121.68824
125.0,121.63361
125.0,121.56646
125.0,121.51232
125.0,121.340675
125.0,121.45588
125.0,121.313156
125.0,121.32764
125.0,121.517426
125.0,122.062904
125.0,122.33884
125.0,122.4221
125.0,122.35856
125.0,121.928246
125.0,121.92017
125.0,121.73521
125.0,122.00213
125.0,122.40343
125.0,121.482414
125.0,121.123924
125.0,121.0046
125.0,121.6352
125.0,121.22534
125.0,121.34029
125.0,121.65486
125.0,120.91692
125.0,121.07724
125.0,121.06976
125.0,120.59763
125.0,120.10956
125.0,121.19193
125.0,121.1775
125.0,122.07317
125.0,121.86068
125.0,122.00743
125.0,121.86102
125.0,121.75316
125.0,120.25872
125.0,120.158714
125.0,119.67004
125.0,119.456566
125.0,120.19958
125.0,121.3499
125.0,121.5744
125.0,121.373535
125.0,120.8571
125.0,121.58822
125.0,122.267784
125.0,121.02645
125.0,121.176315
125.0,120.44592
125.0,120.843216
125.0,120.29193
125.0,120.275185
125.0,120.78651
125.0,120.43127
125.0,121.05706
125.0,121.40371
125.0,121.55495
125.0,121.54218
125.0,121.769104
125.0,121.69351
125.0,122.33804
125.0,122.215355
125.0,121.864845
125.0,122.455154
125.0,122.314995
125.0,120.90139
125.0,120.28646
125.0,119.41322
125.0,118.32983
125.0,118.81037
125.0,119.449455
124.0,119.45288
123.0,119.58215
122.0,119.6541
121.0,119.86837
120.0,120.04685
119.0,119.63132
118.0,119.449585
117.0,119.22206
116.0,119.25798
115.0,118.2957
114.0,118.136246
113.0,118.43738
112.0,119.19623
111.0,118.85673
110.0,119.50427
109.0,119.19083
108.0,118.72216
107.0,115.25928
106.0,114.47498
105.0,114.65917
104.0,107.264656
103.0,102.8012
102.0,103.762955
101.0,105.261116
100.0,100.968735
99.0,103.100204
98.0,104.81909
97.0,106.774704
96.0,111.43001
95.0,116.152405
94.0,118.72536
93.0,119.02959
92.0,117.28246
91.0,115.305504
90.0,115.55714
89.0,114.8285
88.0,116.22663
87.0,117.87214
86.0,113.57792
85.0,110.31893
84.0,112.66737
83.0,117.94987
82.0,119.25446
81.0,116.53697
80.0,118.29081
79.0,118.673706
78.0,115.56694
77.0,113.00123
76.0,115.985405
75.0,115.61117
74.0,110.095825
73.0,108.32461
72.0,106.37438
71.0,107.33589
70.0,108.43706
69.0,107.431656
68.0,106.22933
67.0,102.06812
66.0,100.82577
65.0,101.08139
64.0,100.02072
63.0,95.22591
62.0,96.946976
61.0,94.64372
60.0,94.28571
59.0,91.81736
58.0,93.65762
57.0,90.15486
56.0,85.47361
55.0,81.8584
54.0,80.34268
53.0,83.604744
52.0,85.09204
51.0,77.22365
50.0,80.740036
49.0,79.36566
48.0,76.7089
47.0,74.369705
46.0,75.44391
45.0,64.768776
44.0,65.24918
43.0,64.564415
42.0,65.13117
41.0,61.572903
40.0,56.41684
39.0,55.002758
38.0,52.743576
37.0,52.937126
36.0,51.30864
35.0,54.271027
34.0,56.17036
33.0,58.499397
32.0,59.96763
31.0,58.57782
30.0,50.239994
29.0,45.02935
28.0,42.99743
27.0,41.31734
26.0,44.615536
25.0,44.65816
24.0,42.765423
23.0,41.283546
22.0,41.733467
21.0,41.967308
20.0,43.62886
19.0,41.238197
18.0,42.30711
17.0,40.4248
16.0,38.155773
15.0,36.412197
125.0,114.673805
125.0,117.70882
125.0,118.25077
125.0,118.64595
125.0,118.91306
125.0,118.76166
125.0,117.281944
125.0,116.55024
125.0,112.95405
125.0,110.79085
125.0,106.04912
125.0,104.9545
125.0,107.418495
125.0,104.99054
125.0,104.13729
125.0,106.394615
125.0,107.852394
125.0,109.81321
125.0,110.56268
125.0,113.10947
125.0,112.20536
125.0,114.310326
125.0,115.25206
125.0,112.99288
125.0,112.85062
125.0,115.2731
125.0,116.20605
125.0,117.11669
125.0,113.98612
125.0,115.44995
125.0,116.772934
125.0,116.684494
125.0,113.12219
125.0,107.5166
125.0,109.35035
125.0,106.74623
125.0,101.86271
125.0,107.751175
125.0,104.092316
125.0,106.33852
125.0,105.18913
125.0,99.31064
125.0,100.98071
125.0,102.375015
125.0,100.024506
125.0,101.80025
125.0,107.1192
125.0,110.67279
125.0,111.00466
125.0,111.79832
125.0,107.43696
125.0,105.67391
125.0,112.86053
125.0,113.21096
125.0,111.866806
125.0,111.80185
125.0,112.97354
125.0,111.26621
125.0,110.88901
125.0,107.07491
125.0,104.33863
125.0,101.55022
125.0,107.2599
125.0,102.65793
125.0,103.75901
125.0,105.69022
125.0,101.57916
125.0,95.41224
125.0,98.33908
125.0,99.295166
125.0,105.366135
125.0,107.74314
124.0,108.18107
123.0,108.91287
122.0,110.9029
121.0,113.951
120.0,115.766495
119.0,115.50287
118.0,116.24887
117.0,116.07441
116.0,115.49093
115.0,115.91858
114.0,116.38082
113.0,114.55114
112.0,115.77936
111.0,113.99602
110.0,111.017715
109.0,106.82474
108.0,108.261284
107.0,108.60078
106.0,105.0852
105.0,107.578514
104.0,111.73008
103.0,109.26961
102.0,104.01046
101.0,103.13236
100.0,103.08184
99.0,100.98101
98.0,104.68862
97.0,105.57301
96.0,108.38756
95.0,105.93025
94.0,103.16874
93.0,101.992516
92.0,100.19354
91.0,102.57415
90.0,105.95043
89.0,102.85674
88.0,105.858635
87.0,101.91706
86.0,101.073
85.0,98.64027
84.0,101.60934
83.0,100.00332
82.0,100.806114
81.0,96.269875
80.0,90.98381
79.0,98.65064
78.0,100.41394
77.0,98.81084
76.0,98.29854
75.0,101.1314
74.0,96.34473
73.0,95.74957
72.0,94.78976
71.0,95.88698
70.0,94.90303
69.0,93.637314
68.0,96.0636
67.0,95.12951
66.0,97.50074
65.0,93.19604
64.0,93.654175
63.0,94.232056
62.0,91.200966
61.0,86.01245
60.0,88.39555
59.0,89.72354
58.0,92.82634
57.0,90.790634
56.0,90.35298
55.0,89.15785
54.0,89.14803
53.0,88.23953
52.0,86.460815
51.0,78.70336
50.0,79.12133
49.0,76.92082
48.0,70.127594
47.0,71.591965
46.0,66.30031
45.0,75.459274
44.0,77.66706
43.0,81.64163
42.0,76.08441
41.0,62.024334
40.0,51.066994
39.0,42.63548
38.0,36.8554
37.0,37.61029
36.0,36.14776
35.0,35.721943
34.0,34.064285
33.0,34.971222
32.0,34.0421
31.0,34.852215
30.0,31.587221
29.0,30.220034
28.0,28.713644
27.0,30.336006
26.0,29.484121
25.0,26.474733
24.0,23.091436
23.0,22.971685
22.0,22.255156
21.0,21.027092
20.0,21.253925
19.0,20.575396
18.0,19.26615
17.0,16.736265
16.0,15.667256
15.0,15.427597
14.0,15.62535
125.0,120.28213
125.0,120.88686
125.0,120.47374
125.0,120.29132
125.0,120.17602
125.0,119.359344
125.0,118.086296
125.0,116.36337
125.0,117.30997
125.0,118.552505
125.0,119.34956
125.0,119.46772
125.0,119.90625
125.0,119.508255
125.0,119.25019
125.0,118.72402
125.0,119.09376
125.0,119.07641
124.0,118.98842
123.0,119.61743
122.0,117.46803
121.0,117.76454
120.0,117.03783
119.0,113.592155
118.0,110.96784
117.0,106.316124
116.0,108.52311
115.0,108.93451
114.0,110.18609
113.0,111.14646
112.0,116.9891
111.0,119.09364
110.0,119.157135
109.0,119.407036
108.0,119.70218
107.0,120.30299
106.0,119.46864
105.0,119.04141
104.0,119.6124
103.0,119.993225
102.0,119.69669
101.0,120.22641
100.0,120.43175
99.0,120.55614
98.0,120.12428
97.0,118.890884
96.0,118.70286
95.0,118.13323
94.0,117.911026
93.0,118.15563
92.0,117.17679
91.0,117.73306
90.0,116.816956
89.0,109.979065
88.0,110.86345
87.0,107.256226
86.0,106.31743
85.0,101.72666
84.0,99.395775
83.0,99.77394
82.0,94.99307
81.0,96.84894
80.0,92.550804
79.0,97.57081
78.0,103.15676
77.0,102.08404
76.0,105.0722
125.0,119.958305
125.0,120.508354
125.0,120.75191
125.0,121.505104
125.0,120.68564
125.0,121.00999
125.0,120.66555
125.0,121.12142
125.0,121.577324
125.0,121.9794
125.0,121.80047
125.0,122.98325
125.0,122.602684
125.0,122.856094
125.0,123.16986
125.0,122.75708
125.0,123.19819
125.0,123.85556
125.0,123.731155
125.0,123.83264
125.0,123.369774
125.0,122.5916
125.0,121.43981
125.0,120.84313
125.0,120.02929
125.0,119.70259
125.0,117.287735
125.0,113.855896
125.0,108.56
125.0,114.275276
125.0,113.697556
125.0,113.011986
124.0,113.256
123.0,118.45274
122.0,117.96296
121.0,119.27476
120.0,118.91791
119.0,119.89236
118.0,120.37107
117.0,121.19722
116.0,121.135895
115.0,121.668785
114.0,121.82538
113.0,121.61729
112.0,122.085365
111.0,123.2865
110.0,123.49133
109.0,124.70229
108.0,123.96001
107.0,124.48358
106.0,123.34363
105.0,122.5187
104.0,122.10459
103.0,122.151146
102.0,122.23129
101.0,122.08454
100.0,121.62454
99.0,121.54096
98.0,119.78048
97.0,118.99334
96.0,114.04136
95.0,114.12132
94.0,108.47355
93.0,107.96245
92.0,102.929085
91.0,96.12701
90.0,94.39795
89.0,97.54013
88.0,103.702965
87.0,100.70507
86.0,96.96556
85.0,95.84191
84.0,91.93838
83.0,93.52174
82.0,94.086395
81.0,100.23977
80.0,103.541534
79.0,109.74947
78.0,108.2855
77.0,114.258705
76.0,107.84501
75.0,100.013
74.0,93.171165
73.0,94.87705
72.0,96.67128
71.0,92.8091
70.0,87.74963
69.0,89.27314
68.0,89.8397
67.0,95.285385
66.0,97.197014
65.0,101.00509
64.0,103.75725
63.0,103.982254
62.0,102.50243
61.0,103.17249
60.0,108.5358
59.0,114.91224
58.0,116.82354
57.0,118.3449
56.0,115.938286
55.0,115.13663
54.0,114.82604
53.0,115.597244
52.0,113.04033
51.0,106.79603
50.0,102.781685
49.0,102.12656
48.0,100.90678
47.0,99.971146
46.0,96.32191
45.0,85.668686
44.0,78.75649
43.0,73.69681
42.0,69.058945
41.0,62.460087
40.0,57.253914
39.0,52.910397
38.0,50.65117
37.0,50.39946
36.0,52.097485
35.0,53.59757
34.0,53.760223
33.0,54.294064
32.0,53.70055
31.0,56.739822
30.0,54.208725
29.0,51.01408
28.0,49.9608
27.0,50.14313
26.0,49.253063
25.0,47.969357
24.0,46.723038
23.0,43.87213
22.0,42.967983
21.0,40.415733
20.0,37.603863
19.0,35.181858
18.0,34.800156
17.0,33.913918
16.0,31.211802
15.0,29.92195
14.0,28.616295
13.0,27.883429
12.0,28.227785
11.0,25.118753
10.0,24.026571
9.0,23.048122
125.0,117.24742
125.0,118.06496
125.0,116.76732
125.0,115.8416
125.0,116.028145
125.0,114.08606
125.0,114.17824
125.0,118.10547
125.0,119.47096
125.0,119.645164
125.0,120.35078
125.0,119.730286
125.0,118.85287
125.0,113.237144
125.0,118.10506
125.0,119.22147
125.0,119.88659
125.0,119.94705
125.0,119.77014
125.0,120.025986
125.0,120.38964
125.0,119.7812
125.0,119.4029
125.0,119.628235
125.0,119.569885
125.0,119.945404
125.0,119.37492
125.0,119.4342
125.0,118.530495
125.0,119.36982
125.0,119.81104
125.0,120.493675
125.0,119.804085
125.0,119.95501
125.0,119.9898
125.0,120.06649
125.0,119.29661
125.0,119.94819
125.0,120.66697
125.0,120.00649
125.0,119.79718
125.0,119.03012
125.0,119.21823
125.0,119.77562
125.0,119.90245
125.0,120.36789
125.0,120.072914
125.0,119.20258
125.0,119.3519
125.0,120.16368
125.0,120.38769
125.0,121.201904
125.0,121.136826
125.0,120.554924
125.0,121.00215
125.0,120.2155
125.0,119.793686
125.0,120.207565
125.0,120.116875
125.0,119.85861
125.0,119.71586
125.0,119.79817
125.0,120.26532
125.0,119.46317
125.0,119.049835
125.0,119.63058
125.0,119.80773
125.0,119.55041
125.0,119.7656
125.0,118.861374
125.0,119.01301
125.0,119.064835
125.0,118.26973
125.0,117.34288
125.0,117.92895
125.0,114.220024
125.0,111.865875
125.0,109.34339
125.0,109.33946
125.0,110.21297
125.0,108.579185
125.0,111.04582
125.0,108.39103
125.0,105.97608
125.0,107.843346
125.0,104.82347
125.0,109.55293
125.0,107.54332
125.0,114.17362
125.0,111.81222
125.0,110.27778
125.0,116.7997
125.0,118.74159
125.0,119.5796
125.0,120.01121
125.0,119.82511
125.0,120.184944
125.0,119.5501
125.0,118.92563
125.0,117.31066
125.0,118.02741
125.0,118.54634
125.0,119.24483
125.0,119.55146
125.0,120.002144
125.0,120.40091
125.0,120.77194
125.0,120.86485
125.0,120.006294
125.0,119.14269
125.0,118.803406
125.0,117.69584
125.0,118.57067
125.0,118.38378
125.0,117.98706
125.0,116.79619
125.0,114.827545
125.0,103.09007
125.0,102.49642
125.0,99.67807
125.0,93.54505
125.0,95.45325
125.0,104.37237
125.0,106.6594
125.0,104.7711
125.0,96.82327
125.0,102.84662
125.0,99.736336
125.0,102.25485
125.0,99.61999
125.0,106.05018
125.0,107.18758
125.0,110.51336
125.0,113.52289
125.0,116.975044
125.0,117.9768
125.0,117.875725
125.0,115.066185
125.0,114.781364
125.0,113.88219
125.0,112.57078
125.0,112.33285
125.0,112.59291
125.0,113.201195
125.0,111.54542
125.0,112.40207
125.0,115.87116
125.0,115.58157
125.0,115.89939
125.0,114.331825
125.0,112.73348
125.0,109.678375
125.0,109.450714
125.0,107.85067
125.0,107.53435
125.0,109.79946
125.0,113.131676
125.0,105.612976
125.0,107.528076
125.0,109.75957
125.0,113.29248
125.0,112.39029
125.0,116.36208
125.0,118.729
125.0,118.95705
125.0,117.66079
125.0,115.17466
125.0,110.752945
125.0,112.87345
125.0,111.554504
125.0,112.65473
125.0,116.66113
125.0,114.53841
125.0,115.66416
125.0,116.31485
125.0,117.67587
125.0,117.02323
125.0,114.52281
125.0,115.70656
125.0,110.80417
125.0,109.61959
125.0,104.84843
125.0,105.568924
124.0,105.78384
123.0,102.891304
122.0,105.74807
121.0,107.90363
120.0,106.456085
119.0,103.95543
118.0,100.71611
117.0,95.56764
116.0,91.31873
115.0,90.534454
114.0,90.50709
113.0,91.013374
112.0,80.513885
111.0,81.376236
110.0,79.4969
125.0,118.7919
125.0,119.24169
125.0,119.177414
125.0,119.17478
125.0,118.575005
125.0,117.837204
125.0,118.75305
125.0,118.9715
125.0,119.74223
125.0,120.03747
125.0,119.33838
125.0,119.211624
125.0,119.913086
125.0,120.37641
125.0,121.82206
125.0,121.26452
125.0,122.08171
125.0,122.091995
125.0,121.33306
125.0,121.16103
125.0,121.62934
125.0,121.56383
125.0,120.295685
125.0,120.86907
125.0,120.21206
125.0,120.62338
125.0,119.6032
125.0,119.059326
125.0,118.13119
125.0,118.85194
125.0,119.05473
125.0,119.05501
125.0,118.40145
125.0,117.55432
125.0,114.75668
125.0,116.01195
125.0,115.4028
125.0,116.01557
125.0,117.85088
125.0,117.66508
125.0,118.160706
125.0,118.066185
125.0,119.14365
125.0,119.23543
125.0,119.848076
125.0,118.79603
125.0,118.83911
125.0,118.94847
125.0,119.010506
125.0,118.833435
125.0,119.64804
125.0,119.03984
125.0,118.467995
125.0,119.76575
125.0,119.97697
125.0,120.05545
125.0,119.27837
125.0,119.16066
125.0,119.798546
125.0,120.3917
125.0,119.631096
125.0,119.51315
125.0,119.44319
125.0,118.58054
125.0,117.73495
125.0,115.748795
125.0,117.83898
125.0,116.40236
125.0,113.70641
125.0,114.082726
125.0,116.77079
125.0,114.86668
125.0,112.17774
125.0,111.35653
125.0,116.066414
125.0,114.67297
125.0,115.01208
125.0,113.93236
125.0,115.17908
125.0,115.50797
125.0,116.42659
125.0,118.288864
125.0,118.597725
125.0,119.532234
125.0,120.47115
125.0,120.24085
125.0,119.19108
125.0,119.33269
125.0,119.1518
125.0,118.238045
125.0,113.591034
125.0,113.70914
125.0,108.7485
125.0,108.088715
125.0,107.50425
125.0,108.31402
125.0,109.775764
125.0,106.36015
125.0,104.82144
125.0,111.70775
125.0,107.56757
125.0,110.21362
125.0,110.409195
125.0,108.44536
125.0,114.75127
125.0,116.29683
125.0,117.11441
125.0,116.27409
125.0,113.67595
125.0,115.21419
125.0,114.69031
125.0,117.148964
125.0,117.536766
125.0,117.80117
125.0,118.13308
125.0,118.41078
125.0,119.162796
125.0,118.60384
125.0,118.19794
125.0,118.06177
125.0,117.31132
125.0,116.11518
125.0,115.8377
125.0,115.76701
125.0,113.477486
125.0,115.35643
125.0,107.52939
125.0,101.32
125.0,104.983315
125.0,105.99368
125.0,106.77841
125.0,101.99076
125.0,98.36344
125.0,98.92988
125.0,95.176834
125.0,96.42602
125.0,95.46614
125.0,91.979485
125.0,95.86212
125.0,94.96598
125.0,107.549675
125.0,106.09582
125.0,101.47614
125.0,94.14596
125.0,94.61076
125.0,95.60424
125.0,98.04106
125.0,94.849594
125.0,98.46937
125.0,95.11497
125.0,93.16687
125.0,100.5882
125.0,99.910286
125.0,100.60105
125.0,103.673134
125.0,106.025696
125.0,106.36466
125.0,109.97983
125.0,114.33307
125.0,115.92879
125.0,115.95391
125.0,116.91713
125.0,117.24583
125.0,116.957504
125.0,117.19848
125.0,115.649254
125.0,113.94139
125.0,114.409805
125.0,115.79253
125.0,116.70224
125.0,118.2721
125.0,117.34411
125.0,116.93005
125.0,113.825554
125.0,115.69344
125.0,116.21241
125.0,116.53065
125.0,117.32894
125.0,117.023865
125.0,112.63472
125.0,116.492424
125.0,116.99861
125.0,117.02356
125.0,116.85343
125.0,116.90887
125.0,117.56501
125.0,117.07622
125.0,116.78929
125.0,116.20851
125.0,115.010544
125.0,109.96471
125.0,109.09892
125.0,107.01873
125.0,107.0805
125.0,110.01057
125.0,103.197975
125.0,96.84491
125.0,90.41445
125.0,92.24686
125.0,88.92511
125.0,97.00608
125.0,94.81528
125.0,95.40622
125.0,99.27632
125.0,98.535645
125.0,100.23841
125.0,101.29689
125.0,108.25579
125.0,110.4098
125.0,109.27161
125.0,112.72743
125.0,112.78328
125.0,112.36306
125.0,111.417725
125.0,115.56255
125.0,115.96695
125.0,116.77863
125.0,117.33638
125.0,115.781944
125.0,114.55444
125.0,110.81424
124.0,111.54714
123.0,111.79708
122.0,110.61148
121.0,109.93414
120.0,107.77368
119.0,104.79094
118.0,98.699524
117.0,98.38006
116.0,95.64393
115.0,95.79003
114.0,98.34196
113.0,96.67901
112.0,92.08523
111.0,85.22975
110.0,89.6801
109.0,87.55274
108.0,89.74189
107.0,91.190834
106.0,92.243355
105.0,86.37634
104.0,85.895645
103.0,89.796364
102.0,87.94319
101.0,89.19333
100.0,90.390465
99.0,92.92799
98.0,95.291214
97.0,100.404526
96.0,96.88991
95.0,92.236435
94.0,90.43654
93.0,85.67857
92.0,87.98769
91.0,80.67393
90.0,79.26894
89.0,80.02831
88.0,75.37756
87.0,76.20058
86.0,71.02774
85.0,68.37947
84.0,66.68561
83.0,67.02392
82.0,70.39126
81.0,67.63685
80.0,61.699295
79.0,63.441856
78.0,69.51551
77.0,75.11775
76.0,79.055275
75.0,75.87761
74.0,79.08256
73.0,85.872025
72.0,88.37998
71.0,89.881836
70.0,88.913185
69.0,94.301025
68.0,91.85651
67.0,89.3422
66.0,86.1489
65.0,85.04237
64.0,83.19519
63.0,82.729805
62.0,84.66646
61.0,78.8386
60.0,76.42369
59.0,73.46933
58.0,70.749466
57.0,70.947685
56.0,68.12939
55.0,66.01486
54.0,65.07903
53.0,62.42591
52.0,57.68884
51.0,53.577118
50.0,48.246452
49.0,47.396755
48.0,47.111496
47.0,47.06833
46.0,46.6384
45.0,41.797874
44.0,38.293034
43.0,36.327736
42.0,34.471268
125.0,125.73594
125.0,125.32857
125.0,125.31898
125.0,125.55932
125.0,125.70022
125.0,125.66474
125.0,125.05422
125.0,124.81801
125.0,124.59835
125.0,124.4248
125.0,124.20278
125.0,124.46596
125.0,124.32696
125.0,124.449486
125.0,124.38768
125.0,124.6798
125.0,124.861015
125.0,124.98848
125.0,125.02079
125.0,124.624565
125.0,124.892654
125.0,124.12613
125.0,124.182846
125.0,124.19078
125.0,124.30806
125.0,124.31203
125.0,124.35154
125.0,124.21106
125.0,123.845566
125.0,123.72317
125.0,122.86436
125.0,123.44411
125.0,123.89077
125.0,123.754974
125.0,123.69274
125.0,123.83047
125.0,123.75594
125.0,123.97162
125.0,124.3887
125.0,124.36978
125.0,124.44904
125.0,124.62242
125.0,124.19109
125.0,124.26673
125.0,124.02088
125.0,124.250755
125.0,124.51079
125.0,124.38302
125.0,124.53762
125.0,124.68482
125.0,124.981804
125.0,124.66045
125.0,124.98963
125.0,125.00897
125.0,125.48086
125.0,125.40234
125.0,125.40545
125.0,125.49949
125.0,125.00556
125.0,124.95023
125.0,124.44478
125.0,125.09553
125.0,125.38311
125.0,125.34979
125.0,124.68515
125.0,124.749664
125.0,124.663345
125.0,124.885635
125.0,124.99657
125.0,124.69632
125.0,125.24712
125.0,125.248344
125.0,125.10909
125.0,125.49499
125.0,125.363304
125.0,125.24001
125.0,125.38947
125.0,124.980965
125.0,125.01448
125.0,124.81176
125.0,124.69121
125.0,124.663864
125.0,124.98246
125.0,124.62585
125.0,124.57165
125.0,124.47467
125.0,125.11188
125.0,124.79893
125.0,124.38831
125.0,124.57364
125.0,124.61648
125.0,124.337906
125.0,124.17148
125.0,124.04586
125.0,124.13539
125.0,123.384315
125.0,123.60918
125.0,122.94401
125.0,122.67941
125.0,122.297745
125.0,122.21102
125.0,122.326805
125.0,122.375565
125.0,122.00812
125.0,121.94822
125.0,122.16988
125.0,122.61695
125.0,123.06589
125.0,122.38404
125.0,123.01986
125.0,122.93446
125.0,123.230934
125.0,122.88974
125.0,123.166695
125.0,123.28285
125.0,123.02759
125.0,122.3661
125.0,122.31127
125.0,122.01573
125.0,122.315346
125.0,122.04009
125.0,122.01247
125.0,122.59397
125.0,123.21047
125.0,123.553116
125.0,123.99461
125.0,123.893135
125.0,123.39718
125.0,123.62435
125.0,123.420494
125.0,122.99825
125.0,122.95167
125.0,123.31733
125.0,123.92831
125.0,123.72458
125.0,123.60895
125.0,123.90432
125.0,124.1373
125.0,124.36233
125.0,124.56323
125.0,124.35335
125.0,124.184456
125.0,123.822945
125.0,124.04173
125.0,123.62266
125.0,123.63972
125.0,123.42143
125.0,123.522964
125.0,123.29056
125.0,123.321785
125.0,123.37854
125.0,123.78764
125.0,123.73982
125.0,123.63034
125.0,123.3783
125.0,122.70225
125.0,121.75082
125.0,120.67276
125.0,120.95322
125.0,120.04924
125.0,120.01553
125.0,120.31699
125.0,120.62554
125.0,121.33416
125.0,122.041885
125.0,122.71811
125.0,123.15616
125.0,123.533424
125.0,124.06862
125.0,123.96527
125.0,123.74671
125.0,123.55917
125.0,123.26102
125.0,123.04633
125.0,123.29303
125.0,123.54157
125.0,123.39953
125.0,123.22052
125.0,124.004654
125.0,123.91816
125.0,124.212814
125.0,124.196365
125.0,123.25521
125.0,123.1142
125.0,122.61291
125.0,122.56621
125.0,122.082695
125.0,120.66897
125.0,120.49456
125.0,120.35211
125.0,120.075676
125.0,119.18879
124.0,118.14515
123.0,116.64656
122.0,116.92397
121.0,118.09229
120.0,117.48402
119.0,118.08458
118.0,119.3521
117.0,119.75793
116.0,119.13476
115.0,119.00816
114.0,119.83314
113.0,120.11897
112.0,120.7752
111.0,121.20835
110.0,122.188614
109.0,122.01461
108.0,122.65398
107.0,122.607574
106.0,122.71733
105.0,122.402954
104.0,121.80686
103.0,121.55153
102.0,120.86563
101.0,119.94098
100.0,120.29518
99.0,120.02768
98.0,120.166985
97.0,119.55496
96.0,118.81569
95.0,112.19956
94.0,108.48558
93.0,111.42555
92.0,105.93106
91.0,103.07783
90.0,102.67435
89.0,104.05557
88.0,105.70928
87.0,110.2559
86.0,111.11897
85.0,113.04469
84.0,115.1732
83.0,111.377304
82.0,107.78852
81.0,106.83544
80.0,107.12008
79.0,111.9204
78.0,107.61622
77.0,107.11649
76.0,104.6411
75.0,103.63181
74.0,100.46755
73.0,99.31508
72.0,96.44683
71.0,95.7908
70.0,99.05196
69.0,91.97384
68.0,88.474884
67.0,89.70849
66.0,90.43589
65.0,90.497894
64.0,86.5337
63.0,84.30758
62.0,81.08221
61.0,79.46551
60.0,78.514206
59.0,83.26995
58.0,89.625854
57.0,94.37691
56.0,97.324196
55.0,104.01079
54.0,104.487015
53.0,103.46903
52.0,98.57785
51.0,94.93197
50.0,94.1921
49.0,97.01567
48.0,85.57931
47.0,76.35943
46.0,79.31916
45.0,76.06575
44.0,65.9861
43.0,68.64792
42.0,74.91352
41.0,71.37946
40.0,63.503326
39.0,60.871334
38.0,55.407757
37.0,55.353127
36.0,55.40189
35.0,54.478294
34.0,54.485874
33.0,55.35262
32.0,51.36247
31.0,46.265186
30.0,42.71714
29.0,41.844307
28.0,40.87507
27.0,40.239582
26.0,39.455383
25.0,39.30424
24.0,36.237328
125.0,119.80373
125.0,119.877014
125.0,120.31276
125.0,120.11908
125.0,119.89286
125.0,119.991325
125.0,119.493454
125.0,119.1792
125.0,118.581985
125.0,118.79677
125.0,119.31496
125.0,118.97136
125.0,119.926926
125.0,119.272736
125.0,118.1376
125.0,118.0031
125.0,117.78098
125.0,118.05264
125.0,118.99956
125.0,116.91448
125.0,117.46992
125.0,118.131584
125.0,118.80947
125.0,118.167915
125.0,117.68993
125.0,116.64248
125.0,116.377426
125.0,117.09258
125.0,117.62385
125.0,115.707115
125.0,116.47096
125.0,117.68421
125.0,117.65624
125.0,117.54341
125.0,117.800995
125.0,117.940414
125.0,116.35676
125.0,115.83593
125.0,117.41205
125.0,118.38549
125.0,120.0137
125.0,120.28332
125.0,121.55423
125.0,120.8296
125.0,119.99071
125.0,119.4009
125.0,119.48004
125.0,119.10795
125.0,119.57646
125.0,119.3921
125.0,119.14186
125.0,119.06403
125.0,119.123474
125.0,118.41449
125.0,118.01088
125.0,117.66698
125.0,115.69108
125.0,117.5579
125.0,119.158806
125.0,119.90719
125.0,120.08722
125.0,120.21709
125.0,119.99665
125.0,119.3041
125.0,119.56926
125.0,119.3631
125.0,118.556984
125.0,115.90962
125.0,113.84242
125.0,111.30411
125.0,108.45244
125.0,108.026245
125.0,116.01413
125.0,115.645515
125.0,116.16129
125.0,112.92928
125.0,112.44433
125.0,110.820335
125.0,116.26497
125.0,116.95791
125.0,118.042694
125.0,118.985344
125.0,119.18986
125.0,119.419685
125.0,119.74141
125.0,119.62296
125.0,118.873146
125.0,119.23787
125.0,119.452065
125.0,119.16795
125.0,118.34507
125.0,118.332245
125.0,118.518234
125.0,118.39421
125.0,118.58565
125.0,119.28807
125.0,119.141426
125.0,118.69059
125.0,118.69549
125.0,118.20043
125.0,117.29899
125.0,117.689964
125.0,118.545204
125.0,118.0838
125.0,118.19777
125.0,118.22988
125.0,117.76497
125.0,117.46553
125.0,118.5751
125.0,118.29551
125.0,117.99198
125.0,116.92318
125.0,117.20288
125.0,117.23461
125.0,116.17632
125.0,113.47629
125.0,111.00502
125.0,106.91121
125.0,103.07543
125.0,98.90881
125.0,93.24906
125.0,91.96622
125.0,87.10006
125.0,89.441826
125.0,90.005424
125.0,97.5014
125.0,98.0562
125.0,102.468285
125.0,108.39955
125.0,113.12764
125.0,115.20691
125.0,112.71707
125.0,116.14549
125.0,114.111404
125.0,116.49923
125.0,117.19641
125.0,115.607666
125.0,116.51823
125.0,115.44765
125.0,112.48207
125.0,108.58106
125.0,109.04357
125.0,108.97735
125.0,112.95203
125.0,112.60399
125.0,113.10548
125.0,115.01318
125.0,113.54512
125.0,108.66636
125.0,110.14337
125.0,113.56596
125.0,114.64421
125.0,110.020134
125.0,110.23598
125.0,112.90925
125.0,114.44616
125.0,116.76002
125.0,117.93807
125.0,118.04534
125.0,116.91657
125.0,112.07746
125.0,108.46815
124.0,102.15972
123.0,96.31686
122.0,97.47869
121.0,93.55822
120.0,85.924805
119.0,87.23903
118.0,79.421875
117.0,75.17059
116.0,71.493805
115.0,79.11925
114.0,76.37707
113.0,76.66408
112.0,79.92782
111.0,78.97281
110.0,91.72616
109.0,96.3839
108.0,96.79981
107.0,101.5959
106.0,105.14339
105.0,108.71656
104.0,107.95182
103.0,107.16631
102.0,109.32058
101.0,108.751114
100.0,102.95166
99.0,93.2405
98.0,90.634125
97.0,89.946785
96.0,93.370285
95.0,89.40405
94.0,90.53794
93.0,88.18512
92.0,86.617065
91.0,87.21342
90.0,78.63737
89.0,73.93317
88.0,73.373474
87.0,73.59341
125.0,122.8476
125.0,122.40947
125.0,121.34383
125.0,121.14026
125.0,120.69669
125.0,115.5079
125.0,108.19618
125.0,109.58016
125.0,116.34774
125.0,113.24908
125.0,117.198364
125.0,110.68186
125.0,104.756
125.0,108.22263
125.0,106.335815
125.0,104.50998
125.0,108.005806
125.0,109.30599
125.0,110.70188
125.0,108.66634
125.0,116.147415
125.0,119.18676
125.0,120.530876
125.0,120.66016
125.0,121.01763
125.0,120.83518
125.0,120.99282
125.0,120.531784
125.0,120.322975
125.0,119.81636
125.0,120.46386
125.0,120.306114
125.0,119.91966
125.0,120.72293
125.0,121.14045
125.0,121.484146
125.0,121.45163
125.0,121.11682
125.0,121.25549
125.0,119.79885
125.0,120.5384
125.0,121.23007
125.0,121.35923
125.0,121.29303
125.0,119.85603
125.0,119.58452
125.0,119.82904
125.0,119.27189
125.0,119.66624
125.0,119.826126
125.0,119.267944
125.0,119.732086
125.0,120.31448
125.0,121.442635
125.0,122.33307
125.0,122.20847
125.0,121.238464
125.0,120.76299
125.0,119.98338
125.0,119.81675
125.0,119.519356
125.0,119.11626
125.0,119.63829
125.0,118.250114
125.0,119.361145
125.0,118.63887
125.0,117.83803
125.0,116.517136
125.0,117.01539
125.0,111.3273
125.0,116.5558
125.0,116.785706
125.0,118.82551
125.0,118.97887
125.0,117.640305
125.0,118.99577
125.0,119.27508
125.0,118.4815
125.0,118.992355
125.0,118.50196
125.0,118.09501
124.0,117.401344
123.0,118.1249
122.0,118.595825
121.0,118.97942
120.0,120.42463
119.0,121.19157
118.0,121.06155
117.0,121.69451
116.0,121.50999
115.0,120.24636
114.0,120.15492
113.0,119.95615
112.0,119.27034
111.0,118.647995
110.0,117.35189
109.0,116.91553
108.0,110.13232
107.0,110.83161
106.0,114.75368
105.0,113.14362
104.0,108.42274
103.0,107.520584
102.0,109.78921
101.0,114.450134
100.0,114.48246
99.0,108.679665
98.0,104.95702
97.0,105.55553
96.0,97.713326
95.0,102.54684
94.0,96.49378
93.0,98.54406
92.0,96.00563
91.0,86.7693
90.0,85.7486
89.0,82.32051
88.0,77.58803
87.0,74.99402
86.0,74.825
85.0,70.03747
84.0,74.73076
83.0,75.252815
82.0,76.78176
81.0,77.62574
80.0,76.3534
79.0,78.40726
78.0,82.32208
77.0,90.69187
76.0,92.55861
75.0,90.500755
74.0,90.304596
73.0,93.54971
72.0,100.85501
71.0,98.04202
70.0,104.06888
69.0,102.78973
68.0,98.64318
67.0,99.474075
66.0,96.56899
65.0,91.92118
64.0,90.279976
63.0,86.510086
62.0,79.50056
61.0,75.394806
60.0,73.41342
59.0,70.31857
58.0,64.93577
57.0,61.051823
56.0,60.607986
55.0,54.768196
54.0,54.25684
53.0,57.888626
52.0,54.88273
51.0,56.84741
50.0,60.110867
49.0,52.29965
48.0,49.620403
47.0,52.223972
46.0,49.109226
45.0,44.877068
44.0,45.63997
43.0,46.512135
42.0,48.459812
41.0,47.497906
40.0,49.113674
39.0,46.140858
38.0,44.493595
37.0,44.571487
36.0,44.89048
35.0,41.620552
34.0,39.67694
33.0,37.579075
32.0,37.376804
31.0,36.901646
30.0,37.33693
29.0,37.057087
28.0,36.320442
27.0,36.691692
26.0,36.910793
25.0,38.271427
24.0,36.36862
23.0,35.25111
22.0,33.698456
21.0,31.072987
20.0,31.034512
19.0,30.580484
18.0,30.241676
17.0,29.935465
16.0,28.748386
125.0,119.10618
125.0,119.28969
125.0,119.59277
125.0,119.89346
125.0,120.17977
125.0,120.83451
125.0,120.89168
125.0,120.800316
125.0,121.49876
125.0,122.10556
125.0,122.01488
125.0,122.182724
125.0,122.07774
125.0,121.3648
125.0,120.68437
125.0,121.458694
125.0,121.38562
125.0,121.140945
125.0,120.274086
125.0,119.33382
125.0,119.51389
125.0,119.53199
125.0,119.81003
125.0,120.11944
125.0,119.89836
125.0,119.5599
125.0,119.61325
125.0,120.04289
125.0,120.57079
125.0,121.38403
125.0,120.37389
125.0,120.022575
125.0,120.886185
125.0,121.31802
125.0,121.47838
125.0,121.573044
125.0,121.655464
125.0,121.53627
125.0,122.10974
125.0,122.38564
125.0,122.77406
125.0,122.78876
125.0,122.81743
125.0,122.82345
125.0,122.1285
125.0,122.41213
125.0,122.01201
125.0,121.28083
125.0,121.217186
125.0,121.27087
125.0,120.7754
125.0,120.71327
125.0,120.73212
125.0,119.69794
125.0,118.87816
125.0,117.449425
125.0,113.96516
125.0,113.89002
125.0,113.33617
125.0,114.35996
125.0,112.547035
125.0,112.74166
125.0,113.74901
125.0,116.45231
125.0,115.72328
125.0,112.405304
125.0,109.5268
125.0,111.64555
125.0,120.608734
125.0,120.34281
125.0,120.65436
125.0,120.9797
125.0,120.6176
125.0,119.39869
125.0,118.743355
125.0,115.97134
125.0,112.19237
125.0,113.71735
125.0,116.700035
125.0,117.979065
125.0,119.06752
125.0,118.679535
125.0,113.85472
125.0,118.224144
125.0,118.49966
125.0,119.32212
125.0,119.41764
125.0,119.678345
125.0,119.71305
125.0,120.13045
125.0,120.52378
125.0,120.198784
125.0,121.06145
125.0,121.223495
125.0,121.02878
125.0,121.62836
125.0,121.486084
125.0,121.94252
125.0,122.66016
125.0,121.69904
125.0,121.69737
125.0,121.70789
125.0,121.78671
125.0,121.47833
125.0,121.31083
125.0,120.60226
125.0,120.28707
125.0,120.8942
125.0,120.08336
125.0,120.47221
125.0,120.55862
125.0,119.66215
125.0,119.447914
125.0,119.427704
125.0,118.44486
125.0,119.03558
125.0,119.70349
125.0,119.08409
125.0,118.972466
125.0,119.331764
125.0,119.86353
125.0,120.205956
125.0,121.20378
125.0,120.90222
125.0,121.48973
125.0,121.73332
125.0,120.710175
125.0,121.19867
125.0,120.851425
125.0,119.63256
125.0,116.98937
125.0,114.73124
125.0,115.85115
125.0,116.34581
125.0,116.76546
125.0,117.30335
125.0,117.81738
125.0,119.15879
125.0,118.97573
125.0,118.135574
125.0,119.12459
125.0,118.85199
125.0,118.39769
125.0,117.33684
125.0,118.410065
125.0,119.21856
125.0,120.85619
125.0,121.73015
125.0,121.4509
125.0,120.99068
125.0,119.79671
125.0,119.11873
125.0,111.662865
125.0,108.243706
125.0,112.43999
125.0,116.017265
125.0,113.087296
125.0,113.64529
125.0,107.628914
125.0,101.6667
125.0,101.82983
125.0,105.79942
125.0,103.67886
125.0,106.18782
125.0,110.78462
125.0,113.891716
125.0,117.577576
125.0,118.79465
125.0,119.97973
125.0,120.193085
125.0,121.284515
125.0,121.19075
125.0,121.15624
125.0,120.934975
125.0,121.675735
125.0,121.56348
125.0,122.37713
125.0,124.0442
125.0,124.563354
125.0,124.87304
125.0,124.89085
125.0,124.55438
125.0,124.21435
125.0,123.98739
125.0,124.016106
125.0,123.74237
125.0,123.97679
125.0,124.44704
125.0,124.67919
125.0,124.98912
125.0,125.10975
125.0,124.4968
125.0,124.29603
125.0,124.18196
125.0,124.08317
125.0,124.22203
125.0,124.185905
125.0,124.30804
125.0,124.641624
125.0,124.70778
125.0,124.2439
125.0,123.76716
125.0,123.20925
125.0,122.67665
125.0,122.03445
125.0,121.612274
125.0,122.12241
125.0,122.98254
125.0,122.630585
125.0,122.75233
125.0,123.15243
125.0,123.649254
125.0,123.82814
125.0,123.9966
125.0,124.18732
125.0,124.3091
125.0,124.84154
125.0,125.154045
125.0,125.50262
125.0,125.33261
125.0,125.10951
125.0,124.93769
125.0,125.44717
125.0,125.5091
125.0,125.374016
125.0,125.52607
125.0,125.53042
125.0,125.56161
125.0,125.89319
125.0,125.565636
125.0,125.27226
125.0,124.855156
125.0,124.08641
125.0,124.043655
125.0,123.26614
125.0,122.75532
125.0,122.77822
125.0,123.13321
125.0,122.59723
125.0,122.23296
125.0,122.36548
125.0,123.094505
125.0,123.226555
125.0,123.521324
125.0,123.790375
125.0,124.189064
125.0,124.05375
125.0,124.00269
125.0,124.022675
125.0,123.82264
125.0,123.31426
125.0,122.951355
125.0,123.208824
125.0,123.043594
125.0,122.744064
125.0,122.704636
125.0,122.70768
125.0,122.32868
125.0,122.96073
125.0,123.318886
125.0,123.45215
125.0,123.619
125.0,124.14371
125.0,124.69737
125.0,124.25615
125.0,124.55486
125.0,124.56278
125.0,124.70001
125.0,124.27519
125.0,123.764275
125.0,123.73787
125.0,123.64594
125.0,123.19355
125.0,123.57454
125.0,124.27553
125.0,124.774025
125.0,124.87623
125.0,124.38088
125.0,124.09323
125.0,124.21842
125.0,124.18069
125.0,124.09382
125.0,124.30926
125.0,124.06953
125.0,124.23331
125.0,124.529686
125.0,124.93767
125.0,124.14156
125.0,123.87018
125.0,124.17434
125.0,123.82453
125.0,123.28165
125.0,123.46252
125.0,123.676765
125.0,123.13321
125.0,122.446014
125.0,122.70015
125.0,122.5795
125.0,122.86715
125.0,122.768364
125.0,123.410225
125.0,123.533134
125.0,123.07736
125.0,123.50834
125.0,124.2852
125.0,124.14645
125.0,124.60324
125.0,124.17129
125.0,124.33831
125.0,124.5587
125.0,124.52487
125.0,124.1792
125.0,124.11288
125.0,123.32774
125.0,122.84107
125.0,122.712814
125.0,122.87082
125.0,122.93869
125.0,122.08471
125.0,121.896645
125.0,122.21444
125.0,122.45981
125.0,122.47197
125.0,122.46248
125.0,122.61922
125.0,122.19856
125.0,122.90031
125.0,122.58441
125.0,122.560684
125.0,122.638214
125.0,122.790016
125.0,122.92454
125.0,122.85898
125.0,122.896255
125.0,123.11401
125.0,123.13998
125.0,122.83567
125.0,123.206
125.0,123.4881
125.0,123.12219
125.0,122.75171
125.0,122.39423
125.0,122.46564
125.0,122.57451
125.0,122.326744
125.0,122.24177
125.0,121.60634
125.0,121.47797
125.0,121.177925
125.0,120.785355
125.0,120.66305
125.0,121.07824
125.0,120.98437
125.0,121.67793
125.0,122.080124
125.0,121.93478
125.0,122.75143
125.0,123.207146
125.0,123.359604
125.0,123.19628
125.0,122.40707
125.0,122.99389
125.0,123.061516
125.0,122.9708
125.0,123.01539
125.0,123.001205
125.0,122.62893
125.0,123.07112
125.0,122.79107
125.0,122.95902
125.0,122.68687
125.0,122.54851
125.0,122.43104
125.0,122.08357
125.0,122.07405
125.0,121.07122
125.0,120.241585
125.0,119.3561
125.0,118.90696
125.0,118.94788
125.0,119.605705
125.0,120.080376
125.0,120.38097
125.0,121.31539
125.0,121.785164
125.0,121.67801
125.0,121.71628
125.0,121.94355
125.0,122.28162
125.0,122.51118
125.0,122.014114
125.0,122.22497
125.0,122.09913
125.0,122.55936
125.0,122.45875
125.0,121.84123
125.0,121.41885
125.0,121.314224
125.0,121.47787
125.0,122.67926
125.0,122.498634
125.0,122.437355
125.0,122.35726
125.0,122.34208
125.0,122.47133
125.0,122.0591
125.0,122.41064
125.0,121.93322
125.0,122.49948
125.0,122.90187
125.0,123.693275
125.0,123.38352
125.0,122.66977
125.0,122.56614
125.0,122.30612
125.0,121.90863
125.0,121.45798
125.0,121.25361
125.0,121.64699
125.0,121.466415
125.0,121.52885
125.0,121.65439
125.0,120.812675
125.0,120.9179
125.0,120.893326
125.0,120.51761
125.0,120.46806
125.0,119.90844
125.0,119.34122
125.0,119.60101
125.0,119.28873
125.0,118.1327
125.0,116.80193
125.0,115.019516
125.0,114.43849
125.0,112.890366
125.0,114.232544
125.0,117.37048
125.0,119.046005
125.0,120.276825
125.0,119.932205
125.0,119.5658
125.0,119.29394
125.0,119.48851
125.0,119.98802
125.0,120.07154
125.0,119.637146
125.0,119.66033
125.0,119.25749
125.0,119.61271
125.0,120.348366
125.0,119.950134
125.0,119.576416
125.0,118.89437
125.0,118.85588
125.0,117.46273
125.0,116.34019
125.0,109.67513
124.0,109.98001
123.0,111.34319
122.0,112.44455
121.0,110.74775
125.0,116.606445
125.0,115.6777
125.0,116.28376
125.0,116.09405
125.0,116.17285
125.0,116.07502
125.0,116.20799
125.0,116.17528
125.0,116.26211
125.0,115.049576
125.0,116.09586
125.0,116.41877
125.0,116.44079
125.0,116.099846
125.0,117.472855
125.0,116.165855
125.0,116.03409
125.0,115.18194
125.0,115.4594
125.0,116.25901
125.0,114.94892
125.0,112.60012
125.0,111.67234
125.0,113.85496
125.0,108.08313
125.0,110.814095
125.0,108.3124
125.0,100.485374
125.0,99.27144
125.0,95.962715
125.0,97.616585
125.0,95.182014
125.0,100.23829
125.0,103.08907
125.0,105.272934
125.0,105.89627
125.0,106.26396
125.0,112.22778
125.0,112.285255
125.0,112.23651
125.0,113.88288
125.0,114.33783
125.0,117.00286
125.0,117.82715
125.0,118.24349
125.0,117.879456
125.0,117.87041
125.0,118.436356
125.0,118.77944
125.0,118.011284
125.0,117.08662
125.0,116.71041
125.0,115.69203
125.0,116.282875
125.0,114.96486
125.0,114.9677
125.0,109.655846
125.0,103.58349
125.0,104.20051
125.0,97.30633
125.0,98.226776
125.0,98.043724
125.0,87.450676
125.0,89.70607
125.0,89.618416
125.0,85.65588
125.0,84.07204
125.0,87.010635
125.0,86.44183
125.0,92.05677
125.0,90.819145
125.0,95.524605
125.0,98.84433
125.0,101.759865
125.0,103.954895
125.0,105.0246
125.0,104.349525
125.0,113.61541
125.0,117.80242
125.0,119.07507
125.0,119.85969
125.0,120.27437
125.0,120.39491
125.0,121.670746
125.0,122.42952
125.0,122.834
125.0,122.8077
125.0,122.58384
125.0,122.37003
125.0,122.04855
125.0,121.718254
125.0,121.28023
125.0,121.5503
125.0,120.76311
125.0,119.79583
125.0,118.40461
125.0,117.70141
125.0,113.93977
125.0,113.778725
125.0,109.86661
125.0,105.87789
125.0,106.801895
125.0,107.55228
125.0,107.856125
125.0,108.51463
125.0,106.975876
125.0,111.4032
125.0,116.97028
125.0,118.3296
125.0,117.879036
125.0,118.50149
125.0,118.30741
125.0,118.34582
125.0,118.45721
125.0,119.12204
125.0,119.49806
125.0,119.14155
125.0,119.17452
125.0,118.968445
125.0,118.314926
125.0,118.63248
125.0,118.704124
125.0,118.88988
125.0,118.12207
125.0,117.89675
125.0,117.36758
125.0,118.14792
125.0,118.04711
125.0,117.522644
125.0,117.37044
125.0,117.23293
125.0,117.212585
125.0,117.728264
125.0,117.321754
125.0,117.759514
125.0,117.035065
125.0,117.35262
125.0,116.072266
125.0,117.235565
125.0,111.5778
125.0,112.946396
125.0,110.87364
125.0,109.04287
125.0,107.29524
125.0,105.65119
125.0,106.46771
125.0,102.35335
125.0,103.058975
125.0,100.33789
125.0,106.036575
125.0,108.51838
125.0,109.49437
125.0,105.90113
125.0,107.240555
125.0,105.343834
125.0,112.52581
125.0,115.0561
125.0,113.596275
125.0,111.8064
125.0,115.27085
125.0,115.666855
125.0,115.58308
125.0,117.72914
125.0,117.49921
125.0,117.42173
125.0,117.651375
125.0,117.84276
125.0,118.16908
125.0,118.1549
125.0,118.2225
125.0,118.77107
125.0,118.204185
125.0,117.298874
125.0,116.86416
125.0,110.634834
125.0,107.74159
125.0,107.80356
125.0,108.129875
125.0,104.4604
125.0,107.94468
125.0,111.072716
125.0,113.67975
125.0,112.70792
125.0,112.00975
125.0,110.29197
125.0,105.44969
125.0,107.81953
125.0,104.140335
125.0,106.156944
125.0,109.74887
125.0,109.96667
125.0,111.15482
125.0,111.37569
125.0,109.17184
125.0,104.933395
125.0,106.13309
125.0,106.871124
125.0,107.68224
125.0,101.45795
125.0,103.80978
125.0,106.13216
125.0,102.098404
125.0,103.82582
125.0,105.6037
125.0,98.853195
125.0,96.82661
125.0,101.22123
125.0,99.02385
125.0,104.956924
125.0,108.557014
125.0,108.06666
125.0,107.18061
125.0,110.2752
125.0,104.835434
125.0,110.32095
125.0,104.71054
125.0,101.37157
124.0,90.2168
123.0,89.0437
122.0,90.42336
121.0,89.450806
120.0,93.78341
119.0,94.459984
118.0,96.53121
117.0,99.69796
116.0,100.24231
115.0,95.68216
114.0,92.392586
113.0,85.29575
112.0,86.17352
111.0,86.53368
110.0,88.951324
109.0,92.40611
108.0,91.201904
107.0,88.63901
106.0,90.721344
105.0,92.75361
104.0,94.54451
103.0,94.339714
102.0,94.40127
125.0,117.30623
125.0,117.94368
125.0,117.48336
125.0,115.15391
125.0,116.089806
125.0,117.214195
125.0,117.45612
125.0,117.51555
125.0,117.425064
125.0,117.434006
125.0,117.48181
125.0,116.82935
125.0,115.0167
125.0,108.609764
125.0,108.087776
125.0,107.371925
125.0,105.3171
125.0,99.99923
125.0,101.96181
125.0,102.16166
125.0,106.08619
125.0,109.51494
125.0,109.245735
125.0,112.60577
125.0,110.953964
125.0,110.26023
125.0,111.07495
125.0,110.43501
125.0,109.51295
125.0,111.29205
125.0,106.51761
125.0,108.21194
125.0,107.215164
125.0,108.82992
125.0,110.592964
125.0,115.987045
125.0,116.970436
125.0,117.663414
125.0,116.68099
125.0,116.96773
125.0,116.23078
125.0,115.30565
125.0,113.29803
125.0,109.08829
125.0,106.60855
125.0,108.684975
125.0,108.99889
125.0,104.442955
125.0,102.50464
125.0,109.93636
125.0,109.262436
125.0,110.48414
125.0,107.70579
125.0,109.31514
125.0,107.542946
125.0,98.271416
125.0,92.39178
125.0,85.79724
125.0,84.61757
125.0,91.914085
125.0,93.58202
125.0,89.17971
125.0,89.647316
125.0,93.56472
125.0,93.19323
125.0,94.362114
125.0,102.312775
125.0,103.15268
125.0,102.5349
125.0,99.39786
125.0,96.66171
125.0,93.19639
125.0,91.96131
125.0,91.10284
125.0,92.52408
125.0,96.20334
125.0,98.3789
124.0,95.735504
123.0,101.7535
122.0,110.148994
121.0,109.71384
120.0,113.66413
119.0,113.131805
118.0,110.07644
117.0,110.123245
125.0,119.79593
125.0,120.57428
125.0,120.29508
125.0,121.15555
125.0,121.02941
125.0,121.43453
125.0,121.45293
125.0,121.312096
125.0,120.68239
125.0,120.71158
125.0,120.62052
125.0,120.45564
125.0,120.35812
125.0,120.41029
125.0,120.82529
125.0,121.60106
125.0,122.22292
125.0,121.47143
125.0,121.48018
125.0,121.53666
125.0,120.77319
125.0,120.82847
125.0,120.286064
125.0,120.38325
125.0,120.59627
125.0,120.870125
125.0,120.23927
125.0,120.67044
125.0,120.4811
125.0,120.53537
125.0,120.644745
125.0,121.07124
125.0,120.769264
125.0,121.71445
125.0,121.406975
125.0,121.82252
125.0,121.92995
125.0,121.72897
125.0,121.97389
125.0,122.38554
125.0,121.89672
125.0,121.97576
125.0,121.01061
125.0,120.070854
125.0,122.38207
125.0,122.00059
125.0,122.58051
125.0,122.24374
125.0,122.33929
125.0,121.96713
125.0,121.43839
125.0,121.98332
125.0,121.541016
125.0,121.90502
125.0,121.716965
125.0,121.38251
125.0,121.60247
125.0,122.12512
125.0,123.105835
125.0,123.24191
125.0,123.31116
125.0,123.46693
125.0,123.51744
125.0,122.897095
125.0,122.65875
125.0,122.15759
125.0,122.01198
125.0,120.919044
125.0,120.94889
125.0,120.65642
125.0,120.60295
125.0,119.79167
125.0,120.06887
125.0,120.1831
125.0,120.416534
125.0,120.226875
125.0,120.75851
125.0,119.96938
125.0,120.89151
125.0,120.85991
125.0,121.67561
125.0,121.770935
125.0,121.48621
125.0,121.65898
125.0,122.511375
125.0,122.12802
125.0,122.73222
125.0,122.71169
125.0,122.42335
125.0,122.36413
125.0,123.00675
125.0,123.04412
125.0,123.09499
125.0,123.435715
125.0,123.591125
125.0,123.71094
125.0,123.81474
125.0,122.90968
125.0,123.25993
125.0,123.088455
125.0,122.20272
125.0,121.624306
125.0,122.06029
125.0,122.133644
125.0,122.25644
125.0,122.11915
125.0,122.32374
125.0,122.90503
125.0,123.75838
125.0,123.77088
125.0,123.73475
125.0,123.09233
125.0,122.98329
125.0,122.65277
125.0,122.65922
125.0,122.38102
125.0,122.4823
125.0,121.413025
125.0,120.30528
125.0,120.14896
125.0,120.92759
125.0,121.55944
125.0,120.994446
125.0,121.569405
125.0,121.487076
125.0,121.19885
125.0,121.25494
125.0,121.18855
125.0,121.03842
125.0,120.78488
125.0,120.67105
125.0,120.69973
125.0,120.90526
125.0,121.053825
125.0,120.65186
125.0,120.459076
125.0,120.51678
125.0,121.055046
125.0,120.97307
125.0,121.185974
125.0,120.204346
125.0,119.73287
125.0,118.92587
125.0,118.946106
125.0,119.811966
125.0,120.53594
125.0,120.15638
125.0,119.532616
125.0,119.19257
125.0,119.87859
125.0,120.00655
125.0,120.22801
125.0,118.91889
125.0,117.85307
125.0,120.07102
125.0,120.31119
125.0,120.7512
125.0,121.42949
125.0,121.83246
125.0,122.12721
125.0,122.87136
125.0,122.36713
125.0,122.0081
125.0,121.99863
125.0,120.90754
125.0,120.89761
125.0,120.29622
125.0,120.141685
125.0,120.12124
125.0,119.78084
125.0,119.84445
125.0,120.156685
125.0,120.935936
125.0,120.95707
125.0,121.73318
125.0,122.36026
125.0,121.93854
125.0,121.57603
125.0,121.24255
125.0,121.72726
125.0,121.44432
125.0,121.38012
125.0,120.4084
125.0,119.749664
125.0,119.36149
125.0,119.25594
125.0,117.0343
125.0,117.45909
125.0,114.527214
125.0,108.82613
125.0,110.24258
125.0,113.470955
124.0,116.50181
123.0,114.18843
122.0,113.36407
121.0,110.07994
120.0,104.114685
119.0,109.07698
118.0,112.40773
117.0,108.79572
116.0,108.9935
115.0,110.935974
114.0,113.58586
113.0,110.14904
112.0,111.4735
111.0,109.70433
110.0,112.69066
109.0,109.18087
108.0,116.83554
107.0,119.20397
106.0,118.948364
105.0,116.24449
104.0,106.813416
103.0,100.39681
102.0,100.00129
101.0,104.641136
100.0,102.91687
99.0,110.31326
98.0,115.28528
97.0,111.830505
96.0,115.18752
95.0,118.01604
94.0,119.35106
93.0,119.72912
92.0,120.07937
91.0,119.45576
90.0,117.88071
89.0,117.74145
88.0,116.37544
87.0,115.065414
86.0,112.71709
85.0,109.27906
84.0,110.94608
83.0,107.50968
82.0,106.47671
81.0,106.42355
80.0,100.807556
79.0,96.85035
78.0,106.214455
77.0,102.719185
76.0,101.42088
75.0,98.64003
74.0,91.47672
73.0,85.76843
72.0,81.70458
71.0,78.98384
70.0,76.46709
69.0,78.77711
68.0,79.40666
67.0,77.08192
66.0,77.30936
65.0,73.34343
64.0,77.25319
63.0,82.017426
62.0,84.43046
61.0,83.12262
60.0,81.112015
59.0,82.792496
58.0,86.60066
57.0,84.37503
56.0,79.501434
55.0,78.74669
54.0,79.57057
53.0,81.20593
52.0,74.730064
51.0,61.958546
50.0,64.12864
49.0,61.368076
48.0,61.330193
47.0,55.65375
46.0,53.18906
45.0,55.039555
44.0,55.69387
43.0,54.362617
42.0,53.47453
41.0,52.766846
40.0,53.534515
39.0,49.573288
38.0,47.3281
37.0,47.31624
125.0,124.82703
125.0,124.36121
125.0,124.338776
125.0,124.45555
125.0,124.4681
125.0,124.254906
125.0,124.27622
125.0,124.3995
125.0,123.84121
125.0,122.876816
125.0,122.042595
125.0,121.808586
125.0,121.6886
125.0,121.481834
125.0,121.1307
125.0,120.00652
125.0,119.22808
125.0,119.25488
125.0,118.789986
125.0,119.111336
125.0,119.18943
125.0,120.23299
125.0,120.884346
125.0,121.23781
125.0,121.492035
125.0,121.86349
125.0,122.37239
125.0,122.795166
125.0,123.19471
125.0,123.566666
125.0,123.115616
125.0,122.82576
125.0,122.68
125.0,123.42264
125.0,123.53084
125.0,123.938126
125.0,124.01818
125.0,124.26238
125.0,124.15978
125.0,123.63584
125.0,123.34526
125.0,123.376045
125.0,123.286026
125.0,123.38113
125.0,123.46773
125.0,123.1224
125.0,123.14777
125.0,123.27255
125.0,123.183075
125.0,122.7506
125.0,121.83102
125.0,121.97842
125.0,121.53971
125.0,120.652336
125.0,120.99519
125.0,120.50738
125.0,120.35312
125.0,121.22983
125.0,121.60445
125.0,121.86232
125.0,121.805725
125.0,122.120735
125.0,122.367195
125.0,123.20341
125.0,123.71182
125.0,123.731
125.0,123.682175
125.0,123.60471
125.0,123.08262
125.0,122.75957
125.0,122.971596
125.0,123.17362
125.0,123.28321
125.0,123.324615
125.0,123.49415
125.0,123.69041
125.0,123.59671
125.0,123.468796
125.0,123.44477
125.0,123.15925
125.0,122.760506
125.0,123.165855
125.0,123.13766
125.0,122.63963
125.0,122.758545
125.0,122.32557
125.0,122.21491
125.0,122.02398
125.0,121.86957
125.0,121.44455
125.0,121.44713
125.0,121.07637
125.0,120.968666
125.0,120.23665
125.0,121.3632
125.0,121.21568
125.0,120.83604
125.0,121.11187
125.0,121.80385
125.0,121.64059
125.0,121.76973
125.0,121.60205
125.0,122.23505
125.0,123.35368
125.0,123.66036
125.0,124.26878
125.0,123.96436
125.0,123.54127
125.0,123.29702
125.0,123.19909
125.0,123.24587
125.0,123.15173
125.0,122.84804
125.0,122.49551
125.0,122.13211
125.0,122.2918
125.0,122.26945
125.0,121.51517
125.0,122.02575
125.0,121.44925
125.0,121.85902
125.0,121.99364
125.0,122.17056
125.0,122.42777
125.0,123.0801
125.0,123.16594
125.0,123.06923
125.0,123.17284
125.0,123.474556
125.0,122.93911
125.0,123.22121
125.0,122.70765
125.0,123.616844
125.0,124.29672
125.0,124.57323
125.0,124.92935
125.0,124.10808
125.0,123.271736
125.0,122.2042
125.0,121.78379
125.0,121.146576
125.0,120.254486
125.0,119.52043
125.0,119.55539
125.0,119.12272
125.0,119.08657
125.0,119.37016
125.0,118.835464
125.0,118.97407
125.0,116.27467
125.0,116.315315
125.0,116.96203
125.0,117.725105
125.0,118.80373
125.0,119.60133
125.0,119.82741
125.0,119.94455
125.0,120.436745
125.0,120.94404
125.0,120.70882
125.0,120.719345
125.0,120.71737
125.0,121.27063
125.0,123.033226
125.0,123.313484
125.0,123.197845
125.0,123.344894
125.0,123.42912
125.0,123.941444
125.0,124.403694
125.0,124.20327
125.0,123.83406
125.0,123.04867
125.0,122.93359
125.0,122.27654
125.0,121.565
125.0,121.32843
125.0,120.8679
125.0,120.61656
125.0,120.584625
125.0,120.21251
125.0,120.167854
125.0,120.25698
125.0,120.69935
125.0,121.2815
125.0,122.14693
125.0,121.6839
125.0,121.53938
125.0,121.470566
125.0,121.28597
125.0,120.28627
125.0,119.89955
125.0,120.04602
125.0,120.32703
125.0,119.43637
125.0,119.22164
125.0,119.35602
125.0,119.873795
125.0,120.20905
125.0,121.02149
125.0,121.25151
125.0,121.09378
125.0,120.93669
125.0,120.866776
125.0,121.116905
125.0,121.31721
125.0,122.148636
125.0,122.074
125.0,122.084465
125.0,121.64894
125.0,121.30276
125.0,120.682
125.0,120.444
125.0,120.08528
125.0,120.04455
125.0,120.46998
125.0,120.39268
125.0,120.88559
125.0,120.47251
125.0,120.375496
125.0,119.64808
125.0,119.84984
125.0,119.64542
125.0,120.085686
125.0,119.03914
125.0,117.99268
125.0,118.647934
125.0,117.7712
125.0,118.9217
125.0,117.73255
125.0,115.16269
125.0,114.26269
125.0,116.182594
125.0,118.29583
125.0,118.74557
125.0,119.50415
125.0,120.433685
125.0,120.30837
125.0,120.248344
125.0,119.39107
125.0,118.668076
125.0,119.326675
125.0,119.89653
125.0,119.32281
125.0,118.69401
125.0,118.48727
125.0,117.80416
125.0,118.112625
125.0,118.25697
125.0,115.432526
125.0,115.57743
125.0,115.51141
125.0,118.07569
125.0,118.08145
125.0,117.5423
125.0,115.61707
125.0,117.43132
125.0,115.87928
125.0,112.950485
125.0,112.98488
125.0,108.970795
125.0,110.88828
125.0,112.91764
125.0,116.58582
125.0,117.716415
125.0,118.26372
125.0,118.51129
125.0,119.49711
125.0,120.201675
125.0,119.625824
125.0,118.90827
125.0,119.64596
125.0,120.15937
125.0,121.1638
125.0,120.11795
125.0,120.0115
125.0,120.05568
125.0,119.434586
125.0,117.11247
125.0,114.431885
125.0,114.71012
125.0,111.11425
125.0,116.39518
125.0,111.05868
125.0,109.286385
125.0,103.53683
125.0,105.72645
125.0,105.59179
124.0,106.7276
123.0,111.02814
122.0,104.62317
121.0,103.07306
120.0,100.60576
119.0,99.22456
118.0,98.39264
117.0,99.24166
116.0,96.99847
115.0,93.57893
114.0,93.094444
113.0,88.64455
112.0,81.16116
111.0,81.035446
110.0,85.02444
109.0,82.6632
108.0,82.10205
107.0,83.090126
106.0,89.366135
105.0,90.868
104.0,93.53593
103.0,91.643814
102.0,96.45552
101.0,101.59123
100.0,101.184975
99.0,104.22595
98.0,105.561104
97.0,109.37972
96.0,110.47381
95.0,109.48299
94.0,108.33736
93.0,104.3352
92.0,106.22516
91.0,102.928406
90.0,96.08276
89.0,93.44447
88.0,88.375626
87.0,95.26685
86.0,97.20192
85.0,91.8442
84.0,93.319214
83.0,90.4344
82.0,91.03396
81.0,92.776886
80.0,92.93297
79.0,94.53667
78.0,92.4551
77.0,94.994156
76.0,93.50459
75.0,89.51752
74.0,89.41518
73.0,84.03214
72.0,81.2499
71.0,85.3907
70.0,82.95622
69.0,78.21222
68.0,72.54888
67.0,74.465546
66.0,69.40352
65.0,68.528305
64.0,69.34283
63.0,67.14244
62.0,65.66847
61.0,61.14593
60.0,57.21798
59.0,55.976734
58.0,49.97634
57.0,53.09395
56.0,51.36138
55.0,51.728012
54.0,50.352715
53.0,49.09607
52.0,48.65555
51.0,47.054462
50.0,45.525784
49.0,45.834774
48.0,42.618362
47.0,42.21941
46.0,40.60843
45.0,40.61173
44.0,39.797863
43.0,38.25717
42.0,37.94555
41.0,36.38942
40.0,35.78584
39.0,34.662506
38.0,34.87605
37.0,35.360733
36.0,35.55981
35.0,34.803234
34.0,33.768223
33.0,32.360233
32.0,32.980175
31.0,32.622196
30.0,31.07122
29.0,30.615911
28.0,30.969618
27.0,32.221504
26.0,31.667099
25.0,31.054863
24.0,29.595837
23.0,28.837563
22.0,27.755373
21.0,25.297033
20.0,23.971308
19.0,23.859285
18.0,22.418827
17.0,22.171358
16.0,22.064108
15.0,21.287045
14.0,20.478745
13.0,19.065163
12.0,17.807428
11.0,16.493988
10.0,16.269741
9.0,16.267654
8.0,15.757131
125.0,103.89952
125.0,109.95777
125.0,110.39746
125.0,110.34083
125.0,108.554794
125.0,107.66082
125.0,104.214935
125.0,103.3927
125.0,106.27525
125.0,105.10132
125.0,105.656265
125.0,108.29653
125.0,104.90783
125.0,108.11823
125.0,114.84251
125.0,114.952835
125.0,116.61382
125.0,116.00095
125.0,117.26637
125.0,117.80975
125.0,117.86789
125.0,117.25756
125.0,117.21949
125.0,117.256325
124.0,116.689606
123.0,116.72758
125.0,120.81248
125.0,120.866394
125.0,121.608246
125.0,121.825485
125.0,121.403404
125.0,121.955605
125.0,121.95378
125.0,122.12203
125.0,122.578674
125.0,121.89003
125.0,121.88588
125.0,121.60985
125.0,122.80772
125.0,123.07192
125.0,123.08948
125.0,122.05848
125.0,121.55172
125.0,120.40402
125.0,120.2873
125.0,120.116234
125.0,120.12841
125.0,119.62791
125.0,119.18975
125.0,119.38506
125.0,119.09902
125.0,116.004715
125.0,117.542076
125.0,118.75763
125.0,119.74067
125.0,119.155785
125.0,119.36885
125.0,120.04837
125.0,120.14747
125.0,120.60669
125.0,119.94599
125.0,120.073555
125.0,120.80353
125.0,121.06058
125.0,122.25015
125.0,121.993034
125.0,121.25197
125.0,120.12244
125.0,120.34522
125.0,120.91096
125.0,120.86398
125.0,120.685104
125.0,120.97943
125.0,120.55575
125.0,121.485374
125.0,121.546776
125.0,121.84127
125.0,122.06402
125.0,122.23741
125.0,122.15944
125.0,122.20394
125.0,122.97448
125.0,123.175606
125.0,122.96985
125.0,122.50614
125.0,121.93713
125.0,120.83685
125.0,120.67265
125.0,119.735825
125.0,114.901794
125.0,110.78395
125.0,116.294014
125.0,119.212685
125.0,118.18884
125.0,113.35566
125.0,105.18536
125.0,107.39225
125.0,103.068115
125.0,107.466484
125.0,108.26585
125.0,107.412964
125.0,114.8438
125.0,118.322075
125.0,118.7493
125.0,119.32199
125.0,119.708405
125.0,119.897064
125.0,119.0993
125.0,119.08786
125.0,119.98546
125.0,119.45671
125.0,119.69171
125.0,119.982765
125.0,119.40842
125.0,118.75298
125.0,120.015114
125.0,120.203735
125.0,119.704994
125.0,120.16282
125.0,120.290276
125.0,121.451775
125.0,121.969894
125.0,122.85112
125.0,122.600586
125.0,122.57876
125.0,122.65297
125.0,122.2326
125.0,121.17244
125.0,121.72915
125.0,120.60741
125.0,120.36242
125.0,120.414734
125.0,121.0529
125.0,120.9315
125.0,121.481224
125.0,119.92548
125.0,120.03386
125.0,119.06593
125.0,119.34418
125.0,119.26055
125.0,118.8938
125.0,118.85393
125.0,119.26254
125.0,118.22336
125.0,118.3559
125.0,117.3815
125.0,118.67215
125.0,119.10343
125.0,119.96444
125.0,120.87207
125.0,121.06486
125.0,120.98846
125.0,121.36399
125.0,121.00986
125.0,119.755615
125.0,119.20341
125.0,118.35739
125.0,117.05344
125.0,119.21049
125.0,117.983894
125.0,118.53791
125.0,117.04175
125.0,119.942566
125.0,120.13756
125.0,120.97535
125.0,119.563675
125.0,120.83446
125.0,120.56759
125.0,120.57467
125.0,120.200516
125.0,120.448975
125.0,120.445816
125.0,120.941864
125.0,121.205795
125.0,121.348114
125.0,121.86125
125.0,121.919106
125.0,121.84687
125.0,122.053535
125.0,122.87198
125.0,123.34801
125.0,122.71256
125.0,122.813866
125.0,122.10518
125.0,120.91361
125.0,120.68184
125.0,120.475784
125.0,118.99304
125.0,118.99148
125.0,114.884796
125.0,112.33677
125.0,110.986824
125.0,115.637856
125.0,110.94543
125.0,106.908844
125.0,104.631004
125.0,115.79984
125.0,105.8708
125.0,103.80751
125.0,102.48512
125.0,112.82095
125.0,108.20159
125.0,110.37681
125.0,116.93131
125.0,116.206985
125.0,119.31798
125.0,119.5554
125.0,119.949745
125.0,120.179245
125.0,120.20445
125.0,119.63781
125.0,119.47866
125.0,118.60455
125.0,117.48098
125.0,116.93906
125.0,118.652245
125.0,119.987434
125.0,119.81478
125.0,120.510056
125.0,119.98066
125.0,119.9698
125.0,120.48951
125.0,120.45368
125.0,119.690094
125.0,120.10914
125.0,119.74938
125.0,119.83564
125.0,118.46684
125.0,117.009964
125.0,112.74781
125.0,112.597626
125.0,110.0318
125.0,114.27371
125.0,112.742836
125.0,107.13185
125.0,114.18212
125.0,118.49879
125.0,117.23498
125.0,117.108894
125.0,114.67968
125.0,116.988304
125.0,117.65492
125.0,117.625336
125.0,118.42965
125.0,118.34907
125.0,117.97969
125.0,118.052246
125.0,116.69419
125.0,117.81778
125.0,117.93491
125.0,118.88817
125.0,119.37668
125.0,119.137146
125.0,119.794014
125.0,119.444595
125.0,119.115364
125.0,119.06385
125.0,118.94912
125.0,117.873604
125.0,116.95425
125.0,116.48572
125.0,115.825966
125.0,116.905
125.0,117.77702
125.0,114.53516
125.0,114.037796
125.0,111.461006
125.0,109.13286
125.0,109.905556
125.0,110.578896
125.0,111.43256
125.0,110.11194
125.0,108.75252
125.0,110.63933
125.0,104.96906
125.0,103.818115
125.0,102.45109
125.0,97.6251
125.0,97.58447
125.0,98.75335
125.0,97.40525
125.0,94.84188
125.0,89.03642
125.0,89.08607
125.0,88.663475
125.0,85.42392
125.0,94.82218
125.0,120.225174
125.0,120.461044
125.0,120.437675
125.0,120.85082
125.0,120.959305
125.0,121.406555
125.0,121.25981
125.0,121.01514
125.0,120.855064
125.0,120.55525
125.0,120.81151
125.0,120.71539
125.0,121.70511
125.0,122.30737
125.0,123.19969
125.0,123.518394
125.0,123.384865
125.0,123.23997
125.0,122.99139
125.0,123.33336
125.0,123.54735
125.0,123.33023
125.0,123.51869
125.0,123.30221
125.0,123.24977
125.0,123.248634
125.0,123.57603
125.0,123.80975
125.0,124.1623
125.0,123.209015
125.0,122.56905
125.0,122.60693
125.0,121.81948
125.0,121.637924
125.0,121.13793
125.0,121.935555
125.0,121.692375
125.0,122.1473
125.0,121.839485
125.0,121.9969
125.0,122.6413
125.0,121.99773
125.0,121.79422
125.0,122.14584
125.0,122.35415
125.0,122.38564
125.0,122.78482
125.0,122.717125
125.0,121.71045
125.0,121.54024
125.0,121.26319
125.0,120.65578
125.0,120.70195
125.0,120.80159
125.0,120.36261
125.0,120.02449
125.0,119.903305
125.0,119.93102
125.0,120.37448
125.0,121.11765
125.0,121.77989
125.0,121.86122
125.0,121.89332
125.0,122.09706
125.0,122.186775
125.0,122.75918
125.0,123.0344
125.0,123.78575
125.0,123.28133
125.0,122.82207
125.0,122.49274
125.0,121.67783
125.0,120.96849
125.0,120.366486
125.0,120.01693
125.0,119.39114
125.0,119.83854
125.0,120.03836
125.0,120.092094
125.0,120.29865
125.0,119.01204
125.0,118.282074
125.0,118.68092
125.0,118.94605
125.0,118.161125
125.0,118.88722
125.0,119.53742
125.0,119.76178
125.0,120.643295
125.0,120.88076
125.0,121.00908
125.0,121.755035
125.0,122.49695
125.0,122.34813
125.0,122.84338
125.0,123.49141
125.0,124.27287
125.0,124.31733
125.0,123.975624
125.0,123.769585
125.0,122.76374
125.0,122.61019
125.0,122.26145
125.0,121.852745
125.0,122.213905
125.0,121.510414
125.0,121.638306
125.0,121.31526
125.0,121.07313
125.0,120.83573
125.0,120.080475
125.0,119.638664
125.0,119.984726
125.0,119.608894
125.0,119.582184
125.0,119.78984
125.0,120.14018
125.0,120.31506
125.0,120.88454
125.0,121.86852
125.0,122.14069
125.0,122.14935
125.0,122.212456
125.0,121.750786
125.0,120.983185
125.0,121.06261
125.0,120.59277
125.0,120.35475
125.0,120.11948
125.0,120.45102
125.0,119.534676
125.0,118.47482
125.0,119.03706
125.0,119.1643
125.0,117.43334
125.0,118.41089
125.0,117.01016
125.0,110.121025
125.0,106.537285
125.0,105.97219
125.0,110.348854
125.0,112.140625
125.0,112.57129
125.0,114.444374
125.0,111.475426
125.0,109.256134
125.0,115.85442
125.0,114.93891
125.0,116.03605
125.0,118.212074
125.0,118.71743
125.0,117.80509
125.0,117.01264
125.0,118.557724
125.0,115.777565
125.0,115.46382
125.0,108.72184
125.0,109.87925
125.0,117.79645
125.0,118.799255
125.0,119.34223
125.0,119.1587
125.0,119.57025
125.0,120.25893
125.0,120.70855
125.0,121.84118
125.0,121.71295
125.0,121.43493
125.0,121.732605
125.0,122.10731
125.0,121.713036
125.0,122.348755
125.0,120.620895
124.0,120.23248
123.0,119.4976
122.0,114.38492
121.0,114.96089
120.0,113.2182
119.0,114.87484
118.0,114.132645
117.0,113.41761
116.0,111.812614
115.0,108.45397
114.0,111.977104
113.0,107.35155
112.0,109.01052
111.0,110.883835
110.0,112.15022
109.0,115.47962
108.0,113.350975
107.0,116.62275
106.0,113.97423
105.0,116.36227
104.0,119.061516
103.0,116.7295
102.0,115.430954
101.0,113.14595
100.0,111.85818
99.0,105.33712
98.0,107.24674
97.0,104.5574
96.0,104.14981
95.0,96.309166
94.0,94.573616
93.0,93.80639
92.0,89.07526
91.0,91.66142
90.0,88.99527
89.0,86.12971
125.0,112.70112
125.0,118.20546
125.0,119.93289
125.0,119.819954
125.0,119.529045
125.0,120.06109
125.0,120.213684
125.0,119.58115
125.0,116.1231
125.0,118.50859
125.0,118.86756
125.0,118.048134
125.0,116.397026
125.0,118.51003
125.0,115.74465
125.0,118.03603
125.0,113.400444
125.0,114.76687
125.0,113.150894
125.0,115.256905
125.0,116.10201
125.0,116.912476
125.0,117.819664
125.0,118.77157
125.0,119.61159
125.0,118.78585
125.0,119.2126
125.0,119.61563
125.0,120.39391
125.0,120.23313
125.0,119.926636
125.0,120.76485
125.0,121.121315
125.0,121.623764
125.0,122.31017
125.0,122.50478
125.0,122.92098
125.0,122.901115
125.0,122.44863
125.0,122.89231
125.0,122.46807
125.0,121.9841
125.0,121.329155
125.0,120.62384
125.0,120.300156
125.0,120.43604
125.0,119.97007
125.0,120.74455
125.0,118.82161
125.0,116.280174
125.0,114.0483
125.0,113.57814
125.0,112.77972
125.0,115.95568
125.0,114.35969
125.0,108.07214
125.0,110.922195
125.0,114.43992
125.0,119.83599
125.0,120.55612
125.0,120.21059
125.0,119.98236
125.0,119.92292
125.0,119.09124
125.0,119.63069
125.0,119.5124
125.0,119.77123
125.0,118.3376
125.0,118.22887
125.0,118.859085
125.0,118.48266
125.0,117.177086
125.0,118.261024
125.0,114.153915
125.0,105.58225
125.0,110.20552
125.0,114.35111
125.0,116.03385
125.0,119.08143
125.0,119.32421
125.0,119.27584
125.0,119.091896
125.0,119.38805
125.0,119.39457
125.0,119.45106
125.0,118.94368
125.0,119.7158
125.0,119.50413
125.0,118.82859
125.0,119.45182
125.0,119.17218
125.0,118.528496
125.0,117.184746
125.0,114.933624
125.0,115.95331
125.0,115.014626
125.0,116.9652
125.0,113.67091
125.0,111.485466
125.0,114.65842
125.0,113.7698
125.0,118.74336
125.0,119.157196
125.0,118.88139
125.0,118.68206
125.0,119.55161
125.0,119.02177
125.0,119.361885
125.0,119.52965
125.0,120.295105
125.0,120.2984
125.0,119.499405
125.0,119.63166
125.0,118.49159
125.0,118.73052
125.0,118.60846
125.0,119.371414
125.0,119.07472
125.0,118.857346
125.0,119.13301
125.0,119.81807
125.0,118.71302
125.0,118.14348
125.0,116.65701
125.0,116.92633
125.0,115.911415
125.0,114.49565
125.0,114.46704
125.0,113.468575
125.0,114.6252
125.0,109.48638
125.0,115.02233
125.0,116.30738
125.0,115.74951
125.0,118.48633
125.0,118.77149
125.0,118.531624
125.0,117.79143
125.0,118.59676
125.0,118.86307
125.0,119.23979
125.0,118.62841
125.0,118.70177
125.0,116.446846
125.0,117.6869
125.0,117.34192
125.0,117.63016
125.0,117.070335
125.0,117.321625
125.0,118.47339
125.0,117.89048
125.0,118.39268
125.0,117.65297
125.0,117.63875
125.0,112.81806
125.0,115.09825
125.0,112.64829
125.0,114.676956
125.0,111.677895
125.0,112.542946
125.0,106.74603
125.0,107.05271
125.0,106.61164
125.0,110.49957
125.0,116.479385
125.0,116.80177
125.0,117.12545
125.0,118.40884
125.0,118.03812
125.0,118.432846
125.0,118.972435
125.0,118.9812
125.0,118.81298
125.0,117.53688
125.0,117.386635
125.0,116.58172
125.0,115.54296
125.0,117.32922
125.0,117.02758
125.0,116.27994
125.0,114.53123
125.0,112.85293
125.0,112.815735
125.0,112.89093
125.0,107.8301
125.0,104.68958
125.0,100.19666
125.0,99.14807
125.0,110.88875
125.0,113.99294
125.0,112.59268
125.0,117.91742
125.0,118.8621
125.0,118.67018
125.0,118.08977
125.0,119.97222
125.0,120.292015
125.0,120.82836
125.0,121.40976
125.0,121.62654
125.0,121.31003
125.0,120.8927
125.0,121.456985
125.0,122.39663
125.0,122.78735
125.0,123.008385
125.0,123.79818
125.0,123.86392
125.0,123.796524
125.0,122.731514
125.0,123.00394
124.0,122.42001
123.0,121.81437
122.0,121.65883
121.0,121.198296
120.0,121.23316
119.0,121.22563
118.0,122.16432
117.0,121.328804
116.0,120.675186
115.0,120.45665
114.0,119.82439
113.0,119.60089
112.0,119.233475
111.0,118.36715
110.0,118.759514
109.0,118.71033
125.0,119.19218
125.0,120.57251
125.0,120.21
125.0,120.58224
125.0,120.8207
125.0,122.53478
125.0,123.04406
125.0,123.16589
125.0,123.76203
125.0,123.843994
125.0,123.5783
125.0,123.4343
125.0,123.646614
125.0,122.91245
125.0,123.13312
125.0,123.18893
125.0,122.78957
125.0,122.29722
125.0,121.73898
125.0,121.0752
125.0,120.76039
125.0,121.080444
125.0,119.989075
125.0,119.85127
125.0,119.58794
125.0,118.55325
125.0,109.62023
125.0,102.58309
125.0,105.541466
125.0,109.010605
125.0,104.573685
125.0,105.25101
125.0,102.42989
125.0,108.43657
125.0,112.89023
125.0,118.468956
125.0,119.0356
125.0,119.859535
125.0,120.67564
125.0,120.54809
125.0,120.438255
125.0,121.124405
125.0,122.09961
125.0,122.26242
125.0,122.568436
125.0,122.69755
125.0,122.640915
125.0,122.45682
125.0,122.36287
125.0,121.98774
125.0,121.832466
125.0,121.625084
125.0,121.43457
125.0,121.9637
125.0,121.93045
125.0,121.24812
125.0,120.34163
125.0,119.64099
125.0,119.39203
125.0,116.50855
125.0,111.62275
125.0,114.496284
125.0,113.33962
125.0,117.998825
125.0,118.02118
125.0,119.413895
125.0,119.47106
125.0,120.13597
125.0,120.149864
125.0,120.41934
125.0,120.370255
125.0,120.870804
125.0,121.63633
125.0,122.16261
125.0,123.443596
125.0,124.1659
125.0,124.3646
125.0,124.413666
125.0,124.09834
125.0,123.51264
125.0,122.59058
125.0,122.04605
125.0,121.97097
125.0,121.567604
125.0,121.39511
125.0,120.98658
125.0,120.22458
125.0,119.66255
125.0,120.32868
125.0,119.52597
125.0,119.25609
125.0,119.576775
125.0,120.43654
125.0,121.28144
125.0,121.290344
125.0,121.7476
125.0,122.197044
125.0,122.43382
125.0,121.79032
125.0,120.737366
125.0,120.15441
125.0,118.84499
125.0,118.56568
125.0,118.07725
125.0,116.85928
125.0,117.7804
125.0,118.2397
125.0,117.610855
125.0,119.35586
125.0,120.0449
125.0,120.44957
125.0,121.532265
125.0,121.503815
125.0,121.2656
125.0,120.87168
125.0,121.15048
125.0,121.7262
125.0,121.773125
125.0,122.13244
125.0,121.39523
125.0,120.64635
125.0,119.973045
125.0,119.79893
125.0,119.58634
125.0,119.76175
125.0,119.29606
125.0,119.21917
125.0,119.03412
125.0,118.458984
125.0,116.629974
125.0,112.622665
125.0,112.510735
125.0,108.5206
125.0,114.51891
125.0,111.46551
125.0,106.0257
125.0,111.257286
125.0,109.37063
125.0,117.229774
125.0,118.479355
125.0,118.94156
125.0,119.02511
125.0,119.02829
125.0,119.503395
125.0,120.37729
125.0,121.328156
125.0,121.83136
125.0,121.47738
125.0,121.297615
125.0,120.316864
125.0,119.90717
125.0,118.875275
125.0,119.19626
125.0,119.5001
125.0,120.561424
125.0,120.155846
125.0,120.084526
125.0,120.031044
125.0,119.65639
125.0,118.92775
125.0,119.03092
125.0,118.92463
125.0,118.57679
125.0,118.196686
125.0,118.31385
125.0,118.53061
125.0,119.16865
125.0,119.17848
125.0,119.49394
125.0,119.41108
125.0,119.46448
125.0,119.222984
125.0,119.111855
125.0,120.464516
125.0,121.1386
125.0,121.77451
125.0,122.37871
125.0,121.80558
125.0,120.413345
125.0,120.17231
125.0,120.756805
125.0,120.6514
125.0,120.85011
125.0,121.669785
125.0,121.67433
125.0,121.914185
125.0,121.44993
125.0,120.073
125.0,118.89366
125.0,117.128716
125.0,111.29198
125.0,110.21756
125.0,112.695076
125.0,108.41585
125.0,106.31218
125.0,104.25956
125.0,106.94473
125.0,111.95275
125.0,116.26425
125.0,118.663315
125.0,118.961205
125.0,118.75042
125.0,119.52591
125.0,119.913895
125.0,120.374214
125.0,119.8535
125.0,118.91826
125.0,115.13865
125.0,109.06972
125.0,111.04185
125.0,110.930504
125.0,110.062614
125.0,115.655846
125.0,115.97117
125.0,117.74834
125.0,118.741776
125.0,119.41306
125.0,116.0976
125.0,109.3825
125.0,109.97891
125.0,105.631035
125.0,103.257385
125.0,106.53299
125.0,106.70805
125.0,105.084885
125.0,102.03766
124.0,98.177345
123.0,108.56499
122.0,109.368286
121.0,102.67626
120.0,101.43887
119.0,103.25099
118.0,102.64778
117.0,111.34985
116.0,107.758835
115.0,110.6807
114.0,109.7168
113.0,108.78333
112.0,106.74542
111.0,108.20544
110.0,107.15122
109.0,105.892075
108.0,106.63313
107.0,104.38761
106.0,102.521774
105.0,95.52333
104.0,89.85252
103.0,84.59171
102.0,81.51044
101.0,76.36042
100.0,78.22004
99.0,78.51654
98.0,82.94528
97.0,85.635796
96.0,86.200775
95.0,84.11862
94.0,83.609795
93.0,92.15915
92.0,92.03556
91.0,94.320076
90.0,91.809425
89.0,87.06393
88.0,85.9337
87.0,91.384995
86.0,87.51595
85.0,89.80945
84.0,90.96749
83.0,89.29844
82.0,85.976364
81.0,88.088135
80.0,88.5288
79.0,95.15573
78.0,98.09308
77.0,99.254814
76.0,96.99839
75.0,96.81602
74.0,94.42027
73.0,90.00405
72.0,83.11722
71.0,77.10616
70.0,79.62446
69.0,76.4608
68.0,75.8424
67.0,77.493095
66.0,77.95742
65.0,74.63714
64.0,73.7188
63.0,73.789276
62.0,72.11332
61.0,74.4145
60.0,73.381516
59.0,71.09247
58.0,67.80075
57.0,66.39976
56.0,67.771866
55.0,65.49473
54.0,68.40056
125.0,114.426125
125.0,108.15147
125.0,112.77275
125.0,111.59063
125.0,109.05957
125.0,112.17533
125.0,109.73011
125.0,106.99897
125.0,111.09379
125.0,112.81134
125.0,111.76433
124.0,114.09368
123.0,114.60066
122.0,116.19327
121.0,115.18015
120.0,114.83239
119.0,108.821594
118.0,106.67907
117.0,107.359276
116.0,108.875694
115.0,109.53797
114.0,106.05443
113.0,107.381355
112.0,108.390686
111.0,106.54922
110.0,106.05669
109.0,102.04553
108.0,102.65385
107.0,101.56788
106.0,101.14587
105.0,97.975494
104.0,95.36687
103.0,89.894455
102.0,91.63552
101.0,93.147934
100.0,102.600655
99.0,101.56444
98.0,101.90522
97.0,101.26743
96.0,106.6165
95.0,109.69953
94.0,106.71646
93.0,106.86554
92.0,107.84115
91.0,105.29753
90.0,104.44325
89.0,103.13049
88.0,97.928185
87.0,94.241806
86.0,95.7386
85.0,99.82306
84.0,104.042336
83.0,105.27051
82.0,105.26602
81.0,101.211205
80.0,101.71959
79.0,105.60903
78.0,104.76348
77.0,106.02312
76.0,101.096855
75.0,99.314644
74.0,96.59718
73.0,98.051025
72.0,101.4817
71.0,102.57999
70.0,97.77059
69.0,96.43897
68.0,85.56647
67.0,87.17249
66.0,93.38377
65.0,90.536026
64.0,94.24291
63.0,93.89644
62.0,93.00491
61.0,92.32792
60.0,93.575806
125.0,124.032524
125.0,124.05692
125.0,124.52654
125.0,124.48387
125.0,124.29592
125.0,124.244865
125.0,123.92453
125.0,123.02733
125.0,123.02591
125.0,122.184906
125.0,121.722115
125.0,121.34507
125.0,121.32524
125.0,121.31898
125.0,121.47231
125.0,121.04153
125.0,121.44539
125.0,121.19614
125.0,120.51107
125.0,120.63235
125.0,119.86981
125.0,120.02143
125.0,119.86182
125.0,119.14165
125.0,113.33381
125.0,112.717255
125.0,110.795456
125.0,108.61519
125.0,108.24585
125.0,110.40087
124.0,114.28122
123.0,116.63696
122.0,118.49237
121.0,119.194115
120.0,120.1077
119.0,119.53787
118.0,118.90888
117.0,119.27117
116.0,119.64267
115.0,119.975
114.0,120.22033
113.0,120.359695
112.0,120.45826
111.0,120.517166
110.0,120.88358
109.0,120.28679
108.0,120.82738
107.0,121.08775
106.0,121.3311
105.0,121.79631
104.0,121.78979
103.0,121.686806
102.0,121.64315
101.0,122.11838
125.0,121.52928
125.0,121.62722
125.0,121.990944
125.0,122.15618
125.0,121.176926
125.0,121.98906
125.0,123.10775
125.0,123.27777
125.0,123.17577
125.0,122.52222
125.0,123.072914
125.0,123.62449
125.0,123.41834
125.0,122.22069
125.0,120.87928
125.0,119.784874
125.0,116.50301
125.0,117.44122
124.0,115.35263
123.0,110.66416
122.0,111.09311
121.0,117.86184
120.0,119.808136
119.0,119.99321
118.0,119.590866
117.0,118.8433
116.0,116.6788
115.0,119.123665
114.0,118.721886
113.0,120.32537
112.0,120.48935
111.0,120.63826
110.0,121.11224
109.0,120.49839
108.0,120.17225
107.0,119.364914
106.0,120.86861
105.0,120.66244
104.0,119.81603
103.0,115.99152
102.0,117.01357
101.0,117.44119
100.0,116.615456
99.0,112.91189
98.0,111.78504
97.0,111.703804
96.0,108.66805
95.0,109.21355
94.0,109.79228
93.0,104.86282
92.0,104.99041
91.0,104.633865
90.0,106.87883
89.0,108.29525
88.0,102.93655
87.0,105.84702
86.0,102.597336
85.0,105.44661
84.0,111.44239
83.0,110.63132
82.0,109.53814
81.0,113.22534
80.0,112.77102
79.0,108.73546
78.0,110.295616
77.0,110.530334
76.0,117.05247
75.0,117.483215
74.0,117.42482
73.0,115.0687
72.0,110.96727
71.0,111.460686
70.0,113.19337
69.0,109.251595
68.0,107.99126
67.0,106.12375
66.0,109.032585
65.0,110.61554
64.0,108.218925
63.0,99.62359
62.0,100.62036
61.0,93.098785
60.0,90.46554
59.0,87.84427
58.0,85.99189
57.0,85.387764
125.0,120.663925
125.0,120.952
125.0,120.82547
125.0,120.13531
125.0,120.578766
125.0,120.11762
125.0,119.02592
125.0,118.98687
125.0,119.50249
125.0,120.112625
125.0,120.07257
125.0,120.66306
125.0,121.41808
125.0,121.316574
125.0,120.60209
125.0,119.89755
125.0,119.48228
125.0,120.336624
125.0,119.53046
125.0,118.31348
125.0,118.34265
125.0,116.58502
125.0,115.137054
125.0,114.39488
125.0,115.591866
125.0,115.82233
125.0,117.57335
125.0,118.70656
125.0,115.10098
125.0,116.799126
125.0,116.99087
125.0,116.7661
125.0,117.40562
125.0,117.5951
125.0,118.2293
125.0,118.470726
125.0,116.119354
125.0,117.7006
125.0,117.98796
125.0,119.25501
125.0,120.10779
125.0,121.067856
125.0,121.41797
125.0,119.741035
125.0,118.82965
125.0,118.877
125.0,119.03736
125.0,120.64321
125.0,120.94877
125.0,120.78007
125.0,120.87178
125.0,121.04511
125.0,120.13024
125.0,120.306656
125.0,119.21014
125.0,119.843575
125.0,120.24961
125.0,121.27364
125.0,121.71304
125.0,121.949295
125.0,122.709335
125.0,122.7119
125.0,121.625
125.0,120.385155
125.0,120.81167
125.0,120.24018
125.0,120.30911
125.0,120.20144
125.0,120.19131
125.0,120.07656
125.0,118.92962
125.0,118.94512
125.0,118.1647
125.0,112.75945
125.0,103.98935
125.0,103.34626
125.0,104.32625
125.0,105.38292
125.0,110.77063
125.0,111.61075
125.0,108.99347
125.0,109.46338
125.0,107.76811
125.0,116.80384
125.0,118.52557
125.0,119.351814
125.0,118.89744
125.0,119.109024
125.0,119.997826
125.0,120.205986
125.0,119.889786
125.0,119.73588
125.0,118.79783
125.0,117.18237
125.0,116.50744
125.0,112.189445
125.0,125.67827
125.0,125.61715
125.0,125.80687
125.0,125.62963
125.0,125.400826
125.0,125.347046
125.0,124.84308
125.0,124.107285
125.0,123.61489
125.0,123.52327
125.0,123.10234
125.0,123.474915
125.0,123.64535
125.0,123.75581
125.0,123.56885
125.0,123.90245
125.0,124.17877
125.0,123.76629
125.0,123.681885
125.0,123.85273
125.0,124.22764
125.0,124.8465
125.0,125.75395
125.0,126.09856
125.0,125.734314
125.0,125.58493
125.0,124.87283
125.0,124.72824
125.0,124.69342
125.0,124.74966
125.0,124.44624
125.0,124.51227
125.0,124.45243
125.0,124.575134
125.0,124.16103
125.0,124.24852
125.0,123.934746
125.0,123.33505
125.0,123.23326
125.0,123.17669
125.0,122.73016
125.0,123.342224
125.0,123.39964
125.0,123.39106
125.0,123.07888
125.0,123.271614
125.0,123.45329
125.0,123.08342
125.0,123.15251
125.0,123.11903
125.0,122.69226
125.0,122.87745
125.0,123.23902
125.0,123.62042
125.0,123.824554
125.0,123.55999
125.0,123.73441
125.0,123.79121
125.0,123.89106
125.0,124.067154
125.0,123.78499
125.0,123.9198
125.0,124.08523
125.0,123.78922
125.0,123.51444
125.0,123.70848
125.0,123.88897
125.0,123.9825
125.0,124.64522
125.0,124.88675
125.0,125.17612
125.0,125.532074
125.0,125.58457
125.0,125.61975
125.0,125.45222
125.0,125.594315
125.0,125.32608
125.0,124.95439
125.0,124.68782
125.0,124.4431
125.0,123.906876
125.0,123.85501
125.0,123.560616
125.0,123.62066
125.0,123.68527
125.0,123.41806
125.0,123.496216
125.0,123.26613
125.0,123.10553
125.0,123.05411
125.0,123.14723
125.0,123.21413
125.0,123.11263
125.0,122.45337
125.0,122.774956
125.0,122.858696
125.0,123.151955
125.0,123.43285
125.0,123.24556
125.0,123.19167
125.0,123.37102
125.0,123.303185
125.0,123.7493
125.0,123.9987
125.0,124.216866
125.0,124.53522
125.0,124.57997
125.0,124.8544
125.0,124.36897
125.0,124.43444
125.0,124.29497
125.0,124.61075
125.0,124.982895
125.0,125.552086
125.0,125.90091
125.0,125.67084
125.0,126.13152
125.0,125.37955
125.0,125.014114
125.0,124.7848
125.0,124.25073
125.0,123.947395
125.0,124.316826
125.0,124.09569
125.0,123.877975
125.0,123.31717
125.0,122.716324
125.0,122.621284
125.0,121.77894
125.0,121.20916
125.0,120.21434
125.0,119.32269
125.0,119.271576
125.0,119.75606
125.0,119.63208
125.0,120.80199
125.0,121.5435
125.0,121.849045
125.0,122.00236
125.0,122.312294
125.0,122.51231
125.0,122.69257
125.0,123.09897
125.0,123.191536
125.0,123.1364
125.0,122.90107
125.0,124.04068
125.0,123.89849
125.0,123.83048
125.0,124.34491
125.0,124.61139
125.0,124.402374
125.0,124.61947
125.0,124.70851
125.0,124.33414
125.0,124.625885
125.0,123.87194
125.0,123.246445
125.0,122.49079
125.0,122.25005
125.0,121.26823
125.0,120.53948
125.0,120.22039
125.0,120.84002
125.0,120.92605
125.0,121.04997
125.0,120.72305
125.0,120.92033
125.0,121.410995
125.0,121.981316
125.0,122.07248
125.0,122.168106
125.0,122.92571
125.0,123.13313
125.0,122.69289
125.0,122.66034
125.0,122.53024
125.0,122.61907
125.0,122.98339
125.0,123.311165
125.0,123.70316
125.0,123.66353
125.0,123.471634
125.0,123.61228
125.0,123.17157
125.0,123.402756
125.0,122.43129
125.0,121.32685
125.0,121.122185
125.0,121.169266
125.0,120.42465
125.0,120.41825
125.0,119.62089
125.0,119.54543
125.0,119.21079
125.0,119.6755
125.0,119.48104
125.0,120.27794
125.0,120.145454
125.0,120.30046
125.0,120.717476
125.0,120.36864
125.0,120.37239
125.0,120.29108
125.0,120.19162
125.0,120.500755
125.0,120.31076
125.0,120.57118
125.0,120.348724
125.0,120.55713
125.0,121.26704
125.0,120.87291
125.0,120.55701
125.0,120.453
125.0,120.08709
125.0,120.606346
125.0,120.556206
125.0,121.24035
125.0,121.72513
125.0,121.24929
125.0,120.32893
125.0,120.08476
125.0,119.9784
125.0,119.92484
125.0,120.21404
125.0,119.66283
125.0,119.98473
125.0,119.39656
125.0,119.12182
125.0,119.240685
125.0,119.22119
125.0,119.08974
125.0,118.96835
125.0,117.977684
125.0,117.38206
125.0,116.22254
125.0,118.5572
125.0,116.91955
125.0,114.54097
125.0,112.47846
125.0,110.40855
125.0,108.98589
124.0,106.142654
123.0,100.65017
122.0,101.60184
121.0,106.95662
120.0,107.961296
119.0,116.7635
118.0,118.0603
117.0,115.327286
116.0,116.57143
115.0,117.00516
114.0,117.97185
113.0,118.101395
112.0,118.20586
111.0,118.424934
110.0,118.667274
109.0,119.70991
108.0,120.7078
107.0,121.5696
106.0,120.40256
105.0,120.7881
104.0,120.59063
103.0,119.983925
102.0,119.867035
101.0,119.96913
100.0,117.9193
99.0,113.697174
98.0,108.173
97.0,110.32453
96.0,111.63832
95.0,109.50463
94.0,105.34335
93.0,100.81835
92.0,97.30335
91.0,101.024864
90.0,97.665436
89.0,106.5693
88.0,105.225784
87.0,101.7634
86.0,106.009705
85.0,104.887596
84.0,99.309135
83.0,94.07966
82.0,88.750084
81.0,84.16836
80.0,87.777176
79.0,79.041466
78.0,80.08769
77.0,79.50764
125.0,101.44921
125.0,98.809555
125.0,106.16698
125.0,106.63054
125.0,111.151855
125.0,112.66817
125.0,110.36613
125.0,112.47047
125.0,112.51917
125.0,112.75358
125.0,111.91071
125.0,111.51196
125.0,110.58983
125.0,109.94619
125.0,112.39444
125.0,109.24059
125.0,111.649666
125.0,109.120544
125.0,105.68412
125.0,105.60426
125.0,104.48082
125.0,101.38938
125.0,100.74006
125.0,98.589554
125.0,98.525734
125.0,91.73082
125.0,87.531494
125.0,84.855
125.0,88.29695
125.0,88.51797
125.0,89.91802
125.0,89.35911
125.0,95.14439
125.0,98.35362
125.0,101.24051
125.0,102.426575
125.0,102.83367
125.0,106.92283
125.0,107.47977
125.0,110.14721
125.0,110.991554
125.0,115.14978
125.0,114.40089
125.0,115.71361
125.0,115.968956
125.0,115.54016
125.0,115.406586
125.0,116.04393
125.0,116.77529
125.0,116.01289
125.0,115.5639
125.0,114.28167
125.0,114.61499
125.0,114.77391
125.0,113.53318
125.0,112.77214
125.0,113.5936
125.0,113.768135
125.0,113.28713
125.0,111.12682
125.0,111.62242
125.0,109.78946
125.0,103.8875
125.0,102.88635
125.0,96.89068
125.0,97.917244
125.0,93.05951
125.0,90.41192
125.0,89.47225
125.0,90.63797
125.0,88.313194
125.0,88.87702
125.0,91.08215
125.0,91.54408
125.0,87.528076
125.0,92.50415
125.0,91.99265
125.0,97.50505
125.0,93.752174
125.0,94.60712
125.0,98.62698
125.0,95.958145
125.0,96.99847
125.0,96.51479
125.0,97.182884
125.0,98.41295
125.0,99.18472
125.0,101.29306
125.0,100.89059
125.0,100.99987
125.0,100.85225
125.0,99.96018
125.0,101.96695
125.0,101.020325
125.0,100.11822
125.0,104.76628
125.0,103.31068
125.0,103.839874
125.0,103.14333
125.0,110.07807
125.0,111.45507
125.0,109.7448
125.0,107.27344
125.0,109.27751
125.0,104.66028
124.0,103.71682
123.0,103.3157
122.0,106.20317
121.0,104.10298
120.0,104.91709
119.0,105.46621
118.0,102.49965
117.0,101.98029
116.0,105.49291
115.0,108.52165
114.0,108.708664
113.0,110.618515
112.0,107.383514
111.0,107.64034
110.0,108.51507
109.0,104.67776
108.0,97.22623
107.0,98.649506
106.0,93.317505
105.0,85.2014
104.0,85.59596
103.0,83.20082
102.0,81.889435
101.0,81.68738
100.0,80.49627
99.0,82.2865
98.0,73.981155
97.0,76.46034
96.0,76.86606
95.0,74.140625
94.0,74.11186
93.0,71.376884
92.0,73.226
91.0,73.54049
90.0,76.17174
89.0,77.12573
88.0,76.81852
87.0,72.31432
86.0,75.07001
85.0,70.3489
84.0,64.10434
83.0,66.61125
82.0,60.329853
81.0,59.428013
80.0,54.748447
79.0,60.857296
78.0,61.087593
77.0,61.69703
76.0,60.066753
75.0,54.2787
74.0,50.45711
73.0,48.636562
72.0,47.02772
71.0,45.147694
70.0,50.419746
69.0,47.946438
68.0,51.274174
67.0,51.06203
66.0,53.323753
65.0,51.66207
64.0,50.67627
63.0,44.907475
62.0,44.422462
61.0,43.434017
60.0,43.507866
59.0,44.749588
58.0,44.474228
125.0,113.332245
125.0,111.08684
125.0,112.31169
125.0,106.75897
125.0,105.33444
125.0,103.110695
125.0,102.62832
125.0,98.4135
125.0,101.32602
125.0,106.692474
125.0,106.85957
125.0,115.00208
125.0,116.528114
125.0,118.67227
125.0,119.32492
125.0,119.32315
125.0,120.054985
125.0,119.50106
125.0,119.92223
125.0,119.19746
125.0,120.013084
125.0,118.67822
125.0,118.50175
125.0,118.87897
125.0,118.03585
125.0,115.89869
125.0,115.47255
125.0,117.048836
125.0,117.752426
125.0,117.64069
125.0,117.688515
125.0,116.48181
125.0,116.685394
125.0,112.98359
125.0,109.59996
125.0,108.62108
125.0,110.49299
125.0,110.08142
125.0,111.29146
125.0,109.87243
125.0,113.6931
125.0,113.870995
125.0,114.08521
125.0,117.55926
125.0,117.029594
125.0,117.19698
125.0,115.45267
125.0,111.12718
125.0,104.27919
125.0,106.38332
125.0,108.33438
125.0,110.73658
125.0,114.13262
125.0,116.66886
125.0,113.80912
125.0,111.0055
125.0,114.89623
125.0,118.870705
125.0,119.91845
125.0,120.079834
125.0,120.22988
125.0,119.93108
125.0,119.98029
125.0,120.159
125.0,119.72273
125.0,120.30048
125.0,121.609314
125.0,120.656075
125.0,120.13299
125.0,119.57375
125.0,119.50444
125.0,118.52059
125.0,119.5924
125.0,118.921684
125.0,119.29093
125.0,119.312416
125.0,114.912346
125.0,113.03245
125.0,111.70672
125.0,111.723816
125.0,108.53617
125.0,108.75872
125.0,104.81236
125.0,103.409874
125.0,99.3633
125.0,102.87555
125.0,99.06217
125.0,107.327896
125.0,107.119484
125.0,111.46635
125.0,111.54909
125.0,112.4589
125.0,115.21146
125.0,114.14931
125.0,116.09994
125.0,116.57637
125.0,118.99867
125.0,118.96069
125.0,115.82327
125.0,113.8511
125.0,113.0317
125.0,112.27147
125.0,112.21284
125.0,104.43487
125.0,103.623024
125.0,105.5805
125.0,97.13478
125.0,96.96224
125.0,100.60071
125.0,99.509926
125.0,101.93583
125.0,102.18111
125.0,100.86571
125.0,103.57951
125.0,111.15671
125.0,112.45552
125.0,113.55164
125.0,117.338974
125.0,118.40824
125.0,117.948616
125.0,117.90514
125.0,117.10961
125.0,116.442795
125.0,113.623856
125.0,113.066124
125.0,113.59914
125.0,113.78077
125.0,113.5679
125.0,110.28366
125.0,108.8597
125.0,109.38523
125.0,112.3127
125.0,109.43593
125.0,103.683044
125.0,102.949066
125.0,105.40385
125.0,98.8528
125.0,95.636116
125.0,99.01586
125.0,103.22478
125.0,101.674515
125.0,100.74314
125.0,96.70045
125.0,93.748184
125.0,98.47453
125.0,97.7766
125.0,95.46912
125.0,99.99026
125.0,100.44675
125.0,104.199875
125.0,105.19185
125.0,102.953316
125.0,98.955215
125.0,96.91799
125.0,96.40844
125.0,97.51007
125.0,98.75455
125.0,99.689674
125.0,99.47102
125.0,110.630196
125.0,113.21241
125.0,115.18575
124.0,110.877716
123.0,111.40191
122.0,111.17619
121.0,107.839615
120.0,107.296715
119.0,108.03161
118.0,105.53061
117.0,107.3367
116.0,109.4007
115.0,105.52333
114.0,105.33712
113.0,102.342545
112.0,105.68459
111.0,98.59664
110.0,95.10626
109.0,92.935936
108.0,94.1721
107.0,93.541466
106.0,90.767426
105.0,86.15011
104.0,83.78539
103.0,87.17696
102.0,90.41019
101.0,89.676506
100.0,83.49071
99.0,75.84351
98.0,76.06535
97.0,78.03056
96.0,70.400764
95.0,72.613335
94.0,70.648445
93.0,65.31104
92.0,68.56373
91.0,62.0516
90.0,62.408894
89.0,63.820034
88.0,61.38206
87.0,66.17382
86.0,68.23226
85.0,70.67279
84.0,70.280014
83.0,70.387436
82.0,78.60644
81.0,78.814285
80.0,82.12152
79.0,85.705284
78.0,84.71503
77.0,87.240875
76.0,86.20477
75.0,84.08233
74.0,84.98915
73.0,86.680046
72.0,86.5024
71.0,85.98851
70.0,80.117874
69.0,80.50467
68.0,79.24395
67.0,81.50396
66.0,79.77215
65.0,78.99054
64.0,74.38449
63.0,74.34037
62.0,71.27769
61.0,67.06724
60.0,65.52042
59.0,63.525177
58.0,57.16779
57.0,52.305668
56.0,52.77358
55.0,51.566704
54.0,51.17003
53.0,50.572052
52.0,50.386116
51.0,52.884937
50.0,52.11401
49.0,49.922028
48.0,44.308334
47.0,47.187164
46.0,43.698967
45.0,42.30813
44.0,40.492325
43.0,41.683605
42.0,41.05401
41.0,38.883842
40.0,39.423668
39.0,38.31528
38.0,36.690815
37.0,36.106533
36.0,33.686974
35.0,31.451471
34.0,31.432539
33.0,29.678003
32.0,28.7024
125.0,120.72401
125.0,121.10777
125.0,121.07927
125.0,121.06717
125.0,121.299515
125.0,120.83285
125.0,121.624626
125.0,122.15645
125.0,122.44256
125.0,122.91872
125.0,123.430725
125.0,123.68628
125.0,123.104645
125.0,122.59377
125.0,122.18778
125.0,121.4579
125.0,120.70911
125.0,119.83302
125.0,119.59024
125.0,119.89298
125.0,120.015945
125.0,118.15001
125.0,115.75959
125.0,117.32258
125.0,117.536514
125.0,114.42381
125.0,114.9751
125.0,114.74691
125.0,114.17897
125.0,114.41686
125.0,115.22797
125.0,117.7275
125.0,118.783966
125.0,119.36527
125.0,119.103355
125.0,118.90959
125.0,119.06339
125.0,120.3151
125.0,119.95415
125.0,120.3049
125.0,120.73311
125.0,121.787125
125.0,121.74875
125.0,123.08422
125.0,122.18262
125.0,122.36312
125.0,123.128716
125.0,123.35408
125.0,122.897896
125.0,123.01089
125.0,122.30334
125.0,121.5194
125.0,121.82568
125.0,121.67404
125.0,121.557945
125.0,121.3774
125.0,121.72197
125.0,120.63534
125.0,120.076004
125.0,120.402824
125.0,120.52243
125.0,121.13268
125.0,120.95727
125.0,120.97724
125.0,120.64116
125.0,120.63259
125.0,120.74434
125.0,121.43879
125.0,121.90533
125.0,121.712296
125.0,121.879
125.0,121.87713
125.0,121.89124
125.0,122.64008
125.0,121.80589
125.0,120.77404
125.0,120.01604
125.0,118.68189
125.0,116.79764
125.0,116.088104
125.0,118.21148
125.0,117.9914
125.0,118.67697
125.0,116.01876
125.0,110.73558
125.0,112.601555
125.0,110.54564
125.0,108.18286
125.0,109.94782
125.0,112.519745
125.0,113.89557
125.0,112.823296
125.0,112.75008
125.0,112.528175
125.0,113.618996
125.0,119.23929
125.0,117.129074
125.0,119.47101
125.0,120.69379
125.0,121.461426
125.0,122.00669
125.0,122.17305
125.0,122.47866
125.0,121.55119
125.0,121.46001
125.0,120.46594
125.0,117.116776
125.0,108.13941
125.0,108.96209
125.0,113.90039
125.0,119.3635
125.0,120.34844
125.0,120.45552
125.0,119.79404
125.0,119.73079
125.0,120.75259
125.0,120.90712
125.0,121.10694
125.0,120.56638
125.0,120.19536
125.0,120.02313
125.0,120.39232
125.0,120.52966
125.0,121.477264
125.0,121.71856
125.0,121.28861
125.0,121.16617
125.0,120.89764
125.0,120.35578
124.0,120.23005
123.0,120.746864
122.0,120.84491
121.0,120.96866
120.0,120.65999
119.0,120.70154
118.0,120.41987
117.0,119.924515
116.0,119.46397
115.0,119.43742
114.0,118.91349
113.0,117.22399
112.0,117.87324
111.0,113.28489
110.0,109.704796
109.0,115.40745
108.0,110.726845
107.0,108.33789
106.0,107.658104
105.0,98.97121
104.0,97.51803
103.0,93.60347
102.0,98.8876
101.0,97.32108
100.0,97.44406
99.0,94.87912
98.0,86.264404
97.0,79.40006
96.0,77.02689
95.0,70.50202
94.0,71.41243
93.0,76.085884
92.0,81.62933
91.0,88.37959
90.0,93.117004
89.0,98.74475
125.0,121.02175
125.0,120.852516
125.0,120.01796
125.0,119.522545
125.0,119.011826
125.0,118.31707
125.0,114.28025
125.0,117.41884
125.0,118.67963
125.0,119.77754
125.0,119.840324
125.0,119.47784
125.0,119.80474
125.0,120.03622
125.0,119.40071
125.0,120.84432
125.0,121.19372
125.0,120.27794
125.0,119.47823
125.0,117.887665
125.0,118.313354
125.0,118.61647
125.0,116.29857
125.0,114.110214
125.0,112.16961
125.0,114.05608
125.0,116.29127
125.0,116.27277
125.0,116.429085
125.0,117.50689
125.0,118.24405
125.0,117.74658
125.0,118.58801
125.0,119.28074
125.0,119.10993
125.0,118.58718
125.0,118.42907
125.0,118.691925
125.0,119.00347
125.0,119.27629
125.0,119.17908
125.0,120.129745
125.0,120.406624
125.0,120.35136
125.0,119.603004
125.0,119.99235
125.0,119.4593
125.0,119.835594
125.0,119.177925
125.0,118.953545
125.0,119.08735
125.0,119.435936
125.0,119.61423
125.0,119.65038
125.0,120.15206
125.0,120.0095
125.0,118.49932
125.0,117.82839
125.0,118.910355
125.0,118.73367
125.0,116.40835
125.0,113.83678
125.0,116.20775
125.0,117.2996
125.0,115.31633
125.0,114.54554
125.0,117.207855
125.0,114.98118
125.0,115.9628
125.0,116.01519
125.0,118.527176
125.0,119.82389
125.0,120.00002
125.0,119.8849
125.0,120.265305
125.0,119.19112
125.0,117.49989
125.0,115.39217
125.0,112.498535
125.0,108.68279
125.0,109.33837
125.0,113.124115
125.0,113.68122
125.0,116.297905
125.0,118.77922
125.0,118.99522
125.0,119.072586
125.0,118.83017
125.0,119.372086
125.0,119.15209
125.0,119.32029
125.0,118.99732
125.0,118.948654
125.0,118.18766
125.0,117.215546
125.0,116.39312
125.0,115.18994
125.0,115.235756
125.0,115.05848
125.0,112.93266
125.0,93.68782
125.0,91.047745
124.0,91.104126
123.0,97.14584
122.0,97.44892
121.0,100.46811
120.0,98.29124
119.0,98.66224
118.0,97.600174
117.0,99.12839
116.0,103.40778
115.0,107.533615
114.0,106.69735
113.0,105.013504
112.0,104.723976
111.0,104.88733
110.0,103.12573
109.0,103.94208
108.0,100.47484
107.0,98.64566
106.0,100.58332
105.0,97.988785
104.0,97.92172
103.0,99.39114
102.0,99.999084
101.0,94.558266
100.0,92.002625
99.0,91.43951
98.0,91.967285
97.0,91.48279
96.0,92.881905
95.0,91.967606
94.0,91.953415
93.0,93.039635
92.0,91.17301
91.0,97.253
90.0,95.95497
89.0,99.66126
88.0,97.054276
87.0,98.16949
86.0,99.10718
85.0,104.48797
84.0,106.683624
83.0,105.73738
82.0,98.980515
81.0,95.71023
80.0,94.99439
79.0,90.08524
78.0,83.269226
77.0,88.75048
76.0,90.2282
75.0,90.28496
74.0,89.190605
73.0,92.11406
72.0,90.90976
71.0,81.2663
70.0,83.431786
69.0,79.10532
68.0,77.74724
67.0,79.656204
66.0,72.85085
65.0,68.14305
64.0,68.61596
63.0,70.43433
62.0,69.45247
61.0,77.40238
60.0,72.53769
59.0,69.54139
58.0,71.76485
57.0,72.30955
56.0,70.38196
55.0,70.47869
54.0,68.2404
53.0,71.72506
52.0,67.47736
51.0,62.12673
50.0,61.496696
49.0,54.74165
48.0,47.165245
47.0,49.154
46.0,51.558495
45.0,54.72409
44.0,54.114662
43.0,53.88478
42.0,52.307957
41.0,49.510986
40.0,49.66455
39.0,47.557487
38.0,45.219242
37.0,43.886436
36.0,38.912235
35.0,40.0085
125.0,117.84579
125.0,115.32736
125.0,117.14385
125.0,117.33352
125.0,117.94128
125.0,116.743515
125.0,117.724686
125.0,117.41954
125.0,117.98778
125.0,118.41175
125.0,117.759865
125.0,117.88881
125.0,116.21672
125.0,118.45772
124.0,119.052666
123.0,119.481255
122.0,118.57942
121.0,118.01909
120.0,118.06199
119.0,118.40285
118.0,118.80673
117.0,118.825645
116.0,118.95873
115.0,119.22687
114.0,119.15637
113.0,119.84841
112.0,119.824615
111.0,119.84031
110.0,120.04305
109.0,119.64275
108.0,119.747925
107.0,118.945724
106.0,119.41208
105.0,120.08089
104.0,120.35846
103.0,119.683136
102.0,119.45354
101.0,119.083626
100.0,118.83768
99.0,117.904526
98.0,117.50684
97.0,114.91099
96.0,110.93389
95.0,114.32694
94.0,115.00959
93.0,112.22763
92.0,107.51365
91.0,105.30482
90.0,106.35138
89.0,103.17334
88.0,103.94745
87.0,102.75546
86.0,105.963036
85.0,111.30652
84.0,106.50347
83.0,108.70342
82.0,107.16388
81.0,109.0658
80.0,108.52396
79.0,110.25446
78.0,113.097786
77.0,110.422424
76.0,107.934105
75.0,106.577995
74.0,106.02558
73.0,104.61545
72.0,103.4334
71.0,96.05423
70.0,97.67293
69.0,95.16255
68.0,94.822365
67.0,90.76221
66.0,91.422554
65.0,99.2971
64.0,96.70854
63.0,92.7645
62.0,92.91654
61.0,99.74004
60.0,99.59787
59.0,99.321335
58.0,97.784706
57.0,100.03525
56.0,100.233894
55.0,105.10585
54.0,102.15957
53.0,97.52475
52.0,101.27188
51.0,98.18432
50.0,97.153824
49.0,95.53757
48.0,95.85193
47.0,96.749146
46.0,93.72669
45.0,83.87702
44.0,77.79271
43.0,76.04899
42.0,73.94072
41.0,66.156715
40.0,60.41117
39.0,64.12424
38.0,59.35455
37.0,57.85985
36.0,56.56574
35.0,57.73378
34.0,56.317307
33.0,54.783993
32.0,58.854774
31.0,55.20381
30.0,58.897472
29.0,55.824257
28.0,53.16136
27.0,49.921757
26.0,43.58954
25.0,40.78816
24.0,42.1072
23.0,39.666214
22.0,40.09559
21.0,36.846764
20.0,34.797436
19.0,36.246994
18.0,37.52946
17.0,38.51182
16.0,40.619614
15.0,37.693783
14.0,35.718346
13.0,35.13122
12.0,34.585827
11.0,32.501278
10.0,31.842426
9.0,30.233248
8.0,27.947824
125.0,125.25907
125.0,125.11985
125.0,125.3044
125.0,124.6971
125.0,124.2792
125.0,124.305275
125.0,123.823166
125.0,123.59033
125.0,123.21886
125.0,122.87515
125.0,123.00238
125.0,123.237305
125.0,123.37865
125.0,122.84391
125.0,122.74645
125.0,122.40583
125.0,122.58779
125.0,122.82076
125.0,123.52673
125.0,123.40641
125.0,124.08688
125.0,124.39421
125.0,124.60296
125.0,124.69913
125.0,124.9062
125.0,125.399994
125.0,125.98865
125.0,126.63469
125.0,126.51192
125.0,126.47005
125.0,126.36487
125.0,126.22952
125.0,126.02489
125.0,125.92342
125.0,125.257195
125.0,125.35178
125.0,124.80767
125.0,124.5147
125.0,124.06814
125.0,124.173904
125.0,123.722496
125.0,123.49442
125.0,122.799545
125.0,122.9488
125.0,123.12768
125.0,123.3286
125.0,123.91792
125.0,124.62826
125.0,125.16467
125.0,125.06055
125.0,124.91603
125.0,125.05248
125.0,125.549164
125.0,125.50023
125.0,125.421585
125.0,125.6084
125.0,125.7171
125.0,125.538605
125.0,125.729904
125.0,125.75418
125.0,125.945465
125.0,125.27447
125.0,124.52962
125.0,124.68666
125.0,124.51215
125.0,125.20492
125.0,125.26524
125.0,125.506294
125.0,125.30421
125.0,125.7005
125.0,125.51047
125.0,125.300896
125.0,125.082794
125.0,124.882805
125.0,125.10017
125.0,125.09571
125.0,124.65111
125.0,124.33061
125.0,124.4214
125.0,124.27805
125.0,124.34997
125.0,124.46146
125.0,124.59102
125.0,124.81445
125.0,125.05805
125.0,125.29692
125.0,125.142845
125.0,124.944664
125.0,125.01443
125.0,124.915215
125.0,125.15911
125.0,124.59524
125.0,123.95871
125.0,124.26691
125.0,124.340004
125.0,124.85822
125.0,124.42254
125.0,124.49043
125.0,124.17963
125.0,123.747734
125.0,123.7322
125.0,123.25223
125.0,123.29677
125.0,123.1909
125.0,123.264435
125.0,123.38307
125.0,122.98554
125.0,122.31235
125.0,115.373924
125.0,111.53428
125.0,112.25979
125.0,107.5678
125.0,107.699394
125.0,104.17935
125.0,98.73217
125.0,94.76228
125.0,98.34652
125.0,95.24761
125.0,99.17079
125.0,98.16587
125.0,100.70797
125.0,108.6735
125.0,110.51525
125.0,111.73974
125.0,115.48265
125.0,116.033615
125.0,116.40592
125.0,117.40297
125.0,117.44259
125.0,117.30793
125.0,117.05159
124.0,116.57971
123.0,116.7496
122.0,116.78703
121.0,117.89854
120.0,117.57164
119.0,117.47483
118.0,117.281006
117.0,117.46331
116.0,116.7514
115.0,116.31423
114.0,115.33761
113.0,111.839264
112.0,109.90332
111.0,105.785805
110.0,103.19285
109.0,100.06076
108.0,103.13612
107.0,99.94681
106.0,96.85141
105.0,98.0618
104.0,100.76155
103.0,102.24461
102.0,106.64666
101.0,110.35933
100.0,109.979675
99.0,109.595375
98.0,115.73751
97.0,116.43666
96.0,115.92133
95.0,112.313705
94.0,113.01356
93.0,110.7517
92.0,111.76469
91.0,109.64119
90.0,107.9436
89.0,103.45589
88.0,102.4851
87.0,103.469536
86.0,102.50317
85.0,99.6701
84.0,96.79182
83.0,87.34129
82.0,93.01527
81.0,92.6488
80.0,91.23089
79.0,88.573204
78.0,88.64026
77.0,86.6696
76.0,86.80778
75.0,89.943565
74.0,95.590454
73.0,99.14751
72.0,97.43029
71.0,96.38694
70.0,96.91617
69.0,93.22435
68.0,98.7717
67.0,98.33635
66.0,95.115234
65.0,91.25331
64.0,91.04106
63.0,81.803055
62.0,81.84844
61.0,82.839645
60.0,83.858536
59.0,79.01153
58.0,83.688324
57.0,82.803696
56.0,83.42758
55.0,79.68479
54.0,81.32218
53.0,73.47537
52.0,75.62958
51.0,74.53684
50.0,77.525566
49.0,82.42493
48.0,70.8809
47.0,63.953995
46.0,55.625797
45.0,55.721386
44.0,56.56395
43.0,55.05049
42.0,55.23707
41.0,55.73862
40.0,51.76043
39.0,49.1173
38.0,45.953907
37.0,45.828827
36.0,46.10644
35.0,46.13445
34.0,40.596245
33.0,38.569294
32.0,35.296486
31.0,32.403343
30.0,30.128607
29.0,28.474346
28.0,28.143576
27.0,27.713419
26.0,27.84929
25.0,26.428661
24.0,26.65913
23.0,25.13868
22.0,24.447353
21.0,24.043106
20.0,23.471853
19.0,23.16658
18.0,20.60159
17.0,17.476295
16.0,16.362652
15.0,15.730944
14.0,16.552444
13.0,16.130451
12.0,17.275654
11.0,14.976848
10.0,14.064047
9.0,13.508126
8.0,11.870908
7.0,11.497404
125.0,109.510796
125.0,107.51663
125.0,109.09162
125.0,109.4454
125.0,105.34136
125.0,104.304924
125.0,107.42292
125.0,108.01567
125.0,105.80745
125.0,104.641464
125.0,104.42568
125.0,101.44904
125.0,107.14606
125.0,105.77644
125.0,106.54656
125.0,106.10435
125.0,97.01033
125.0,100.343376
125.0,99.27617
125.0,96.44404
125.0,96.982796
125.0,98.86129
125.0,101.312325
125.0,101.80333
125.0,101.95565
125.0,103.3251
125.0,108.13254
125.0,111.217606
124.0,110.16246
123.0,110.22299
122.0,105.11938
121.0,102.11179
120.0,105.23145
119.0,109.937965
118.0,112.14534
117.0,112.2947
116.0,114.01287
115.0,113.74228
114.0,113.578064
113.0,113.19584
112.0,112.49322
111.0,113.999306
110.0,114.58602
109.0,114.26481
108.0,113.81461
107.0,113.09832
106.0,110.36348
105.0,113.58591
104.0,113.543365
103.0,112.42516
102.0,107.03975
101.0,106.17672
100.0,103.93485
99.0,101.389114
98.0,93.84312
97.0,85.66881
96.0,82.24371
95.0,80.539
94.0,78.80661
93.0,74.87574
92.0,79.39668
91.0,76.49429
90.0,80.03493
89.0,83.80172
88.0,87.27436
87.0,88.95045
86.0,91.23785
85.0,89.331406
84.0,92.37208
83.0,95.08832
82.0,95.23873
81.0,99.13265
80.0,101.86156
79.0,100.95637
78.0,100.47442
77.0,99.93056
76.0,98.66955
75.0,99.06103
74.0,96.773926
73.0,91.19828
72.0,94.34234
71.0,88.805595
70.0,81.00484
69.0,79.22029
68.0,80.95888
67.0,79.852936
66.0,75.94996
65.0,75.81112
64.0,79.0222
63.0,79.629585
62.0,76.36877
61.0,82.46533
60.0,72.71819
59.0,74.1864
58.0,67.90813
57.0,68.25711
56.0,64.602455
55.0,56.92073
54.0,49.636692
53.0,45.21703
52.0,41.029892
51.0,39.757587
50.0,37.310207
49.0,33.53653
48.0,36.861217
47.0,36.73447
46.0,39.427498
45.0,39.952988
44.0,42.23214
43.0,42.4221
42.0,43.133453
41.0,40.826866
40.0,39.116993
39.0,35.810432
38.0,36.896057
37.0,30.809507
36.0,30.148453
35.0,28.327728
34.0,29.834217
33.0,28.989063
32.0,29.232838
31.0,29.66945
30.0,27.563885
29.0,25.506788
28.0,21.817898
27.0,19.64153
26.0,19.525354
25.0,19.38878
24.0,17.18173
23.0,17.119293
125.0,122.00409
125.0,122.29192
125.0,122.376144
125.0,122.531456
125.0,123.280655
125.0,123.388885
125.0,123.72008
125.0,123.874825
125.0,124.28553
125.0,123.63694
125.0,122.8987
125.0,122.16057
125.0,122.6615
125.0,122.00433
125.0,122.59738
125.0,122.622154
125.0,123.194084
125.0,123.752144
125.0,123.33435
125.0,123.18341
125.0,123.265656
125.0,123.515785
125.0,123.44082
125.0,122.97849
125.0,122.99201
125.0,122.268326
125.0,122.23048
125.0,121.497635
125.0,121.478714
125.0,121.67345
125.0,121.00407
125.0,120.778206
125.0,121.359566
125.0,121.308426
125.0,121.854515
125.0,121.36717
125.0,120.88899
125.0,121.191284
125.0,121.26556
125.0,120.47407
125.0,119.975716
125.0,120.185715
125.0,119.472084
125.0,118.422356
125.0,118.79372
125.0,118.98089
125.0,119.633736
125.0,119.988495
125.0,119.96704
125.0,120.62501
125.0,121.2236
124.0,121.33936
123.0,121.45199
122.0,120.99622
121.0,121.697845
120.0,121.49144
119.0,120.91493
118.0,120.314545
117.0,120.48597
116.0,119.994705
115.0,120.30293
114.0,120.68272
113.0,120.60472
112.0,120.44947
111.0,120.560074
110.0,120.66347
109.0,119.63469
108.0,120.01721
107.0,120.24398
106.0,120.17803
105.0,120.127556
104.0,119.66142
103.0,119.20948
102.0,119.368614
101.0,118.037125
100.0,116.33643
99.0,118.097755
98.0,118.47136
97.0,119.99899
96.0,119.81992
95.0,119.61727
94.0,120.93795
93.0,120.866455
92.0,121.05565
91.0,121.13707
90.0,121.04544
89.0,120.41235
88.0,119.92763
87.0,119.82234
86.0,118.520294
85.0,118.25001
84.0,117.70335
125.0,127.26163
125.0,127.32461
125.0,127.44163
125.0,127.43135
125.0,127.26745
125.0,127.326515
125.0,127.57315
125.0,127.80708
125.0,127.57342
125.0,127.76561
125.0,127.64649
125.0,127.35504
125.0,127.29235
125.0,127.41846
125.0,127.30619
125.0,127.124504
125.0,127.17675
125.0,127.02878
125.0,126.37657
125.0,125.68413
125.0,125.82177
125.0,126.2904
125.0,126.499756
125.0,126.553894
125.0,126.6285
125.0,126.54525
125.0,126.9967
125.0,127.083
125.0,127.113495
125.0,127.11356
125.0,127.24376
125.0,127.27882
125.0,126.983315
125.0,127.05448
125.0,126.978455
125.0,126.78808
125.0,126.97987
125.0,127.14089
125.0,127.30964
125.0,127.79835
125.0,127.735855
125.0,127.25647
125.0,127.18895
125.0,127.29098
125.0,127.006546
125.0,127.02739
125.0,126.95067
125.0,126.75692
125.0,126.76084
125.0,126.28699
125.0,126.40295
125.0,126.394135
125.0,126.5333
125.0,126.90987
125.0,126.86118
125.0,127.02054
125.0,127.34276
125.0,127.1483
125.0,127.05277
125.0,127.4157
125.0,127.565056
125.0,127.423195
125.0,127.05092
125.0,127.03525
125.0,126.81997
125.0,126.73475
125.0,126.93411
125.0,127.07582
125.0,126.8581
125.0,126.581665
125.0,126.62689
125.0,126.687225
125.0,126.61706
125.0,126.46056
125.0,126.712845
125.0,127.02909
125.0,126.80723
125.0,126.8875
125.0,126.70955
125.0,126.35368
125.0,126.361694
125.0,125.78431
125.0,125.46913
125.0,126.0114
125.0,125.49369
125.0,125.555244
125.0,125.242966
125.0,125.3028
125.0,125.18595
125.0,126.068306
125.0,126.09978
125.0,126.087265
125.0,126.18829
125.0,126.73777
125.0,126.619995
125.0,126.32908
125.0,126.771
125.0,126.31151
125.0,125.58268
125.0,125.55377
125.0,125.70464
125.0,125.809845
125.0,126.16114
125.0,125.8799
125.0,125.87669
125.0,126.37881
125.0,126.649734
125.0,126.450134
125.0,126.618576
125.0,126.93144
125.0,127.20719
125.0,127.10723
125.0,127.02895
125.0,127.34449
125.0,127.0456
125.0,127.1932
125.0,126.86936
125.0,126.86548
125.0,126.25527
125.0,126.172035
125.0,126.146706
125.0,125.97351
125.0,125.9166
125.0,125.67545
125.0,125.73289
125.0,124.79529
125.0,124.8571
125.0,124.48667
125.0,124.00181
125.0,124.79563
125.0,124.96937
125.0,124.84111
125.0,124.21582
125.0,124.31795
125.0,124.13658
125.0,124.108894
125.0,124.33127
125.0,124.16694
125.0,124.40182
125.0,124.799225
125.0,125.29047
125.0,125.234795
125.0,125.69468
125.0,125.746994
125.0,125.919716
125.0,125.83524
125.0,125.96656
125.0,126.39533
125.0,126.057434
125.0,125.31271
125.0,125.40053
125.0,125.27102
125.0,125.221725
125.0,124.89025
125.0,124.920975
125.0,124.40616
125.0,124.289536
125.0,123.90138
125.0,123.77258
125.0,124.17166
125.0,124.740944
125.0,125.44405
125.0,124.965385
125.0,125.12051
125.0,125.09257
125.0,125.10197
125.0,125.1284
125.0,125.07364
125.0,125.48775
125.0,125.28557
125.0,125.58476
125.0,125.6475
125.0,125.69454
125.0,125.3556
125.0,125.32863
125.0,124.555466
125.0,124.142166
125.0,124.802
125.0,124.88
125.0,124.51994
125.0,125.00335
125.0,124.80676
125.0,125.01712
125.0,125.30655
125.0,125.22693
124.0,124.77227
123.0,124.44802
122.0,123.79384
121.0,123.647415
120.0,123.19453
119.0,122.93068
118.0,123.286766
117.0,123.41878
116.0,123.47922
115.0,123.51816
114.0,123.025246
113.0,122.77587
112.0,122.27984
111.0,121.774124
110.0,121.00723
109.0,120.87093
108.0,120.89432
107.0,120.79812
106.0,120.7319
105.0,120.29742
104.0,120.511765
103.0,120.01833
102.0,120.34721
101.0,120.307365
100.0,120.490906
99.0,120.8963
98.0,120.95589
97.0,120.64269
96.0,120.4374
95.0,119.36422
94.0,117.7314
93.0,111.97461
92.0,111.3958
91.0,111.98823
90.0,110.46663
89.0,109.53196
88.0,109.57396
87.0,109.84366
86.0,114.48416
85.0,113.14
84.0,108.74954
83.0,108.81757
125.0,97.183304
125.0,99.63284
125.0,101.24408
125.0,109.339355
125.0,116.08846
125.0,116.87786
125.0,117.702934
125.0,118.40249
125.0,117.93488
125.0,118.448494
125.0,118.00802
125.0,117.71399
125.0,117.82344
125.0,118.68999
125.0,118.807915
125.0,119.199036
125.0,119.19836
125.0,117.74901
125.0,117.33421
125.0,114.66944
125.0,109.75662
125.0,107.656494
125.0,104.868515
125.0,98.50785
125.0,89.037254
125.0,90.04246
125.0,86.795586
125.0,79.46113
125.0,75.11096
124.0,73.476555
123.0,78.75859
122.0,80.15842
121.0,79.190414
120.0,87.71588
119.0,88.78691
118.0,93.96089
117.0,99.3027
116.0,100.62125
115.0,104.01753
114.0,105.404854
113.0,110.69976
112.0,111.29335
111.0,111.21803
110.0,110.05853
109.0,110.08966
108.0,107.70842
107.0,105.5127
106.0,103.083015
105.0,101.28751
104.0,95.86384
103.0,95.10755
102.0,90.447525
101.0,89.95775
100.0,89.243996
99.0,89.92987
98.0,85.76767
97.0,81.97197
96.0,82.18156
95.0,85.75186
94.0,86.33661
93.0,88.11486
92.0,89.9483
91.0,83.60261
90.0,84.79841
89.0,81.948326
88.0,85.18499
87.0,89.899254
86.0,91.075615
85.0,91.30905
125.0,118.67441
125.0,117.90322
125.0,118.270096
125.0,117.380135
125.0,115.66518
125.0,113.89294
125.0,114.75972
125.0,113.53893
125.0,117.59594
125.0,116.9723
125.0,118.00781
125.0,118.83946
125.0,119.446754
125.0,119.41716
125.0,119.78055
125.0,120.08007
125.0,120.36739
125.0,120.377335
125.0,119.52257
125.0,119.00467
125.0,119.595406
125.0,120.248566
125.0,121.06874
125.0,121.317535
125.0,122.57377
125.0,122.36206
125.0,122.29224
125.0,122.04319
125.0,121.09053
125.0,120.47721
125.0,120.37174
125.0,120.83344
125.0,120.49018
125.0,120.33789
125.0,120.344955
125.0,120.006874
125.0,120.53852
125.0,119.82011
125.0,119.2541
125.0,118.60882
125.0,118.64337
125.0,118.304054
125.0,118.46131
125.0,115.94827
125.0,112.43918
125.0,113.9358
125.0,115.301544
125.0,107.897446
125.0,108.0993
125.0,106.15583
125.0,101.80044
125.0,98.065
125.0,95.022766
125.0,97.752655
125.0,104.86273
125.0,101.5898
125.0,102.19002
125.0,98.402176
125.0,89.06351
125.0,87.85359
125.0,83.76232
125.0,90.66057
125.0,95.657104
124.0,92.22132
123.0,95.73794
122.0,101.28465
121.0,100.852356
120.0,113.50879
119.0,115.75433
118.0,116.79379
117.0,117.61492
116.0,118.34554
115.0,119.025375
114.0,119.96139
113.0,119.866005
112.0,120.75793
111.0,120.10271
110.0,120.02454
109.0,120.09755
108.0,119.48482
107.0,118.946266
106.0,118.149254
105.0,118.52916
104.0,119.28655
103.0,119.009445
102.0,118.73846
101.0,118.1712
100.0,116.50554
99.0,115.00177
98.0,113.31483
97.0,107.02652
96.0,108.39504
125.0,124.31042
125.0,124.74957
125.0,124.45134
125.0,124.83336
125.0,125.20297
125.0,124.94824
125.0,124.92673
125.0,124.52207
125.0,124.67216
125.0,124.3963
125.0,124.13163
125.0,123.97058
125.0,123.95971
125.0,123.85541
125.0,123.68993
125.0,124.04445
125.0,123.869606
125.0,124.496635
125.0,124.16185
125.0,124.24883
125.0,124.48175
125.0,124.52297
125.0,124.27491
125.0,124.17032
125.0,124.714005
125.0,124.549286
125.0,124.39277
125.0,124.12362
125.0,123.79038
125.0,123.13141
125.0,123.221695
125.0,123.29178
125.0,123.57029
125.0,123.4533
125.0,123.70877
125.0,123.99577
125.0,124.505295
125.0,124.85228
125.0,125.14299
125.0,125.0923
125.0,124.62187
125.0,124.448135
125.0,124.53289
125.0,124.496735
125.0,124.09411
125.0,124.51735
125.0,123.66067
125.0,124.186516
125.0,123.347015
125.0,123.43266
125.0,123.69789
125.0,123.657364
125.0,123.49454
125.0,123.3001
125.0,123.576706
125.0,123.560905
125.0,122.77722
125.0,122.59144
125.0,122.638145
125.0,122.458534
125.0,122.67383
125.0,122.951385
125.0,122.55065
125.0,121.79947
125.0,121.44223
125.0,121.092354
125.0,121.243965
125.0,120.87408
125.0,120.5011
125.0,120.91565
125.0,121.43794
125.0,122.26078
125.0,122.71601
125.0,122.60167
125.0,122.97415
125.0,123.038734
125.0,122.95347
125.0,123.2526
125.0,123.02663
125.0,122.96653
125.0,123.03171
125.0,122.88909
125.0,123.287735
125.0,122.92741
125.0,123.10187
125.0,123.13481
125.0,122.95286
125.0,122.92525
125.0,123.452545
125.0,123.372345
125.0,123.31453
125.0,123.08483
125.0,122.55989
125.0,121.7663
125.0,121.09965
125.0,120.86083
125.0,121.20343
125.0,120.66031
125.0,120.29906
125.0,120.48602
125.0,120.34377
125.0,120.763626
125.0,120.44082
125.0,120.96344
125.0,121.892746
125.0,122.35376
125.0,122.9158
125.0,122.81497
125.0,122.47992
125.0,122.96699
125.0,122.83161
125.0,122.77134
125.0,122.68542
125.0,122.41343
125.0,122.693924
125.0,122.28797
125.0,122.82438
125.0,122.28475
125.0,122.880135
125.0,122.959076
125.0,123.33594
125.0,123.05116
125.0,122.99211
125.0,122.97751
125.0,122.85656
125.0,122.76425
125.0,121.97191
125.0,121.771065
125.0,121.72793
125.0,122.13349
125.0,121.82295
125.0,121.75128
125.0,121.27834
125.0,121.90172
125.0,122.44975
124.0,122.48194
123.0,122.86143
122.0,122.43106
121.0,121.93631
120.0,121.60715
119.0,120.838936
118.0,120.30265
117.0,119.48118
116.0,119.68659
115.0,119.37943
114.0,118.385925
113.0,112.457756
112.0,108.24998
105.0,120.451675
104.0,120.55638
103.0,120.87095
102.0,120.23737
101.0,119.494644
100.0,118.80615
99.0,118.91432
98.0,118.41411
97.0,117.58995
96.0,117.7112
95.0,116.54355
94.0,117.32838
93.0,117.92543
92.0,117.99146
91.0,118.44292
90.0,117.4002
89.0,115.20322
88.0,108.59367
87.0,110.0664
86.0,110.65297
85.0,112.23455
84.0,112.73351
83.0,108.88773
82.0,109.02947
81.0,110.920204
80.0,113.11437
79.0,113.86975
78.0,113.377525
77.0,110.702095
76.0,110.68992
75.0,113.03075
74.0,112.23229
73.0,115.047295
125.0,114.341484
125.0,107.02086
125.0,108.088936
125.0,106.0004
125.0,110.66869
125.0,111.367714
125.0,118.64158
125.0,119.14396
125.0,120.32853
125.0,121.4316
125.0,121.47433
125.0,121.84635
125.0,121.1628
125.0,121.14876
125.0,121.97329
125.0,122.93745
125.0,123.56386
125.0,123.7416
125.0,122.98204
125.0,123.18216
125.0,123.15962
125.0,122.998955
125.0,123.35774
125.0,123.27525
125.0,123.053986
125.0,123.07295
125.0,123.01343
125.0,121.99019
125.0,121.35817
125.0,121.264366
125.0,121.6634
125.0,121.930626
125.0,122.10002
125.0,122.69125
125.0,122.20645
125.0,121.05216
125.0,121.04131
125.0,120.76741
125.0,120.43217
125.0,119.79938
125.0,117.941086
125.0,113.3521
125.0,111.44432
125.0,112.424255
125.0,113.84524
125.0,114.2107
125.0,119.81979
125.0,119.790985
125.0,119.71719
125.0,120.39064
125.0,120.49546
125.0,118.90085
125.0,117.784874
125.0,117.36821
124.0,113.7777
123.0,112.80046
122.0,118.02088
121.0,119.587906
120.0,118.103806
119.0,119.18905
118.0,119.28952
117.0,119.12039
116.0,119.33427
115.0,120.09427
114.0,119.70326
113.0,117.85959
112.0,117.70688
111.0,117.00852
110.0,118.75759
125.0,112.91498
125.0,114.8963
125.0,113.621475
125.0,113.953926
125.0,115.80536
125.0,116.159515
125.0,116.18905
124.0,115.56216
123.0,115.98684
122.0,113.88638
121.0,112.522026
120.0,112.23593
119.0,111.69881
118.0,116.17024
117.0,116.66418
116.0,116.89541
115.0,117.24841
114.0,116.882545
113.0,116.127686
112.0,115.96589
111.0,116.27979
110.0,115.69741
109.0,116.848114
108.0,116.27452
107.0,116.61114
106.0,116.09177
105.0,115.524666
104.0,114.48966
103.0,112.95383
102.0,112.95447
101.0,113.50031
100.0,113.18364
99.0,107.310814
98.0,104.336685
97.0,95.002014
96.0,91.651276
95.0,89.61546
94.0,93.541176
93.0,91.00382
92.0,92.37593
91.0,87.943924
90.0,87.47649
89.0,93.96539
88.0,96.72371
125.0,120.28201
125.0,120.19955
125.0,120.918915
125.0,120.58313
125.0,118.60405
125.0,119.13463
125.0,120.22625
125.0,120.93307
125.0,121.61491
125.0,121.7473
125.0,121.36392
125.0,121.910675
125.0,121.23238
125.0,120.701775
125.0,120.30858
125.0,119.93745
125.0,119.93557
125.0,119.5803
125.0,118.99299
125.0,119.58746
125.0,119.51998
125.0,119.96177
125.0,120.709404
125.0,120.737404
125.0,120.601715
125.0,120.52312
125.0,120.47542
125.0,120.447426
125.0,121.35893
125.0,121.54141
125.0,122.42706
125.0,122.171776
125.0,122.02174
125.0,121.66693
125.0,122.274
125.0,122.74633
125.0,122.56144
125.0,122.69406
125.0,123.21931
125.0,122.82026
125.0,123.0323
125.0,123.69561
125.0,123.57022
125.0,123.23144
125.0,122.826065
125.0,122.102844
125.0,122.10258
125.0,122.11998
125.0,122.10771
125.0,121.445404
125.0,120.94866
125.0,120.88465
125.0,120.594536
125.0,120.6166
125.0,120.41627
125.0,120.57219
125.0,120.31614
125.0,120.74666
125.0,120.92679
125.0,121.09975
125.0,121.103096
125.0,121.14337
125.0,121.41897
125.0,121.11562
125.0,121.89129
125.0,122.00948
125.0,122.69661
125.0,123.53315
125.0,123.87313
125.0,123.00266
125.0,122.90478
125.0,123.143036
125.0,122.40507
125.0,121.92296
125.0,121.377426
125.0,120.853516
125.0,121.01514
125.0,120.84107
125.0,120.90548
125.0,121.07776
125.0,121.24707
125.0,121.06018
125.0,120.64612
125.0,120.67418
125.0,120.700424
125.0,121.33444
125.0,120.398506
125.0,119.77437
125.0,119.12277
125.0,119.37858
125.0,118.97655
125.0,119.13474
125.0,119.33452
125.0,119.59874
125.0,120.636795
125.0,120.978264
125.0,121.3553
125.0,121.48107
125.0,122.13941
125.0,121.57893
125.0,121.176
125.0,121.75842
125.0,120.95884
125.0,120.62198
125.0,120.404755
125.0,120.12435
125.0,120.476036
125.0,119.8016
125.0,120.45781
125.0,121.399605
125.0,122.19607
125.0,122.597664
125.0,123.06204
125.0,123.255196
125.0,123.08843
125.0,122.81185
125.0,122.234665
125.0,121.499344
125.0,121.30954
125.0,121.64639
125.0,121.55029
125.0,121.00344
125.0,120.53661
125.0,120.63338
125.0,120.50228
125.0,121.13778
125.0,120.77447
125.0,120.401085
125.0,120.67887
125.0,120.519936
125.0,120.45687
125.0,119.73708
125.0,118.85755
125.0,117.25479
125.0,115.148964
125.0,113.663315
125.0,110.643524
125.0,107.819855
125.0,116.89329
125.0,116.728516
125.0,115.142494
125.0,117.42129
125.0,117.24833
125.0,118.68675
125.0,119.330215
125.0,120.17218
125.0,120.28207
125.0,120.69769
125.0,120.93251
125.0,121.23484
125.0,121.36403
125.0,121.25273
125.0,121.17412
125.0,121.77673
125.0,121.10174
125.0,121.77387
125.0,121.91939
125.0,122.19259
125.0,122.30767
125.0,122.59312
125.0,122.23598
125.0,121.19797
125.0,120.9316
125.0,120.70629
125.0,120.499504
125.0,119.95588
125.0,120.0854
125.0,119.585976
125.0,120.87235
125.0,120.93455
125.0,120.23023
125.0,120.78542
125.0,121.586296
125.0,121.908905
125.0,121.90397
125.0,122.30525
125.0,121.68719
125.0,121.44601
125.0,121.135475
125.0,120.77048
125.0,120.32181
125.0,120.38645
125.0,120.37172
125.0,120.76909
125.0,120.795815
125.0,120.59347
125.0,120.10418
125.0,120.45774
125.0,120.59998
125.0,120.08124
125.0,119.49606
125.0,119.49715
125.0,118.85558
125.0,119.26196
125.0,118.5731
125.0,117.91794
125.0,118.55962
125.0,119.36022
125.0,119.74798
125.0,120.32093
125.0,120.32128
125.0,120.99856
125.0,121.21601
125.0,120.42785
125.0,119.784836
125.0,119.52117
125.0,119.654205
125.0,119.566414
125.0,119.07514
125.0,119.32305
125.0,119.8801
125.0,120.56526
125.0,121.291115
125.0,122.30981
125.0,122.46731
125.0,121.33186
125.0,120.7536
125.0,119.73536
125.0,119.44749
125.0,115.73457
125.0,113.713844
125.0,113.558784
125.0,107.54187
125.0,110.0599
125.0,107.3059
125.0,109.33689
125.0,110.32475
125.0,110.30501
125.0,113.21962
125.0,117.83109
125.0,118.906006
125.0,120.34592
125.0,121.593994
125.0,121.92995
125.0,122.24641
125.0,121.70419
125.0,122.30797
125.0,122.22898
125.0,122.3862
125.0,122.752625
125.0,123.318855
125.0,123.40866
125.0,123.39869
125.0,123.896454
125.0,123.38811
125.0,122.838326
125.0,123.10302
125.0,122.102005
125.0,120.79374
125.0,119.19137
125.0,118.54516
125.0,113.395065
125.0,107.800156
125.0,107.441864
125.0,107.45093
125.0,107.35836
125.0,104.24608
125.0,96.10848
125.0,95.376495
125.0,94.10185
125.0,94.384056
125.0,93.01822
125.0,97.08677
125.0,98.81873
125.0,102.50648
125.0,103.1497
125.0,109.42452
125.0,112.717026
125.0,114.63506
125.0,118.1099
125.0,119.674416
125.0,119.8339
125.0,119.71484
125.0,120.05587
125.0,120.11254
125.0,121.08843
125.0,121.16607
125.0,121.45186
125.0,121.45233
125.0,120.667915
125.0,120.50499
125.0,119.78753
125.0,120.03548
125.0,119.33155
125.0,119.610176
125.0,119.54382
125.0,119.26864
125.0,120.27185
125.0,119.884926
125.0,119.73591
125.0,120.15095
125.0,120.57587
125.0,120.401535
125.0,120.33501
125.0,119.92287
125.0,119.07473
125.0,117.289635
125.0,114.133385
125.0,113.593254
125.0,114.645325
125.0,118.72218
125.0,114.73748
125.0,109.92734
125.0,112.63031
125.0,108.692406
125.0,106.90683
125.0,104.83223
125.0,97.51436
125.0,97.15701
125.0,102.35378
125.0,99.03418
125.0,98.92507
125.0,97.73798
125.0,101.808815
125.0,107.75187
125.0,105.927956
125.0,106.17234
125.0,108.82509
125.0,111.89866
125.0,108.444
125.0,109.66806
125.0,110.92744
125.0,111.2097
125.0,114.03407
125.0,114.70996
125.0,114.186325
125.0,113.25283
125.0,108.31041
125.0,112.67328
125.0,110.04113
125.0,109.64794
125.0,100.96781
125.0,99.19567
125.0,96.04197
125.0,95.44821
125.0,96.5249
125.0,93.54227
125.0,90.340675
125.0,90.93093
125.0,91.70729
125.0,90.10084
125.0,90.25959
125.0,87.76049
125.0,95.269135
125.0,93.91896
125.0,89.30167
125.0,88.85466
114.0,116.18424
113.0,115.40274
112.0,115.04439
111.0,115.823555
110.0,116.53108
109.0,116.6545
108.0,117.27943
107.0,115.34917
106.0,116.52725
105.0,117.6928
104.0,117.93965
103.0,116.180466
102.0,117.25715
101.0,117.73354
100.0,117.387665
99.0,116.88651
98.0,118.397446
97.0,118.99547
96.0,118.986176
95.0,118.43955
94.0,118.45939
93.0,117.643265
92.0,117.53289
91.0,112.651695
90.0,113.74558
89.0,112.57364
88.0,110.50291
87.0,111.58401
86.0,114.50148
85.0,116.19345
84.0,116.93429
83.0,117.57478
82.0,118.63488
81.0,118.766754
80.0,118.60858
79.0,118.04164
78.0,117.08542
77.0,113.38061
76.0,116.10625
75.0,116.52489
74.0,115.379364
73.0,113.17178
72.0,107.966515
71.0,107.755356
70.0,109.40328
69.0,110.2879
68.0,105.60026
67.0,103.86284
66.0,96.7345
65.0,96.43624
64.0,94.28752
63.0,89.8819
62.0,95.718445
61.0,94.52783
60.0,92.75075
59.0,90.70305
58.0,95.12372
57.0,93.71568
56.0,97.60267
55.0,100.45756
54.0,100.32153
53.0,101.7719
52.0,103.35558
51.0,99.92297
50.0,95.83351
49.0,95.21397
48.0,95.05393
47.0,92.46098
46.0,96.288025
45.0,91.25692
44.0,83.49821
43.0,77.27328
42.0,70.92291
41.0,63.925705
40.0,65.3356
39.0,61.85522
38.0,62.86575
37.0,59.879898
36.0,62.345684
35.0,59.31086
34.0,56.10491
33.0,56.59606
32.0,50.239937
31.0,51.22477
30.0,58.805264
29.0,59.428356
28.0,62.08655
27.0,52.178806
26.0,56.384937
25.0,47.13154
24.0,41.03969
23.0,42.494884
22.0,43.774323
21.0,43.36638
20.0,40.065758
19.0,34.2914
18.0,34.054092
17.0,34.450867
16.0,33.640774
15.0,31.093033
14.0,30.491411
13.0,29.965889
125.0,108.14088
125.0,108.961624
125.0,109.89277
125.0,110.76783
125.0,110.79219
124.0,107.294426
123.0,110.45128
122.0,108.077065
121.0,109.6571
120.0,112.56623
119.0,112.7655
118.0,110.01593
117.0,108.171074
116.0,104.95172
115.0,106.63711
114.0,110.626236
113.0,106.2706
112.0,110.47901
111.0,110.289696
110.0,110.15268
109.0,106.725204
108.0,109.20343
107.0,108.532234
106.0,106.719765
105.0,111.378494
104.0,112.46104
103.0,114.6438
102.0,114.45807
101.0,112.96823
100.0,114.24535
99.0,111.325584
98.0,112.74891
97.0,111.585754
96.0,110.767525
95.0,111.0847
94.0,108.68021
93.0,104.7499
92.0,96.3065
91.0,93.90436
90.0,99.4064
89.0,101.480576
88.0,99.10573
87.0,96.467674
86.0,96.44383
85.0,96.265945
84.0,101.56202
83.0,101.712036
82.0,101.74383
81.0,97.68689
80.0,95.854744
79.0,93.17851
78.0,97.29981
77.0,94.8161
76.0,91.45507
75.0,93.19499
74.0,92.15365
73.0,86.95004
72.0,91.99815
71.0,97.83723
70.0,100.32797
69.0,93.42212
68.0,93.055305
67.0,95.07772
66.0,93.13284
65.0,88.4792
64.0,88.60117
63.0,92.89438
62.0,91.06606
61.0,91.60168
60.0,95.18249
59.0,95.51858
58.0,98.285645
57.0,94.96774
56.0,89.3995
55.0,86.30633
54.0,86.05216
53.0,89.64209
52.0,85.47552
51.0,84.74882
50.0,78.551735
49.0,80.34739
48.0,68.915215
47.0,66.10657
46.0,60.50288
45.0,61.09315
44.0,61.03681
43.0,48.349857
42.0,45.27513
41.0,42.643375
40.0,44.0732
39.0,41.845055
38.0,40.246517
37.0,41.198833
36.0,38.60198
35.0,35.824665
34.0,37.326256
33.0,38.023888
32.0,35.394356
31.0,35.269714
30.0,33.08788
29.0,29.640795
28.0,30.72134
27.0,27.241335
26.0,29.093405
25.0,26.227127
24.0,24.47249
23.0,23.754517
22.0,21.263716
21.0,22.293701
20.0,18.382523
19.0,16.928204
18.0,17.026005
17.0,16.919518
16.0,16.863602
15.0,15.786536
14.0,13.863359
13.0,12.650236
12.0,12.123448
11.0,10.798657
10.0,11.030042
9.0,10.773485
115.0,118.853645
114.0,118.291176
113.0,118.952156
112.0,119.61734
111.0,119.93068
110.0,120.53283
109.0,120.53824
108.0,119.69247
107.0,119.823456
106.0,119.79957
105.0,118.576416
104.0,118.33417
103.0,118.7389
102.0,118.24507
101.0,116.72884
100.0,118.028046
99.0,116.37523
98.0,113.64186
97.0,117.14193
96.0,115.95998
95.0,113.82024
94.0,111.41081
93.0,112.38192
92.0,111.829414
91.0,114.815
90.0,116.75112
89.0,113.73766
88.0,117.38038
87.0,117.937
86.0,118.64191
85.0,118.59553
84.0,118.40305
83.0,119.39246
82.0,119.84353
81.0,120.84988
80.0,121.54497
79.0,120.62719
78.0,119.92903
77.0,118.866486
76.0,119.11455
75.0,118.1742
74.0,117.06961
73.0,116.44215
72.0,112.3326
71.0,111.25661
70.0,108.289925
69.0,107.85156
68.0,108.85421
67.0,108.05021
66.0,106.442085
65.0,105.19217
64.0,101.63203
63.0,101.53797
62.0,100.83573
61.0,107.47331
60.0,106.54015
59.0,105.86885
58.0,106.647545
57.0,107.299164
56.0,102.638084
55.0,101.89819
54.0,104.26274
53.0,102.8382
52.0,108.291794
51.0,102.675064
50.0,103.20019
49.0,103.045166
48.0,103.28172
47.0,102.448586
46.0,107.55364
45.0,106.9963
44.0,105.719925
43.0,106.060715
42.0,106.704025
41.0,109.52986
40.0,108.81171
39.0,110.04561
38.0,113.404625
37.0,113.05409
36.0,113.436264
35.0,110.5925
34.0,105.97329
33.0,105.74641
32.0,100.24188
31.0,101.51225
30.0,95.151306
29.0,85.63617
28.0,77.74299
27.0,69.94034
26.0,61.85261
25.0,52.050835
24.0,48.298977
23.0,41.844654
22.0,38.38712
21.0,33.064568
20.0,29.467722
19.0,27.14003
18.0,25.810102
17.0,24.903324
16.0,24.671152
15.0,24.423428
14.0,23.891327
13.0,23.53678
12.0,21.655005
11.0,20.103304
125.0,113.05228
125.0,110.646545
125.0,106.81077
125.0,108.564255
125.0,110.10578
125.0,106.00168
125.0,106.22528
125.0,99.9672
125.0,97.38463
125.0,95.96682
125.0,87.75811
125.0,88.81645
125.0,89.782555
125.0,83.23585
125.0,89.18781
125.0,90.50702
125.0,90.46781
125.0,84.78215
125.0,83.64991
125.0,91.97259
125.0,99.57933
125.0,104.390305
125.0,104.52427
125.0,102.80911
125.0,106.53523
125.0,109.58744
125.0,109.16027
125.0,105.32561
125.0,102.670715
125.0,104.37788
125.0,98.411995
125.0,95.86658
125.0,96.61662
125.0,99.65902
125.0,100.58902
125.0,102.748474
125.0,101.389435
125.0,102.27904
125.0,105.479675
125.0,104.18376
125.0,102.28754
125.0,106.45979
125.0,108.508644
125.0,108.2764
125.0,103.490906
125.0,101.42046
125.0,95.439026
125.0,90.48111
125.0,89.37248
125.0,90.719
125.0,93.81913
125.0,98.903046
125.0,101.04629
125.0,99.91568
125.0,99.46829
125.0,97.41672
125.0,94.90973
125.0,87.28656
125.0,83.491035
125.0,86.6072
125.0,83.11133
125.0,84.54036
125.0,81.88738
125.0,84.489204
125.0,83.48735
125.0,83.822136
125.0,81.937614
125.0,84.734055
125.0,77.07518
125.0,77.52972
125.0,64.42286
125.0,65.35911
125.0,55.715584
125.0,54.687515
125.0,44.173264
125.0,50.03539
125.0,51.57699
125.0,55.675835
125.0,60.00193
125.0,65.41745
125.0,75.0975
125.0,74.26301
125.0,78.59956
125.0,76.00372
125.0,82.268776
124.0,78.37847
125.0,119.97445
125.0,120.56207
125.0,120.41166
125.0,119.92869
125.0,119.58141
125.0,119.87983
125.0,119.32806
125.0,119.41108
125.0,119.958855
125.0,120.38936
125.0,120.24717
125.0,120.80304
125.0,119.85013
125.0,119.952576
125.0,120.22422
125.0,121.000015
125.0,121.15334
125.0,121.11695
125.0,120.80507
125.0,121.00327
125.0,121.3359
125.0,121.76412
125.0,121.93517
125.0,121.67204
125.0,121.48835
125.0,121.69572
125.0,120.890465
125.0,120.44494
125.0,119.081154
125.0,115.41921
125.0,115.9405
125.0,118.5398
125.0,118.76395
125.0,115.98219
125.0,109.05804
125.0,108.364136
125.0,105.76001
125.0,105.17934
125.0,112.064926
125.0,110.59816
125.0,113.76431
125.0,109.803246
125.0,109.121544
125.0,107.30763
125.0,117.90846
125.0,117.6038
125.0,118.3298
125.0,118.41586
125.0,119.06533
125.0,119.11027
125.0,119.498505
125.0,120.090515
125.0,119.756905
125.0,118.90687
125.0,117.00597
125.0,115.28432
125.0,117.698586
125.0,115.48436
125.0,109.57261
125.0,109.41624
125.0,104.71532
125.0,106.576996
125.0,103.84453
125.0,102.32797
125.0,105.63047
125.0,105.67881
125.0,103.44673
125.0,100.056305
125.0,100.66188
125.0,102.0071
125.0,104.3285
125.0,101.58639
125.0,105.74547
125.0,106.15821
125.0,112.46124
125.0,111.82904
125.0,107.757965
125.0,111.467865
125.0,114.938675
125.0,116.96976
125.0,118.094864
125.0,118.89112
125.0,118.3919
125.0,118.044525
125.0,117.75237
125.0,118.509254
125.0,118.656395
125.0,117.25163
125.0,116.40054
125.0,116.34957
125.0,118.14685
125.0,118.3636
125.0,118.996284
125.0,118.440544
125.0,119.50598
125.0,117.69839
125.0,117.46501
125.0,118.19063
125.0,116.78052
125.0,116.12637
125.0,115.2822
125.0,114.224525
125.0,113.36183
125.0,115.18306
125.0,116.101105
125.0,117.40505
125.0,115.723175
125.0,113.567314
125.0,113.57343
125.0,112.86618
125.0,108.259415
125.0,110.239334
125.0,110.14948
125.0,106.19988
125.0,106.22123
125.0,109.13097
125.0,106.70056
125.0,102.46652
125.0,96.87087
125.0,99.2449
125.0,100.10431
125.0,101.00061
125.0,98.93978
125.0,100.96159
125.0,100.84717
125.0,95.90923
125.0,97.1366
125.0,95.79421
125.0,97.645134
125.0,98.31613
125.0,99.10396
125.0,100.37042
125.0,102.33118
125.0,108.61258
124.0,111.54215
123.0,116.52066
122.0,116.76162
121.0,116.416115
120.0,116.80567
119.0,117.11549
118.0,114.44235
117.0,113.22023
116.0,113.35666
115.0,112.5914
114.0,115.26931
113.0,116.06714
112.0,110.76424
111.0,107.886185
110.0,100.22686
109.0,102.06008
108.0,101.3763
107.0,104.51837
106.0,100.28474
105.0,104.35493
104.0,98.857864
125.0,121.37443
125.0,120.832634
125.0,120.01869
125.0,119.98294
124.0,119.66648
123.0,119.65318
122.0,120.43993
121.0,118.2052
120.0,120.32931
119.0,120.06343
118.0,121.12669
117.0,121.42832
116.0,122.08788
115.0,123.08941
114.0,123.39661
113.0,123.8206
112.0,122.79178
111.0,122.813805
110.0,122.61715
109.0,122.82967
108.0,122.106476
107.0,122.021484
106.0,121.4301
105.0,121.815216
104.0,121.29964
103.0,121.40793
102.0,121.29324
101.0,120.63739
100.0,120.70212
99.0,121.5041
98.0,120.98184
97.0,120.16312
96.0,119.967575
95.0,119.51862
94.0,118.59669
93.0,119.31281
92.0,119.74648
91.0,119.293976
90.0,120.7436
89.0,120.75849
88.0,119.35239
87.0,118.70548
86.0,119.140015
85.0,119.72132
84.0,118.90268
83.0,119.938286
82.0,119.00061
81.0,119.13936
80.0,119.25748
79.0,116.73242
78.0,112.04066
77.0,108.08421
76.0,108.39294
75.0,113.1006
74.0,111.16204
73.0,111.497894
72.0,111.533325
71.0,108.126015
70.0,111.19698
69.0,113.39405
68.0,114.76346
67.0,115.37459
66.0,117.489365
65.0,117.85495
64.0,118.802025
63.0,118.38944
62.0,118.101425
61.0,117.97089
60.0,116.41013
59.0,113.844864
58.0,105.646324
57.0,104.31698
56.0,104.6568
55.0,108.38162
54.0,98.01473
53.0,89.8449
52.0,85.57542
51.0,87.164154
50.0,90.89133
49.0,93.4581
48.0,95.443054
47.0,95.23122
46.0,97.03826
45.0,95.828705
44.0,94.19241
43.0,96.91496
42.0,93.50729
41.0,91.15872
40.0,94.005135
39.0,90.563034
38.0,91.038956
37.0,96.130226
36.0,97.19393
35.0,91.31939
34.0,96.729965
33.0,98.390625
32.0,97.42926
31.0,100.409164
30.0,103.500084
29.0,96.93858
28.0,92.076866
27.0,86.406425
26.0,83.60577
25.0,69.643105
24.0,64.19379
23.0,60.29445
22.0,54.43135
21.0,48.90398
20.0,43.722717
19.0,42.195595
18.0,43.043247
17.0,40.338913
16.0,38.03064
15.0,37.157894
14.0,35.170563
13.0,32.821693
125.0,124.057785
125.0,123.711174
125.0,123.753426
125.0,124.11988
125.0,123.450485
125.0,123.40226
125.0,123.3249
125.0,123.18269
125.0,123.044
125.0,122.513466
125.0,122.71348
125.0,122.94278
125.0,123.70214
125.0,124.02089
125.0,124.042
125.0,124.02256
125.0,124.01745
125.0,124.4961
125.0,124.497116
125.0,124.96624
125.0,124.99593
125.0,125.25804
125.0,125.40483
125.0,125.1408
125.0,125.196365
125.0,125.34729
125.0,125.14536
125.0,125.10927
125.0,125.647484
125.0,125.897644
125.0,126.0751
125.0,125.89453
125.0,126.016365
125.0,126.20208
125.0,125.55143
125.0,125.31166
125.0,125.26812
125.0,125.182915
125.0,125.1108
125.0,123.93881
125.0,123.83106
125.0,123.844894
125.0,124.13639
125.0,124.12521
125.0,123.880196
125.0,123.69296
125.0,124.29327
125.0,124.321365
125.0,124.27263
125.0,124.00377
125.0,124.1812
125.0,124.1405
125.0,124.35098
125.0,124.36151
125.0,124.43211
125.0,125.29767
125.0,125.257805
125.0,125.75783
125.0,125.83273
125.0,125.71901
125.0,125.552864
125.0,125.648155
125.0,126.05967
125.0,126.3884
125.0,126.08956
125.0,126.29074
125.0,126.368164
125.0,126.336395
125.0,126.6517
125.0,126.49928
125.0,126.53333
125.0,126.884926
125.0,127.0489
125.0,127.11883
125.0,126.87
125.0,126.55222
125.0,126.146194
125.0,126.43057
125.0,126.67547
125.0,126.19473
125.0,125.377594
125.0,124.94266
125.0,124.49393
125.0,123.4393
125.0,123.5797
125.0,124.36288
125.0,124.51104
125.0,123.8279
125.0,123.93811
125.0,123.97552
125.0,123.67971
125.0,123.53587
125.0,122.95259
125.0,123.2571
125.0,123.605484
125.0,124.21942
125.0,124.21257
125.0,124.63868
125.0,124.73993
125.0,125.646515
125.0,125.1532
125.0,125.54678
125.0,126.29536
125.0,126.347885
125.0,126.80321
125.0,127.02446
125.0,126.865654
125.0,126.760704
125.0,126.4907
125.0,126.43938
125.0,126.033905
125.0,125.84175
125.0,125.681206
125.0,125.117226
125.0,125.16616
125.0,125.49399
125.0,125.39901
125.0,125.113396
125.0,125.44379
125.0,125.29864
125.0,125.53495
125.0,125.63035
125.0,125.1667
125.0,125.555214
125.0,126.155365
125.0,125.2335
125.0,125.081825
125.0,124.29498
125.0,123.7604
125.0,123.528915
125.0,123.04813
125.0,122.54357
125.0,122.46131
125.0,123.614044
125.0,123.63732
125.0,124.109795
125.0,124.00688
125.0,124.21569
125.0,124.41854
125.0,123.98803
125.0,123.8687
125.0,124.0589
125.0,124.15392
125.0,123.97167
125.0,123.78926
125.0,123.395485
125.0,122.96562
125.0,123.183624
125.0,123.07672
125.0,123.41779
125.0,123.935646
125.0,123.84327
125.0,123.8472
125.0,124.10542
125.0,124.43844
125.0,123.384995
125.0,123.699455
125.0,123.29362
125.0,123.436195
125.0,123.80574
125.0,123.68403
125.0,122.90769
125.0,122.315094
125.0,122.90632
125.0,122.88955
125.0,123.767525
125.0,123.49641
125.0,123.85859
125.0,123.979996
125.0,123.754265
125.0,123.41643
125.0,123.72672
125.0,123.749435
125.0,124.07565
125.0,124.27835
125.0,124.516365
125.0,124.09486
125.0,124.14572
125.0,123.966774
125.0,123.819084
125.0,123.70895
125.0,123.40195
125.0,123.36106
125.0,123.29917
125.0,123.20775
125.0,122.455894
125.0,122.7899
125.0,122.91102
125.0,123.54395
125.0,124.58896
125.0,123.85853
125.0,123.85645
125.0,123.43347
125.0,123.47223
125.0,123.00752
125.0,123.01808
125.0,122.432846
125.0,122.04598
125.0,121.33999
125.0,121.32008
125.0,120.82338
125.0,120.91751
125.0,120.79501
125.0,120.52869
125.0,120.759605
125.0,121.95831
125.0,122.40807
125.0,122.94915
125.0,123.630005
125.0,123.15278
125.0,122.542366
125.0,122.30073
125.0,121.64806
125.0,122.22104
125.0,121.882095
125.0,121.69285
125.0,121.48714
125.0,120.67381
125.0,121.06158
125.0,121.143135
125.0,120.90893
125.0,120.92318
125.0,120.83285
125.0,120.83657
125.0,120.17175
125.0,119.653564
125.0,119.957146
125.0,119.35658
125.0,117.53412
125.0,117.77957
125.0,117.00904
124.0,113.60875
123.0,110.35982
122.0,113.905624
121.0,112.276596
120.0,110.43794
119.0,115.019394
118.0,118.21215
117.0,116.98513
116.0,118.5493
115.0,118.82222
114.0,119.04168
113.0,116.515
112.0,119.40059
111.0,119.91801
110.0,119.84495
109.0,119.80571
108.0,120.577156
107.0,119.57836
125.0,123.49062
125.0,123.37859
125.0,123.05721
125.0,123.57323
125.0,124.08982
125.0,123.36651
125.0,123.019295
125.0,122.638245
125.0,123.000244
125.0,122.69628
125.0,122.22918
125.0,121.14236
125.0,120.66144
125.0,120.04052
125.0,119.93222
125.0,120.03255
125.0,120.53354
125.0,119.7072
125.0,119.13747
125.0,117.994705
125.0,119.44221
125.0,118.49577
125.0,119.379295
125.0,119.5957
125.0,120.434166
125.0,121.016396
125.0,121.66937
125.0,122.31001
125.0,122.20842
125.0,121.535835
125.0,121.399284
125.0,121.67502
125.0,121.90495
125.0,122.61184
125.0,122.66053
125.0,121.21344
125.0,121.06126
125.0,120.63944
125.0,121.23781
125.0,121.44706
125.0,120.82819
125.0,119.36809
125.0,119.32276
125.0,120.0092
125.0,120.94793
125.0,121.03339
125.0,120.83889
125.0,120.50883
125.0,120.57474
125.0,120.514885
125.0,120.81237
125.0,120.170555
125.0,120.27383
125.0,120.07029
125.0,120.42955
125.0,121.01291
125.0,120.14185
125.0,119.30425
125.0,119.56189
125.0,119.06397
125.0,118.66947
125.0,118.81288
125.0,118.42119
125.0,118.20531
125.0,118.25867
125.0,116.9655
125.0,117.970055
125.0,113.32786
125.0,112.16068
125.0,110.845985
125.0,110.99762
125.0,116.220474
125.0,117.91928
125.0,118.75001
125.0,119.89225
125.0,119.65485
125.0,120.516685
125.0,121.36029
125.0,121.805374
125.0,122.654526
125.0,122.37218
125.0,122.684166
125.0,123.112366
125.0,123.280464
125.0,123.26114
125.0,123.74304
125.0,122.870964
125.0,121.79212
125.0,121.64153
125.0,121.26811
125.0,121.12363
125.0,121.539604
125.0,121.47552
125.0,121.47719
125.0,121.221115
125.0,121.50376
125.0,120.26809
125.0,119.668755
125.0,118.31213
125.0,115.89961
125.0,116.38062
125.0,117.29126
125.0,116.90426
125.0,117.686035
125.0,119.68482
125.0,119.23056
125.0,118.69435
125.0,117.87296
125.0,118.65566
125.0,116.02866
125.0,113.581215
125.0,110.65066
125.0,115.46948
125.0,114.88375
125.0,112.85289
125.0,116.06419
125.0,118.39326
125.0,118.976105
125.0,118.77648
125.0,117.682434
124.0,118.27515
123.0,118.48677
122.0,118.8781
121.0,118.45748
120.0,119.23808
119.0,116.59855
118.0,116.32297
117.0,116.08167
116.0,106.32002
115.0,107.572914
114.0,105.08636
113.0,102.739784
112.0,98.70802
111.0,99.69947
110.0,100.81752
109.0,93.693794
108.0,94.08116
107.0,87.77905
106.0,85.33712
105.0,88.15611
104.0,90.685326
103.0,90.579094
102.0,94.45262
101.0,97.86758
100.0,99.67774
99.0,105.94226
98.0,114.09813
97.0,118.1223
96.0,119.375175
95.0,119.76891
94.0,119.237335
93.0,119.49864
92.0,119.00064
91.0,118.957375
90.0,117.84924
89.0,118.0142
88.0,118.39086
87.0,117.05454
86.0,116.8053
85.0,114.396576
84.0,113.68784
83.0,114.38242
82.0,110.7554
81.0,104.03455
80.0,103.76602
79.0,100.01486
78.0,100.89665
77.0,101.09004
76.0,100.49826
75.0,99.10987
74.0,100.180885
73.0,97.52561
72.0,92.80889
71.0,85.885735
70.0,87.325676
69.0,91.447266
68.0,87.17827
67.0,90.211006
66.0,92.1766
65.0,97.34177
64.0,95.61287
63.0,94.26577
62.0,86.50682
61.0,78.943375
60.0,81.757965
59.0,79.20423
58.0,75.71001
57.0,72.99698
56.0,68.314415
55.0,71.5794
54.0,69.77957
53.0,66.68671
52.0,62.26539
51.0,61.672554
50.0,62.92566
49.0,66.96817
48.0,69.45712
47.0,69.10207
46.0,60.367653
45.0,54.793568
44.0,55.576973
43.0,57.198174
42.0,58.219513
41.0,58.925262
40.0,57.662285
39.0,56.909374
38.0,53.971195
37.0,51.13832
36.0,51.691914
35.0,53.996727
34.0,57.0672
33.0,56.11107
32.0,52.109905
31.0,49.454666
30.0,44.32117
29.0,42.206093
28.0,42.654716
27.0,45.33283
26.0,41.60232
25.0,40.18622
24.0,38.601166
23.0,34.984486
22.0,33.3753
21.0,33.558445
20.0,32.715244
19.0,31.815275
18.0,31.92132
17.0,32.461292
16.0,30.813816
15.0,29.842587
14.0,29.837553
13.0,29.030361
125.0,120.84458
125.0,120.59441
125.0,119.70123
125.0,120.02646
125.0,119.990814
125.0,119.71153
125.0,120.64055
125.0,120.94162
125.0,120.673065
125.0,120.18037
125.0,120.60616
125.0,120.77446
125.0,119.96645
125.0,120.720764
125.0,120.87329
125.0,120.57334
125.0,119.798996
125.0,118.34516
125.0,117.67714
125.0,116.54476
125.0,113.16171
125.0,112.87582
125.0,108.18635
125.0,112.49402
125.0,113.46529
125.0,116.22446
125.0,117.63769
125.0,118.97208
125.0,119.51869
125.0,119.32265
125.0,120.76923
125.0,121.23601
125.0,119.987785
125.0,120.526085
125.0,119.757744
125.0,120.33482
125.0,120.456406
125.0,121.013535
125.0,121.82565
125.0,122.13239
125.0,122.72813
125.0,122.90872
125.0,123.02135
125.0,122.79502
125.0,122.65365
125.0,122.229965
125.0,122.831184
125.0,122.0026
125.0,122.09348
125.0,122.50896
125.0,121.71636
125.0,121.07758
125.0,120.227875
125.0,120.1776
125.0,119.38969
125.0,119.65452
125.0,119.91937
125.0,118.96544
125.0,118.4666
125.0,115.27651
125.0,117.05942
125.0,114.099655
125.0,108.78214
125.0,107.1911
125.0,106.63547
125.0,108.8462
125.0,104.76494
125.0,108.71166
125.0,105.672035
125.0,102.19142
125.0,100.09739
125.0,102.37165
125.0,104.50092
125.0,106.90483
125.0,103.4908
125.0,98.37909
125.0,102.249115
125.0,103.54066
125.0,102.30327
125.0,99.4339
125.0,106.80672
125.0,110.038216
125.0,113.09922
125.0,116.14807
125.0,115.71656
125.0,119.14629
125.0,119.263664
125.0,119.11919
125.0,118.87635
125.0,117.58083
125.0,118.73785
125.0,114.647644
125.0,106.17122
125.0,103.57435
125.0,106.17012
125.0,104.33945
125.0,102.14294
125.0,96.71815
125.0,97.89928
125.0,91.65894
125.0,89.42652
125.0,87.03091
125.0,80.13126
125.0,78.248184
125.0,68.03687
125.0,65.161896
125.0,65.794975
125.0,63.370586
125.0,66.05426
125.0,60.763725
125.0,60.306847
125.0,64.41078
125.0,53.861916
125.0,56.04954
125.0,56.7765
125.0,58.91707
125.0,62.301025
125.0,60.651676
125.0,61.642757
125.0,59.621185
125.0,59.391296
125.0,55.966816
125.0,55.066227
125.0,53.971394
125.0,54.074257
125.0,53.187275
125.0,51.25077
125.0,51.85737
125.0,48.85459
125.0,49.299107
125.0,50.094337
125.0,48.15799
125.0,44.679157
125.0,43.89128
125.0,45.411102
125.0,45.341717
125.0,43.607693
125.0,41.94109
125.0,41.366398
125.0,39.181057
125.0,37.683315
125.0,35.593548
125.0,35.500034
125.0,34.210835
125.0,33.771008
125.0,32.095352
125.0,32.00799
125.0,31.224987
125.0,29.378498
125.0,27.338552
125.0,25.885532
125.0,24.521168
125.0,23.431818
125.0,21.865105
125.0,21.082874
125.0,20.875284
125.0,19.272484
125.0,18.633123
125.0,18.108974
125.0,22.418491
125.0,28.860788
125.0,38.15687
125.0,50.992905
125.0,64.00788
125.0,74.77857
125.0,82.17187
125.0,86.64586
125.0,90.24692
125.0,91.60404
125.0,91.19645
125.0,88.84192
125.0,87.027596
125.0,83.67585
125.0,80.949554
125.0,79.33641
125.0,78.43721
125.0,78.22379
125.0,78.03161
125.0,78.11708
125.0,79.57259
125.0,83.59532
125.0,88.56584
125.0,94.792984
125.0,102.03151
125.0,108.12883
125.0,112.82633
125.0,117.27181
125.0,118.631676
125.0,118.59203
125.0,117.07236
125.0,116.55662
125.0,114.76853
125.0,111.69885
125.0,108.08446
125.0,103.68724
125.0,106.448425
125.0,107.14671
125.0,111.40972
125.0,114.913475
125.0,116.759895
125.0,116.786354
125.0,116.10696
125.0,114.81115
125.0,115.96346
125.0,116.9346
125.0,116.51599
125.0,116.07699
125.0,115.828575
125.0,116.3578
125.0,114.64166
125.0,112.356155
125.0,111.22877
125.0,110.949585
125.0,110.28226
125.0,110.74629
125.0,110.62566
125.0,111.70399
125.0,113.37513
125.0,115.3028
125.0,109.982315
125.0,102.424
125.0,94.65299
125.0,88.86595
125.0,81.02687
125.0,75.852066
125.0,74.63257
125.0,80.15996
125.0,82.54133
125.0,85.01714
125.0,85.73716
125.0,78.25182
125.0,80.61985
125.0,74.58806
125.0,79.927795
125.0,81.460266
125.0,81.800385
125.0,86.02515
125.0,91.06609
125.0,94.44254
125.0,92.953026
125.0,93.17253
125.0,86.440834
125.0,85.90598
125.0,88.58432
125.0,96.03153
124.0,94.83552
123.0,94.99924
122.0,91.36434
121.0,90.41409
120.0,87.12992
119.0,87.8803
118.0,89.39931
117.0,90.75241
116.0,90.118126
115.0,90.351265
114.0,92.668396
113.0,88.82986
112.0,91.530815
111.0,91.75666
110.0,90.221436
109.0,87.9647
108.0,86.30448
107.0,85.65876
106.0,88.95566
105.0,91.75949
104.0,95.50176
103.0,92.21661
102.0,89.53892
101.0,84.26243
100.0,80.226364
99.0,75.048134
98.0,70.73184
97.0,67.176735
96.0,62.206337
95.0,65.76237
94.0,66.24751
93.0,71.7232
92.0,75.601364
91.0,79.64441
90.0,79.75972
89.0,81.17162
88.0,85.09897
87.0,85.15647
86.0,85.70381
85.0,85.35047
84.0,82.6557
83.0,79.08605
82.0,82.20086
81.0,86.50128
80.0,83.496254
79.0,83.0286
78.0,84.093475
77.0,87.29977
76.0,85.04443
75.0,87.070625
74.0,90.48576
73.0,89.20053
72.0,87.406624
71.0,85.52873
70.0,87.29133
69.0,81.979256
68.0,74.45186
67.0,76.83758
66.0,75.61298
65.0,75.163925
64.0,71.94859
63.0,70.3475
62.0,68.53274
61.0,63.41497
60.0,57.737804
59.0,55.262363
58.0,52.016907
57.0,48.78815
56.0,45.915394
55.0,43.33435
54.0,43.53368
53.0,43.285004
52.0,40.86542
51.0,37.936047
50.0,38.006245
49.0,38.89807
48.0,36.98653
47.0,37.81168
46.0,39.9069
45.0,38.703365
44.0,37.259586
43.0,36.435913
42.0,37.21979
41.0,35.150753
40.0,33.674694
39.0,33.37811
38.0,34.313255
37.0,32.866188
36.0,32.164494
35.0,31.244768
34.0,28.489996
33.0,27.300089
125.0,112.13641
125.0,109.77111
125.0,110.69354
125.0,106.19956
125.0,103.439316
125.0,101.861755
125.0,102.333984
125.0,98.54439
125.0,95.82068
125.0,92.09156
125.0,95.879036
125.0,95.78208
125.0,99.07301
125.0,99.821815
125.0,102.363945
125.0,107.771515
125.0,109.65335
125.0,111.5047
125.0,109.92654
125.0,108.31381
125.0,107.930275
125.0,106.046455
125.0,108.740524
125.0,105.543625
125.0,105.15051
125.0,103.93615
125.0,108.72362
125.0,107.253265
125.0,102.34637
125.0,101.01895
125.0,98.76999
125.0,91.0746
125.0,92.842545
125.0,92.67175
125.0,92.49806
125.0,85.673965
125.0,90.75268
125.0,92.46515
125.0,93.82532
125.0,97.556564
125.0,103.71515
125.0,107.25134
125.0,109.66381
125.0,109.75994
125.0,111.15527
125.0,111.94056
125.0,112.19151
125.0,109.90471
125.0,110.391945
125.0,111.09914
125.0,109.68718
125.0,109.40216
125.0,112.91965
125.0,108.344185
125.0,104.3229
125.0,95.1731
125.0,94.57713
125.0,94.85553
125.0,89.75421
125.0,93.90542
125.0,92.38773
125.0,91.037506
125.0,90.66192
125.0,94.195984
125.0,95.18006
125.0,96.55114
125.0,100.20722
125.0,97.70143
125.0,100.480675
125.0,101.02792
125.0,100.56815
125.0,99.900055
125.0,102.38932
125.0,101.15991
125.0,106.341866
125.0,105.82398
125.0,107.449486
125.0,106.80669
125.0,106.2641
125.0,99.89646
125.0,101.60287
125.0,92.9418
124.0,84.874084
123.0,81.094894
122.0,71.87004
121.0,71.481445
120.0,73.108826
119.0,74.655876
118.0,70.64779
117.0,72.22273
116.0,78.61164
115.0,78.03962
114.0,72.90079
113.0,77.90422
112.0,84.49228
111.0,89.34915
110.0,91.313995
109.0,87.889084
108.0,87.18171
107.0,91.48961
106.0,92.02376
105.0,94.16298
104.0,95.51847
103.0,96.62706
102.0,94.59395
101.0,91.134865
100.0,93.33144
99.0,93.95842
98.0,96.688194
97.0,95.93679
96.0,93.256744
95.0,91.57244
94.0,86.17301
93.0,81.33287
92.0,73.75628
91.0,71.86506
90.0,66.75555
89.0,68.30152
88.0,72.19794
87.0,70.82418
86.0,73.52295
85.0,68.31956
84.0,63.6338
83.0,66.04079
82.0,59.12272
81.0,55.073254
80.0,53.502113
79.0,54.20146
78.0,58.45846
77.0,56.13777
76.0,59.120358
75.0,61.28545
74.0,56.450367
73.0,55.77297
72.0,52.973553
71.0,53.03523
70.0,52.227577
69.0,51.24291
68.0,54.76488
67.0,53.30311
66.0,51.044262
65.0,51.295147
64.0,49.634933
63.0,46.69448
62.0,44.52628
61.0,47.40309
60.0,51.38624
59.0,48.245205
58.0,47.05675
57.0,41.436592
56.0,39.36251
55.0,36.95681
54.0,35.321026
53.0,36.047527
52.0,35.384907
51.0,36.042503
50.0,33.548443
49.0,32.3268
48.0,33.38545
47.0,35.010582
46.0,34.212105
45.0,32.222443
44.0,31.633667
43.0,30.11333
42.0,29.83219
41.0,27.538498
40.0,26.250883
39.0,24.727787
38.0,24.981678
125.0,118.95993
125.0,119.10698
125.0,118.75976
125.0,118.32664
125.0,119.39333
125.0,119.0817
125.0,119.131966
125.0,119.59823
125.0,119.7813
125.0,119.77227
125.0,119.52638
125.0,119.28256
125.0,119.42863
125.0,118.94193
125.0,119.45778
125.0,119.15457
125.0,118.61307
125.0,118.7099
125.0,118.972
125.0,119.241974
125.0,119.00056
125.0,118.90202
125.0,119.634186
125.0,118.96058
125.0,119.39757
125.0,119.80363
125.0,119.3381
125.0,119.42579
125.0,118.34328
125.0,116.95605
125.0,111.8273
125.0,111.42853
125.0,106.000824
125.0,97.94983
125.0,91.575226
125.0,91.01745
125.0,93.89414
125.0,99.72899
125.0,98.3082
125.0,97.22955
125.0,102.6162
125.0,105.92386
125.0,108.27727
125.0,110.25721
125.0,111.54809
125.0,108.53485
125.0,106.9846
125.0,109.37597
125.0,113.69108
125.0,113.42741
125.0,113.766014
125.0,117.347046
125.0,117.785866
125.0,117.688995
125.0,118.4208
125.0,117.9532
125.0,118.79657
125.0,118.11641
125.0,117.5397
125.0,117.59508
124.0,117.10702
123.0,117.40124
122.0,117.499275
121.0,117.439575
120.0,115.85904
119.0,116.225365
118.0,116.63879
117.0,117.77042
110.0,100.83327
109.0,98.40903
108.0,98.480675
107.0,97.06599
106.0,101.51593
105.0,108.62494
104.0,111.98309
103.0,110.96084
102.0,111.30735
101.0,111.47269
100.0,109.57723
99.0,104.67775
98.0,108.84557
97.0,110.10806
96.0,112.44964
95.0,113.09238
94.0,108.371
93.0,107.269745
92.0,109.501915
91.0,107.258675
90.0,108.94633
89.0,106.037605
88.0,101.08264
87.0,99.97177
86.0,99.19712
85.0,93.64014
84.0,91.02695
83.0,92.51503
82.0,92.96909
81.0,86.06627
80.0,81.60992
79.0,73.61558
78.0,73.74857
77.0,73.427826
76.0,73.62707
75.0,82.47867
74.0,72.62112
73.0,64.62454
72.0,65.05197
71.0,68.91342
70.0,70.26504
69.0,70.99596
68.0,66.78039
67.0,69.59665
66.0,75.70181
65.0,74.86792
64.0,73.37451
63.0,65.12467
62.0,57.262413
61.0,57.104885
60.0,64.60626
59.0,61.08975
58.0,62.617786
57.0,71.2208
56.0,69.57737
55.0,71.92835
54.0,72.43508
53.0,71.856735
52.0,69.304306
51.0,66.23968
50.0,62.39158
49.0,60.847
48.0,63.327236
47.0,60.798214
46.0,51.11338
45.0,52.720524
44.0,50.69753
43.0,51.734203
42.0,45.750862
41.0,49.3868
40.0,45.50231
39.0,47.99027
38.0,47.95324
37.0,48.773056
36.0,46.23531
35.0,45.98368
34.0,43.059692
33.0,33.701256
32.0,30.350628
31.0,27.836933
30.0,23.815018
29.0,21.979586
28.0,21.673086
27.0,21.534107
26.0,21.783928
25.0,21.525105
24.0,18.430042
23.0,19.83974
22.0,19.691423
21.0,19.538107
20.0,17.896692
19.0,16.611782
18.0,17.491512
17.0,15.862688
16.0,16.067148
125.0,102.94171
125.0,102.47978
125.0,102.08828
125.0,100.07674
125.0,101.8877
125.0,105.06352
125.0,104.3912
125.0,104.855286
125.0,109.89319
125.0,105.283264
124.0,106.84776
123.0,108.06023
122.0,102.98469
121.0,107.37653
120.0,109.62621
119.0,111.22514
118.0,113.17889
117.0,114.208145
116.0,115.78747
115.0,116.06171
114.0,115.86749
113.0,115.326866
112.0,114.10864
111.0,111.77682
110.0,112.36089
109.0,109.68676
108.0,98.78032
107.0,100.79878
106.0,103.31024
105.0,101.53416
104.0,101.822716
103.0,103.798676
102.0,101.20918
101.0,100.26127
100.0,104.13736
99.0,100.85666
98.0,101.30333
97.0,102.48369
96.0,100.71045
95.0,99.23275
94.0,103.415115
93.0,103.91068
92.0,104.90523
91.0,103.62157
90.0,101.88181
89.0,101.50559
88.0,97.8123
87.0,98.57117
86.0,99.478676
85.0,98.11349
84.0,99.47641
83.0,98.75588
82.0,96.82318
81.0,100.92963
80.0,100.85832
79.0,100.56466
78.0,99.83936
77.0,105.59121
76.0,108.65793
75.0,107.085526
74.0,105.94374
73.0,104.1495
72.0,101.646095
71.0,97.426956
70.0,98.2953
69.0,94.769196
68.0,93.76066
67.0,95.73881
66.0,91.28214
65.0,88.43192
64.0,87.4862
63.0,86.85492
62.0,92.73432
61.0,84.45679
60.0,77.37089
59.0,74.22876
58.0,73.11519
57.0,72.83783
56.0,73.34176
55.0,77.32477
54.0,75.82605
53.0,78.59095
52.0,80.16077
51.0,85.63127
50.0,82.16958
49.0,85.74408
48.0,76.70881
47.0,79.42502
46.0,77.552956
45.0,70.843056
44.0,69.47359
43.0,72.57477
42.0,67.66767
41.0,63.62686
40.0,71.018456
39.0,69.3715
38.0,69.00081
37.0,66.02388
36.0,64.4104
35.0,63.27442
34.0,66.733505
33.0,64.44609
32.0,64.41935
31.0,51.491043
30.0,50.065735
29.0,46.712017
28.0,50.03961
27.0,51.17485
26.0,49.528996
25.0,50.21519
24.0,49.205467
23.0,44.75578
22.0,43.516212
21.0,35.885826
20.0,30.854969
19.0,26.140253
18.0,23.41987
17.0,21.1329
16.0,19.294695
15.0,16.624376
14.0,15.353091
13.0,14.591551
12.0,13.704004
11.0,12.028459
125.0,118.66184
125.0,118.28774
125.0,117.10495
125.0,117.304886
125.0,117.64641
125.0,116.658394
125.0,114.81656
125.0,111.30924
125.0,110.24733
125.0,110.1861
125.0,114.94119
125.0,117.403496
125.0,115.98626
125.0,117.43866
125.0,118.495735
125.0,118.65404
125.0,119.34305
125.0,120.56944
125.0,120.42898
125.0,120.73621
125.0,120.404495
125.0,120.45373
125.0,120.56729
125.0,121.21017
125.0,121.32485
125.0,121.50599
125.0,121.508286
125.0,122.66825
125.0,122.438354
125.0,121.56233
125.0,121.25503
125.0,121.0123
125.0,120.27927
125.0,120.69359
125.0,119.76007
125.0,118.609604
125.0,117.35944
125.0,115.608055
125.0,116.69582
125.0,116.9299
125.0,115.39463
125.0,116.57104
125.0,112.92642
125.0,111.8967
125.0,114.55927
125.0,110.067825
125.0,112.97495
125.0,111.86099
125.0,110.82929
125.0,114.31258
125.0,115.115616
125.0,117.24767
125.0,118.17784
125.0,118.96327
125.0,119.09083
125.0,119.483505
125.0,120.5711
125.0,120.768486
125.0,119.68403
125.0,119.764435
125.0,119.6716
125.0,120.16253
125.0,119.983536
125.0,119.42072
125.0,119.275345
125.0,118.91274
125.0,115.847084
125.0,116.29457
125.0,115.86191
125.0,115.78674
125.0,113.81323
125.0,115.30958
125.0,117.58663
125.0,117.5472
125.0,118.02823
125.0,117.61269
125.0,116.79177
125.0,109.87786
125.0,113.69417
125.0,112.89806
125.0,116.978836
125.0,116.14044
125.0,117.03275
125.0,117.04032
125.0,117.16862
125.0,117.15247
125.0,118.32906
125.0,118.92363
125.0,119.14498
125.0,118.65728
125.0,118.3873
125.0,119.409386
125.0,119.50654
125.0,118.96879
125.0,118.764565
124.0,119.327324
123.0,118.555885
122.0,117.989914
121.0,117.024506
120.0,113.2496
119.0,112.89076
118.0,109.61081
117.0,111.81939
116.0,106.76123
115.0,106.72011
114.0,103.405685
113.0,101.93697
112.0,96.72148
111.0,98.6228
110.0,95.929146
109.0,101.449165
108.0,97.11792
107.0,91.0515
106.0,93.83597
105.0,95.33815
104.0,96.56
103.0,101.121506
102.0,101.279724
101.0,97.96061
100.0,96.09422
99.0,94.73883
98.0,100.55132
97.0,104.83834
96.0,103.7416
95.0,102.79607
94.0,102.342964
93.0,103.9947
92.0,104.176
91.0,103.50307
90.0,97.39025
89.0,101.90812
88.0,103.179245
87.0,105.6954
86.0,110.494064
85.0,110.92703
84.0,114.55596
83.0,112.39432
82.0,108.08523
81.0,105.50813
80.0,104.10341
79.0,102.763756
78.0,92.902954
77.0,91.23257
76.0,89.73977
75.0,81.5523
74.0,71.77516
73.0,70.8145
72.0,75.641655
71.0,73.431114
70.0,76.51651
69.0,81.70887
68.0,84.31663
67.0,86.2174
66.0,86.85846
65.0,84.38206
64.0,83.467094
63.0,82.69459
62.0,84.43134
61.0,87.241486
60.0,87.265724
59.0,86.52928
58.0,89.7613
57.0,87.2413
56.0,87.43815
55.0,94.53821
54.0,90.04098
53.0,85.94292
52.0,80.408936
51.0,76.87078
50.0,69.174286
49.0,58.616898
48.0,46.0813
47.0,45.619198
125.0,105.17197
125.0,109.60913
125.0,107.6802
125.0,111.46311
125.0,112.75996
125.0,111.25444
125.0,110.93363
125.0,112.71183
125.0,115.23144
125.0,115.11856
125.0,113.54228
125.0,114.10101
125.0,113.71139
125.0,109.386284
125.0,110.29206
125.0,109.64537
125.0,105.999466
115.0,117.537384
114.0,118.05661
113.0,117.750496
112.0,117.81191
111.0,117.94242
110.0,118.59568
109.0,119.26192
108.0,119.0283
107.0,118.853165
106.0,118.312935
105.0,116.81154
104.0,117.9131
103.0,116.07006
102.0,115.171326
101.0,109.9654
100.0,103.93083
99.0,102.94676
98.0,104.68061
97.0,111.12991
96.0,108.62077
95.0,107.895744
94.0,104.79852
93.0,106.3236
92.0,101.20988
91.0,103.88267
90.0,111.308266
89.0,114.32237
88.0,116.15791
87.0,116.462814
86.0,117.17984
85.0,116.45376
84.0,115.265305
83.0,112.741196
82.0,110.34179
81.0,110.171616
80.0,109.8354
79.0,109.72453
78.0,109.77859
77.0,112.085075
76.0,105.463615
75.0,102.2525
74.0,106.604294
73.0,104.07494
72.0,99.117516
71.0,100.3177
70.0,95.96077
69.0,99.04867
68.0,101.17598
67.0,108.26883
66.0,106.615166
65.0,107.98606
64.0,108.429924
63.0,114.060036
62.0,111.20133
61.0,109.22411
60.0,110.78442
59.0,113.08974
58.0,111.054085
57.0,111.815254
56.0,111.20702
55.0,109.23529
54.0,107.7636
53.0,104.189674
52.0,105.06061
51.0,102.0005
50.0,101.82551
49.0,100.95684
48.0,98.53244
47.0,98.19461
46.0,91.79777
45.0,90.94679
44.0,81.99607
43.0,78.53658
42.0,75.12031
41.0,70.813095
40.0,69.59276
39.0,69.243904
38.0,72.9373
37.0,68.34225
36.0,60.193813
35.0,64.96968
34.0,63.91401
33.0,67.039215
32.0,64.5878
31.0,48.59732
30.0,49.189636
29.0,47.710262
28.0,43.180553
27.0,40.633648
26.0,39.882328
25.0,37.35082
125.0,118.60278
125.0,118.6573
125.0,118.63698
125.0,118.496414
125.0,117.25816
125.0,116.65343
125.0,115.691696
125.0,114.44925
125.0,115.30692
125.0,114.94768
125.0,113.51734
125.0,105.55352
125.0,104.86319
125.0,103.63698
125.0,105.58092
125.0,102.90217
125.0,101.30461
125.0,101.566765
125.0,101.19654
125.0,100.50192
125.0,106.42711
125.0,109.252914
125.0,114.5802
125.0,115.09511
125.0,115.25041
125.0,115.58636
125.0,115.248665
125.0,113.621025
125.0,111.90344
125.0,106.88663
125.0,110.83114
125.0,108.46607
125.0,109.039
125.0,107.56348
125.0,104.63466
125.0,104.18232
125.0,103.95747
125.0,102.59858
125.0,106.146935
125.0,107.879654
125.0,111.18689
125.0,108.749565
125.0,109.205284
125.0,113.04671
125.0,117.0763
125.0,117.00255
125.0,116.94042
125.0,116.4249
125.0,116.41367
125.0,115.136475
125.0,116.86574
125.0,115.39109
125.0,115.8125
125.0,115.21774
125.0,112.4627
125.0,109.99708
125.0,109.98939
125.0,108.3397
125.0,109.46739
125.0,108.40662
125.0,110.22268
125.0,107.929955
125.0,112.076645
125.0,114.33506
125.0,114.86596
125.0,114.47838
125.0,115.04908
125.0,115.88478
125.0,114.54199
125.0,111.83983
125.0,111.53835
125.0,110.05489
125.0,108.521904
125.0,106.65138
125.0,110.259895
125.0,107.65134
125.0,109.88018
125.0,110.98032
125.0,111.55482
125.0,109.52041
125.0,110.83661
125.0,108.07108
125.0,110.923035
125.0,112.26085
125.0,108.97619
125.0,110.8748
125.0,108.5116
125.0,109.605515
125.0,112.83919
125.0,111.53886
125.0,109.74257
125.0,110.67438
125.0,110.5092
125.0,108.47384
125.0,106.48623
125.0,98.93852
125.0,97.875885
125.0,93.05102
125.0,87.34722
125.0,78.385895
125.0,78.03575
125.0,76.8891
125.0,77.078026
125.0,79.32633
125.0,83.59444
125.0,89.927986
125.0,90.57202
125.0,95.17032
125.0,103.32043
125.0,99.50838
125.0,100.11515
125.0,100.20757
125.0,104.46211
125.0,107.18633
125.0,110.13256
125.0,110.78204
125.0,110.562874
125.0,111.93629
125.0,112.04204
125.0,110.950775
125.0,105.78054
125.0,99.75635
125.0,97.43258
125.0,99.05429
125.0,94.448814
125.0,92.060745
125.0,92.22182
125.0,111.78191
125.0,108.95427
125.0,109.39469
125.0,112.06995
125.0,114.00172
125.0,113.13123
125.0,118.59115
125.0,113.977295
125.0,113.20447
124.0,110.87435
123.0,111.613914
122.0,118.62652
121.0,119.929695
120.0,119.489136
119.0,120.684784
118.0,121.45638
117.0,121.44061
116.0,121.066795
115.0,121.07255
114.0,121.03334
113.0,120.64691
112.0,120.198425
111.0,119.58043
110.0,119.087616
109.0,118.49763
108.0,119.1442
107.0,120.18482
106.0,121.010765
105.0,120.99427
104.0,120.79573
103.0,120.58179
102.0,119.697174
101.0,120.06278
100.0,119.985985
99.0,121.19809
98.0,121.31771
97.0,121.580154
96.0,120.11723
95.0,118.520706
94.0,118.08906
93.0,116.36743
92.0,113.92257
91.0,113.83641
90.0,114.252525
89.0,114.819695
88.0,119.31643
87.0,118.76063
86.0,117.699684
85.0,111.50545
84.0,115.76094
83.0,114.757416
82.0,116.3622
81.0,116.59352
80.0,112.9786
79.0,115.00157
78.0,112.4154
77.0,110.503136
76.0,109.980034
75.0,103.57332
74.0,103.60804
73.0,97.61384
72.0,95.125534
71.0,91.68954
70.0,84.92681
69.0,87.741486
68.0,85.4903
67.0,92.242966
66.0,88.977066
65.0,88.749054
64.0,90.83498
63.0,88.259964
62.0,88.86357
61.0,91.02145
60.0,94.21857
59.0,93.92895
58.0,97.07804
57.0,100.47032
125.0,122.931244
125.0,123.09343
125.0,123.59411
125.0,123.84929
125.0,123.75839
125.0,124.21533
125.0,123.73249
125.0,123.06796
125.0,122.44674
125.0,121.63587
125.0,121.80477
125.0,122.214424
125.0,122.03418
125.0,121.91127
125.0,122.17134
125.0,122.27039
125.0,122.512695
125.0,122.273415
125.0,122.73702
125.0,123.19191
125.0,123.21127
125.0,123.01867
125.0,122.812386
125.0,123.46238
125.0,123.528885
125.0,124.086235
125.0,124.38458
125.0,124.44382
125.0,124.18881
125.0,124.31423
125.0,124.12267
125.0,124.2274
125.0,124.67636
125.0,124.34188
125.0,124.24197
125.0,124.25418
125.0,123.97112
125.0,123.095345
125.0,122.87291
125.0,122.431595
125.0,122.95538
125.0,123.29429
125.0,123.44383
125.0,123.08343
125.0,122.90524
125.0,123.61758
125.0,123.37381
125.0,123.13346
125.0,122.90309
125.0,122.27681
125.0,122.22756
125.0,122.222084
125.0,121.86135
125.0,121.79933
125.0,121.82413
125.0,122.30562
125.0,122.795296
125.0,123.03325
125.0,121.99801
125.0,121.75606
125.0,121.44521
125.0,120.74262
125.0,120.33408
125.0,119.54446
125.0,118.921036
125.0,119.118065
125.0,117.4742
125.0,117.831436
125.0,119.6096
125.0,118.57258
125.0,119.95716
125.0,120.058914
125.0,120.12982
125.0,120.80886
125.0,120.166374
125.0,120.353294
125.0,120.27325
125.0,120.001236
125.0,119.96678
125.0,120.092255
125.0,120.234955
125.0,120.46784
125.0,121.24023
125.0,121.57984
125.0,122.41727
125.0,122.83819
125.0,123.37299
125.0,123.96376
125.0,123.78041
124.0,123.25217
123.0,122.50993
122.0,122.0522
121.0,122.01807
120.0,122.40554
119.0,122.322815
118.0,121.99215
117.0,121.72576
116.0,121.88033
115.0,121.95974
114.0,122.44284
113.0,123.100845
112.0,123.08173
111.0,122.82489
110.0,122.981094
109.0,122.94722
108.0,122.82411
107.0,121.840416
106.0,121.69105
105.0,120.96322
104.0,120.33108
103.0,119.21653
102.0,119.08394
101.0,118.21681
100.0,119.03126
99.0,119.57997
98.0,118.98724
97.0,118.6634
96.0,118.60189
95.0,118.780754
94.0,117.43169
93.0,115.60537
92.0,117.32137
91.0,118.01374
90.0,118.74338
89.0,118.87694
88.0,118.50766
87.0,117.93727
86.0,117.4901
85.0,114.388275
84.0,110.2678
83.0,110.085365
82.0,108.80187
81.0,105.7405
80.0,107.314766
79.0,109.17105
78.0,110.09179
77.0,106.85238
76.0,105.520386
75.0,103.33686
74.0,98.45725
73.0,90.33673
72.0,94.39072
71.0,88.402016
70.0,82.95718
69.0,82.08792
68.0,87.13975
67.0,83.01279
66.0,88.76698
65.0,93.7988
64.0,94.76754
63.0,92.46094
62.0,96.886765
61.0,92.55491
60.0,95.20149
59.0,92.92773
58.0,87.78293
57.0,90.03127
56.0,86.03257
55.0,80.02346
54.0,77.02391
53.0,72.965744
52.0,72.49523
51.0,66.40285
50.0,62.026276
49.0,58.637386
48.0,63.712643
47.0,67.79309
46.0,64.459274
45.0,59.78292
44.0,58.643185
125.0,121.00236
125.0,121.29055
125.0,120.83771
125.0,121.04311
125.0,121.43989
125.0,122.25891
125.0,121.845764
125.0,122.12538
125.0,122.37316
125.0,122.43405
125.0,121.77259
125.0,121.259605
125.0,121.277596
125.0,120.97484
125.0,120.37006
125.0,120.7273
125.0,121.00754
125.0,122.02166
125.0,121.80111
125.0,121.450134
125.0,120.96465
125.0,120.479515
125.0,120.105705
125.0,119.871155
125.0,120.15292
125.0,119.80687
125.0,119.88144
125.0,119.44303
125.0,119.96096
125.0,120.61793
125.0,121.209564
125.0,121.28324
125.0,121.428734
125.0,122.25951
125.0,122.54988
125.0,123.0796
125.0,122.72323
125.0,121.64182
125.0,122.02916
125.0,121.84607
125.0,120.484215
125.0,120.76823
125.0,120.26766
125.0,121.007095
125.0,121.148125
125.0,121.16451
125.0,121.88281
125.0,121.43788
125.0,120.57283
125.0,120.00042
125.0,119.54007
125.0,118.578476
125.0,119.26524
125.0,119.368614
125.0,119.09596
125.0,119.39226
125.0,119.683945
125.0,120.1376
125.0,119.831085
125.0,120.45078
125.0,121.27076
125.0,120.9705
125.0,121.201935
125.0,121.015785
125.0,121.12744
125.0,121.15763
125.0,121.06155
125.0,121.352905
125.0,120.93961
125.0,121.06761
125.0,120.688614
125.0,120.7217
125.0,120.663124
125.0,121.02937
125.0,120.85882
125.0,120.13201
125.0,120.700676
125.0,120.3401
125.0,120.73303
125.0,121.0939
125.0,121.04001
125.0,119.372665
125.0,120.48763
125.0,120.328575
125.0,118.64987
125.0,114.65051
125.0,111.76506
125.0,108.64219
125.0,110.809395
125.0,113.85427
125.0,116.869934
125.0,116.503265
125.0,116.15889
125.0,118.84403
125.0,118.98871
125.0,118.87829
125.0,118.694084
125.0,119.53579
125.0,119.6477
125.0,120.76226
125.0,120.39528
125.0,120.20665
125.0,120.65635
125.0,120.8845
125.0,121.25948
125.0,121.35744
125.0,121.802704
125.0,121.90744
125.0,120.7587
125.0,120.41061
125.0,120.475235
125.0,119.358734
125.0,119.31785
125.0,118.540794
125.0,117.9301
125.0,113.35373
125.0,112.735985
125.0,112.92908
125.0,116.19624
125.0,114.272156
125.0,117.60445
125.0,118.94876
125.0,118.33689
125.0,118.86877
125.0,118.3785
125.0,116.755196
125.0,119.403984
125.0,120.47417
125.0,120.33348
125.0,121.95498
125.0,121.700134
125.0,121.70848
125.0,121.603806
125.0,120.21254
125.0,120.09536
125.0,119.76111
125.0,120.462
125.0,118.91554
125.0,119.2483
125.0,119.29451
125.0,119.693726
125.0,119.15192
125.0,119.39591
125.0,112.358154
125.0,115.76981
125.0,105.62857
125.0,104.89428
125.0,108.69983
125.0,109.36521
125.0,105.44567
125.0,107.88647
125.0,110.05864
125.0,107.97775
125.0,105.99577
125.0,103.23198
125.0,104.8405
125.0,113.85141
125.0,116.371925
125.0,117.477844
125.0,119.36904
125.0,120.199814
124.0,119.96844
123.0,120.47977
122.0,119.30685
121.0,118.77079
120.0,119.4846
119.0,119.49767
118.0,119.57074
117.0,118.82821
116.0,118.39345
115.0,114.301796
114.0,111.01454
113.0,110.33058
112.0,106.37504
111.0,106.277245
110.0,95.97812
109.0,89.2711
108.0,88.7237
107.0,96.138275
106.0,97.95618
105.0,98.83802
104.0,106.56534
103.0,103.900986
102.0,100.07624
101.0,101.88286
100.0,103.767815
99.0,106.203674
98.0,111.49174
97.0,114.478615
96.0,116.22895
95.0,116.8153
94.0,118.17493
93.0,118.35714
92.0,117.86391
91.0,118.44392
90.0,117.93234
89.0,117.52105
88.0,116.822464
87.0,116.818474
86.0,116.82907
85.0,116.46799
84.0,116.24764
83.0,115.27163
82.0,109.81509
81.0,102.06087
80.0,94.73402
79.0,85.2262
78.0,86.05318
77.0,86.57821
76.0,91.36042
75.0,89.473114
74.0,85.86719
73.0,88.76341
72.0,88.330925
125.0,122.692245
125.0,123.240234
125.0,122.77302
125.0,122.2055
125.0,121.51918
125.0,120.52601
125.0,120.392
125.0,119.874214
125.0,119.2047
125.0,119.60839
125.0,119.54157
125.0,119.481445
125.0,119.90271
125.0,119.6342
125.0,119.85342
125.0,120.94321
125.0,120.95106
125.0,120.49072
125.0,120.28913
125.0,120.84707
125.0,120.68717
125.0,120.74056
125.0,120.54105
125.0,120.91667
125.0,121.88713
125.0,122.89677
125.0,122.99709
125.0,123.68854
125.0,123.84349
125.0,124.23455
125.0,124.22641
125.0,124.41663
125.0,124.711006
125.0,124.31015
125.0,124.845
125.0,124.811104
125.0,125.14274
125.0,124.83815
125.0,124.09115
125.0,124.59391
125.0,123.84921
125.0,123.88915
125.0,123.51347
125.0,122.66786
125.0,122.19859
125.0,122.505936
125.0,122.30763
125.0,121.5802
125.0,120.864395
125.0,120.72906
125.0,120.54883
125.0,120.11372
125.0,119.743675
125.0,119.17588
125.0,118.86747
125.0,117.40595
125.0,118.58596
125.0,118.915115
125.0,120.13042
125.0,120.29584
125.0,120.50523
125.0,120.49194
125.0,120.74231
125.0,120.046104
125.0,120.31247
125.0,120.64377
125.0,121.23744
125.0,120.71786
125.0,120.70449
125.0,120.970314
125.0,121.36942
125.0,121.12776
125.0,121.42147
125.0,121.47678
125.0,121.1252
125.0,120.868515
125.0,121.074905
125.0,121.23333
125.0,120.67424
125.0,120.66844
125.0,121.027405
125.0,120.99071
125.0,121.0416
125.0,120.8437
125.0,120.409485
125.0,120.26435
125.0,120.81698
125.0,120.281075
125.0,120.98515
125.0,120.234924
125.0,120.03834
125.0,120.00559
125.0,120.52284
125.0,120.59842
125.0,121.06098
125.0,121.96193
125.0,122.56985
125.0,122.60502
125.0,122.74347
125.0,123.10117
125.0,123.83845
125.0,123.592285
125.0,123.900734
125.0,124.07968
125.0,124.39196
125.0,123.70354
125.0,122.72138
125.0,122.96337
125.0,123.11405
125.0,122.95592
125.0,123.31161
125.0,123.6762
125.0,123.30693
125.0,123.80285
125.0,123.5642
125.0,122.71522
125.0,122.635635
125.0,120.90975
125.0,121.3413
125.0,120.36857
125.0,118.96387
125.0,118.85507
125.0,118.99826
125.0,118.924614
125.0,119.4665
125.0,119.591225
125.0,119.730736
125.0,119.546486
125.0,120.00896
125.0,119.95641
125.0,120.16834
125.0,121.051834
125.0,121.3635
125.0,121.58066
125.0,122.33771
125.0,121.52015
125.0,120.69988
125.0,120.59823
125.0,120.23052
125.0,120.01593
125.0,119.37785
125.0,119.92992
125.0,119.85773
125.0,119.01404
125.0,119.07409
125.0,119.04523
125.0,116.89163
125.0,115.71054
125.0,115.883156
125.0,111.04784
125.0,109.71559
125.0,116.49154
125.0,116.91786
125.0,117.96228
125.0,118.93943
125.0,118.68273
125.0,119.54919
125.0,120.0156
125.0,120.97725
125.0,120.7996
125.0,121.324196
125.0,121.59721
125.0,122.078995
125.0,122.539856
125.0,123.209465
125.0,122.9483
125.0,122.910324
125.0,122.65186
125.0,122.518456
125.0,122.80649
125.0,121.98095
125.0,121.92462
125.0,122.108475
125.0,121.75934
125.0,121.78436
125.0,121.73026
125.0,119.902275
125.0,119.92594
125.0,119.70504
125.0,118.83318
125.0,119.16226
125.0,119.17885
125.0,119.14378
125.0,118.79103
125.0,115.174675
125.0,117.285995
125.0,118.29284
125.0,117.40627
125.0,117.19844
125.0,116.735054
125.0,117.86194
125.0,117.66452
125.0,117.60622
125.0,116.42434
125.0,112.72454
125.0,109.0586
125.0,102.56481
125.0,103.17354
125.0,97.04793
125.0,98.5571
125.0,103.28749
125.0,102.23298
125.0,98.350945
125.0,96.28712
125.0,104.68779
125.0,106.4109
125.0,109.948845
125.0,112.73269
125.0,113.56451
125.0,118.03927
125.0,118.498405
125.0,118.87124
125.0,119.37249
124.0,120.303825
123.0,119.53552
122.0,119.39499
121.0,119.07487
120.0,117.879944
119.0,117.97686
118.0,116.70415
117.0,114.415596
116.0,114.225815
115.0,113.2952
114.0,110.06995
113.0,104.61257
112.0,100.29749
111.0,93.96991
110.0,91.46828
109.0,90.04447
108.0,92.79506
107.0,93.35425
106.0,89.9181
105.0,88.57782
125.0,122.86424
125.0,122.71156
125.0,123.37651
125.0,123.01293
125.0,123.47722
125.0,123.75523
125.0,123.97225
125.0,124.04503
125.0,124.533905
125.0,124.411736
125.0,123.86269
125.0,124.18389
125.0,124.16217
125.0,123.73206
125.0,122.9415
125.0,122.96272
125.0,122.78849
125.0,123.082504
125.0,123.48508
125.0,123.23066
125.0,123.02342
125.0,122.45883
125.0,122.43441
125.0,122.247665
125.0,121.25279
125.0,121.313255
125.0,121.08089
125.0,121.74666
125.0,121.91663
125.0,121.552574
125.0,121.679855
125.0,121.713036
125.0,121.87347
125.0,121.72844
125.0,121.579865
125.0,121.57451
125.0,121.91585
125.0,121.99518
125.0,122.05999
125.0,121.766624
125.0,121.56458
125.0,121.67533
125.0,121.22626
125.0,121.21275
125.0,120.50028
125.0,120.692085
125.0,120.59141
125.0,121.304985
125.0,122.14804
125.0,122.46093
125.0,122.24793
125.0,122.39263
125.0,122.83133
125.0,122.82154
125.0,122.375916
125.0,122.509476
125.0,122.683716
125.0,122.51085
125.0,122.24701
125.0,122.230606
125.0,122.38446
125.0,121.99765
125.0,121.58486
125.0,120.98047
125.0,120.9423
125.0,120.52908
125.0,119.79032
125.0,119.308365
125.0,119.103874
125.0,118.31753
125.0,119.25748
125.0,119.44258
125.0,119.20537
125.0,119.70848
125.0,119.75623
124.0,120.317085
123.0,120.377106
122.0,120.690704
121.0,122.2343
120.0,122.92281
119.0,123.45016
118.0,124.028435
117.0,123.925545
116.0,123.89688
115.0,122.86813
114.0,122.65296
113.0,122.8861
112.0,122.70377
111.0,122.00144
110.0,121.594696
109.0,121.132225
108.0,120.398865
107.0,120.379234
106.0,120.37988
105.0,121.62337
104.0,120.919876
103.0,120.38628
102.0,119.56246
101.0,118.55807
100.0,118.38028
99.0,117.119484
98.0,118.26571
97.0,119.011665
96.0,119.167046
95.0,118.73331
94.0,119.19042
93.0,116.44666
92.0,113.029686
91.0,109.20067
90.0,106.63832
89.0,105.92703
88.0,106.93617
87.0,103.77348
86.0,101.4888
85.0,107.827385
84.0,110.0331
83.0,108.690956
82.0,107.15045
81.0,103.35274
80.0,105.93144
79.0,103.76899
78.0,100.14225
77.0,95.42656
76.0,98.03219
75.0,102.73609
74.0,97.73735
73.0,100.81778
72.0,97.640076
71.0,100.356445
70.0,99.43005
69.0,98.33013
68.0,101.121826
67.0,97.63192
66.0,96.90152
65.0,94.72881
64.0,99.67047
63.0,95.94737
62.0,97.02756
61.0,98.09105
60.0,98.10743
59.0,97.04196
58.0,101.10328
57.0,98.989075
56.0,94.3644
55.0,102.184296
54.0,102.156425
53.0,96.16187
52.0,96.10748
51.0,92.73689
50.0,91.78026
49.0,84.65954
48.0,84.215294
47.0,76.726654
46.0,72.74347
45.0,68.09249
44.0,63.593475
43.0,59.87554
42.0,57.036556
41.0,57.44222
40.0,53.198097
39.0,51.687008
38.0,51.57111
37.0,53.407574
36.0,53.11436
35.0,51.97309
34.0,53.347363
33.0,50.03298
32.0,53.68912
31.0,51.68365
30.0,51.474617
29.0,50.015987
28.0,46.553165
27.0,48.703117
26.0,44.325527
25.0,43.167255
24.0,44.218933
23.0,42.48824
22.0,42.800186
21.0,41.914993
20.0,41.87795
19.0,39.7748
18.0,37.11386
17.0,35.72934
16.0,34.278572
125.0,125.20429
125.0,125.456856
125.0,125.58445
125.0,125.802216
125.0,125.76866
125.0,125.62895
125.0,125.821236
125.0,126.10385
125.0,126.15126
125.0,126.21403
125.0,125.308586
125.0,124.626
125.0,124.99225
125.0,124.278435
125.0,124.207245
125.0,124.05263
125.0,124.02325
125.0,123.99394
125.0,124.175865
125.0,123.824875
125.0,124.112335
125.0,123.7977
125.0,124.3202
125.0,124.31947
125.0,124.22015
125.0,124.44337
125.0,124.63152
125.0,124.462395
125.0,123.47988
125.0,122.48836
125.0,122.27989
125.0,122.83879
125.0,123.23128
125.0,123.93456
125.0,124.56583
125.0,124.72095
125.0,125.28787
125.0,126.200035
125.0,126.68212
125.0,126.88185
125.0,126.88139
125.0,126.60358
125.0,126.48953
125.0,125.8668
125.0,125.901146
125.0,125.803856
125.0,126.09211
125.0,125.54763
125.0,125.62608
125.0,125.40767
125.0,125.41984
125.0,125.5247
125.0,125.483826
125.0,125.31512
125.0,125.2625
125.0,125.245125
125.0,125.29838
125.0,125.01465
125.0,124.562614
125.0,124.43418
125.0,123.89464
125.0,124.04916
125.0,124.12435
125.0,124.29423
125.0,124.27026
125.0,123.687195
125.0,124.32212
125.0,124.3118
125.0,124.283745
125.0,123.97662
125.0,124.272896
125.0,124.15081
125.0,124.28165
125.0,124.35639
125.0,124.77793
125.0,124.435326
125.0,124.96304
125.0,124.366066
125.0,124.38402
125.0,124.250694
125.0,124.087814
125.0,124.04476
125.0,124.02741
125.0,123.829506
125.0,123.65707
125.0,123.90397
125.0,124.06279
125.0,123.818794
125.0,124.0636
125.0,124.43431
125.0,124.41423
125.0,124.41464
125.0,124.20868
125.0,124.49482
125.0,124.76401
125.0,124.309166
125.0,125.17593
125.0,124.903755
125.0,124.82942
125.0,124.67004
125.0,124.39037
125.0,124.14321
125.0,123.80791
125.0,124.51373
125.0,124.813705
125.0,124.53286
125.0,124.833206
125.0,124.27004
125.0,123.99425
125.0,123.93878
125.0,123.534096
125.0,124.17731
125.0,123.91724
125.0,123.47559
125.0,123.31031
125.0,123.40222
125.0,123.27415
125.0,122.83723
125.0,123.17121
125.0,123.234886
125.0,123.31456
125.0,123.759476
125.0,123.989334
125.0,124.111694
125.0,124.394356
125.0,124.81139
125.0,125.76716
125.0,125.60447
125.0,125.9402
125.0,125.97498
125.0,125.50279
125.0,125.230965
125.0,124.3321
125.0,123.9017
125.0,123.502014
125.0,123.10335
125.0,123.11271
125.0,123.78602
125.0,123.39736
125.0,123.47173
125.0,122.86784
125.0,123.144875
125.0,122.9524
125.0,122.93863
125.0,123.22951
125.0,122.970985
125.0,123.1598
125.0,122.939674
125.0,123.40267
125.0,123.745384
125.0,123.438446
125.0,123.649506
125.0,123.304985
125.0,122.50386
125.0,122.360886
125.0,121.736595
125.0,120.84468
125.0,120.376114
125.0,120.14091
125.0,119.87119
125.0,120.12949
124.0,119.57505
123.0,119.22485
122.0,119.96926
121.0,119.67987
120.0,118.995186
119.0,120.12395
118.0,119.04785
117.0,119.39691
116.0,119.79216
115.0,120.64731
114.0,120.276245
113.0,121.690186
112.0,122.39871
111.0,121.426506
110.0,120.96516
109.0,120.91966
108.0,121.08659
107.0,120.42774
106.0,120.3692
105.0,120.60928
104.0,120.61906
103.0,121.23509
102.0,120.58383
101.0,121.41023
100.0,120.093254
99.0,118.4095
98.0,115.973595
97.0,114.95377
96.0,115.39033
95.0,114.499794
94.0,116.68512
93.0,115.812325
92.0,114.094185
91.0,116.193375
90.0,113.71323
125.0,118.91991
125.0,118.65631
125.0,112.879486
125.0,111.749275
125.0,103.33063
125.0,101.96406
125.0,106.68523
125.0,111.9873
125.0,107.95376
125.0,110.55077
125.0,102.80422
125.0,106.955605
125.0,105.53442
125.0,106.87069
125.0,111.6016
125.0,111.38226
125.0,113.97479
125.0,114.17034
125.0,111.34625
125.0,114.41014
125.0,109.970764
125.0,110.4959
125.0,112.46938
125.0,112.83316
125.0,114.587456
125.0,118.182335
125.0,117.64585
125.0,117.7597
125.0,118.98894
125.0,117.5717
125.0,119.09343
125.0,120.13125
125.0,121.105255
125.0,121.83003
125.0,121.47148
125.0,120.592995
125.0,121.25449
125.0,122.16671
125.0,121.86763
125.0,122.25382
125.0,122.57848
125.0,122.25462
125.0,122.64432
125.0,123.351425
125.0,123.47569
125.0,123.99394
125.0,124.02975
125.0,123.36973
125.0,122.91177
125.0,123.544754
125.0,122.8877
125.0,122.72441
125.0,121.74681
125.0,120.549965
125.0,117.92007
125.0,118.60244
125.0,117.17579
125.0,114.646126
125.0,116.55313
125.0,118.94521
125.0,115.315
125.0,111.30257
125.0,115.933304
125.0,113.32015
125.0,110.634384
125.0,106.188736
125.0,107.29572
125.0,113.40478
125.0,116.57356
125.0,115.1755
125.0,112.5348
125.0,115.70013
125.0,116.86476
125.0,117.93167
125.0,118.47004
125.0,119.14439
125.0,120.162315
125.0,119.7847
124.0,118.967636
123.0,118.6668
122.0,118.28919
121.0,115.74152
120.0,113.98363
119.0,108.04119
118.0,107.59999
117.0,109.30008
116.0,116.29899
115.0,116.45915
114.0,115.08804
113.0,117.54632
112.0,112.19308
111.0,103.312584
110.0,102.17619
109.0,98.61618
108.0,98.90786
107.0,102.62212
106.0,105.998116
105.0,106.618805
104.0,107.80102
103.0,107.96847
102.0,111.63989
101.0,116.4183
100.0,113.398476
99.0,113.66577
98.0,113.31938
97.0,113.79497
96.0,117.93415
95.0,114.40601
94.0,111.17083
93.0,102.3443
92.0,103.23629
91.0,106.15298
90.0,103.08199
89.0,99.11266
88.0,97.986824
87.0,105.577156
86.0,104.554726
85.0,102.85568
84.0,110.70606
83.0,112.62603
82.0,112.09781
81.0,105.85774
80.0,107.97505
79.0,107.514366
78.0,105.994804
77.0,103.36446
76.0,99.80263
75.0,94.79739
74.0,95.93866
73.0,95.89074
72.0,100.70531
71.0,104.00161
70.0,105.18502
69.0,104.71103
68.0,103.93858
67.0,103.012245
66.0,104.17441
65.0,101.2128
64.0,104.938286
63.0,102.69997
62.0,99.56474
61.0,101.61284
60.0,94.0806
59.0,95.01931
58.0,93.266525
57.0,92.522514
56.0,88.49281
55.0,84.74848
54.0,77.61768
53.0,72.18357
52.0,67.66755
51.0,64.31419
50.0,64.94446
49.0,64.684654
48.0,62.542683
47.0,58.225124
46.0,57.225166
45.0,53.223618
44.0,52.862667
43.0,48.761665
42.0,46.417377
41.0,42.95901
40.0,44.598877
39.0,41.806133
38.0,42.611137
37.0,42.016193
96.0,111.66327
95.0,114.65617
94.0,109.82615
93.0,109.66614
92.0,109.20188
91.0,107.740425
90.0,108.23563
89.0,103.3942
88.0,108.96191
87.0,114.08052
86.0,113.51118
85.0,113.2934
84.0,110.85685
83.0,108.60889
82.0,106.69676
81.0,113.84524
80.0,114.596855
79.0,116.347115
78.0,117.67361
77.0,117.86195
76.0,117.734886
75.0,117.69501
74.0,117.22757
73.0,117.66318
72.0,118.023
71.0,116.883804
70.0,117.422775
69.0,117.29698
68.0,116.990776
67.0,114.042656
66.0,111.20693
65.0,112.199524
64.0,105.503105
63.0,101.55213
62.0,93.887665
61.0,94.239456
60.0,92.647224
59.0,88.460175
58.0,91.58259
57.0,96.030876
56.0,94.36606
55.0,91.1543
54.0,89.09387
53.0,83.37001
52.0,87.93282
51.0,87.95351
50.0,88.48935
49.0,89.129105
48.0,89.559944
47.0,87.199165
46.0,87.981094
45.0,83.20813
44.0,76.05112
43.0,78.283195
42.0,76.795685
41.0,69.246956
40.0,74.41529
39.0,71.39288
38.0,73.05433
37.0,64.14748
36.0,64.57729
35.0,65.75327
34.0,66.18179
33.0,62.407574
32.0,55.117695
31.0,52.15115
30.0,48.156693
29.0,46.077705
28.0,40.46272
27.0,38.88833
26.0,35.05418
25.0,32.10854
24.0,27.502192
23.0,26.595823
22.0,22.85856
21.0,26.012634
20.0,25.36371
19.0,21.036797
18.0,20.454836
17.0,19.56022
16.0,19.759655
15.0,16.556635
14.0,14.60587
13.0,13.750358
12.0,13.0302515
125.0,110.488976
125.0,102.719635
125.0,106.16592
125.0,105.104866
125.0,104.98352
125.0,104.76934
125.0,104.1691
125.0,106.00361
125.0,106.57689
125.0,106.45692
125.0,110.04221
125.0,107.57848
125.0,107.23805
125.0,109.25029
125.0,113.16107
125.0,113.570915
125.0,112.14176
125.0,109.83281
125.0,110.6314
125.0,112.05151
125.0,111.3063
125.0,110.93199
125.0,112.03938
125.0,115.4181
125.0,115.51845
125.0,115.4612
125.0,115.99788
125.0,116.459656
125.0,115.89924
125.0,116.42464
125.0,114.95748
125.0,109.103455
125.0,109.232994
125.0,107.7916
125.0,104.12591
125.0,106.07041
125.0,108.15164
125.0,109.27621
125.0,107.04181
125.0,100.23624
125.0,96.80691
125.0,88.22143
125.0,83.966415
125.0,82.18812
125.0,70.89919
125.0,63.741943
125.0,58.80398
125.0,60.687534
125.0,55.900486
125.0,55.414944
125.0,60.03086
125.0,63.351883
125.0,72.82375
125.0,76.52216
125.0,74.84305
125.0,68.413536
125.0,75.29787
125.0,80.71654
125.0,80.81409
125.0,90.37426
125.0,88.18097
125.0,90.69584
125.0,94.28713
125.0,99.38981
125.0,94.766075
125.0,102.151535
125.0,101.489784
125.0,106.07416
125.0,109.054955
125.0,108.832565
125.0,109.13184
125.0,107.736534
125.0,108.83689
125.0,108.17672
125.0,110.78731
125.0,109.25929
125.0,106.75362
125.0,105.21071
125.0,105.44083
125.0,104.75996
125.0,109.310326
125.0,107.91516
125.0,110.81009
125.0,109.55626
125.0,103.786674
125.0,95.03596
125.0,95.18802
125.0,92.526695
125.0,91.98092
125.0,91.93378
125.0,92.053604
125.0,95.956055
125.0,99.757675
125.0,99.946075
125.0,100.120255
125.0,100.42539
125.0,93.962265
125.0,91.87414
125.0,91.25625
125.0,81.36099
125.0,80.31942
125.0,82.98851
125.0,85.76779
125.0,85.01409
125.0,81.3154
125.0,76.35668
125.0,72.79387
125.0,72.70595
125.0,68.260666
125.0,62.600574
125.0,62.250217
125.0,61.705128
125.0,61.241516
125.0,61.22496
125.0,58.742172
124.0,60.259624
123.0,68.85722
122.0,76.81741
121.0,77.72271
120.0,82.28589
119.0,85.173325
118.0,89.25108
117.0,89.67461
116.0,88.82886
115.0,93.92948
114.0,95.42386
113.0,91.606544
112.0,89.277664
111.0,90.34217
110.0,91.04654
109.0,85.48114
108.0,81.222374
107.0,76.5437
106.0,73.409966
105.0,72.189926
104.0,66.853676
103.0,70.8495
102.0,66.977585
101.0,64.09458
100.0,63.156864
99.0,61.660297
98.0,61.393074
97.0,58.98445
96.0,54.529613
95.0,55.856853
94.0,55.095882
93.0,58.8553
125.0,110.989136
125.0,110.04825
125.0,112.166504
125.0,115.03115
125.0,116.38756
125.0,116.122856
125.0,115.79529
125.0,113.762245
125.0,113.26984
125.0,115.16792
125.0,111.28073
125.0,109.00841
125.0,112.48474
125.0,112.87839
125.0,115.97437
125.0,115.8237
125.0,116.05685
125.0,115.48175
125.0,114.45227
125.0,114.921555
125.0,111.89458
125.0,109.69217
125.0,108.21185
125.0,108.20655
125.0,110.83579
125.0,107.1732
125.0,108.65293
125.0,112.095795
125.0,109.81905
125.0,106.337395
125.0,111.03874
125.0,114.38528
125.0,114.59646
125.0,115.537674
125.0,115.731926
125.0,116.565796
125.0,116.29968
125.0,113.99253
125.0,111.862335
125.0,109.51752
125.0,109.34209
125.0,108.69241
125.0,105.561134
125.0,107.784134
125.0,106.06762
125.0,101.43342
125.0,104.37049
125.0,103.49055
125.0,105.04063
125.0,104.50324
125.0,105.056984
125.0,100.417534
125.0,97.828896
125.0,100.38938
125.0,96.54427
125.0,89.659065
125.0,89.827194
124.0,90.13104
123.0,94.169205
122.0,92.902885
121.0,96.59782
120.0,101.84055
119.0,105.6315
118.0,109.19313
117.0,107.86453
116.0,107.36675
115.0,103.153305
114.0,103.58045
113.0,104.11451
112.0,99.84571
111.0,101.595924
110.0,103.78814
109.0,98.19154
108.0,88.612274
107.0,78.46619
106.0,74.8115
105.0,82.696785
104.0,82.05964
103.0,89.78461
102.0,84.74523
101.0,87.527435
100.0,85.867775
99.0,86.41397
98.0,89.38077
97.0,89.90013
125.0,120.899826
125.0,121.15814
125.0,120.52631
125.0,120.35018
125.0,120.82748
125.0,121.16479
125.0,120.83339
125.0,121.2105
125.0,120.96559
125.0,120.40681
125.0,120.97764
125.0,120.79868
125.0,120.52916
125.0,120.076096
125.0,120.190674
125.0,119.67321
125.0,118.96506
125.0,118.91257
125.0,119.24548
125.0,119.709435
125.0,120.52584
125.0,120.49492
125.0,121.260475
125.0,121.62269
125.0,121.830734
125.0,121.87879
125.0,122.32899
125.0,122.35851
125.0,122.822014
125.0,124.20258
125.0,124.332924
125.0,124.76324
125.0,124.33848
125.0,123.904366
125.0,123.8368
125.0,123.822334
125.0,123.858376
125.0,123.82654
125.0,123.84781
125.0,123.41955
125.0,123.9282
125.0,123.81801
125.0,123.44232
125.0,123.47437
124.0,122.829094
123.0,122.39841
122.0,121.18744
121.0,120.19498
120.0,119.955864
119.0,117.53095
118.0,114.24467
117.0,114.577805
116.0,117.21485
115.0,117.299065
114.0,116.92424
113.0,117.26523
112.0,116.52257
111.0,115.784645
110.0,114.89606
109.0,119.06025
108.0,119.389565
107.0,119.67487
106.0,119.19981
105.0,119.52911
104.0,119.594894
103.0,119.41377
102.0,119.46885
101.0,119.24761
100.0,118.62209
99.0,118.873405
98.0,118.18355
97.0,117.77335
96.0,119.20013
95.0,120.57342
94.0,121.05998
93.0,120.9161
92.0,120.638084
91.0,120.50289
90.0,119.85858
89.0,118.89051
88.0,115.08258
87.0,114.45934
86.0,114.131256
85.0,116.202354
84.0,114.98405
83.0,117.97513
82.0,118.57654
81.0,119.28478
80.0,119.81757
79.0,119.36544
78.0,120.37482
77.0,120.247314
76.0,120.32807
75.0,120.009636
74.0,119.75162
73.0,119.791534
72.0,119.90014
71.0,119.68152
70.0,118.06162
69.0,117.34514
68.0,115.08645
67.0,113.84865
66.0,112.53875
65.0,105.4292
64.0,105.626465
63.0,109.866905
62.0,106.59584
61.0,105.942154
60.0,103.29451
125.0,114.93786
125.0,113.25633
125.0,108.25063
125.0,105.720505
125.0,106.983696
125.0,112.74355
125.0,114.11969
125.0,115.736664
125.0,116.997215
125.0,117.77454
125.0,118.69763
125.0,119.10021
125.0,118.47507
125.0,119.135216
125.0,118.768036
125.0,118.331154
125.0,117.60081
125.0,117.5465
125.0,117.15547
125.0,116.421104
125.0,117.0009
125.0,116.19124
125.0,116.67469
125.0,116.63054
125.0,114.2905
125.0,111.516045
125.0,113.49808
125.0,114.92513
125.0,114.19216
125.0,110.88349
125.0,103.73283
125.0,102.308525
125.0,94.94493
125.0,92.20356
125.0,97.43356
125.0,101.33165
125.0,96.24015
125.0,94.209564
125.0,91.27447
125.0,97.17915
125.0,95.42018
125.0,98.59174
125.0,103.11593
125.0,109.43011
125.0,113.71906
125.0,115.250404
125.0,112.239265
125.0,112.78531
125.0,107.84094
125.0,107.858284
125.0,102.91412
125.0,101.05008
125.0,96.687126
125.0,96.878784
125.0,97.00279
125.0,94.27481
125.0,97.4257
125.0,101.013885
125.0,101.61161
125.0,108.195435
125.0,106.78135
125.0,105.94674
125.0,108.51456
125.0,104.237854
125.0,102.23858
125.0,100.841896
125.0,100.502014
125.0,100.790504
125.0,101.170135
125.0,104.63272
125.0,103.528366
125.0,101.31869
125.0,101.08906
125.0,106.923454
125.0,109.85139
125.0,108.09232
125.0,100.15116
125.0,99.40025
125.0,93.53692
125.0,95.48671
125.0,87.3324
124.0,86.160095
123.0,80.695435
122.0,82.52883
121.0,86.9088
120.0,88.19189
119.0,96.136406
118.0,99.00764
117.0,101.89578
116.0,107.590096
115.0,104.75082
114.0,105.88592
113.0,107.99144
112.0,106.59954
111.0,104.48218
110.0,109.85081
109.0,111.223656
108.0,110.409454
107.0,108.17003
106.0,109.743416
105.0,111.259575
104.0,111.0247
103.0,108.446884
102.0,110.17947
101.0,111.24687
100.0,110.26375
99.0,107.89003
98.0,102.0359
97.0,98.673485
96.0,94.083786
95.0,91.680016
94.0,91.65803
93.0,87.35835
92.0,89.33435
91.0,83.190994
90.0,77.25741
89.0,77.6965
88.0,77.614876
87.0,76.071365
86.0,74.3659
85.0,69.5736
84.0,64.81401
83.0,61.597996
82.0,57.094975
81.0,53.03712
80.0,59.239582
79.0,64.043175
78.0,64.64401
77.0,59.807846
76.0,62.71413
75.0,65.604034
74.0,64.74319
73.0,66.21975
72.0,73.78703
71.0,75.02062
70.0,76.59386
69.0,72.04399
68.0,69.31356
67.0,71.94738
66.0,67.32801
65.0,66.088
64.0,68.61549
63.0,66.93888
62.0,71.61716
61.0,62.830463
60.0,62.044277
59.0,59.748596
58.0,60.944176
57.0,62.55053
56.0,65.16006
55.0,59.333214
54.0,52.19228
53.0,50.40081
52.0,49.056515
51.0,46.192966
50.0,44.537083
49.0,42.121635
48.0,39.978348
47.0,39.62723
46.0,41.003635
45.0,41.174694
44.0,43.310284
43.0,40.14532
42.0,40.45839
41.0,39.472538
40.0,39.314175
39.0,37.637623
38.0,37.56327
37.0,36.887764
36.0,35.067326
35.0,35.091923
34.0,32.71343
33.0,32.42458
32.0,32.59408
31.0,31.517967
30.0,31.418749
29.0,30.58459
28.0,29.559893
27.0,27.925995
26.0,27.568611
25.0,25.958015
24.0,24.827532
23.0,24.312529
22.0,24.772789
21.0,24.466913
20.0,24.059536
19.0,24.047989
18.0,21.751204
17.0,20.967012
16.0,19.49625
15.0,18.208607
14.0,16.601866
125.0,126.754654
125.0,126.69742
125.0,126.40373
125.0,126.014175
125.0,125.86154
125.0,126.01416
125.0,126.19794
125.0,126.27336
125.0,126.084656
125.0,126.14036
125.0,126.29306
125.0,126.29484
125.0,126.44405
125.0,126.546906
125.0,126.24609
125.0,126.14935
125.0,125.694695
125.0,125.9354
125.0,126.27267
125.0,125.93585
125.0,125.9119
125.0,125.63734
125.0,126.17035
125.0,126.10792
125.0,126.120476
125.0,126.22847
125.0,125.67942
125.0,125.73925
125.0,126.102104
125.0,126.62971
125.0,127.18685
125.0,127.405304
125.0,127.309204
125.0,126.89289
125.0,126.88963
125.0,127.291664
125.0,127.82678
125.0,127.98666
125.0,127.71752
125.0,127.80045
125.0,128.01573
125.0,127.862305
125.0,127.55474
125.0,127.258064
125.0,126.30899
125.0,125.85595
125.0,125.383095
125.0,126.22769
125.0,126.06062
125.0,126.38758
125.0,126.54594
125.0,126.44805
125.0,125.84324
125.0,125.28548
125.0,124.940605
125.0,125.29279
125.0,125.169334
125.0,114.682755
125.0,114.65723
125.0,113.794815
125.0,112.206535
125.0,113.991745
125.0,114.158264
125.0,113.78656
125.0,111.72065
125.0,112.40293
125.0,113.05425
125.0,112.35759
125.0,111.68844
125.0,108.15322
125.0,107.15308
125.0,107.27942
125.0,104.8725
125.0,100.3978
125.0,99.43274
125.0,104.19685
125.0,98.64554
125.0,100.99222
125.0,102.39342
125.0,107.51367
125.0,107.46953
125.0,106.22736
125.0,108.7333
125.0,108.14581
125.0,106.53811
125.0,104.9404
125.0,107.12464
125.0,109.572174
125.0,108.50933
125.0,104.719635
125.0,101.7706
125.0,101.370636
125.0,96.37195
125.0,101.25018
125.0,103.5646
125.0,106.661545
125.0,103.134
125.0,102.666374
125.0,102.45109
125.0,101.50009
125.0,102.44526
125.0,102.489006
125.0,102.42406
125.0,103.74406
125.0,100.78077
125.0,103.61659
125.0,108.252556
125.0,107.71841
125.0,109.419304
125.0,109.27021
125.0,110.85841
125.0,110.72754
125.0,114.115746
125.0,115.735916
125.0,115.145935
125.0,115.1452
125.0,115.619644
125.0,114.23217
125.0,113.701096
125.0,114.72791
125.0,114.464134
125.0,113.93106
125.0,121.36086
125.0,121.525185
125.0,121.57812
125.0,122.04506
125.0,122.28586
125.0,122.58184
125.0,122.32296
125.0,122.289986
125.0,121.551704
125.0,121.09587
125.0,120.91886
125.0,120.99895
125.0,121.60158
125.0,121.32061
125.0,120.93459
125.0,120.58815
125.0,120.31007
125.0,119.72496
125.0,116.61659
125.0,115.482155
125.0,115.72702
125.0,119.00136
125.0,118.65489
125.0,117.093285
125.0,116.54678
125.0,119.02386
125.0,120.044846
125.0,119.69621
125.0,119.27684
125.0,119.839355
125.0,120.0083
125.0,120.54484
125.0,119.95697
125.0,119.30483
125.0,118.43049
125.0,119.45355
125.0,119.53293
125.0,119.52464
125.0,119.59534
125.0,120.89844
125.0,121.32432
125.0,121.95936
125.0,122.06901
125.0,122.02561
125.0,122.60455
125.0,122.048775
125.0,122.20826
125.0,122.26994
125.0,121.834496
125.0,121.03542
125.0,121.22694
125.0,121.509575
125.0,121.438576
125.0,120.63773
125.0,119.92211
125.0,119.132126
125.0,118.97663
125.0,119.19637
125.0,117.91368
125.0,115.2283
125.0,113.77303
125.0,107.3789
125.0,105.548935
125.0,102.25285
125.0,99.66296
125.0,103.45263
125.0,105.54395
125.0,106.39224
125.0,111.16642
125.0,113.51244
125.0,118.22001
125.0,117.121475
125.0,117.02552
125.0,117.97966
125.0,119.2122
125.0,115.21798
125.0,113.36161
125.0,116.217285
125.0,110.18861
125.0,109.89567
125.0,111.5491
125.0,111.58152
125.0,111.10831
125.0,108.93814
125.0,109.394806
125.0,111.93414
125.0,109.60698
125.0,112.600624
125.0,110.01377
125.0,109.858086
125.0,109.28243
125.0,109.76707
125.0,115.65581
125.0,110.455086
125.0,112.47139
125.0,114.07141
125.0,117.49096
125.0,118.516815
125.0,119.00234
125.0,118.89365
125.0,120.16061
125.0,120.239845
125.0,119.604774
125.0,120.145454
125.0,120.594574
125.0,119.63261
125.0,118.45782
125.0,118.98813
125.0,117.03682
125.0,109.10797
125.0,102.3953
125.0,96.646866
125.0,95.03699
125.0,94.8244
125.0,86.93327
125.0,85.440765
125.0,89.902985
125.0,88.54985
125.0,85.956635
125.0,87.90378
125.0,89.40103
125.0,91.6729
125.0,94.67479
125.0,90.43185
125.0,86.07875
125.0,83.422646
125.0,84.42755
125.0,86.675224
125.0,89.43463
125.0,85.32496
125.0,80.528076
125.0,82.83165
125.0,76.95088
125.0,76.31759
125.0,79.36619
125.0,81.70503
125.0,74.49165
125.0,67.35133
125.0,62.458076
125.0,57.98175
125.0,62.20109
125.0,64.67958
125.0,60.3353
125.0,59.887974
125.0,60.030193
125.0,63.665344
125.0,68.83036
125.0,69.7782
125.0,72.30064
125.0,73.87059
125.0,74.731316
125.0,73.12244
125.0,75.10411
125.0,68.16897
125.0,67.34567
125.0,67.03912
125.0,66.222725
125.0,64.85141
125.0,62.968983
125.0,62.717266
125.0,57.62638
125.0,55.486748
125.0,55.519096
125.0,53.117245
125.0,53.41078
125.0,51.56652
125.0,49.633167
125.0,46.752514
125.0,45.03853
125.0,42.530582
125.0,42.88421
125.0,41.777542
125.0,39.997868
125.0,37.327618
125.0,35.10745
125.0,34.67431
125.0,32.415077
125.0,30.325449
125.0,29.997055
125.0,28.0885
125.0,25.731632
125.0,22.976677
125.0,21.367245
125.0,20.768244
125.0,19.432657
125.0,18.329227
125.0,17.237617
125.0,16.646444
125.0,16.020172
125.0,19.1595
125.0,25.826841
125.0,40.503235
125.0,62.079235
125.0,80.00639
125.0,91.92352
125.0,96.26929
125.0,96.49195
125.0,96.36034
125.0,95.36871
125.0,93.934074
125.0,92.85178
125.0,90.95122
125.0,88.96527
125.0,86.9892
125.0,86.81193
125.0,85.41029
125.0,85.21562
125.0,85.89824
125.0,87.90635
125.0,91.18407
125.0,96.27164
125.0,101.892715
125.0,108.38044
125.0,115.67657
125.0,121.83543
125.0,125.45761
125.0,125.23493
125.0,121.2154
125.0,110.026184
125.0,107.74078
125.0,102.121574
125.0,100.55543
125.0,105.0711
125.0,101.406555
125.0,98.56023
125.0,103.008
125.0,107.18834
125.0,107.328415
125.0,110.19433
125.0,117.49771
125.0,117.20262
125.0,119.141594
125.0,119.68562
125.0,119.2675
125.0,120.011894
125.0,118.59456
125.0,118.01362
125.0,116.81568
125.0,118.55592
125.0,118.913574
125.0,119.3383
125.0,119.46092
125.0,118.29351
125.0,117.73455
125.0,118.10108
125.0,114.47507
124.0,111.82324
123.0,108.02221
122.0,110.546906
121.0,110.11968
120.0,113.77676
119.0,112.031624
118.0,117.05533
117.0,117.11851
116.0,112.03925
115.0,106.97707
114.0,107.799225
113.0,109.115166
112.0,114.23269
111.0,111.9985
110.0,101.881165
125.0,121.07475
125.0,121.21285
125.0,120.99799
125.0,121.62157
125.0,122.81765
125.0,122.39819
125.0,122.52728
125.0,122.73495
125.0,122.738525
125.0,122.6539
125.0,122.9741
125.0,122.77224
125.0,122.838905
125.0,121.678345
125.0,121.47866
125.0,120.78705
125.0,120.4437
125.0,120.04291
125.0,120.60183
125.0,120.72288
125.0,119.99389
125.0,120.15005
125.0,120.233116
125.0,119.99021
125.0,119.70712
125.0,118.80485
125.0,119.24368
125.0,117.04274
125.0,114.00159
125.0,115.463524
125.0,117.76038
125.0,120.47435
125.0,120.105606
125.0,120.05009
125.0,118.97314
125.0,117.938354
125.0,119.054535
125.0,119.2566
125.0,120.012474
125.0,119.5474
125.0,119.646324
125.0,120.30022
125.0,119.99256
125.0,119.749115
125.0,119.345695
125.0,118.968216
125.0,118.55325
125.0,118.79517
125.0,118.70116
125.0,119.17452
125.0,118.44716
125.0,118.66866
125.0,114.97732
125.0,117.22646
125.0,116.6029
125.0,119.27714
125.0,120.11466
125.0,120.66638
125.0,121.375885
125.0,122.73018
125.0,123.467926
125.0,122.9733
125.0,123.24402
125.0,122.54136
125.0,121.3841
125.0,120.919136
125.0,120.3191
125.0,120.543304
125.0,120.91561
125.0,119.75431
125.0,119.71673
125.0,120.12541
125.0,120.40557
125.0,120.35422
125.0,119.88313
125.0,121.29097
125.0,120.39051
125.0,120.051346
125.0,119.42026
125.0,119.82677
125.0,119.1448
125.0,118.94496
125.0,113.783714
125.0,114.24832
125.0,108.801414
125.0,111.92062
125.0,117.95537
125.0,116.71851
125.0,118.49022
125.0,119.120735
125.0,119.221565
125.0,119.04319
125.0,119.29312
125.0,117.50562
125.0,118.530655
125.0,119.05935
125.0,118.52066
125.0,117.98887
125.0,118.86528
125.0,111.395584
125.0,110.28779
125.0,110.41468
125.0,112.25462
125.0,115.19215
125.0,117.07449
125.0,117.787674
125.0,115.068665
125.0,109.4542
125.0,104.41336
125.0,108.60643
125.0,109.58536
125.0,116.397766
125.0,117.112305
125.0,115.52126
125.0,113.658554
125.0,112.94982
125.0,113.00941
125.0,114.85207
125.0,115.74034
125.0,112.57276
125.0,114.14378
125.0,115.45212
125.0,114.787445
125.0,110.90449
125.0,111.410484
125.0,115.13432
125.0,116.85683
125.0,115.798645
125.0,114.211235
125.0,108.950264
125.0,105.78871
125.0,103.74029
125.0,107.005226
125.0,107.21314
125.0,105.02033
125.0,103.66607
125.0,108.21284
125.0,109.65398
125.0,115.14929
125.0,115.2412
125.0,118.37345
124.0,118.214676
123.0,118.77628
122.0,118.44788
121.0,119.625435
120.0,120.29306
119.0,120.805336
118.0,121.068275
117.0,120.64282
125.0,114.13874
125.0,113.80585
125.0,114.682205
125.0,114.24668
125.0,117.45101
125.0,117.109146
125.0,116.97462
125.0,117.76202
125.0,118.14225
125.0,117.802444
125.0,117.8518
125.0,118.31559
125.0,117.99032
125.0,117.04183
125.0,117.18291
125.0,116.60784
125.0,116.35019
125.0,112.981476
125.0,107.658714
125.0,103.223885
125.0,98.403145
125.0,99.410416
125.0,100.40599
125.0,101.58352
125.0,99.19307
125.0,98.85681
125.0,98.07098
125.0,100.52566
125.0,101.06486
125.0,104.75354
125.0,106.2974
125.0,109.81825
125.0,108.951744
125.0,111.338524
125.0,115.245224
125.0,116.11193
125.0,117.00028
125.0,118.237976
125.0,118.81849
125.0,119.00525
125.0,119.0594
125.0,119.37667
125.0,119.56579
125.0,118.927704
125.0,119.57848
125.0,119.50678
125.0,119.31731
125.0,118.82383
125.0,118.28527
125.0,116.68506
125.0,116.3567
125.0,115.84814
125.0,116.64654
125.0,116.08778
125.0,111.94567
125.0,109.37594
125.0,110.647064
125.0,107.26543
125.0,105.70327
125.0,107.075935
125.0,102.65989
125.0,96.205025
125.0,90.0674
125.0,93.51602
125.0,97.70253
125.0,99.39109
125.0,97.380135
125.0,98.26478
125.0,97.47085
125.0,96.709785
125.0,98.63016
125.0,100.83719
125.0,99.61835
125.0,105.17754
125.0,111.460785
125.0,111.88975
125.0,111.78064
125.0,110.33638
125.0,112.77978
125.0,112.30388
125.0,112.09847
125.0,111.21909
125.0,114.44795
125.0,110.87774
125.0,108.66758
125.0,106.19352
125.0,111.55164
125.0,110.839195
125.0,110.48525
125.0,106.22753
125.0,105.07423
125.0,107.81999
125.0,101.69034
125.0,97.513
125.0,103.24642
125.0,104.65133
125.0,105.29615
125.0,106.94254
125.0,102.62814
125.0,103.29417
125.0,101.65754
125.0,102.20624
125.0,101.37733
125.0,105.795395
125.0,110.51414
125.0,110.25041
125.0,112.2144
125.0,111.94007
125.0,107.82531
125.0,109.95821
125.0,108.228966
125.0,105.36035
125.0,103.28436
125.0,101.50765
125.0,106.418686
125.0,100.90671
125.0,107.4403
124.0,109.91301
123.0,107.634605
122.0,105.98883
121.0,102.32955
120.0,102.24961
119.0,101.09249
118.0,92.33022
117.0,95.16911
116.0,92.725945
115.0,88.17075
114.0,88.91199
113.0,90.03418
112.0,94.95881
111.0,96.07442
110.0,94.583786
109.0,94.603584
108.0,98.590614
107.0,103.75384
106.0,104.86397
105.0,106.62517
104.0,107.46162
103.0,104.01715
102.0,101.40902
101.0,99.81812
100.0,99.52296
99.0,97.73107
98.0,95.05214
97.0,98.806114
96.0,93.70914
95.0,95.64893
94.0,95.93229
93.0,92.77277
92.0,84.562164
125.0,114.482925
125.0,113.43207
125.0,108.92613
125.0,105.84591
125.0,104.55926
125.0,105.97032
125.0,106.63439
125.0,105.87317
125.0,108.62699
125.0,104.354965
125.0,99.38165
125.0,95.40695
125.0,97.24337
125.0,94.05666
125.0,94.63299
125.0,98.06168
125.0,94.96054
125.0,92.495926
125.0,88.12824
125.0,90.94143
125.0,92.06808
125.0,83.80857
125.0,83.39922
125.0,83.47818
125.0,84.74165
125.0,87.75908
125.0,89.26076
125.0,93.5124
124.0,94.115974
123.0,100.329865
122.0,98.63016
121.0,94.61631
120.0,92.855225
119.0,88.60495
118.0,89.55691
117.0,92.74066
116.0,97.543686
115.0,103.39467
114.0,108.92309
113.0,109.48047
112.0,109.78272
111.0,108.83541
110.0,108.571365
109.0,106.89052
108.0,105.1533
107.0,100.95184
106.0,92.4208
105.0,88.91163
104.0,85.8079
103.0,81.690926
102.0,79.79579
101.0,75.02716
100.0,74.362
99.0,80.59228
98.0,81.26734
97.0,83.45281
96.0,84.09626
95.0,83.227486
94.0,76.019165
93.0,77.46511
92.0,82.36208
91.0,75.86871
90.0,81.068
89.0,79.34192
88.0,81.726074
87.0,77.48166
86.0,81.53351
85.0,86.16397
84.0,93.87888
83.0,96.18984
82.0,94.905304
81.0,90.51282
80.0,94.82886
79.0,94.985306
78.0,93.50636
77.0,95.34283
76.0,96.17667
75.0,96.96829
74.0,97.13593
73.0,96.99229
72.0,94.974014
71.0,91.63952
70.0,92.44916
69.0,96.77743
68.0,94.917046
67.0,95.61646
66.0,94.9993
65.0,92.64724
64.0,81.23579
63.0,78.42067
62.0,76.34029
61.0,67.49113
60.0,66.42592
59.0,55.8096
58.0,47.847965
57.0,39.926918
56.0,40.862316
55.0,34.811073
54.0,35.698055
53.0,33.57537
52.0,30.939226
51.0,31.192533
50.0,31.75594
49.0,29.850489
48.0,29.365334
47.0,31.029573
46.0,30.934351
45.0,30.13235
44.0,31.76749
43.0,33.383198
42.0,32.318726
41.0,35.350628
40.0,38.73629
39.0,36.32229
38.0,33.80768
37.0,35.725864
36.0,36.864414
35.0,37.725994
34.0,33.439713
33.0,32.901695
32.0,34.11787
31.0,33.226757
30.0,33.05027
29.0,31.918756
28.0,32.16394
27.0,30.436134
26.0,32.22645
25.0,31.211369
24.0,29.48141
23.0,28.21207
22.0,30.92649
21.0,30.63737
20.0,30.384792
19.0,29.226248
18.0,26.857338
17.0,27.867668
16.0,29.205433
15.0,27.632582
14.0,27.911066
13.0,26.209845
12.0,24.668873
125.0,119.69505
125.0,119.399666
125.0,119.097275
125.0,118.06415
125.0,116.56273
125.0,113.61307
125.0,114.46652
125.0,107.1159
125.0,105.518074
125.0,109.129684
125.0,100.15234
125.0,108.67721
125.0,108.21613
125.0,104.9529
125.0,104.723465
125.0,105.28007
125.0,112.3261
125.0,112.59007
125.0,114.80352
125.0,113.12192
125.0,114.94405
125.0,117.11811
125.0,117.900696
125.0,118.21038
125.0,118.43806
125.0,119.20871
125.0,120.55631
125.0,121.6404
125.0,121.229675
125.0,120.67029
125.0,120.39146
125.0,120.33929
125.0,119.78395
125.0,119.07243
125.0,118.50123
125.0,118.02516
125.0,117.79487
125.0,117.627106
125.0,118.13339
125.0,118.56465
125.0,118.72042
125.0,118.59401
125.0,118.53412
125.0,118.27862
125.0,118.39634
125.0,118.24364
125.0,118.28174
125.0,118.42337
125.0,118.71974
125.0,119.242226
125.0,120.038956
125.0,120.530945
125.0,120.60692
125.0,121.09689
125.0,121.19493
125.0,120.35903
125.0,120.88677
125.0,121.28114
125.0,120.56948
125.0,119.9217
125.0,118.73749
125.0,118.63382
125.0,117.40555
125.0,117.17951
125.0,117.293465
125.0,115.21608
125.0,116.24028
125.0,117.20398
125.0,117.30821
124.0,117.299
123.0,115.66697
122.0,112.26022
121.0,110.875175
120.0,109.19907
119.0,109.261024
118.0,106.9316
117.0,106.6274
116.0,105.78805
115.0,104.9546
114.0,106.372116
113.0,106.54837
112.0,100.63787
111.0,104.0685
110.0,101.533356
109.0,99.52072
108.0,98.878624
107.0,102.806244
106.0,104.35042
105.0,102.983536
104.0,102.70455
103.0,106.04073
102.0,110.93934
101.0,111.87965
100.0,116.01265
99.0,116.62156
98.0,116.63382
97.0,117.085594
96.0,116.74353
95.0,116.549805
94.0,111.645325
93.0,109.68086
92.0,105.51207
91.0,102.4325
90.0,104.85412
89.0,103.09459
125.0,126.328
125.0,126.8374
125.0,127.21084
125.0,127.78404
125.0,127.343285
125.0,127.74608
125.0,128.11194
125.0,128.3657
125.0,128.4749
125.0,128.42131
125.0,128.01497
125.0,127.62883
125.0,127.00285
125.0,126.44871
125.0,126.3618
125.0,126.42506
125.0,126.77013
125.0,126.69228
125.0,126.93913
125.0,126.93958
125.0,126.71621
125.0,126.80185
125.0,126.70246
125.0,126.60983
125.0,126.16745
125.0,125.665146
125.0,125.28754
125.0,125.60113
125.0,125.75224
125.0,126.14253
125.0,126.58171
125.0,126.92761
125.0,127.01833
125.0,127.16439
125.0,126.971214
125.0,126.92916
125.0,127.18685
125.0,127.01507
125.0,127.068115
125.0,126.90541
125.0,126.63719
125.0,126.365005
125.0,126.258446
125.0,126.42571
125.0,126.75543
125.0,126.53777
125.0,126.288605
125.0,126.448616
125.0,126.69799
125.0,126.44732
125.0,125.91273
125.0,125.78861
125.0,126.10648
125.0,126.45654
125.0,126.02972
125.0,126.26679
125.0,126.0396
125.0,126.32187
125.0,126.7156
125.0,126.48472
125.0,126.66662
125.0,126.34598
125.0,126.662346
125.0,126.72807
125.0,126.46313
125.0,126.20657
125.0,126.13506
125.0,126.26785
125.0,126.10717
125.0,125.89148
125.0,125.877975
125.0,125.85693
125.0,125.963524
125.0,126.134735
125.0,126.65312
125.0,126.2783
125.0,126.41658
125.0,126.186844
125.0,126.260895
125.0,126.17758
125.0,125.791504
125.0,125.85503
125.0,125.669495
125.0,126.04913
125.0,126.10948
125.0,126.34343
125.0,126.39515
125.0,126.63171
125.0,126.33726
125.0,126.11014
125.0,126.15584
125.0,126.359474
125.0,126.944336
125.0,127.36774
125.0,127.53491
125.0,127.74475
125.0,127.729164
125.0,127.45576
125.0,127.13088
125.0,126.70289
125.0,126.72271
125.0,126.57596
125.0,126.47547
125.0,126.56409
125.0,126.61929
125.0,125.928955
125.0,125.7532
125.0,125.023964
125.0,124.4173
125.0,123.57469
125.0,123.171165
125.0,123.24292
125.0,122.930664
125.0,123.20179
125.0,123.8144
125.0,124.7818
125.0,124.903175
125.0,125.38554
125.0,125.4267
125.0,125.52188
125.0,125.314445
125.0,125.73314
125.0,125.972885
125.0,126.19409
125.0,126.446915
125.0,125.903534
125.0,125.61218
125.0,125.42246
125.0,125.1163
125.0,124.95793
125.0,124.838104
125.0,124.881584
125.0,124.90066
125.0,125.58138
125.0,125.852974
125.0,126.24703
125.0,126.1218
125.0,125.53282
125.0,125.061226
125.0,124.55879
125.0,124.6054
125.0,124.30518
125.0,124.55053
125.0,124.468124
125.0,124.337845
125.0,124.78139
125.0,124.98425
125.0,124.89778
125.0,125.44896
125.0,125.743645
125.0,125.661446
125.0,125.756935
125.0,125.96054
125.0,125.82929
125.0,125.71892
125.0,125.6182
125.0,125.501854
125.0,125.15146
125.0,125.27353
125.0,124.86061
124.0,124.19534
123.0,123.80344
122.0,123.820145
121.0,123.81738
120.0,123.609406
119.0,123.72173
118.0,123.748375
117.0,123.42151
116.0,123.62307
115.0,123.96698
114.0,124.34678
113.0,124.74273
112.0,124.43792
111.0,124.399
110.0,124.2519
109.0,124.09649
125.0,122.79409
125.0,123.11307
125.0,122.81351
125.0,122.045494
125.0,122.36994
125.0,122.19729
125.0,122.21866
125.0,122.95681
125.0,122.77083
125.0,123.1855
125.0,122.62837
125.0,122.45169
125.0,122.502594
125.0,122.666435
125.0,123.08234
125.0,123.00339
125.0,123.36427
125.0,123.26069
125.0,123.80295
125.0,123.92898
125.0,123.792114
125.0,124.47991
125.0,124.07422
125.0,124.06206
125.0,124.09914
125.0,124.381004
125.0,124.29446
125.0,124.0674
125.0,124.399185
125.0,124.14497
125.0,124.16033
125.0,124.111824
125.0,123.32001
125.0,122.62485
125.0,122.39239
125.0,121.98283
125.0,122.076065
125.0,122.24715
125.0,122.06119
125.0,121.73457
125.0,121.08527
125.0,120.083984
125.0,119.43774
125.0,118.88794
125.0,118.868965
125.0,118.06917
125.0,119.343895
125.0,119.80204
125.0,120.84185
125.0,121.04732
125.0,121.31557
125.0,121.909256
125.0,121.922935
125.0,122.25731
125.0,123.07377
125.0,123.86405
125.0,124.54006
125.0,124.18798
125.0,124.49887
125.0,123.88856
125.0,123.6821
125.0,123.421135
125.0,123.06815
125.0,122.791794
125.0,122.47758
125.0,123.04054
125.0,122.71894
125.0,122.780266
125.0,123.329056
125.0,123.065994
125.0,123.06534
125.0,122.51647
125.0,122.08382
125.0,121.80619
125.0,121.65754
125.0,121.8105
125.0,121.79203
125.0,122.65082
125.0,122.33013
125.0,122.00464
125.0,121.5015
125.0,121.19471
125.0,121.08357
125.0,120.89345
125.0,120.79566
125.0,120.53446
125.0,120.43619
125.0,120.86039
125.0,121.77782
125.0,122.301506
125.0,122.39513
125.0,122.98884
125.0,123.022255
125.0,123.05845
125.0,123.40314
125.0,123.85084
125.0,123.66283
125.0,124.11893
125.0,124.53434
125.0,123.55838
125.0,123.270454
125.0,123.2764
125.0,122.84339
125.0,122.06864
125.0,120.95861
125.0,121.322815
125.0,120.18612
125.0,119.92034
125.0,119.18855
125.0,119.24664
125.0,118.402885
125.0,115.49909
125.0,117.093704
125.0,115.86106
125.0,110.79109
125.0,110.37895
125.0,110.35042
125.0,107.83602
125.0,118.98263
125.0,119.72549
125.0,120.03161
125.0,120.22054
125.0,120.91356
125.0,120.63016
125.0,120.92626
125.0,120.94835
125.0,121.57093
125.0,122.45406
125.0,122.88466
125.0,122.10162
125.0,122.04812
125.0,122.653915
125.0,122.724724
125.0,122.73659
125.0,122.74557
125.0,123.04737
125.0,122.66328
125.0,122.45019
125.0,121.7732
125.0,121.50754
125.0,120.92352
125.0,119.91157
125.0,120.058655
125.0,119.07446
125.0,118.786285
125.0,118.71948
125.0,118.62248
125.0,115.697266
125.0,118.06268
125.0,117.79568
125.0,116.49385
125.0,113.59483
125.0,113.914276
125.0,111.41689
125.0,116.16245
125.0,113.860695
125.0,114.00454
125.0,117.99245
125.0,119.50706
125.0,115.40951
125.0,112.10959
125.0,116.46414
125.0,113.79922
125.0,116.72182
125.0,114.15365
125.0,116.50747
125.0,115.04817
125.0,114.93068
125.0,112.78967
125.0,116.09903
125.0,111.772675
125.0,110.361984
125.0,110.34935
125.0,110.659805
125.0,109.4127
125.0,109.29986
125.0,105.86023
125.0,103.051445
125.0,106.85544
125.0,113.501915
125.0,117.04422
125.0,118.841774
125.0,119.45802
124.0,118.935555
123.0,119.31806
122.0,118.881256
121.0,119.231834
120.0,119.46164
119.0,119.170494
118.0,117.65228
117.0,117.81064
116.0,118.75359
115.0,118.58999
114.0,119.01196
113.0,118.80002
112.0,119.29287
111.0,118.931114
110.0,118.86582
109.0,117.36528
108.0,115.38145
107.0,112.28746
106.0,107.67749
105.0,114.46106
104.0,115.10466
103.0,109.51347
102.0,104.49793
101.0,102.90284
100.0,99.354355
99.0,95.493164
98.0,94.49783
97.0,97.70806
96.0,103.141945
95.0,96.80712
94.0,94.809845
93.0,88.10747
92.0,96.144936
91.0,101.593315
90.0,92.717804
89.0,90.392006
88.0,94.71789
87.0,90.051346
86.0,95.76313
85.0,97.65111
84.0,106.11985
83.0,99.416435
82.0,97.236496
81.0,95.06437
80.0,93.05476
79.0,88.47076
78.0,85.44733
77.0,85.595474
125.0,124.54438
125.0,123.81394
125.0,124.35629
125.0,124.39529
125.0,124.3522
125.0,124.78334
125.0,124.872375
125.0,125.15229
125.0,124.895096
125.0,124.87448
125.0,124.75236
125.0,124.85834
125.0,124.522255
125.0,124.80837
125.0,124.74431
125.0,125.092834
125.0,125.15295
125.0,125.62245
125.0,125.45444
125.0,125.20712
125.0,125.33933
125.0,125.61911
125.0,125.75841
125.0,125.24561
125.0,125.16165
125.0,125.00602
125.0,124.71335
125.0,124.67004
125.0,123.9988
125.0,123.61336
125.0,124.00041
125.0,123.73792
125.0,123.98452
125.0,124.18394
125.0,124.39041
125.0,124.661804
125.0,124.26501
125.0,124.95733
125.0,124.98999
125.0,124.64355
125.0,124.641464
125.0,124.67851
125.0,124.48247
125.0,124.734406
125.0,124.76596
125.0,125.01606
125.0,124.79116
125.0,124.108025
125.0,124.027176
125.0,123.82406
125.0,124.06235
125.0,124.58127
125.0,124.758224
125.0,124.53604
125.0,124.95848
125.0,125.402214
125.0,125.593605
125.0,126.06166
125.0,125.92818
125.0,126.16634
125.0,125.897545
125.0,125.60677
125.0,125.53826
125.0,125.59567
125.0,125.44544
125.0,124.97596
125.0,124.7627
125.0,124.59473
125.0,124.44984
125.0,124.710815
125.0,124.645615
125.0,124.80663
125.0,124.52765
125.0,124.82664
125.0,125.15703
125.0,125.11863
125.0,124.820724
125.0,124.47018
125.0,124.43995
125.0,124.12274
125.0,124.026505
125.0,123.61409
125.0,123.694595
125.0,123.60713
125.0,123.50111
125.0,123.51075
125.0,123.18807
125.0,123.225266
125.0,123.29352
125.0,123.46943
125.0,122.96788
125.0,123.2151
125.0,123.47729
125.0,123.81387
125.0,124.03122
125.0,123.94677
125.0,124.08408
125.0,123.47984
125.0,123.33282
125.0,123.96865
125.0,124.16238
125.0,124.50726
125.0,124.548485
125.0,124.4912
125.0,124.721146
125.0,124.6789
125.0,124.75908
125.0,124.50084
125.0,124.40214
125.0,124.58222
125.0,124.71568
125.0,124.44606
125.0,124.47532
125.0,125.02442
125.0,125.31446
125.0,125.77102
125.0,125.99002
125.0,126.09838
125.0,126.027435
125.0,125.99043
125.0,125.96281
125.0,125.306175
125.0,124.949394
125.0,124.44316
125.0,123.47148
125.0,122.67626
125.0,121.44484
125.0,120.362564
125.0,120.33722
125.0,120.83185
125.0,120.293274
125.0,120.868454
125.0,121.24138
125.0,120.94383
125.0,121.76307
125.0,121.70721
125.0,122.05666
125.0,122.296776
125.0,122.28959
125.0,121.59439
125.0,122.46427
125.0,121.87638
125.0,121.7109
125.0,122.08572
125.0,122.25789
125.0,121.885475
125.0,120.99921
125.0,120.53553
124.0,120.312004
123.0,119.83874
122.0,119.61359
121.0,118.973946
120.0,119.07956
119.0,119.177246
118.0,118.64331
117.0,118.5352
116.0,117.41291
115.0,118.069916
114.0,117.67359
113.0,118.9758
112.0,119.29349
111.0,119.545906
110.0,119.15518
109.0,117.77484
108.0,118.86401
107.0,118.94417
106.0,117.97744
105.0,118.562164
104.0,119.07822
103.0,117.7966
102.0,119.02073
101.0,118.75481
100.0,118.69764
99.0,119.113686
98.0,117.145615
97.0,115.09708
96.0,112.00192
95.0,113.18493
94.0,115.957664
93.0,118.12085
92.0,117.5614
91.0,118.72557
90.0,116.89982
89.0,118.21427
88.0,118.16899
87.0,110.2812
86.0,106.658714
85.0,102.00594
84.0,98.35733
83.0,97.419815
82.0,99.22497
81.0,99.48878
80.0,98.93849
79.0,99.143616
78.0,97.80227
77.0,94.83492
76.0,92.2464
75.0,88.17761
74.0,91.30388
73.0,84.687805
72.0,85.63042
71.0,78.43881
70.0,80.46319
69.0,88.035225
68.0,83.93797
67.0,87.00976
66.0,84.19854
65.0,82.97545
64.0,83.64887
63.0,84.177704
62.0,83.0422
61.0,85.473076
60.0,83.34686
59.0,76.70389
58.0,67.49001
57.0,61.535225
56.0,59.65878
55.0,61.780193
54.0,59.22395
53.0,57.41482
52.0,55.840015
51.0,54.415718
50.0,52.536087
49.0,56.413876
48.0,55.316605
47.0,53.54238
46.0,52.692772
45.0,52.492447
44.0,52.584095
43.0,52.99288
42.0,55.95997
41.0,55.371433
40.0,57.599873
39.0,58.6764
38.0,58.74343
37.0,59.321983
36.0,57.620518
35.0,57.499527
34.0,57.675877
33.0,54.379166
32.0,50.936916
31.0,52.43805
30.0,49.664066
29.0,46.36895
28.0,45.178936
27.0,43.197647
26.0,42.78952
25.0,42.32814
24.0,42.06527
23.0,39.801716
22.0,39.246693
21.0,38.314907
20.0,37.641685
19.0,36.356342
18.0,34.64043
17.0,33.370003
16.0,34.009888
15.0,34.725563
125.0,114.638306
125.0,111.27397
125.0,112.60244
125.0,113.60821
125.0,110.89289
125.0,111.2352
125.0,108.82079
125.0,109.03621
125.0,112.92162
125.0,110.554665
125.0,112.67418
125.0,112.867386
125.0,115.27333
125.0,117.32899
125.0,117.698074
125.0,118.8364
125.0,119.84861
125.0,119.35483
125.0,119.874695
125.0,118.75724
125.0,118.54079
125.0,118.09136
125.0,117.83905
125.0,117.12275
125.0,116.81902
125.0,116.5715
125.0,116.85681
125.0,117.24347
125.0,117.151634
125.0,117.29011
125.0,116.786194
125.0,111.46304
125.0,111.55112
125.0,110.60613
125.0,109.90501
125.0,102.66252
125.0,100.71845
124.0,101.08171
123.0,108.908226
122.0,107.04668
121.0,107.00723
120.0,108.048645
119.0,111.056526
118.0,115.20922
117.0,115.355865
116.0,116.05983
115.0,116.32359
114.0,112.11282
113.0,107.906624
112.0,96.541756
111.0,95.81565
110.0,97.87242
109.0,95.92498
108.0,89.89089
107.0,83.455055
106.0,81.872375
105.0,85.112686
104.0,84.17819
103.0,85.50992
102.0,87.93971
101.0,95.15503
100.0,101.377975
99.0,105.96487
98.0,105.01576
97.0,102.67766
96.0,102.772285
95.0,102.86522
94.0,104.021904
93.0,105.61861
92.0,99.94799
91.0,94.512535
90.0,92.882996
125.0,118.524376
125.0,119.63222
125.0,118.817955
125.0,118.80407
125.0,118.75692
125.0,118.986336
125.0,119.440254
125.0,119.179955
125.0,118.220604
125.0,118.83279
125.0,119.243996
125.0,118.47196
125.0,117.83269
125.0,117.74995
125.0,118.47925
125.0,118.329346
125.0,118.63756
125.0,118.1618
125.0,117.62092
125.0,115.420494
125.0,112.08881
125.0,109.03613
125.0,102.138596
125.0,100.556015
125.0,105.052246
125.0,103.53586
125.0,102.649376
125.0,103.2262
125.0,104.61291
125.0,109.48921
125.0,108.50153
125.0,110.1155
125.0,107.51728
125.0,102.35657
125.0,108.4486
125.0,113.03295
125.0,113.37203
125.0,116.01468
125.0,112.048386
125.0,116.64519
125.0,117.69361
125.0,117.34022
125.0,116.1807
125.0,117.31018
125.0,116.57821
125.0,112.73171
125.0,111.89137
125.0,116.15755
125.0,117.16851
125.0,117.097046
125.0,117.60618
125.0,118.11652
125.0,117.951965
125.0,118.80717
125.0,119.21184
125.0,119.86342
125.0,120.102425
125.0,120.03994
125.0,120.53039
125.0,120.854485
125.0,120.43938
125.0,120.20343
125.0,120.11803
125.0,120.07573
125.0,120.06562
125.0,119.967995
125.0,119.78969
125.0,119.83342
125.0,120.15351
125.0,120.343956
125.0,120.31869
125.0,120.57829
125.0,120.03608
125.0,119.71743
125.0,119.77951
125.0,118.96432
125.0,118.7172
125.0,118.65536
125.0,118.46806
125.0,118.43486
125.0,118.90399
125.0,117.93336
125.0,117.37473
125.0,117.653725
125.0,117.44785
125.0,118.16539
125.0,118.390335
125.0,118.54854
125.0,118.27887
125.0,119.09532
125.0,119.19363
125.0,119.26801
125.0,119.1397
125.0,119.50776
125.0,120.018776
125.0,120.643166
125.0,120.27058
125.0,120.48396
125.0,119.887695
125.0,118.36734
125.0,117.85096
125.0,117.496086
125.0,117.20399
125.0,117.53428
125.0,117.52309
125.0,117.11109
125.0,115.683235
125.0,115.88996
125.0,116.06537
125.0,115.35088
125.0,115.44247
125.0,116.410446
125.0,117.82521
125.0,117.958176
125.0,118.06454
125.0,117.85301
125.0,118.35133
125.0,118.497284
125.0,118.43973
125.0,118.4192
125.0,117.83577
125.0,117.19484
125.0,116.801216
125.0,117.8142
125.0,117.75636
125.0,118.04138
125.0,117.53355
125.0,117.11584
125.0,117.13808
125.0,115.11871
125.0,112.51275
125.0,113.7781
125.0,115.86535
125.0,117.10537
125.0,117.122536
125.0,117.28837
125.0,117.31416
125.0,117.392975
125.0,117.100204
125.0,116.03057
125.0,116.689095
125.0,113.32507
125.0,113.82973
125.0,109.48858
125.0,106.84242
125.0,105.23165
125.0,105.03024
125.0,108.393
125.0,102.793724
125.0,100.905334
125.0,100.9741
125.0,97.07312
125.0,101.00246
125.0,101.79244
125.0,107.74489
125.0,111.01154
125.0,115.66439
125.0,116.96845
125.0,117.89573
125.0,117.66288
125.0,117.56805
125.0,116.9177
125.0,117.46754
125.0,117.36565
125.0,116.74083
125.0,117.2486
125.0,117.87738
125.0,117.57007
125.0,116.41096
124.0,115.43928
123.0,115.812256
122.0,111.58807
121.0,111.53379
120.0,113.08767
119.0,114.25476
118.0,115.78232
117.0,115.588104
116.0,113.54454
115.0,112.49737
114.0,113.59579
113.0,112.22667
112.0,112.59937
111.0,114.51242
110.0,113.45765
109.0,109.65724
108.0,105.48253
107.0,109.9378
106.0,112.95306
105.0,113.3976
104.0,109.80658
103.0,110.58599
102.0,107.11691
101.0,104.88315
100.0,98.353134
99.0,90.53291
98.0,91.877266
97.0,94.793655
96.0,85.62362
95.0,87.07373
94.0,77.9009
93.0,75.00098
92.0,68.357285
91.0,70.560585
90.0,69.60329
89.0,69.38237
88.0,64.95949
87.0,68.09911
86.0,64.951706
85.0,61.377636
84.0,68.022575
83.0,66.46104
82.0,68.36846
81.0,76.73506
80.0,76.50703
79.0,75.38805
78.0,78.371
77.0,81.64772
76.0,84.850784
75.0,93.33267
74.0,94.48855
73.0,98.1282
72.0,98.493614
71.0,97.92222
70.0,96.58715
69.0,96.1341
68.0,99.3776
67.0,95.98603
66.0,95.82885
65.0,99.6741
64.0,100.11922
63.0,97.91066
62.0,95.66777
61.0,88.693115
60.0,85.97972
59.0,81.69743
58.0,81.0124
57.0,78.17082
56.0,71.767525
55.0,63.09294
54.0,52.59937
53.0,52.116306
52.0,46.73829
51.0,48.967495
50.0,45.39596
49.0,44.27581
48.0,40.2978
47.0,40.189606
46.0,41.3313
45.0,42.172207
44.0,42.09859
43.0,44.74865
42.0,45.78799
41.0,44.55142
40.0,42.767563
39.0,42.892475
38.0,40.7247
37.0,37.280144
36.0,37.88164
35.0,37.813133
34.0,34.595966
33.0,33.124313
32.0,34.81882
31.0,36.26357
30.0,35.411522
29.0,36.118507
28.0,34.540386
27.0,35.47756
26.0,34.53601
25.0,32.630577
24.0,31.339973
23.0,29.805056
22.0,28.424397
21.0,26.070663
20.0,24.11252
19.0,21.6759
18.0,18.731548
125.0,105.73944
125.0,99.73881
125.0,101.08769
125.0,105.504616
125.0,103.89478
125.0,103.91989
125.0,104.75163
125.0,102.27855
125.0,101.47045
125.0,104.959435
125.0,109.08207
125.0,110.42682
125.0,112.06041
125.0,112.97267
125.0,114.39089
125.0,110.141
125.0,107.77463
125.0,109.69518
125.0,109.515465
125.0,110.34545
125.0,107.27818
125.0,111.214134
125.0,109.9562
125.0,110.89155
125.0,111.62458
125.0,111.56526
125.0,111.52153
125.0,112.05761
125.0,112.785995
125.0,112.87448
125.0,113.97045
125.0,112.94682
125.0,109.97623
125.0,103.28664
125.0,96.44516
125.0,97.98854
125.0,95.57312
125.0,91.98502
125.0,87.08473
125.0,90.58796
125.0,90.52161
125.0,96.93956
125.0,100.75583
125.0,103.25083
125.0,108.03837
125.0,100.048256
125.0,102.06332
125.0,105.29751
125.0,104.54826
125.0,107.92089
125.0,106.686035
125.0,109.6228
125.0,108.35048
124.0,110.381035
123.0,109.88763
122.0,106.70942
121.0,105.65664
120.0,104.449875
119.0,103.792534
118.0,100.43148
117.0,103.409836
116.0,100.91257
115.0,102.124374
114.0,96.232666
113.0,83.89373
112.0,83.284225
111.0,82.87225
110.0,78.892456
109.0,86.273224
108.0,80.69923
107.0,83.09907
106.0,77.16462
105.0,73.36044
104.0,70.78652
103.0,67.60597
102.0,67.02458
101.0,63.105347
100.0,61.8561
99.0,57.916023
98.0,61.746216
97.0,68.03899
96.0,68.483734
95.0,71.94954
94.0,83.904
93.0,86.20951
92.0,85.73325
91.0,85.91455
90.0,81.575966
89.0,75.14733
88.0,78.88736
87.0,79.698975
86.0,85.46248
85.0,90.37216
84.0,92.891945
83.0,91.18989
82.0,85.34598
81.0,74.4416
80.0,73.92188
79.0,73.428444
78.0,60.687065
77.0,60.63405
76.0,58.895744
75.0,56.524715
74.0,47.70931
73.0,46.99521
72.0,44.65103
71.0,38.849308
70.0,37.955597
69.0,38.27654
68.0,42.08858
67.0,40.47178
125.0,120.68929
125.0,120.24237
125.0,119.61568
125.0,119.40375
125.0,116.90155
125.0,116.8567
125.0,117.43778
125.0,112.609375
125.0,114.74786
125.0,117.60829
125.0,115.141716
125.0,115.97205
125.0,116.33888
125.0,115.73469
125.0,114.62121
125.0,111.38163
125.0,114.616615
125.0,114.954994
125.0,117.55168
125.0,116.99281
125.0,117.60077
125.0,118.09574
125.0,118.53535
125.0,119.017395
125.0,119.05864
125.0,118.861145
125.0,118.3921
125.0,117.96098
125.0,116.58675
125.0,116.643105
125.0,115.033104
125.0,113.66527
125.0,113.05551
121.0,103.361984
120.0,101.805504
119.0,100.09752
118.0,96.4735
117.0,95.139015
116.0,90.56655
115.0,88.228584
114.0,89.990944
113.0,91.45974
112.0,96.013626
111.0,100.91764
110.0,102.166084
109.0,102.72655
108.0,106.93678
107.0,107.08324
106.0,107.30934
105.0,105.01563
104.0,104.66176
103.0,101.53678
102.0,102.16434
101.0,96.87617
100.0,92.533905
99.0,90.488525
98.0,85.79873
97.0,80.90113
96.0,82.445816
95.0,79.311386
94.0,79.68926
93.0,80.65175
92.0,78.0041
91.0,80.40513
90.0,82.761795
89.0,80.56814
88.0,76.82708
87.0,79.03055
86.0,78.9558
85.0,76.55045
84.0,77.597084
83.0,77.30782
82.0,71.40154
81.0,76.28385
80.0,76.203445
79.0,78.64095
78.0,81.75813
77.0,75.536415
76.0,73.01097
75.0,63.828556
74.0,61.423332
73.0,64.67716
72.0,66.8304
71.0,61.30608
70.0,64.57092
69.0,65.44143
68.0,60.09037
67.0,63.765743
66.0,60.070366
65.0,61.190746
64.0,57.574673
63.0,58.05348
62.0,56.554653
61.0,54.642544
60.0,52.74091
59.0,51.606647
58.0,51.121555
57.0,55.920773
56.0,56.13395
55.0,54.304653
54.0,53.87105
53.0,53.754555
52.0,49.87024
51.0,47.09612
50.0,47.148922
49.0,47.83313
48.0,48.967228
47.0,48.524498
46.0,46.048195
45.0,44.427723
44.0,43.12083
43.0,43.267918
42.0,42.064724
125.0,108.90695
125.0,104.15724
125.0,103.089554
125.0,104.033424
125.0,102.64406
125.0,100.78836
125.0,104.98027
125.0,113.29324
125.0,113.67476
125.0,113.38873
125.0,113.893684
125.0,110.36877
125.0,114.54628
125.0,113.274315
125.0,109.389755
125.0,115.36076
125.0,116.72361
125.0,115.41187
125.0,115.85061
125.0,117.12609
125.0,118.74014
125.0,119.463844
125.0,119.633255
125.0,120.362076
125.0,119.8702
125.0,119.37675
125.0,118.45698
125.0,119.03322
125.0,118.976845
125.0,119.9946
125.0,119.99616
125.0,119.8811
125.0,118.65305
125.0,118.80478
125.0,119.2757
125.0,119.076126
125.0,119.69574
125.0,120.063644
125.0,120.42363
125.0,120.81282
125.0,121.1607
125.0,121.0484
125.0,121.17073
125.0,121.24832
125.0,121.762726
125.0,120.92452
125.0,120.61738
125.0,120.23257
125.0,120.06411
125.0,120.4648
125.0,119.725204
125.0,120.11736
125.0,120.6344
125.0,120.86915
125.0,120.667114
125.0,120.94366
125.0,121.33208
125.0,121.654854
125.0,121.392426
125.0,122.155846
125.0,122.14814
125.0,121.96507
125.0,121.28128
125.0,120.86327
125.0,121.22875
125.0,120.84977
125.0,121.94698
125.0,122.54134
125.0,122.326866
125.0,122.19918
125.0,122.03302
125.0,121.62256
125.0,121.65859
125.0,121.634766
125.0,121.69237
125.0,121.68856
125.0,121.61223
125.0,120.95324
125.0,120.61649
125.0,120.79481
125.0,120.32944
125.0,120.194016
125.0,119.7438
125.0,119.37342
125.0,118.37799
125.0,118.89078
125.0,118.49676
125.0,119.73433
125.0,119.56255
125.0,119.67816
125.0,119.49547
125.0,118.25003
125.0,117.45686
125.0,114.72979
125.0,116.299286
125.0,116.79311
125.0,119.260445
125.0,119.33681
125.0,118.720055
125.0,119.04673
125.0,119.6781
125.0,120.37521
125.0,120.28496
125.0,120.269844
125.0,120.479256
125.0,120.897026
125.0,121.30129
125.0,121.594086
125.0,122.010376
125.0,122.51404
125.0,122.647934
125.0,122.90232
125.0,122.36548
125.0,121.95929
125.0,121.45762
125.0,122.03786
125.0,120.62345
125.0,120.253746
125.0,120.78713
125.0,120.717
125.0,120.90614
125.0,121.29344
125.0,120.844635
125.0,120.45915
125.0,119.42728
125.0,118.87098
125.0,118.47535
125.0,115.31535
125.0,108.391525
125.0,107.236084
124.0,106.2323
123.0,108.82992
122.0,114.414696
121.0,113.87247
120.0,109.769295
119.0,112.19623
118.0,115.29479
117.0,112.728966
116.0,116.60955
115.0,116.93659
114.0,114.369255
113.0,112.761375
112.0,109.63627
111.0,112.04459
110.0,115.52645
109.0,117.32258
108.0,115.84141
107.0,113.874626
106.0,110.10736
105.0,110.53631
104.0,115.725784
103.0,117.61095
102.0,118.544044
101.0,119.66441
100.0,119.406105
99.0,120.06028
98.0,119.470726
97.0,117.04217
96.0,111.21343
95.0,113.8326
94.0,111.08107
93.0,108.62142
92.0,110.1027
91.0,104.40826
90.0,105.4652
89.0,108.099846
88.0,112.95031
87.0,106.619354
86.0,106.76496
85.0,107.01639
84.0,108.01434
83.0,106.77529
82.0,106.18316
81.0,109.508514
80.0,111.65734
79.0,108.24555
78.0,108.07133
77.0,102.49494
76.0,100.37353
75.0,93.758224
74.0,95.33715
125.0,125.212135
125.0,125.11902
125.0,124.622314
125.0,124.6665
125.0,124.281395
125.0,123.91505
125.0,124.16516
125.0,124.73244
125.0,124.62854
125.0,124.32414
125.0,124.03937
125.0,123.653175
125.0,123.29364
125.0,123.028275
125.0,123.55811
125.0,123.79604
125.0,124.2474
125.0,124.59876
125.0,124.54541
125.0,124.73244
125.0,124.62123
125.0,124.51139
125.0,124.57457
125.0,124.94198
125.0,124.997086
125.0,124.72836
125.0,124.94092
125.0,124.834076
125.0,125.06563
125.0,125.65755
125.0,125.27034
125.0,125.12945
125.0,125.25934
125.0,125.11677
125.0,125.15728
125.0,125.16932
125.0,125.26511
125.0,125.66541
125.0,125.36593
125.0,124.90155
125.0,124.62853
125.0,124.32583
125.0,124.28385
125.0,124.09998
125.0,124.48004
125.0,124.78431
125.0,124.81843
125.0,124.75182
125.0,124.71316
125.0,124.970985
125.0,124.43898
125.0,124.63911
125.0,124.08744
125.0,124.05424
125.0,123.46414
125.0,123.252304
125.0,123.59585
125.0,123.45504
125.0,122.88934
125.0,122.95027
125.0,123.51646
125.0,123.75732
125.0,124.047295
124.0,124.134346
123.0,124.46868
122.0,124.34304
121.0,123.9332
120.0,123.23951
119.0,122.559845
118.0,122.05115
117.0,121.65517
116.0,121.76449
115.0,121.98617
114.0,122.2557
113.0,122.045044
112.0,122.11656
111.0,121.93998
110.0,121.756325
109.0,121.82556
108.0,121.72833
107.0,121.52234
106.0,121.3305
105.0,121.089836
104.0,120.67269
103.0,121.33414
102.0,120.73706
101.0,121.23244
100.0,121.502815
99.0,121.68368
98.0,122.10686
97.0,123.11949
96.0,123.623
95.0,123.718285
94.0,123.79801
93.0,124.06653
92.0,123.33308
91.0,122.89586
90.0,122.35016
89.0,122.11884
88.0,122.172714
87.0,122.22867
86.0,122.32897
85.0,122.17786
84.0,121.55
83.0,120.90539
82.0,120.64499
81.0,120.27189
80.0,120.515396
79.0,119.61588
78.0,119.558334
77.0,119.50326
76.0,119.37939
75.0,119.44602
74.0,118.875916
73.0,118.72125
72.0,118.57441
71.0,118.97834
70.0,118.842766
69.0,117.97598
68.0,117.0767
67.0,112.92204
66.0,112.006004
65.0,109.834015
64.0,102.8009
63.0,97.68674
62.0,96.25476
61.0,94.76021
60.0,89.7207
59.0,85.75529
58.0,86.3407
57.0,77.498344
56.0,78.247475
55.0,78.76371
54.0,78.09401
53.0,81.4263
52.0,82.057144
51.0,82.1425
50.0,81.087616
49.0,76.11621
48.0,80.239876
47.0,80.661766
46.0,75.89717
45.0,73.68202
44.0,75.27379
43.0,77.59222
42.0,79.00163
41.0,73.95054
40.0,73.8631
125.0,123.78188
125.0,123.55049
125.0,123.50076
125.0,123.41486
125.0,123.72844
125.0,123.43858
125.0,123.16627
125.0,123.41045
125.0,123.30368
125.0,123.8496
125.0,123.87704
125.0,124.28738
125.0,124.4728
125.0,124.15272
125.0,123.79332
125.0,123.61291
125.0,124.33395
125.0,124.22273
125.0,124.5388
125.0,124.14311
125.0,124.36065
125.0,123.91049
125.0,123.58838
125.0,123.2227
125.0,123.26485
125.0,123.3393
125.0,122.87179
125.0,122.15778
125.0,121.31676
125.0,121.97551
125.0,122.11627
125.0,121.37433
125.0,121.89635
125.0,121.86634
125.0,121.17302
125.0,121.346924
125.0,122.138504
125.0,122.55065
125.0,122.87146
125.0,123.34744
125.0,123.74365
125.0,123.55216
125.0,123.73329
125.0,123.586815
125.0,122.81223
125.0,122.48621
125.0,123.18582
125.0,123.01338
125.0,123.078
125.0,122.20037
125.0,122.31352
125.0,122.077095
125.0,122.21025
125.0,122.199646
125.0,122.03424
125.0,122.33436
125.0,121.2941
125.0,121.36578
125.0,121.3353
125.0,122.00101
125.0,121.33726
125.0,121.07436
125.0,121.63812
125.0,121.925575
125.0,121.93725
125.0,122.37756
125.0,123.36734
125.0,123.86663
125.0,124.59548
125.0,124.81619
125.0,125.07348
125.0,124.51205
125.0,124.39354
125.0,124.07924
125.0,123.11099
125.0,122.93622
125.0,122.48269
125.0,121.89825
125.0,122.224434
125.0,121.847664
125.0,122.20941
125.0,122.42989
125.0,122.721375
125.0,123.01568
125.0,123.30822
125.0,123.5591
125.0,123.12007
125.0,123.108406
125.0,122.89196
125.0,122.56603
125.0,121.77767
125.0,121.956215
125.0,121.99837
125.0,121.80772
125.0,122.19844
125.0,122.33561
125.0,122.36227
125.0,122.36317
125.0,122.27039
125.0,122.052734
125.0,122.69788
125.0,122.6228
125.0,122.67512
125.0,122.52836
125.0,122.67788
125.0,122.60845
125.0,122.05327
125.0,121.858955
125.0,121.9526
125.0,122.26179
125.0,121.83126
125.0,121.93013
125.0,122.24675
125.0,122.11269
125.0,121.72009
125.0,122.1132
125.0,121.53419
125.0,121.19578
125.0,121.48601
125.0,121.882965
125.0,121.596794
125.0,121.283066
125.0,121.14979
125.0,121.00122
125.0,121.95965
125.0,122.713295
125.0,122.850266
125.0,122.891335
125.0,123.00831
125.0,123.0785
125.0,123.50479
125.0,123.90692
125.0,123.91551
125.0,123.275566
125.0,123.24652
125.0,122.74949
125.0,121.63788
125.0,120.66866
125.0,120.99364
125.0,120.7642
125.0,120.74238
125.0,120.47443
125.0,121.09611
125.0,121.63992
125.0,121.37033
125.0,121.2074
125.0,120.880226
125.0,120.88835
125.0,121.53702
125.0,122.01813
125.0,122.07474
125.0,122.091995
125.0,122.13999
125.0,122.369606
125.0,122.75482
125.0,123.25402
125.0,123.52122
125.0,123.69714
125.0,124.40916
125.0,124.424355
125.0,124.19702
125.0,123.89138
125.0,123.35032
125.0,122.48733
125.0,121.55144
125.0,120.65533
125.0,120.44089
125.0,119.57228
125.0,119.651215
125.0,119.49182
125.0,119.799
125.0,118.33471
125.0,115.23026
125.0,117.61795
125.0,118.234024
125.0,116.30548
125.0,114.290596
125.0,118.730415
125.0,120.31034
125.0,120.056335
125.0,120.68067
125.0,121.511284
125.0,121.80759
125.0,122.04302
125.0,121.73065
125.0,120.699005
125.0,120.63297
125.0,119.79237
125.0,118.96768
125.0,119.65863
125.0,119.54265
125.0,117.440384
125.0,114.41943
125.0,105.78901
125.0,103.6113
125.0,102.554855
125.0,103.88556
125.0,101.61015
125.0,101.72509
125.0,101.11566
125.0,104.63367
125.0,103.67164
125.0,110.16738
125.0,114.2767
125.0,118.44471
125.0,118.93021
125.0,119.80673
125.0,121.395645
125.0,121.89294
124.0,121.476494
123.0,121.245476
122.0,121.03255
121.0,120.75527
120.0,119.949875
119.0,118.68588
118.0,118.16414
117.0,117.64854
116.0,117.85112
115.0,115.85725
114.0,115.29496
113.0,114.42837
112.0,109.01692
111.0,107.92728
110.0,99.68303
109.0,97.01305
108.0,99.5866
107.0,104.55252
106.0,101.01459
105.0,94.601074
104.0,87.871346
103.0,87.94694
102.0,93.2292
101.0,99.411255
100.0,101.00042
99.0,104.91211
98.0,101.98987
97.0,100.41338
96.0,97.06637
95.0,95.49539
94.0,96.25423
93.0,99.386375
92.0,103.481865
91.0,98.254875
90.0,97.174736
89.0,101.26614
88.0,106.00807
87.0,103.057495
86.0,98.560585
85.0,94.4542
84.0,89.48768
83.0,85.45658
82.0,87.85752
81.0,91.29955
80.0,88.31266
79.0,83.00714
78.0,78.413086
77.0,84.733635
76.0,84.1543
75.0,88.594505
74.0,89.45702
73.0,100.60285
72.0,105.42658
71.0,98.55403
70.0,96.60216
69.0,97.818886
68.0,93.18097
67.0,93.86244
66.0,88.81847
65.0,86.81892
64.0,82.15384
63.0,82.68469
62.0,84.32496
61.0,81.25783
60.0,76.95144
59.0,72.966194
125.0,107.329506
125.0,111.138824
125.0,111.95621
125.0,107.59561
125.0,107.95934
125.0,110.29677
125.0,113.97496
125.0,117.798416
125.0,117.583466
125.0,117.80549
125.0,118.18215
125.0,117.724686
124.0,115.15178
123.0,115.304596
122.0,115.289375
121.0,115.71253
120.0,115.78838
119.0,113.54579
118.0,114.2521
117.0,114.56033
116.0,113.31375
115.0,116.94816
114.0,116.22787
113.0,117.0284
112.0,114.43624
111.0,111.94068
110.0,106.12606
109.0,100.431854
108.0,93.347
107.0,90.62284
106.0,89.372025
105.0,90.69246
104.0,87.96355
103.0,81.72245
102.0,79.24299
101.0,79.67183
100.0,79.49474
99.0,88.06108
98.0,83.168015
97.0,92.13399
96.0,89.631165
95.0,87.341965
94.0,92.0313
93.0,92.71772
92.0,94.449165
91.0,99.84003
90.0,108.50227
89.0,108.96855
88.0,109.23496
87.0,114.118
86.0,115.35678
85.0,117.03094
84.0,118.12454
83.0,117.034744
82.0,117.07093
81.0,116.82978
80.0,116.22586
79.0,114.08152
78.0,110.8571
77.0,109.02509
76.0,105.34422
75.0,100.22018
74.0,97.56388
73.0,93.20978
72.0,90.81897
71.0,85.31715
70.0,83.941666
69.0,82.07516
68.0,75.78916
67.0,70.31275
66.0,67.178375
65.0,70.110016
64.0,70.91248
63.0,72.71252
62.0,74.2386
61.0,77.82175
60.0,81.42093
59.0,84.0023
58.0,80.93546
57.0,84.19372
56.0,83.60641
55.0,90.30648
54.0,93.56864
53.0,89.987305
52.0,86.54247
51.0,85.42565
50.0,86.49163
49.0,88.63482
48.0,88.08245
47.0,87.83484
46.0,85.312065
45.0,89.01512
44.0,92.56743
43.0,92.59109
42.0,91.48786
41.0,77.31187
40.0,70.670044
39.0,74.416504
38.0,75.351746
37.0,71.900444
36.0,64.29426
35.0,65.53525
34.0,57.25801
33.0,56.169636
32.0,52.682243
31.0,46.46016
30.0,40.454327
29.0,34.468792
28.0,27.571209
27.0,27.810785
26.0,26.495258
25.0,24.267448
24.0,24.550837
23.0,25.337973
22.0,24.83062
21.0,20.374493
20.0,19.166224
19.0,17.317776
18.0,16.53394
17.0,16.54329
16.0,16.419138
15.0,15.853239
125.0,119.19321
125.0,119.33744
125.0,119.99813
125.0,120.138885
125.0,119.69198
125.0,120.285675
125.0,120.09412
125.0,120.153114
125.0,119.11885
117.0,113.105835
116.0,116.4173
115.0,116.82118
114.0,116.875854
113.0,115.73937
112.0,110.48504
111.0,108.930916
110.0,103.80101
109.0,110.30531
108.0,109.40887
107.0,113.3324
106.0,117.61153
105.0,117.54083
104.0,118.0913
103.0,117.94439
102.0,118.78919
101.0,119.23932
100.0,118.7443
99.0,117.97828
98.0,117.22185
97.0,116.26689
96.0,115.83443
95.0,112.07221
94.0,109.21253
93.0,103.66021
92.0,103.32536
91.0,100.40904
90.0,99.767044
89.0,96.47748
125.0,123.70782
125.0,123.917206
125.0,124.375984
125.0,124.167435
125.0,123.24985
125.0,122.73072
125.0,122.29402
125.0,121.466835
125.0,121.34727
125.0,121.20055
125.0,120.93131
125.0,122.050644
125.0,121.98915
125.0,121.85373
125.0,121.407646
125.0,120.58468
125.0,120.413536
125.0,120.20327
125.0,120.1498
125.0,120.41408
125.0,120.46133
125.0,121.1233
125.0,120.98758
125.0,121.24685
125.0,121.43962
125.0,122.129524
125.0,122.4903
125.0,123.04616
125.0,123.33438
125.0,123.258965
125.0,123.413055
125.0,123.40611
125.0,125.10373
125.0,125.22741
125.0,125.26528
125.0,125.068825
125.0,124.93725
125.0,124.31458
125.0,124.39666
125.0,124.65485
125.0,124.38433
125.0,124.372604
125.0,124.39854
125.0,124.35232
125.0,124.126015
125.0,124.1821
125.0,124.51644
125.0,124.645294
125.0,124.93708
125.0,125.18737
125.0,124.978065
125.0,124.8121
125.0,124.64079
125.0,125.00927
125.0,124.647
125.0,124.231804
125.0,124.02713
125.0,124.3469
125.0,124.7725
125.0,125.29281
125.0,124.97553
125.0,125.2458
125.0,126.11832
125.0,126.069145
125.0,125.87568
125.0,125.63382
125.0,125.169304
125.0,125.30984
125.0,125.288574
125.0,125.6172
125.0,125.04315
125.0,124.48079
125.0,124.18605
125.0,124.12471
125.0,123.7642
125.0,123.03309
125.0,122.84912
125.0,123.05965
125.0,123.34019
125.0,124.0752
125.0,123.97639
125.0,123.96041
125.0,123.79542
125.0,123.963776
125.0,123.85859
125.0,123.57852
125.0,123.62355
125.0,123.63864
125.0,123.48006
125.0,123.40444
125.0,123.51665
125.0,123.63637
125.0,124.39044
125.0,124.62377
125.0,124.319405
125.0,123.92675
125.0,123.764275
125.0,124.44251
125.0,124.61334
125.0,125.293045
125.0,125.44785
125.0,125.01124
125.0,124.80657
125.0,124.44258
125.0,124.4016
125.0,123.90793
125.0,123.440865
125.0,123.84154
125.0,124.04382
125.0,124.256195
125.0,124.444725
125.0,124.59552
125.0,124.87268
125.0,124.90485
125.0,125.11599
125.0,124.85179
125.0,125.30774
125.0,125.42531
125.0,125.17496
125.0,125.32903
125.0,125.50338
125.0,125.059975
125.0,125.07029
125.0,124.57397
125.0,124.29787
125.0,123.66004
125.0,123.75218
125.0,123.6552
125.0,122.089615
125.0,122.05421
125.0,122.30234
125.0,122.28195
125.0,122.409805
125.0,121.64901
125.0,121.3559
125.0,120.69266
125.0,120.1978
125.0,120.79053
125.0,120.64876
125.0,120.63018
125.0,120.583755
125.0,121.27389
125.0,121.60611
125.0,122.81716
125.0,122.03179
125.0,121.461716
125.0,122.03776
125.0,121.4341
125.0,120.764275
125.0,120.05195
125.0,119.14137
125.0,118.99488
125.0,118.90425
125.0,117.77587
125.0,118.48011
125.0,118.16774
125.0,117.75342
125.0,117.6284
125.0,118.905014
125.0,119.198235
125.0,118.967125
125.0,119.42957
125.0,119.452415
125.0,118.58575
125.0,117.87437
125.0,119.004585
125.0,119.925186
125.0,120.65741
125.0,120.824875
125.0,121.10871
125.0,120.19118
125.0,120.514366
125.0,120.98472
125.0,120.691765
125.0,119.91671
125.0,120.49364
125.0,121.00099
125.0,120.87743
125.0,121.065186
125.0,121.06307
125.0,120.22813
125.0,120.35127
125.0,120.43804
125.0,119.89937
125.0,120.1598
125.0,119.59601
125.0,119.11057
125.0,118.83394
125.0,118.67072
125.0,118.46964
125.0,118.03868
125.0,118.32342
125.0,118.20193
125.0,118.30567
125.0,118.053085
125.0,118.61862
125.0,119.509445
125.0,120.07159
125.0,120.839066
125.0,120.56875
125.0,119.73028
125.0,119.75704
125.0,119.377144
125.0,119.06139
125.0,119.227425
125.0,119.578545
125.0,119.70031
125.0,119.430466
125.0,119.56444
125.0,118.86435
125.0,118.57799
125.0,118.21423
125.0,118.14712
125.0,117.34868
125.0,116.07963
125.0,115.63504
125.0,115.38927
125.0,114.27222
125.0,112.13751
125.0,110.78744
125.0,112.06715
125.0,114.28212
125.0,116.09553
125.0,116.75234
125.0,116.76934
125.0,109.93184
125.0,113.056496
125.0,107.31803
125.0,110.10393
124.0,106.85361
123.0,102.91414
122.0,108.41709
121.0,108.86993
120.0,112.419235
119.0,115.22742
118.0,116.70638
117.0,118.289185
116.0,118.53719
115.0,120.268196
114.0,120.451164
113.0,119.14255
112.0,117.53705
111.0,117.385445
110.0,115.74015
109.0,116.520775
108.0,114.60431
107.0,114.17976
106.0,115.02214
105.0,108.88093
104.0,109.17096
103.0,110.04882
102.0,106.75755
101.0,99.4344
100.0,105.57328
99.0,109.34728
125.0,122.916824
125.0,122.55405
125.0,122.75213
125.0,121.92832
125.0,122.06645
125.0,121.73131
125.0,121.78418
125.0,121.342514
125.0,121.11572
125.0,121.081505
125.0,120.47925
125.0,120.860535
125.0,121.276764
125.0,121.65782
125.0,121.25449
125.0,121.73411
125.0,122.15689
125.0,121.9452
125.0,122.1269
125.0,121.88228
125.0,122.2423
125.0,122.13083
125.0,121.46689
125.0,121.66386
125.0,121.900604
125.0,122.29517
125.0,122.3931
125.0,122.51935
125.0,122.15056
125.0,122.209656
125.0,122.33454
125.0,122.050255
125.0,121.44703
125.0,121.29831
125.0,121.21326
125.0,120.860016
125.0,121.30472
125.0,121.110596
125.0,121.299286
125.0,121.18649
125.0,121.378365
125.0,121.66397
125.0,121.52313
125.0,121.3353
125.0,120.843796
125.0,120.39328
125.0,120.16875
125.0,119.92472
125.0,120.197784
125.0,119.911385
125.0,120.12234
125.0,119.1491
125.0,119.40196
125.0,118.93592
125.0,119.03489
125.0,120.00467
125.0,119.16984
125.0,118.521255
125.0,118.41821
125.0,117.808945
125.0,117.50725
125.0,119.5508
125.0,119.75017
125.0,119.97181
125.0,119.94778
125.0,120.18898
125.0,121.053055
125.0,120.92619
125.0,121.048676
125.0,120.72018
125.0,120.91358
125.0,121.42397
125.0,121.80988
125.0,122.541176
125.0,123.10435
125.0,123.0632
125.0,123.595276
125.0,123.10089
125.0,123.13764
125.0,123.280594
125.0,123.80634
125.0,123.47315
125.0,123.48908
125.0,123.00671
125.0,122.82892
125.0,122.982285
125.0,122.40069
125.0,122.0416
125.0,121.4108
125.0,121.22073
125.0,120.830894
125.0,120.644646
125.0,120.949265
125.0,120.25028
125.0,120.773506
125.0,120.74292
125.0,120.8725
125.0,120.58511
125.0,119.87628
125.0,119.40661
125.0,119.432274
125.0,120.04974
125.0,119.18773
125.0,118.71882
125.0,115.945885
125.0,111.92157
125.0,117.293625
125.0,113.162346
125.0,112.10465
124.0,111.03821
123.0,111.75369
122.0,110.55383
121.0,109.4128
120.0,105.88315
119.0,115.08025
118.0,115.843834
117.0,114.6407
116.0,117.6329
115.0,118.760155
114.0,120.17332
113.0,120.571434
112.0,120.24936
111.0,120.47615
110.0,120.83456
109.0,120.46484
108.0,119.907585
107.0,120.7751
106.0,121.182045
105.0,120.60802
104.0,119.25082
103.0,118.414474
102.0,117.04509
101.0,112.19465
100.0,109.149796
99.0,107.72332
98.0,110.80235
97.0,113.82573
96.0,113.33013
95.0,116.41746
94.0,112.96049
93.0,112.48517
92.0,113.9327
91.0,111.77485
90.0,110.862755
89.0,107.405396
88.0,110.14535
87.0,107.30441
86.0,103.406105
85.0,100.71014
84.0,102.56599
83.0,98.942444
82.0,98.3063
81.0,90.76897
80.0,87.536026
79.0,86.33699
78.0,87.51742
77.0,91.25521
76.0,91.578545
75.0,89.74133
74.0,83.47802
73.0,77.439766
72.0,75.98532
71.0,81.052246
70.0,81.28419
69.0,77.69419
68.0,80.11578
67.0,85.99784
66.0,90.61614
65.0,90.03348
64.0,90.96244
63.0,91.96741
62.0,88.6073
61.0,88.941826
60.0,83.481926
59.0,84.08692
58.0,83.628815
57.0,85.305336
56.0,81.313774
55.0,80.663635
54.0,83.8914
53.0,78.9572
52.0,76.85905
51.0,71.58207
50.0,68.31691
49.0,70.31241
48.0,67.21033
47.0,69.83534
46.0,65.04224
45.0,63.517235
44.0,61.644436
43.0,58.634007
42.0,54.556206
41.0,52.06878
40.0,50.20287
39.0,49.68902
38.0,50.37049
37.0,47.845207
36.0,47.109528
35.0,46.22566
34.0,43.451046
125.0,126.40434
125.0,126.09635
125.0,125.59007
125.0,125.616684
125.0,125.990005
125.0,125.90362
125.0,125.62267
125.0,125.90344
125.0,126.154945
125.0,125.69405
125.0,125.95622
125.0,125.67827
125.0,125.74154
125.0,125.41191
125.0,125.41935
125.0,125.41935
125.0,125.09939
125.0,124.725655
125.0,123.70154
125.0,123.45063
125.0,122.81286
125.0,122.93459
125.0,123.58375
125.0,123.46379
125.0,122.71365
125.0,122.845146
125.0,123.03629
125.0,122.528694
125.0,122.26814
125.0,122.76751
125.0,123.45215
125.0,123.76569
125.0,123.97988
125.0,124.53189
125.0,125.0782
125.0,125.65561
125.0,125.54522
125.0,125.803665
125.0,125.93362
125.0,125.32003
125.0,125.23157
125.0,125.021576
125.0,125.12656
125.0,125.376465
125.0,124.96927
125.0,125.30075
125.0,125.17172
125.0,124.9512
125.0,124.20473
125.0,124.19878
125.0,123.89758
125.0,124.09837
125.0,124.4562
125.0,124.52212
125.0,124.21867
125.0,124.75772
125.0,125.126495
125.0,125.2456
125.0,125.219925
125.0,125.08002
125.0,125.270996
125.0,125.47976
125.0,125.155716
125.0,125.26226
125.0,124.20653
125.0,123.84518
125.0,123.987686
125.0,123.642746
125.0,124.123856
125.0,124.517395
125.0,124.559
125.0,124.87701
125.0,125.32237
125.0,125.5493
125.0,125.63041
125.0,126.191315
125.0,126.04402
125.0,125.939415
125.0,125.77329
125.0,125.26753
125.0,124.86116
125.0,124.71348
125.0,124.05277
125.0,124.02156
125.0,123.96635
125.0,124.11131
125.0,123.83527
125.0,123.624954
125.0,123.61086
125.0,124.03518
125.0,124.794014
125.0,125.13575
125.0,125.08805
125.0,124.963936
125.0,124.786285
125.0,124.210175
125.0,123.96746
125.0,123.36753
125.0,123.76782
125.0,123.87186
125.0,123.772385
125.0,123.677505
125.0,123.68531
125.0,123.46163
125.0,123.749954
125.0,123.71227
125.0,123.893036
125.0,123.97628
125.0,124.39542
125.0,124.17027
125.0,123.89033
125.0,124.59423
125.0,124.42197
125.0,125.0101
125.0,124.88812
125.0,124.5297
125.0,123.931694
125.0,123.783195
125.0,123.268654
125.0,123.54104
125.0,123.64915
125.0,123.96531
125.0,123.96784
125.0,123.656715
125.0,123.971375
125.0,123.540535
125.0,123.53637
125.0,123.659935
125.0,123.9353
125.0,123.94021
125.0,124.42019
125.0,124.21748
125.0,123.9146
125.0,123.604805
125.0,123.560104
125.0,123.31301
125.0,123.82505
125.0,123.74004
125.0,123.7908
125.0,123.918915
125.0,124.64797
125.0,124.61097
125.0,124.54639
125.0,125.09485
125.0,125.02106
125.0,125.0709
125.0,124.8976
125.0,125.00739
125.0,124.80894
125.0,124.55438
125.0,124.752426
125.0,124.755424
125.0,124.937294
125.0,124.9893
125.0,125.0373
125.0,125.341866
125.0,125.48839
125.0,125.36606
125.0,124.92551
125.0,124.96556
125.0,125.20018
125.0,124.62413
125.0,124.230125
125.0,123.97565
125.0,123.325645
125.0,123.43986
125.0,122.906136
125.0,122.81172
125.0,122.436714
125.0,122.51105
125.0,123.7772
125.0,123.84497
125.0,123.72988
125.0,124.054955
125.0,124.18173
125.0,124.653946
125.0,124.419586
125.0,124.20834
125.0,124.30575
125.0,124.21547
125.0,124.228935
125.0,124.74955
125.0,125.31534
125.0,125.71821
125.0,126.031845
125.0,126.33167
125.0,126.18682
125.0,125.79745
125.0,125.158966
125.0,125.28287
125.0,124.96334
125.0,124.811
125.0,124.80947
125.0,125.20692
125.0,125.04929
125.0,124.81645
125.0,124.22618
125.0,124.274734
125.0,123.72744
125.0,123.06896
125.0,122.77846
125.0,122.51976
125.0,122.00302
125.0,122.781265
125.0,122.78913
125.0,122.81992
125.0,122.59468
125.0,122.74748
125.0,123.338135
125.0,123.70673
125.0,123.985214
125.0,124.267685
125.0,124.6462
125.0,124.861984
125.0,124.871056
125.0,125.23128
125.0,125.6553
125.0,125.95396
125.0,126.080605
125.0,126.461655
125.0,126.11342
125.0,126.087654
125.0,125.46973
125.0,125.161575
125.0,124.8024
125.0,124.6144
125.0,124.466545
125.0,124.368484
125.0,123.883606
125.0,123.56031
125.0,123.55548
125.0,123.09263
125.0,122.71648
125.0,122.82673
125.0,122.88005
125.0,122.924904
125.0,122.47167
125.0,122.39505
125.0,122.72609
125.0,122.68653
125.0,122.79152
125.0,123.01092
125.0,122.93421
125.0,123.12009
125.0,122.89341
125.0,122.7074
125.0,122.99289
125.0,122.98216
125.0,122.84966
125.0,122.708275
125.0,122.38505
125.0,122.238846
125.0,121.91907
125.0,121.79866
125.0,121.9144
125.0,121.76388
125.0,121.731705
125.0,121.627304
125.0,121.61565
125.0,121.4244
125.0,121.81575
125.0,122.08704
125.0,122.23024
125.0,122.78901
125.0,122.91911
125.0,123.088554
125.0,123.4099
125.0,123.37024
125.0,123.64325
125.0,123.968636
125.0,123.97153
125.0,123.89421
125.0,123.3815
125.0,123.498924
125.0,123.60693
125.0,123.407005
125.0,123.83858
125.0,123.14126
125.0,123.007935
125.0,122.124664
125.0,122.159805
125.0,120.90927
125.0,120.92687
125.0,120.93663
125.0,120.36149
125.0,120.96556
125.0,120.33285
125.0,120.2472
125.0,119.78013
125.0,119.37636
125.0,119.895874
125.0,120.10482
125.0,120.50083
125.0,120.98586
125.0,121.40137
125.0,121.837326
125.0,122.510956
125.0,122.92519
125.0,122.97322
125.0,122.97815
125.0,122.53927
125.0,122.52334
125.0,122.17557
125.0,121.852684
125.0,121.96186
125.0,121.77164
125.0,121.6201
125.0,121.19914
125.0,121.173164
125.0,120.907814
125.0,120.986015
125.0,120.85968
125.0,121.22801
125.0,121.514366
125.0,121.41411
125.0,121.86252
125.0,120.89144
125.0,121.364044
125.0,121.34798
125.0,121.24347
125.0,121.57242
125.0,121.105644
125.0,121.05765
125.0,120.70616
125.0,120.25176
125.0,119.93258
125.0,120.61794
125.0,120.55546
125.0,120.4258
125.0,120.12529
125.0,120.62328
125.0,121.264145
125.0,121.24353
125.0,120.77853
125.0,120.38164
125.0,120.495
125.0,120.26283
125.0,120.361694
125.0,119.919014
125.0,119.65138
125.0,120.10602
125.0,119.86274
125.0,118.81829
125.0,117.64453
125.0,117.45966
125.0,117.353096
125.0,117.03305
125.0,114.6572
125.0,111.5808
125.0,107.10807
125.0,104.43408
125.0,101.46405
125.0,104.46145
125.0,97.06891
125.0,99.96517
125.0,104.0021
125.0,108.828
125.0,112.91294
125.0,111.15764
125.0,114.557175
125.0,113.03444
125.0,113.29867
125.0,111.075
125.0,108.22388
125.0,102.25904
125.0,101.95553
125.0,101.77066
125.0,100.93916
125.0,102.71355
125.0,101.37139
125.0,104.539055
125.0,105.515945
125.0,101.00578
125.0,106.50733
125.0,105.11066
125.0,108.91635
125.0,105.609856
125.0,101.27221
125.0,101.09055
125.0,103.428375
125.0,103.72977
125.0,107.16659
125.0,112.979515
125.0,115.59033
125.0,116.862595
125.0,117.07787
125.0,117.284
125.0,117.05761
125.0,116.89841
125.0,117.535
125.0,115.931435
125.0,115.73985
125.0,115.63155
125.0,113.511734
125.0,111.1364
125.0,110.81965
125.0,101.7322
125.0,97.27967
125.0,100.810555
125.0,97.154465
125.0,97.83819
125.0,98.22303
125.0,97.65889
125.0,101.99309
125.0,101.14365
125.0,103.32167
125.0,99.90822
124.0,99.72884
123.0,96.518616
122.0,90.087456
121.0,85.626366
120.0,92.8141
119.0,95.98436
118.0,100.774925
117.0,97.96386
116.0,98.420296
115.0,97.462105
114.0,99.93526
113.0,106.76115
112.0,111.76092
111.0,114.33621
125.0,113.98065
125.0,113.89286
125.0,114.7294
125.0,115.352066
125.0,115.80288
125.0,116.12159
125.0,115.95455
125.0,116.72099
125.0,116.61688
125.0,115.99641
125.0,117.71804
125.0,117.20193
125.0,117.33433
125.0,116.34636
125.0,115.20942
125.0,115.44025
125.0,116.295296
125.0,117.18871
125.0,117.92813
125.0,117.683365
125.0,117.70931
125.0,117.52101
125.0,117.83986
125.0,117.0696
125.0,117.05186
125.0,117.254974
125.0,115.53523
125.0,116.82145
125.0,116.928856
125.0,116.86563
125.0,111.47292
125.0,109.42404
125.0,110.27744
125.0,104.26408
125.0,105.38298
125.0,104.17607
125.0,95.37056
125.0,98.34807
125.0,92.517426
125.0,88.08715
125.0,88.62761
125.0,92.69147
125.0,86.48666
125.0,85.17818
125.0,89.60882
125.0,91.085075
125.0,92.19801
125.0,95.83773
125.0,103.81045
125.0,107.99536
125.0,109.369156
125.0,110.809456
125.0,113.17824
125.0,112.98572
125.0,114.03904
125.0,113.16607
125.0,114.032135
125.0,114.03408
125.0,114.2326
125.0,113.446144
125.0,111.171646
125.0,113.520744
125.0,111.7184
125.0,112.296776
125.0,110.801384
125.0,108.907845
125.0,106.88986
125.0,107.27595
125.0,98.43399
125.0,94.40977
125.0,93.10588
125.0,97.315506
125.0,96.73364
125.0,97.71236
125.0,97.60705
125.0,99.93493
125.0,98.11339
125.0,96.969795
125.0,95.470085
125.0,98.32202
125.0,96.50139
125.0,91.07821
125.0,89.215126
125.0,88.37099
125.0,90.12609
125.0,88.532166
125.0,87.36706
125.0,88.33224
125.0,91.497086
125.0,87.792366
125.0,88.754265
125.0,94.49957
125.0,94.09626
124.0,88.69723
123.0,92.44141
122.0,99.664825
121.0,98.55388
120.0,102.78219
119.0,96.57474
118.0,93.13311
117.0,91.55027
116.0,95.970825
115.0,102.640366
114.0,99.68787
113.0,96.114876
112.0,96.87522
111.0,100.23643
110.0,99.02569
109.0,98.18536
108.0,100.56761
107.0,105.325836
106.0,103.97361
105.0,103.90365
104.0,105.1813
103.0,102.28193
102.0,103.868675
101.0,101.544205
100.0,98.972336
99.0,101.41216
98.0,96.496864
97.0,85.863045
96.0,79.919426
95.0,79.137566
94.0,72.66796
93.0,75.8089
92.0,74.865814
91.0,74.8477
90.0,76.68643
89.0,74.89
88.0,67.9655
87.0,66.41231
86.0,67.92512
85.0,79.07289
84.0,83.471344
83.0,83.076225
82.0,83.57986
81.0,90.571686
80.0,90.006805
79.0,92.071144
78.0,90.45538
77.0,84.95362
76.0,82.250565
75.0,74.866455
74.0,75.35828
73.0,71.87459
72.0,75.136696
71.0,77.616486
70.0,75.955025
69.0,70.683945
125.0,124.51911
125.0,124.82186
125.0,125.03025
125.0,124.85459
125.0,124.66859
125.0,125.11586
125.0,124.75189
125.0,124.82451
125.0,124.78785
125.0,124.585335
125.0,124.56427
125.0,124.48233
125.0,123.79918
125.0,123.653786
125.0,123.411285
125.0,122.99636
125.0,122.80355
125.0,122.65571
125.0,122.81746
125.0,123.33098
125.0,123.81192
125.0,124.108795
125.0,124.50176
125.0,124.621735
125.0,124.08154
125.0,123.95649
125.0,123.859825
125.0,123.93571
125.0,124.01868
125.0,124.13348
125.0,124.6011
125.0,124.983864
125.0,125.30846
125.0,125.846176
125.0,125.76658
125.0,125.96959
125.0,126.08911
125.0,125.926285
125.0,126.15441
125.0,125.5866
125.0,125.55477
125.0,125.27946
125.0,124.76641
125.0,124.99768
125.0,124.89994
125.0,124.96004
125.0,124.912926
125.0,124.33942
125.0,124.3022
125.0,124.15415
125.0,124.38302
125.0,123.76533
125.0,124.2582
125.0,124.385506
125.0,124.08646
125.0,124.532005
125.0,124.38313
125.0,123.77815
125.0,124.08062
125.0,124.31084
125.0,123.97449
125.0,123.84006
125.0,123.721375
125.0,123.58539
125.0,123.78912
125.0,122.97615
125.0,122.39551
125.0,122.522865
125.0,122.96872
125.0,123.55764
125.0,123.67638
125.0,124.11736
125.0,124.22724
125.0,124.60646
125.0,124.99624
125.0,125.01155
125.0,125.02456
125.0,124.65479
125.0,124.54818
125.0,124.10944
125.0,124.27571
125.0,123.952965
125.0,123.77992
125.0,123.80597
125.0,123.77795
125.0,124.13326
125.0,124.27785
125.0,123.61602
125.0,123.14653
125.0,122.96302
125.0,122.81471
125.0,123.292175
125.0,123.090164
125.0,123.30728
125.0,123.528885
125.0,122.98866
125.0,122.92552
125.0,123.63176
125.0,124.286285
125.0,124.025635
125.0,122.99658
125.0,122.528175
125.0,122.357605
125.0,122.75203
125.0,122.525215
125.0,122.24123
125.0,122.25384
125.0,121.93315
125.0,121.803696
125.0,121.791374
125.0,122.77068
125.0,122.13569
125.0,121.36706
125.0,121.92456
125.0,122.6482
125.0,123.375755
125.0,123.75863
125.0,123.70443
125.0,123.757324
125.0,124.30456
125.0,124.58299
125.0,124.619125
125.0,124.81
125.0,125.1363
125.0,125.441505
125.0,125.15682
125.0,125.39886
125.0,125.8623
125.0,126.02605
125.0,125.89636
125.0,125.438866
125.0,125.32353
125.0,124.63493
125.0,124.87991
125.0,124.16746
125.0,123.59196
125.0,123.61261
125.0,123.28566
125.0,122.915924
125.0,122.641884
125.0,123.22332
125.0,123.04736
125.0,122.10518
125.0,122.360664
125.0,122.07339
125.0,122.12249
125.0,121.90028
125.0,121.78596
125.0,122.73833
125.0,123.73239
125.0,124.183525
125.0,123.88925
125.0,124.09706
125.0,124.60922
125.0,124.639656
125.0,123.96385
125.0,123.627174
125.0,124.00843
125.0,122.622284
125.0,122.56777
125.0,122.06756
125.0,120.65822
125.0,120.225876
125.0,120.155556
125.0,119.60575
125.0,119.88144
125.0,119.74396
125.0,120.35723
125.0,120.85544
125.0,120.5961
125.0,120.71836
125.0,121.06525
125.0,120.34241
125.0,121.01355
125.0,120.60355
125.0,120.73825
125.0,120.82195
125.0,120.847595
125.0,121.131035
125.0,121.27789
125.0,121.27586
125.0,121.35025
125.0,121.12046
125.0,121.55585
125.0,121.66968
125.0,121.12762
125.0,121.250496
125.0,121.7066
125.0,121.21538
125.0,121.46987
125.0,121.08614
125.0,120.35341
125.0,120.49188
125.0,120.63177
125.0,120.43051
125.0,121.09828
125.0,121.19277
125.0,121.09586
125.0,121.13018
125.0,120.49066
125.0,120.322136
125.0,120.15827
125.0,120.01848
125.0,119.141014
125.0,118.46636
125.0,118.000015
125.0,117.84924
125.0,118.93804
125.0,118.71235
125.0,119.391106
125.0,119.06862
125.0,118.42869
125.0,117.910965
125.0,118.541466
125.0,118.66345
125.0,115.68181
125.0,111.99206
125.0,114.01414
125.0,112.18566
125.0,114.787796
125.0,115.221245
125.0,111.042274
125.0,113.31846
125.0,110.86743
125.0,115.18893
125.0,114.1078
125.0,113.79518
125.0,112.8014
125.0,107.43257
125.0,100.373116
125.0,94.918686
125.0,95.18616
124.0,95.341675
123.0,90.60267
122.0,94.344734
121.0,95.24965
120.0,98.022224
119.0,101.09187
118.0,99.173965
117.0,100.8049
116.0,99.9098
115.0,107.611916
114.0,114.361496
113.0,118.31732
112.0,118.56773
111.0,116.093506
110.0,112.77552
109.0,113.50304
108.0,111.35862
107.0,105.69807
106.0,103.25398
105.0,105.66028
104.0,103.1193
103.0,102.05141
102.0,108.071205
101.0,104.95524
100.0,102.90267
99.0,106.489395
98.0,107.51772
97.0,105.86272
96.0,103.94292
95.0,101.62428
94.0,97.33716
93.0,93.4778
92.0,95.68192
91.0,91.45695
90.0,98.77068
89.0,103.14621
88.0,99.428505
87.0,100.6676
86.0,100.15549
85.0,99.52934
84.0,103.46879
83.0,103.77607
82.0,104.18597
81.0,107.274506
80.0,103.431984
79.0,98.08861
78.0,89.424034
77.0,87.26638
76.0,85.17404
75.0,87.92944
74.0,89.829605
73.0,90.69058
72.0,94.0168
71.0,94.106834
70.0,92.23675
69.0,90.66012
68.0,93.30429
67.0,93.1933
66.0,83.1877
65.0,77.43635
64.0,73.21253
63.0,73.22406
62.0,73.222145
61.0,72.283455
60.0,71.67989
59.0,71.37577
58.0,67.16108
57.0,66.684364
56.0,64.88293
55.0,66.83464
54.0,68.59582
53.0,63.13291
52.0,59.062847
51.0,56.11158
50.0,48.327446
49.0,44.70703
48.0,43.06912
47.0,45.231083
46.0,45.328453
45.0,47.091415
44.0,46.486126
43.0,48.30441
42.0,46.824238
41.0,46.932274
40.0,46.21484
39.0,44.543423
38.0,42.41491
37.0,41.222206
36.0,39.9196
35.0,40.512123
34.0,40.83979
33.0,40.65394
32.0,39.649902
31.0,39.14044
30.0,37.454723
29.0,36.515198
28.0,36.13118
27.0,35.470673
26.0,35.548603
25.0,37.429756
125.0,122.26167
125.0,122.18808
125.0,122.417244
125.0,122.85259
125.0,122.38464
125.0,122.39703
125.0,122.615814
125.0,121.81115
125.0,121.376686
125.0,120.668594
125.0,120.22969
125.0,120.509415
125.0,120.62128
125.0,120.806496
125.0,120.66699
125.0,120.605255
125.0,120.99141
125.0,120.39545
125.0,119.85961
125.0,119.26566
125.0,119.48773
125.0,120.14336
125.0,120.19551
125.0,120.61185
125.0,120.28464
125.0,120.88014
125.0,121.140884
125.0,121.02177
125.0,121.04668
125.0,122.00448
125.0,122.79148
125.0,122.59848
125.0,123.07672
125.0,123.848236
125.0,123.98584
125.0,123.48084
125.0,123.81171
125.0,123.12618
125.0,122.642265
125.0,122.125435
125.0,121.75104
125.0,121.7062
125.0,121.41054
125.0,121.174065
125.0,120.773506
125.0,121.09112
125.0,121.37921
125.0,120.8558
125.0,120.53609
125.0,119.98891
125.0,119.98179
125.0,119.69393
125.0,120.11196
125.0,120.44472
125.0,120.65983
125.0,120.60571
125.0,120.67454
125.0,120.83888
125.0,120.82122
125.0,121.06714
125.0,120.830894
125.0,121.20824
125.0,120.71517
125.0,121.3307
125.0,122.20202
125.0,122.213585
125.0,122.152664
125.0,123.32907
125.0,123.136116
125.0,122.68613
125.0,121.67862
125.0,121.294945
125.0,120.94779
125.0,120.026085
125.0,120.11853
125.0,120.141685
125.0,120.39861
125.0,120.30967
125.0,119.72944
125.0,118.39798
125.0,118.10063
125.0,117.62535
125.0,119.70721
125.0,120.1506
125.0,120.170105
125.0,120.30552
125.0,119.48487
125.0,120.32787
125.0,120.00743
125.0,119.79491
125.0,119.49833
125.0,119.68443
125.0,120.34962
125.0,120.94367
125.0,121.45157
125.0,121.62279
125.0,122.24466
124.0,122.59196
123.0,122.29013
122.0,122.01546
121.0,121.828865
120.0,122.143265
119.0,122.69124
118.0,122.17024
117.0,121.68293
116.0,120.99668
115.0,120.804596
114.0,120.74666
113.0,119.99846
112.0,119.35146
111.0,117.6529
110.0,114.225136
109.0,118.74427
108.0,118.57893
107.0,115.67638
106.0,115.76579
105.0,113.540115
104.0,117.02666
103.0,116.136475
102.0,113.40731
101.0,110.8584
100.0,115.59649
99.0,111.44432
98.0,110.295845
97.0,106.111855
96.0,107.5852
95.0,106.34336
94.0,103.49035
93.0,99.358246
92.0,103.46854
91.0,104.805855
90.0,102.340866
89.0,107.326385
88.0,104.070786
87.0,107.83737
86.0,107.535675
85.0,102.44909
84.0,103.815346
83.0,96.56537
82.0,89.736786
81.0,92.12217
80.0,91.301544
79.0,101.61944
78.0,116.28972
77.0,108.16782
76.0,103.78195
125.0,99.707184
125.0,94.341576
125.0,90.58022
125.0,94.29005
125.0,93.320045
125.0,97.62032
125.0,97.669464
125.0,103.43119
125.0,107.47026
125.0,110.37356
125.0,108.88566
125.0,108.806076
125.0,106.91815
125.0,109.486534
125.0,106.453636
125.0,105.79514
125.0,103.31868
125.0,99.449776
125.0,94.26956
125.0,95.859406
125.0,93.35163
125.0,97.12312
125.0,104.409935
125.0,106.5855
125.0,105.3033
125.0,114.63745
125.0,113.15651
125.0,110.866455
125.0,114.154495
125.0,112.69793
125.0,116.043304
125.0,116.78097
125.0,117.212585
125.0,117.1598
125.0,116.72203
125.0,116.680824
125.0,117.35726
125.0,117.8759
125.0,118.22113
125.0,117.606
125.0,116.8882
125.0,115.71521
125.0,112.83955
125.0,111.42287
125.0,109.31948
125.0,107.799904
125.0,102.13209
125.0,97.35256
125.0,92.221596
125.0,87.870895
125.0,90.210754
125.0,91.435585
125.0,96.21975
125.0,99.938126
125.0,96.026146
125.0,102.470345
125.0,103.65838
125.0,102.57327
125.0,100.072
125.0,97.9404
125.0,103.384346
125.0,106.278885
125.0,107.53012
125.0,108.082924
125.0,110.14935
125.0,108.56527
125.0,108.92737
125.0,108.07518
125.0,107.233185
125.0,104.79248
125.0,105.4746
125.0,107.09533
125.0,104.02966
125.0,101.99985
125.0,106.524376
125.0,109.630585
125.0,106.16356
125.0,105.47617
125.0,103.68301
125.0,102.4528
125.0,104.138016
125.0,106.56616
125.0,106.91473
125.0,107.131874
125.0,104.20309
124.0,107.85576
123.0,109.00989
122.0,109.75949
121.0,101.08661
120.0,96.859985
119.0,91.84888
118.0,90.83041
117.0,88.85687
116.0,87.28967
115.0,83.7819
114.0,77.26291
113.0,81.17089
112.0,76.276886
111.0,79.3964
110.0,80.93114
109.0,80.4837
108.0,78.50959
107.0,74.703445
106.0,78.00591
105.0,77.455444
104.0,80.518234
103.0,87.63265
102.0,93.04378
101.0,97.32835
100.0,102.99254
99.0,105.11473
98.0,103.51279
97.0,102.96673
96.0,102.21532
95.0,102.06665
94.0,104.4281
93.0,103.40397
92.0,97.38445
91.0,93.89226
90.0,94.975006
89.0,95.60174
88.0,91.72016
87.0,86.44094
86.0,86.51425
85.0,80.97377
84.0,79.868866
83.0,81.98905
82.0,86.06182
81.0,84.57541
80.0,80.80648
79.0,76.68268
78.0,72.337654
77.0,68.29697
76.0,65.814644
75.0,59.775116
74.0,58.00566
73.0,57.163795
72.0,56.19218
71.0,56.610943
70.0,52.81142
69.0,49.698925
68.0,48.907444
67.0,49.571255
66.0,45.639275
65.0,43.217304
64.0,44.155933
63.0,45.41065
62.0,45.76121
61.0,49.240044
60.0,53.70069
59.0,55.90552
58.0,60.163395
57.0,66.35215
56.0,68.31389
55.0,70.30916
54.0,69.63788
53.0,73.59902
52.0,70.62564
51.0,70.624306
50.0,64.03136
49.0,65.453156
48.0,59.926353
47.0,51.72369
46.0,53.94326
45.0,50.174633
44.0,48.04451
43.0,46.79568
42.0,51.991894
41.0,51.652073
40.0,49.05439
39.0,49.69739
38.0,49.178154
37.0,46.520256
36.0,47.456474
35.0,46.629616
34.0,46.33848
33.0,40.491142
32.0,37.778152
31.0,36.710926
30.0,36.748177
29.0,36.50294
28.0,33.159317
27.0,31.655722
26.0,30.942842
25.0,31.1807
24.0,26.142633
23.0,23.710814
22.0,20.602785
21.0,18.400635
20.0,16.54409
19.0,16.14318
125.0,113.840996
125.0,115.489006
125.0,112.95505
125.0,113.55852
125.0,111.21833
125.0,109.12962
125.0,108.236435
125.0,109.36515
125.0,105.03846
125.0,107.91731
125.0,107.48836
125.0,110.560646
125.0,108.01244
125.0,109.95701
125.0,110.00738
125.0,114.72871
125.0,116.96633
125.0,117.33518
125.0,117.93852
125.0,118.10747
125.0,117.102516
125.0,117.52194
125.0,118.3955
125.0,117.78027
125.0,117.63631
125.0,118.126465
125.0,117.393776
125.0,117.02739
125.0,114.836174
125.0,114.41761
125.0,111.941635
125.0,116.11916
125.0,115.5716
125.0,116.11959
125.0,115.19348
125.0,115.36001
125.0,111.89127
125.0,111.497765
125.0,112.3151
124.0,110.445305
123.0,109.38728
122.0,109.518456
121.0,107.79767
120.0,109.21474
119.0,105.7634
118.0,108.61983
117.0,111.87769
116.0,109.68596
115.0,107.04434
114.0,105.99227
113.0,105.301315
112.0,101.92352
111.0,107.67178
110.0,110.2084
109.0,108.07902
108.0,111.367584
107.0,110.39859
106.0,111.050446
105.0,112.33771
104.0,103.689995
103.0,105.72522
102.0,104.98967
101.0,104.16405
100.0,106.8957
99.0,106.296265
98.0,103.18452
97.0,102.6002
96.0,102.82223
95.0,99.09747
94.0,101.44019
93.0,98.61021
92.0,99.43129
91.0,103.015
90.0,104.87435
89.0,107.6739
88.0,108.06046
87.0,110.54797
86.0,109.092224
85.0,106.47113
84.0,106.7334
83.0,108.32517
82.0,104.426605
81.0,106.96481
80.0,110.16197
79.0,109.58873
78.0,106.3939
77.0,103.041046
76.0,101.433205
75.0,104.58589
74.0,96.588905
73.0,99.65404
72.0,101.06738
71.0,103.66763
70.0,105.17992
69.0,101.496056
68.0,98.79637
67.0,95.48309
66.0,95.70223
65.0,83.96573
64.0,78.59978
63.0,69.46081
62.0,72.8105
61.0,65.91217
60.0,59.317642
59.0,62.48088
58.0,54.899513
57.0,56.5074
56.0,55.1228
55.0,59.023544
54.0,56.567318
53.0,55.951298
52.0,56.130013
51.0,58.6977
50.0,60.41518
49.0,66.202065
48.0,63.888393
47.0,55.531258
46.0,55.61995
45.0,41.559666
44.0,38.26625
43.0,36.481045
42.0,32.38806
41.0,31.133888
40.0,27.79653
39.0,28.80113
38.0,29.964725
37.0,30.097271
36.0,27.778896
35.0,28.98271
34.0,26.793877
33.0,26.161793
32.0,27.872904
31.0,25.78729
30.0,24.306124
29.0,24.413149
28.0,24.75542
27.0,23.533653
26.0,20.688883
25.0,17.949612
24.0,16.771486
23.0,16.293835
22.0,16.010866
21.0,16.398901
20.0,14.408156
19.0,14.910145
18.0,14.954706
17.0,14.513051
125.0,121.33897
125.0,120.682594
125.0,119.93652
125.0,119.9513
125.0,119.87001
125.0,120.31754
125.0,120.791046
125.0,121.19878
125.0,120.39435
125.0,119.64849
125.0,119.12738
125.0,118.474754
125.0,118.34753
125.0,119.00802
125.0,118.85151
125.0,117.779495
125.0,116.51722
125.0,118.22088
125.0,118.52355
125.0,118.68555
125.0,118.6522
125.0,119.34613
125.0,120.10289
125.0,120.85064
125.0,121.05268
125.0,121.62692
125.0,122.10907
125.0,121.91901
125.0,122.42308
125.0,122.89587
125.0,122.787605
125.0,122.45451
125.0,122.264404
125.0,121.411705
125.0,120.88476
125.0,121.862366
125.0,122.04805
125.0,122.72351
125.0,122.44508
125.0,121.80871
125.0,120.8165
125.0,119.62386
125.0,118.92475
125.0,117.929085
125.0,117.97336
125.0,117.35727
125.0,117.75425
125.0,117.967026
125.0,116.911766
125.0,112.61263
125.0,114.87758
125.0,116.9307
125.0,118.42995
125.0,118.73666
125.0,117.22568
125.0,112.5457
125.0,115.6905
125.0,115.06659
125.0,118.79752
125.0,120.04927
125.0,119.61495
125.0,119.325134
125.0,120.44957
125.0,120.435555
125.0,120.39879
125.0,121.54014
125.0,122.067184
125.0,122.256454
125.0,122.58015
125.0,122.1553
125.0,121.15688
125.0,120.42093
125.0,118.98895
125.0,116.6483
125.0,113.825035
125.0,106.27626
125.0,112.43497
125.0,113.62801
125.0,109.93098
125.0,109.19513
125.0,110.82226
125.0,109.34925
125.0,108.42377
125.0,116.99649
125.0,114.667206
125.0,112.85848
125.0,109.28247
125.0,109.57213
125.0,111.77986
125.0,113.98165
125.0,113.34494
125.0,117.223434
125.0,117.59865
125.0,118.37238
125.0,118.8676
125.0,118.78067
125.0,119.60742
125.0,119.456116
125.0,118.62958
125.0,117.74532
125.0,117.56627
125.0,116.03171
125.0,113.97585
125.0,106.83804
125.0,102.420166
125.0,104.36046
125.0,109.29911
125.0,106.63765
125.0,103.7204
125.0,99.74725
125.0,91.331604
125.0,93.10862
125.0,93.67621
125.0,99.44412
125.0,99.72236
125.0,105.25894
125.0,111.38141
125.0,115.333565
125.0,110.32883
125.0,110.53627
125.0,109.634834
125.0,109.246635
125.0,111.93294
125.0,112.91248
125.0,117.259346
125.0,115.81026
125.0,116.239044
125.0,115.46552
125.0,115.46815
125.0,114.7134
125.0,113.875046
125.0,115.826416
125.0,114.65512
125.0,111.72103
125.0,108.27698
125.0,104.010765
125.0,97.3422
125.0,98.16715
125.0,97.23562
125.0,96.85141
125.0,94.94465
125.0,88.398445
125.0,89.83192
125.0,87.46061
125.0,80.22836
125.0,84.48182
125.0,86.75314
125.0,85.02261
124.0,84.07007
123.0,82.494965
122.0,79.459984
121.0,83.14635
120.0,86.601715
119.0,80.07554
118.0,79.171196
117.0,75.74739
116.0,72.72611
115.0,70.72363
114.0,68.51843
113.0,66.47409
112.0,68.983536
111.0,67.57481
110.0,67.851906
109.0,64.846085
108.0,61.02222
107.0,61.86203
106.0,64.22938
105.0,62.79975
104.0,59.549316
103.0,59.703075
102.0,54.399296
101.0,52.15185
100.0,47.02113
99.0,45.658222
125.0,119.01626
125.0,117.944626
125.0,116.08535
125.0,115.245346
125.0,113.48077
125.0,112.57023
125.0,110.31778
125.0,111.20501
125.0,105.6087
125.0,104.00654
125.0,102.43663
125.0,101.74137
125.0,121.64323
125.0,121.79923
125.0,122.798294
125.0,122.66084
125.0,123.2422
125.0,122.36171
125.0,121.905174
125.0,120.84101
125.0,120.464485
125.0,120.87407
125.0,120.31059
125.0,118.600105
125.0,113.23958
125.0,111.25483
125.0,111.33265
125.0,112.08293
125.0,115.360405
125.0,118.2254
125.0,118.30369
125.0,119.03277
125.0,119.90194
125.0,119.715485
125.0,120.19201
125.0,119.896805
125.0,119.32766
125.0,119.412094
125.0,119.33522
125.0,118.59835
125.0,118.70513
125.0,119.25666
125.0,119.73415
125.0,119.81402
125.0,119.350815
125.0,119.20433
125.0,119.10714
125.0,118.436264
125.0,119.1928
125.0,119.33434
125.0,117.93266
124.0,114.86824
123.0,111.788826
122.0,107.6361
121.0,102.360374
120.0,102.068245
119.0,101.21958
118.0,90.942566
117.0,86.85256
116.0,86.07855
115.0,90.59034
114.0,93.303604
113.0,92.520805
112.0,96.76413
111.0,104.31243
110.0,102.93884
109.0,97.929596
108.0,96.64371
107.0,95.32864
106.0,93.221504
105.0,102.99853
104.0,111.29037
103.0,110.799774
102.0,112.073944
101.0,109.94127
100.0,109.5071
99.0,112.87567
98.0,116.130905
97.0,117.99081
96.0,118.60733
95.0,118.616035
94.0,118.085785
93.0,118.53753
92.0,118.187744
91.0,118.038956
90.0,117.56219
89.0,114.52071
88.0,114.62839
87.0,112.29308
86.0,113.97978
85.0,117.108116
84.0,117.026985
83.0,112.62682
82.0,114.21232
125.0,125.24478
125.0,125.50615
125.0,125.56851
125.0,124.92204
125.0,125.06397
125.0,124.7819
125.0,124.875725
125.0,124.648964
125.0,124.89391
125.0,125.54227
125.0,125.320015
125.0,125.3295
125.0,125.27161
125.0,125.55015
125.0,125.45681
125.0,125.46532
125.0,124.89299
125.0,124.816315
125.0,124.41565
125.0,124.43008
125.0,123.94649
125.0,123.39109
125.0,123.719406
125.0,123.803604
125.0,124.21167
125.0,124.17307
125.0,124.20326
125.0,124.35624
125.0,124.40234
125.0,124.62491
125.0,124.9998
125.0,125.17284
125.0,124.953606
125.0,124.339165
125.0,124.7326
125.0,124.867615
125.0,124.57338
125.0,124.87568
125.0,124.803024
125.0,124.88361
125.0,124.49931
125.0,124.651955
125.0,125.36158
125.0,125.83081
125.0,125.71377
125.0,125.24711
125.0,125.22255
125.0,125.56158
125.0,125.58435
125.0,125.96493
125.0,125.79332
125.0,126.10574
125.0,126.21705
125.0,126.04784
125.0,125.30106
125.0,124.4747
125.0,124.130455
125.0,123.784256
125.0,123.844475
125.0,124.63055
125.0,123.87741
125.0,123.95182
125.0,124.12727
125.0,123.89044
125.0,123.61318
125.0,124.101395
125.0,123.914925
125.0,124.65614
125.0,124.715904
125.0,125.373795
125.0,125.49577
125.0,125.52041
125.0,125.93471
125.0,126.596886
125.0,126.63607
125.0,126.390724
125.0,126.00568
125.0,125.60749
125.0,125.36554
125.0,125.0529
125.0,124.68363
125.0,124.842
125.0,124.66992
125.0,124.009224
125.0,123.5141
125.0,122.92391
125.0,122.93969
125.0,123.516975
125.0,123.69508
125.0,123.53013
125.0,123.09178
125.0,123.13181
125.0,123.57783
125.0,123.53079
125.0,123.22188
125.0,122.9133
125.0,122.64222
125.0,122.56203
125.0,122.476456
125.0,122.605606
125.0,122.53521
125.0,122.8447
125.0,122.98023
125.0,123.00086
125.0,123.66761
125.0,124.10314
125.0,124.035355
125.0,124.553116
125.0,124.4808
125.0,124.773315
125.0,125.36124
125.0,125.35621
125.0,125.09094
125.0,124.54525
125.0,124.4777
125.0,124.32933
125.0,124.05823
125.0,124.65166
125.0,124.353874
125.0,123.659355
125.0,123.27663
125.0,122.54223
125.0,122.97374
125.0,122.24697
125.0,122.10534
125.0,121.91759
125.0,121.641174
125.0,121.89633
125.0,121.234665
125.0,121.16808
125.0,120.90145
125.0,121.09109
125.0,121.48731
125.0,121.557365
125.0,122.403435
125.0,122.69731
125.0,123.18233
125.0,123.65699
125.0,123.78341
125.0,124.193954
125.0,124.12439
125.0,123.55102
125.0,122.985825
125.0,121.71698
125.0,120.81115
125.0,121.0393
125.0,120.597374
125.0,120.13193
125.0,120.089294
125.0,120.067924
125.0,120.65689
125.0,120.894775
125.0,121.208046
125.0,120.756805
125.0,120.840965
125.0,120.75986
125.0,120.594345
125.0,120.80346
125.0,120.6795
125.0,120.2172
125.0,119.53729
125.0,119.27213
125.0,119.1778
124.0,116.7566
123.0,114.88433
122.0,113.48085
121.0,113.47054
120.0,111.21248
119.0,112.95941
125.0,105.08683
125.0,102.890625
125.0,106.35856
125.0,106.555984
125.0,114.21896
125.0,118.92586
125.0,120.04363
125.0,120.6959
125.0,121.73611
125.0,121.56831
125.0,120.813324
125.0,121.42642
125.0,122.266785
125.0,122.8619
125.0,123.88168
125.0,123.417244
125.0,123.59888
125.0,123.42182
125.0,123.79713
125.0,123.74925
125.0,123.3235
125.0,123.13716
125.0,122.53148
125.0,121.88608
125.0,121.62499
125.0,121.32676
125.0,120.697205
125.0,120.50739
125.0,119.96348
125.0,119.884705
125.0,118.80626
125.0,117.33614
125.0,111.81322
125.0,108.58193
125.0,107.85028
125.0,112.04196
125.0,111.242096
125.0,111.053314
125.0,105.849396
125.0,107.23405
125.0,110.3054
125.0,109.76095
125.0,116.41879
125.0,119.769066
125.0,120.14558
125.0,119.546234
125.0,119.28418
125.0,119.615364
125.0,120.329544
125.0,120.26045
125.0,119.75801
125.0,119.58243
125.0,119.9097
125.0,120.043465
125.0,119.97163
125.0,117.884476
125.0,119.2673
125.0,119.116905
125.0,119.05947
125.0,119.92078
125.0,119.74391
125.0,119.4521
125.0,118.769196
125.0,119.63221
125.0,119.01388
124.0,119.41766
123.0,120.102264
122.0,120.33702
121.0,121.06298
120.0,121.69406
119.0,121.122284
118.0,120.727554
117.0,120.18088
116.0,119.96898
115.0,118.29992
114.0,117.14353
113.0,118.52759
112.0,119.10265
111.0,115.7495
110.0,112.99343
109.0,111.38412
108.0,110.29855
107.0,109.38966
106.0,110.91381
105.0,106.74881
104.0,107.34245
103.0,110.25238
102.0,108.02798
101.0,108.18568
100.0,108.85145
99.0,104.32465
98.0,96.386154
97.0,96.613884
96.0,96.2187
95.0,94.09897
94.0,90.71366
93.0,95.13609
92.0,98.23492
91.0,96.708954
90.0,97.57473
89.0,98.50626
88.0,98.73213
87.0,100.202095
86.0,103.09902
85.0,103.59916
84.0,106.20342
83.0,106.15328
82.0,97.57095
81.0,92.86229
80.0,93.082596
79.0,93.11651
78.0,92.90933
77.0,92.39464
76.0,89.800415
75.0,92.15032
74.0,90.000305
73.0,89.91676
72.0,91.142624
71.0,91.54775
70.0,93.971954
69.0,99.15645
68.0,90.30417
67.0,91.48704
66.0,93.80075
65.0,95.764366
64.0,90.37973
63.0,91.46173
62.0,89.65145
61.0,90.070724
60.0,88.01296
59.0,84.028534
58.0,88.16022
57.0,81.5373
56.0,81.87589
55.0,80.28948
54.0,77.87116
53.0,77.16574
52.0,74.26691
51.0,70.35692
50.0,68.82033
49.0,63.93753
48.0,57.85893
47.0,59.054054
46.0,55.705345
45.0,50.64976
44.0,49.113766
43.0,50.21955
42.0,52.280113
41.0,52.573524
40.0,50.73739
39.0,47.279396
38.0,45.72776
37.0,47.461605
36.0,46.93801
125.0,121.067696
125.0,121.16742
125.0,120.60724
125.0,121.7482
125.0,121.90808
125.0,122.35476
125.0,122.43009
125.0,122.60945
125.0,123.09572
125.0,123.683395
125.0,124.18808
125.0,123.780304
125.0,123.68755
125.0,122.1395
125.0,121.49249
125.0,121.5927
125.0,120.66079
125.0,120.46273
125.0,119.91751
125.0,119.347015
125.0,118.79623
125.0,118.25129
125.0,116.47196
125.0,115.09253
125.0,116.74926
125.0,113.66483
125.0,113.31452
125.0,111.890175
125.0,113.94888
125.0,116.10451
125.0,118.77398
125.0,119.42366
125.0,119.05432
125.0,105.733864
125.0,107.89346
125.0,108.58822
125.0,112.861565
125.0,111.61762
125.0,105.56497
125.0,105.069595
125.0,106.4788
125.0,106.57448
125.0,108.96639
125.0,106.59074
125.0,108.371635
125.0,106.814156
125.0,106.61565
125.0,107.61641
125.0,108.26807
125.0,105.39819
125.0,103.97239
125.0,95.27652
125.0,90.435616
125.0,92.696205
125.0,90.09737
125.0,87.63465
125.0,86.63795
125.0,87.60532
125.0,91.64734
125.0,89.43495
125.0,92.28993
125.0,90.45537
125.0,83.373955
125.0,86.45612
125.0,85.30001
125.0,89.63588
125.0,95.206726
125.0,97.45268
125.0,97.60861
125.0,98.64119
125.0,100.45509
125.0,96.18234
125.0,95.73348
125.0,96.674515
125.0,103.74616
125.0,104.10066
125.0,103.51772
125.0,100.642075
125.0,101.02618
125.0,98.07082
125.0,94.11718
125.0,87.54458
125.0,92.270584
125.0,96.25309
125.0,95.338356
124.0,91.51154
123.0,97.54304
122.0,92.8587
121.0,89.356094
120.0,86.87436
119.0,86.068474
118.0,86.265205
117.0,82.61743
116.0,81.11985
115.0,90.40074
114.0,92.01551
113.0,92.00519
125.0,120.25301
125.0,120.80782
125.0,120.10728
125.0,120.16171
125.0,119.22064
125.0,118.6255
125.0,117.5358
125.0,117.80908
125.0,118.82541
125.0,118.741135
125.0,118.103325
125.0,118.23602
125.0,118.487946
125.0,117.21314
125.0,119.212395
125.0,118.968414
125.0,118.30148
125.0,118.62212
125.0,118.03354
125.0,119.117645
125.0,119.47699
125.0,119.66596
125.0,119.79808
125.0,119.66349
125.0,119.48325
125.0,120.25345
125.0,120.451096
125.0,120.23228
125.0,119.53421
125.0,118.91645
125.0,118.50249
125.0,117.93748
125.0,117.214485
125.0,116.35903
125.0,116.38831
125.0,115.3996
125.0,112.23476
125.0,114.464745
125.0,111.2632
125.0,107.34211
125.0,112.02125
125.0,117.56877
125.0,118.467926
125.0,118.4109
125.0,119.14459
125.0,119.359406
125.0,118.58964
125.0,119.29161
125.0,119.67765
125.0,120.09628
125.0,119.71535
125.0,119.33374
125.0,119.45778
125.0,119.46217
125.0,119.25987
125.0,120.06228
125.0,120.3386
125.0,119.93401
125.0,119.2579
125.0,118.34095
125.0,117.07558
125.0,115.99859
125.0,114.032166
125.0,116.23516
125.0,114.913506
125.0,111.8875
125.0,111.61262
125.0,113.82653
125.0,115.20514
125.0,116.42847
125.0,118.18094
125.0,119.30848
125.0,119.63055
125.0,119.403465
125.0,119.54489
125.0,120.10144
125.0,120.29673
125.0,120.21948
125.0,119.53887
125.0,119.86669
125.0,119.31379
125.0,118.782135
125.0,118.41022
125.0,118.49098
125.0,118.86446
125.0,118.99361
125.0,118.316216
125.0,118.148445
125.0,117.355934
125.0,117.43061
125.0,118.06581
125.0,118.52121
125.0,118.71929
125.0,119.48188
125.0,119.7125
125.0,119.17411
125.0,118.87111
125.0,118.69892
125.0,118.81001
125.0,118.45647
125.0,118.763374
125.0,118.07559
125.0,117.77942
125.0,117.59524
125.0,116.81007
125.0,117.88329
125.0,117.8347
125.0,117.6094
125.0,116.256546
125.0,115.663864
125.0,113.73606
125.0,115.236
125.0,112.43616
125.0,109.67304
125.0,108.286064
125.0,108.97486
125.0,105.136116
125.0,107.94424
125.0,103.62852
125.0,105.37213
125.0,113.193184
125.0,110.99316
125.0,116.53572
125.0,116.94919
125.0,115.46896
125.0,114.3779
125.0,109.64955
125.0,109.31759
125.0,109.93665
125.0,106.99636
125.0,107.86822
125.0,105.421234
125.0,108.385895
125.0,105.95603
125.0,105.28022
125.0,104.94617
125.0,110.3001
125.0,110.24813
125.0,111.07187
125.0,108.40221
125.0,110.08083
125.0,110.304596
125.0,110.11438
125.0,111.428116
125.0,116.057945
125.0,117.62133
125.0,117.57164
125.0,116.59043
125.0,116.79717
125.0,117.19052
125.0,117.20713
125.0,114.74752
125.0,115.02579
124.0,113.42346
123.0,108.1495
122.0,110.677895
121.0,111.67798
120.0,112.5229
119.0,112.1213
118.0,106.07313
117.0,102.0232
116.0,106.04578
115.0,109.39967
114.0,107.955154
113.0,106.16933
112.0,101.4546
111.0,99.776215
110.0,102.165405
109.0,99.27119
108.0,96.86777
107.0,93.388954
106.0,88.1718
105.0,89.41985
104.0,88.01283
103.0,88.30378
102.0,88.23766
101.0,81.07154
100.0,79.024765
99.0,79.033585
98.0,76.27202
97.0,74.84751
96.0,75.7908
95.0,76.82534
94.0,77.14133
93.0,83.980545
92.0,85.72732
91.0,85.64419
90.0,86.97933
89.0,84.9704
88.0,79.318375
87.0,86.79315
86.0,94.99566
85.0,96.77501
84.0,99.42837
83.0,93.37138
82.0,92.45316
81.0,89.884605
80.0,92.71642
79.0,91.23749
78.0,86.762054
77.0,83.22276
76.0,82.36998
75.0,84.9856
74.0,83.800644
73.0,83.15943
72.0,81.582306
71.0,77.213326
70.0,79.418304
69.0,78.20994
68.0,71.74614
67.0,75.035
66.0,75.07435
65.0,75.15158
64.0,73.76663
63.0,73.832695
62.0,72.26052
61.0,72.3725
60.0,66.81605
59.0,67.89453
58.0,63.35625
57.0,70.81832
56.0,67.8024
55.0,56.403065
54.0,49.763233
53.0,47.87703
52.0,52.352318
51.0,49.180843
50.0,50.784634
49.0,52.49888
48.0,54.2114
47.0,58.214413
46.0,54.138096
45.0,49.43814
44.0,48.22939
43.0,43.56135
42.0,43.742516
41.0,41.302696
40.0,39.054817
39.0,36.815895
38.0,36.221855
37.0,35.6835
36.0,35.122635
35.0,35.839363
34.0,36.17512
33.0,36.095196
32.0,35.467663
31.0,34.64704
30.0,36.169655
29.0,37.58003
28.0,38.045647
27.0,37.43048
