Actual_RUL,Predicted_RUL
125.0,118.30555
125.0,118.27001
125.0,119.0439
125.0,119.7594
125.0,119.79104
125.0,120.10529
125.0,118.041
125.0,118.53388
125.0,117.5621
125.0,117.05293
125.0,117.52835
125.0,118.09788
125.0,119.26228
125.0,119.02372
125.0,119.059044
125.0,118.45963
125.0,118.34693
125.0,119.20456
125.0,117.85005
125.0,119.40241
125.0,118.66438
125.0,115.962395
125.0,115.90076
125.0,118.9798
125.0,119.04873
125.0,118.842125
125.0,119.5518
125.0,121.12886
125.0,121.10123
125.0,120.920074
125.0,121.243965
125.0,121.36413
125.0,119.12581
125.0,118.83265
125.0,117.64522
125.0,118.965256
125.0,118.15701
125.0,115.27538
125.0,115.08247
125.0,114.82711
125.0,117.043015
125.0,117.794945
125.0,118.083466
125.0,117.06209
125.0,116.14327
125.0,118.027374
125.0,116.98416
125.0,117.128654
125.0,117.275185
125.0,116.950935
125.0,117.51049
125.0,116.0658
125.0,115.9011
125.0,116.78512
125.0,117.72045
125.0,116.09723
125.0,117.19454
125.0,116.95435
125.0,116.83662
125.0,116.26675
125.0,118.07129
125.0,118.74843
125.0,119.00954
125.0,120.151665
125.0,118.01989
125.0,116.401596
125.0,118.02048
125.0,116.69169
125.0,117.50523
125.0,116.90476
125.0,115.78935
125.0,115.37319
125.0,117.09893
125.0,116.64426
125.0,116.38594
125.0,116.61127
125.0,117.41793
125.0,116.17993
125.0,115.952286
125.0,118.040985
125.0,115.09751
125.0,114.27972
125.0,113.49772
125.0,115.70689
125.0,115.615524
125.0,117.0484
125.0,115.751976
125.0,115.73671
125.0,117.0945
125.0,113.1011
125.0,114.46939
125.0,116.4545
125.0,115.539406
125.0,114.9157
125.0,115.18738
125.0,113.296585
125.0,113.99244
125.0,113.56597
125.0,109.91174
125.0,109.45109
125.0,110.556305
125.0,111.81478
125.0,112.20455
125.0,112.56202
125.0,113.65128
125.0,112.84692
125.0,112.878456
125.0,114.26119
125.0,114.81654
125.0,114.81549
125.0,112.339264
125.0,109.9834
125.0,111.138374
125.0,112.54941
125.0,108.294815
125.0,112.21135
125.0,113.28
125.0,110.81871
125.0,110.11966
125.0,108.65295
125.0,106.59969
125.0,109.55767
125.0,109.04825
124.0,111.40202
123.0,111.58329
122.0,110.8945
121.0,110.97067
120.0,110.50659
119.0,109.30662
118.0,107.0307
117.0,106.784134
116.0,104.349976
115.0,107.916275
114.0,104.650185
113.0,106.5882
112.0,107.9417
111.0,107.18849
110.0,103.04856
109.0,105.38265
108.0,108.8594
107.0,108.81132
106.0,106.53909
105.0,103.22997
104.0,102.46146
103.0,103.26123
102.0,98.47247
101.0,95.53808
100.0,94.86026
99.0,93.029236
98.0,91.07666
97.0,91.67632
96.0,94.18619
95.0,95.691505
94.0,95.95378
93.0,95.224205
92.0,90.60195
91.0,91.758835
90.0,88.36683
89.0,87.0162
88.0,87.06289
87.0,87.28995
86.0,83.880226
85.0,83.32573
84.0,75.39541
83.0,74.682106
82.0,73.820076
81.0,75.42461
80.0,74.48353
79.0,76.270905
78.0,75.656784
77.0,79.57209
76.0,79.47259
75.0,76.92058
74.0,78.17669
73.0,79.091965
72.0,80.34703
71.0,78.57482
70.0,75.90647
69.0,73.87566
68.0,69.251686
67.0,71.95251
66.0,75.98978
65.0,76.79215
64.0,77.869644
63.0,73.20822
62.0,73.27278
61.0,65.57995
60.0,65.17144
59.0,61.293713
58.0,55.768627
57.0,55.068787
56.0,51.990974
55.0,51.843513
54.0,46.737827
53.0,49.209267
52.0,44.68533
51.0,42.845917
50.0,44.578674
49.0,42.988983
48.0,43.983448
47.0,43.47872
46.0,44.56121
45.0,42.282078
125.0,112.2301
125.0,110.51383
125.0,110.32498
125.0,109.45166
125.0,108.78385
125.0,109.50111
125.0,114.26083
125.0,116.37436
125.0,119.72602
125.0,117.848816
125.0,119.48396
125.0,119.8551
125.0,119.21489
125.0,117.08122
125.0,116.590965
125.0,115.0921
125.0,113.87931
125.0,113.24453
125.0,112.01647
125.0,113.63386
125.0,112.89333
124.0,111.30319
123.0,112.4609
122.0,113.79953
121.0,113.7273
120.0,115.7579
119.0,113.15491
118.0,110.81408
117.0,107.79765
116.0,104.51683
115.0,104.35754
114.0,104.348915
113.0,105.81696
112.0,103.79166
111.0,102.837875
110.0,103.33526
109.0,103.44671
108.0,102.5002
107.0,101.79907
106.0,102.19595
105.0,103.79773
104.0,105.86315
103.0,107.014015
102.0,109.07531
101.0,109.246346
100.0,110.20346
99.0,112.26736
98.0,113.34555
97.0,111.474754
96.0,106.657295
95.0,101.68817
94.0,102.582535
93.0,99.523544
92.0,98.5312
91.0,102.35157
90.0,101.50392
89.0,102.28501
88.0,99.839584
87.0,99.38071
86.0,100.99345
85.0,104.14914
84.0,99.33312
83.0,103.07751
82.0,104.399055
81.0,104.59059
80.0,104.95946
79.0,102.448715
78.0,101.87968
77.0,100.79632
76.0,97.36966
75.0,95.4252
74.0,95.40308
73.0,95.082565
72.0,94.55301
71.0,91.729774
70.0,89.92219
69.0,87.402405
68.0,90.80046
67.0,89.346275
66.0,89.00311
65.0,87.958496
64.0,87.79828
63.0,86.17212
62.0,90.32616
61.0,91.6358
60.0,91.32368
59.0,90.8866
58.0,91.01611
57.0,88.279205
56.0,81.880226
55.0,77.85255
54.0,75.039474
53.0,78.380585
52.0,76.073105
125.0,115.54511
125.0,114.99955
125.0,117.78308
125.0,118.88593
125.0,117.886185
125.0,118.86156
125.0,120.91333
125.0,120.78837
125.0,120.32129
125.0,123.00565
125.0,123.56113
125.0,122.850075
125.0,122.079445
125.0,116.78127
125.0,119.02395
125.0,118.6444
125.0,117.42337
125.0,113.38084
125.0,111.43542
125.0,111.89638
125.0,112.11855
125.0,113.45887
125.0,114.43257
125.0,117.50544
125.0,115.750404
125.0,120.034874
125.0,122.20206
125.0,123.86531
125.0,126.09552
125.0,124.65079
125.0,124.74969
125.0,123.622826
125.0,123.12915
125.0,123.346924
125.0,120.80236
125.0,119.77108
125.0,118.755745
125.0,119.78473
125.0,118.89926
125.0,116.987045
125.0,116.952034
125.0,117.155495
125.0,116.062805
125.0,115.877945
125.0,115.300545
125.0,116.84976
125.0,116.188675
125.0,114.266754
125.0,112.5914
125.0,112.61244
125.0,114.91715
125.0,115.56445
125.0,113.719505
125.0,113.36509
125.0,113.50319
125.0,113.58522
125.0,111.676605
125.0,111.644775
125.0,109.81954
125.0,107.73599
125.0,110.30397
125.0,108.45747
125.0,107.52084
125.0,107.7329
125.0,104.2679
125.0,102.654884
125.0,101.222084
125.0,99.6817
125.0,101.30498
125.0,103.65268
125.0,104.53588
125.0,105.6858
125.0,106.28398
125.0,104.89028
125.0,104.97527
125.0,103.884575
125.0,109.03273
125.0,109.01015
125.0,105.85776
125.0,104.201904
125.0,99.851555
125.0,98.60309
125.0,99.0324
125.0,98.69191
125.0,97.60228
125.0,94.24777
125.0,96.93707
125.0,99.64496
125.0,102.70325
125.0,100.38314
125.0,100.809944
125.0,100.12058
125.0,100.292786
125.0,100.96091
125.0,100.20372
125.0,103.5462
125.0,103.88088
125.0,103.23958
125.0,105.717224
125.0,103.963585
125.0,100.634995
125.0,101.95276
125.0,102.89213
125.0,103.44435
125.0,104.10856
125.0,104.09439
125.0,103.730804
124.0,100.641075
123.0,91.963394
122.0,94.12433
121.0,98.018036
120.0,95.758156
119.0,99.17142
118.0,99.678856
117.0,94.92277
116.0,97.744484
115.0,98.53324
114.0,99.61638
113.0,101.04662
112.0,101.61673
111.0,104.131355
110.0,100.88461
109.0,98.7258
108.0,95.73115
107.0,94.95791
106.0,90.09247
105.0,83.58677
104.0,86.14847
103.0,91.63697
102.0,88.0974
101.0,85.3375
100.0,85.621735
99.0,85.463394
98.0,87.683784
97.0,90.17165
96.0,90.98748
95.0,91.07521
94.0,92.05119
93.0,86.2205
92.0,84.340454
91.0,79.79809
90.0,82.603714
89.0,82.83313
88.0,86.749
87.0,87.02192
86.0,86.45244
85.0,84.73829
84.0,83.5621
83.0,81.69835
82.0,71.260605
81.0,72.49112
80.0,71.61567
79.0,66.27113
78.0,63.68086
77.0,62.064888
76.0,60.89532
75.0,57.957127
74.0,56.337276
73.0,53.772957
72.0,51.419754
71.0,52.449516
70.0,53.041393
69.0,53.20501
68.0,53.518387
67.0,52.807297
66.0,54.60057
65.0,53.317154
64.0,53.864468
63.0,53.018967
62.0,53.453583
61.0,49.35548
60.0,44.288235
59.0,41.54444
58.0,42.080517
57.0,42.168888
56.0,39.69624
55.0,38.29416
54.0,38.87523
53.0,40.150208
52.0,39.508644
51.0,39.842426
50.0,38.00382
49.0,34.246967
48.0,33.305496
47.0,32.577995
46.0,30.51649
45.0,28.683687
44.0,27.7747
43.0,27.000742
42.0,24.540024
41.0,26.272572
40.0,24.919378
39.0,24.944801
38.0,23.563686
37.0,23.524607
36.0,21.90143
35.0,23.241034
34.0,21.908924
33.0,22.135857
32.0,23.093212
31.0,22.5234
30.0,22.063694
29.0,21.608389
28.0,20.222889
125.0,103.24197
125.0,104.32388
125.0,100.35518
125.0,102.2961
125.0,105.254654
125.0,103.81291
125.0,106.204956
125.0,100.76145
125.0,98.92343
125.0,94.65921
125.0,95.57513
125.0,91.836266
125.0,90.24789
125.0,95.88173
125.0,97.207924
125.0,99.232704
125.0,101.491684
125.0,97.790955
125.0,100.01404
125.0,99.94205
125.0,98.9883
125.0,103.876595
125.0,104.92859
125.0,102.499725
125.0,100.26142
125.0,95.401955
125.0,93.190445
125.0,92.62318
125.0,98.132996
125.0,96.01768
125.0,95.001274
125.0,96.81782
125.0,98.3146
125.0,100.66454
124.0,98.478806
123.0,98.2202
122.0,99.433426
121.0,101.2895
125.0,131.2844
125.0,130.3075
125.0,129.32265
125.0,129.30217
125.0,130.10028
125.0,129.11331
125.0,131.09964
125.0,132.11465
125.0,132.17938
125.0,132.78297
125.0,134.38321
125.0,133.99184
125.0,133.62889
125.0,131.79594
125.0,129.49414
125.0,129.02351
125.0,129.52383
125.0,128.9224
125.0,128.51382
125.0,128.87459
125.0,128.79088
125.0,130.27809
125.0,129.99469
125.0,131.61218
125.0,131.81592
125.0,132.17479
125.0,130.87431
125.0,130.95381
125.0,130.9967
125.0,130.60849
125.0,129.16565
125.0,129.1944
125.0,129.26286
125.0,128.72017
125.0,129.02005
125.0,130.01682
125.0,128.93524
125.0,128.98466
125.0,128.99849
125.0,128.90894
125.0,130.00357
125.0,128.90515
125.0,130.02292
125.0,130.77019
125.0,131.61159
125.0,130.75456
125.0,130.15816
125.0,130.25537
125.0,127.826035
125.0,128.32034
125.0,126.944336
125.0,125.33568
125.0,123.93859
125.0,124.71974
125.0,125.255745
125.0,126.48074
125.0,129.05792
125.0,129.91327
125.0,127.992165
125.0,127.36336
125.0,129.40875
125.0,130.24356
125.0,130.6505
125.0,127.60845
125.0,125.98199
125.0,128.00464
125.0,129.64711
125.0,129.78156
125.0,127.02839
125.0,125.6386
125.0,123.76654
125.0,123.31841
125.0,123.860344
125.0,124.083534
125.0,124.547386
125.0,125.58182
125.0,125.4297
125.0,124.247215
125.0,125.35749
125.0,126.9202
125.0,125.17895
125.0,123.31693
125.0,123.05963
125.0,123.31534
125.0,122.46603
124.0,122.8542
123.0,122.66735
122.0,121.33239
121.0,122.31396
120.0,123.3432
119.0,123.420105
118.0,123.87444
117.0,124.10857
116.0,123.78491
115.0,124.01667
114.0,124.80436
113.0,125.699104
112.0,125.54791
111.0,125.90025
110.0,124.181435
109.0,124.19915
108.0,124.15343
107.0,122.73021
106.0,121.35318
105.0,122.36102
104.0,124.09561
103.0,123.240486
102.0,123.09572
125.0,111.037315
125.0,110.78877
125.0,111.86217
125.0,108.39033
125.0,107.71607
125.0,107.38671
125.0,109.124596
125.0,108.73476
125.0,111.188416
124.0,113.613525
123.0,114.60622
122.0,113.52498
121.0,110.31639
120.0,112.14511
119.0,113.13898
118.0,111.8708
117.0,111.36044
116.0,109.953896
115.0,112.397354
114.0,111.7259
113.0,108.87487
112.0,105.377335
111.0,103.62108
110.0,102.58271
109.0,106.15025
108.0,106.47675
107.0,108.774925
106.0,111.183624
105.0,109.67048
104.0,111.75265
103.0,109.15269
102.0,107.95731
101.0,106.28809
100.0,103.77731
125.0,109.683395
125.0,109.69242
125.0,110.567444
125.0,106.18502
125.0,108.26686
125.0,106.764175
125.0,109.70457
125.0,109.82781
125.0,108.4148
125.0,109.8768
125.0,113.07607
125.0,113.12261
125.0,111.46082
125.0,111.70547
125.0,111.809845
125.0,106.340065
125.0,105.36494
125.0,107.55151
125.0,102.27967
125.0,101.234314
125.0,98.0636
125.0,103.628975
125.0,103.93071
125.0,104.078384
125.0,104.57169
125.0,104.97052
125.0,105.93319
125.0,102.21854
125.0,100.32991
125.0,99.840324
125.0,99.74635
125.0,97.60384
125.0,102.36143
125.0,100.62336
125.0,103.39373
125.0,102.69073
125.0,106.25735
125.0,105.864784
125.0,108.491
125.0,110.01803
125.0,108.277336
125.0,106.73243
125.0,107.508705
125.0,108.49431
125.0,109.20157
125.0,106.18049
125.0,110.90302
125.0,111.59247
125.0,108.081314
125.0,102.95327
125.0,103.31479
125.0,102.22084
125.0,102.99629
125.0,105.56769
125.0,105.576126
125.0,104.582664
125.0,107.1611
125.0,102.93421
125.0,103.11473
125.0,105.04003
125.0,99.08784
125.0,103.05566
125.0,100.83027
125.0,98.127914
125.0,103.682655
125.0,99.58245
125.0,101.08515
125.0,101.011024
125.0,100.38014
125.0,104.63971
125.0,105.1414
125.0,103.94005
125.0,106.082115
125.0,104.859276
125.0,101.46127
124.0,101.98055
123.0,102.692444
122.0,98.269554
121.0,99.42356
120.0,95.946594
119.0,95.47472
118.0,96.61412
117.0,94.36523
116.0,95.15023
115.0,95.03711
114.0,94.726906
113.0,96.244736
112.0,94.72262
111.0,95.788635
110.0,96.76968
109.0,95.82872
108.0,95.18285
107.0,97.26174
106.0,96.74762
105.0,93.28617
104.0,97.18718
103.0,96.95072
102.0,94.888405
101.0,90.53144
100.0,88.25992
99.0,84.61578
98.0,90.25225
97.0,92.18605
96.0,90.75346
95.0,91.704895
94.0,91.843254
93.0,94.95071
92.0,94.59827
91.0,93.637344
90.0,93.84531
89.0,92.92385
88.0,94.17404
87.0,90.311226
86.0,84.07013
85.0,80.44254
84.0,75.654854
83.0,77.48468
82.0,74.53232
81.0,77.50194
80.0,74.278534
79.0,75.4249
78.0,75.59272
77.0,74.91081
76.0,72.48643
75.0,71.47633
74.0,74.58739
73.0,65.64377
72.0,64.950165
125.0,109.73896
125.0,108.324715
125.0,107.31644
125.0,108.48571
125.0,109.48708
125.0,110.89294
125.0,107.96547
125.0,107.480225
125.0,108.356445
125.0,109.33743
125.0,110.01557
125.0,107.79326
125.0,107.38893
125.0,109.62192
125.0,110.70162
125.0,107.62118
125.0,108.31376
125.0,109.737724
125.0,111.70703
125.0,108.84367
125.0,108.65854
125.0,106.618805
125.0,106.7302
125.0,105.043015
125.0,102.33005
125.0,106.293564
125.0,107.15318
125.0,105.28077
125.0,108.05113
125.0,111.06291
125.0,109.448135
125.0,108.65114
125.0,105.99956
125.0,109.64907
125.0,108.52152
125.0,110.02253
125.0,107.7459
125.0,107.30343
125.0,108.65794
125.0,110.10189
125.0,112.43113
125.0,109.40504
125.0,109.89028
125.0,108.446205
125.0,112.08014
125.0,112.632576
125.0,110.430954
125.0,109.17508
125.0,112.969086
125.0,111.818565
125.0,106.78151
125.0,108.30692
125.0,111.91299
125.0,110.92316
125.0,111.34473
125.0,109.62951
125.0,107.78117
125.0,107.54587
125.0,107.53102
125.0,106.64509
125.0,108.23488
125.0,106.20869
125.0,104.868095
125.0,101.51466
125.0,98.547066
125.0,103.01121
125.0,101.85877
125.0,101.42183
125.0,107.50936
125.0,106.46215
125.0,104.55576
125.0,102.160774
125.0,97.48337
125.0,102.599434
125.0,102.53453
125.0,101.07641
125.0,100.25073
125.0,101.32911
125.0,98.53754
125.0,100.257454
125.0,97.68367
125.0,97.84941
125.0,95.62046
125.0,92.4832
125.0,94.28886
125.0,98.66416
125.0,99.59754
125.0,95.76849
125.0,98.31241
125.0,96.01368
125.0,98.10087
125.0,95.7698
125.0,90.26643
124.0,91.44404
123.0,94.773544
122.0,95.02191
121.0,99.447105
120.0,100.70466
119.0,102.87524
118.0,101.543755
117.0,101.82632
116.0,96.32023
115.0,93.94017
114.0,93.46415
113.0,90.450066
112.0,93.98814
111.0,94.93273
110.0,93.056
109.0,88.283066
108.0,84.88594
107.0,86.02555
106.0,89.74235
105.0,87.01943
104.0,87.068245
103.0,89.157936
102.0,90.763016
101.0,89.38563
100.0,90.32124
99.0,90.09123
98.0,91.575905
97.0,91.534164
96.0,90.04732
95.0,85.36024
94.0,81.99842
93.0,84.22312
92.0,85.35409
91.0,83.35027
90.0,80.951515
89.0,80.95024
88.0,72.80153
87.0,68.29698
86.0,69.868385
85.0,65.29671
84.0,65.58945
83.0,68.09765
82.0,69.769325
81.0,66.01002
80.0,63.997025
79.0,68.99135
78.0,70.845985
77.0,64.387726
76.0,67.66325
75.0,63.215984
74.0,60.0058
73.0,60.392624
72.0,59.040127
71.0,55.698196
70.0,53.325775
69.0,52.811947
68.0,54.779907
67.0,57.16723
66.0,54.64388
65.0,56.374844
64.0,61.344955
63.0,60.62703
62.0,59.34536
61.0,59.855476
60.0,58.432022
59.0,50.907574
58.0,46.29815
57.0,43.825012
56.0,40.2898
125.0,124.023125
125.0,122.644485
125.0,124.126
125.0,125.386116
125.0,126.51415
125.0,126.48293
125.0,125.6671
125.0,126.83193
125.0,127.54138
125.0,127.56593
125.0,125.91931
125.0,127.18263
125.0,124.93265
125.0,125.20066
125.0,125.82713
125.0,124.3263
125.0,124.61971
125.0,123.677284
125.0,123.48193
125.0,124.21389
125.0,124.152885
125.0,124.886765
125.0,124.59525
125.0,124.62905
125.0,125.93688
125.0,127.114624
125.0,125.13311
125.0,126.35043
125.0,124.731705
125.0,126.059685
125.0,125.6901
125.0,123.28385
125.0,123.032425
125.0,125.71388
125.0,126.03558
125.0,128.09093
125.0,126.05745
125.0,125.79022
125.0,125.3144
125.0,128.32956
125.0,125.75562
125.0,123.78509
125.0,121.3512
125.0,124.1013
125.0,124.738434
125.0,125.99398
125.0,125.52583
125.0,125.21802
125.0,123.48586
125.0,124.40844
125.0,122.30168
125.0,121.59706
125.0,121.7657
125.0,121.17798
125.0,121.25081
125.0,122.39941
125.0,120.74353
125.0,122.74257
125.0,124.38129
125.0,125.64054
125.0,126.20457
125.0,124.75701
125.0,126.93549
125.0,127.96314
125.0,126.34948
125.0,126.10515
125.0,127.69402
125.0,126.53509
125.0,126.29126
125.0,126.23341
125.0,126.084595
125.0,126.081985
125.0,127.031845
125.0,124.97838
125.0,124.19683
125.0,122.87573
125.0,123.800835
125.0,123.070755
125.0,123.34527
125.0,124.34028
125.0,125.23715
125.0,125.1138
125.0,124.51266
125.0,125.0972
125.0,124.92008
125.0,126.36325
125.0,123.76751
125.0,125.73969
125.0,124.6294
125.0,124.42636
125.0,123.184875
125.0,122.7395
125.0,123.41365
125.0,123.39114
125.0,122.531044
125.0,122.14751
125.0,122.54523
125.0,120.79618
125.0,120.27342
125.0,121.43104
125.0,122.9226
125.0,121.839806
125.0,123.05668
125.0,123.1886
125.0,123.92035
125.0,125.56373
125.0,126.704636
125.0,124.89474
125.0,124.79505
125.0,124.264824
125.0,123.99322
125.0,123.574135
125.0,124.12693
125.0,121.828445
125.0,119.18476
125.0,119.75828
125.0,119.91766
125.0,117.94936
125.0,118.458244
125.0,121.17114
125.0,121.17356
125.0,121.767426
125.0,121.70025
125.0,120.49893
125.0,120.546875
125.0,121.429115
125.0,121.13296
125.0,120.94985
125.0,119.00194
125.0,118.36876
125.0,118.20146
125.0,118.09546
125.0,115.65366
125.0,110.72868
125.0,110.79225
125.0,113.15709
125.0,111.521935
125.0,112.85879
125.0,111.267746
124.0,112.20333
123.0,113.10099
122.0,114.43876
121.0,113.57782
120.0,110.792336
119.0,114.0025
118.0,113.56241
117.0,111.77346
116.0,112.25828
115.0,112.81266
114.0,113.82297
113.0,113.11102
112.0,115.685104
111.0,113.616684
110.0,114.529434
109.0,112.77913
108.0,109.59866
107.0,108.31866
106.0,110.4646
105.0,112.048584
104.0,111.727356
103.0,113.449066
102.0,115.26716
101.0,116.414116
100.0,113.976585
99.0,114.57623
98.0,114.43041
97.0,113.05189
96.0,113.7035
95.0,109.65338
94.0,107.855316
93.0,110.31836
92.0,108.17944
91.0,108.92842
90.0,107.39067
89.0,106.77659
88.0,107.81133
87.0,107.811226
86.0,104.64937
85.0,103.07896
84.0,103.572
83.0,104.37831
82.0,99.771935
81.0,101.39706
80.0,103.80598
79.0,101.0717
78.0,96.905785
77.0,94.27955
76.0,88.4224
75.0,89.25453
74.0,93.12791
73.0,90.395706
72.0,88.23975
71.0,88.58987
70.0,87.033646
69.0,89.98288
68.0,89.70727
67.0,90.95486
66.0,89.75464
65.0,86.061325
64.0,81.595825
63.0,84.00202
62.0,87.75571
61.0,84.48821
60.0,82.12626
59.0,82.595215
58.0,88.92788
57.0,89.05456
56.0,84.83194
125.0,122.854546
125.0,121.93063
125.0,121.51763
125.0,121.835556
125.0,122.13265
125.0,122.73115
125.0,121.24472
125.0,120.36435
125.0,120.41851
125.0,121.04829
125.0,122.48316
125.0,120.23632
125.0,119.92537
125.0,119.94368
125.0,120.78557
125.0,120.29025
125.0,123.493675
125.0,124.312996
125.0,122.978546
125.0,123.393715
125.0,122.18404
125.0,119.94349
125.0,120.56823
125.0,121.37429
125.0,117.56939
125.0,118.36574
125.0,116.99162
125.0,118.10431
125.0,117.175705
125.0,119.79137
125.0,119.71258
125.0,118.648445
125.0,119.349655
125.0,118.906395
125.0,116.58143
125.0,117.35235
125.0,117.19561
125.0,117.86302
125.0,119.212296
125.0,118.88516
125.0,118.61281
125.0,120.28329
125.0,121.897026
124.0,122.51572
123.0,124.1113
122.0,123.746666
121.0,121.38034
120.0,121.426445
119.0,119.57683
118.0,121.58382
117.0,120.35753
116.0,118.64527
115.0,119.015465
114.0,116.78876
113.0,115.71293
112.0,113.88877
111.0,113.49063
110.0,112.786156
109.0,113.471405
108.0,113.95088
107.0,112.762276
106.0,114.70911
105.0,114.24761
104.0,117.28276
103.0,120.45631
102.0,117.50595
101.0,113.81196
100.0,111.04829
99.0,111.04476
98.0,108.79526
97.0,107.628654
96.0,110.93282
95.0,109.001
94.0,111.82333
93.0,112.11875
92.0,114.38647
91.0,113.92121
90.0,116.17066
89.0,115.956276
88.0,114.83871
87.0,115.5256
86.0,109.99589
85.0,109.45881
84.0,108.9641
83.0,109.01275
82.0,111.58329
81.0,112.36854
80.0,111.580086
79.0,110.28764
78.0,111.660645
77.0,109.10587
76.0,106.402756
75.0,108.001305
74.0,106.49609
73.0,101.26691
72.0,100.5081
71.0,97.64929
70.0,94.01761
69.0,91.45979
68.0,87.29614
67.0,89.04137
125.0,87.783676
125.0,92.79148
125.0,96.74207
125.0,96.78908
125.0,97.814354
125.0,95.516365
125.0,92.43764
125.0,93.97066
125.0,93.759384
125.0,94.68082
125.0,93.03914
125.0,92.37981
125.0,89.01773
125.0,89.25635
125.0,86.90531
125.0,85.61908
125.0,87.69904
125.0,86.51611
125.0,86.90992
125.0,91.03922
125.0,96.85356
125.0,95.15576
125.0,93.88256
125.0,91.46117
125.0,91.39919
125.0,88.077576
124.0,85.34386
123.0,88.62153
122.0,85.484314
121.0,85.09151
120.0,87.912636
119.0,85.11436
118.0,82.40393
117.0,78.049385
116.0,77.50495
115.0,74.3575
114.0,75.79157
113.0,76.38276
112.0,76.5933
111.0,73.663315
110.0,79.23712
109.0,80.40666
108.0,83.077835
107.0,82.42305
106.0,78.54529
105.0,75.44009
104.0,74.34673
103.0,78.53771
102.0,78.91566
101.0,80.929474
100.0,83.364944
99.0,80.727745
98.0,79.12503
97.0,76.35504
96.0,76.041626
95.0,72.546104
94.0,73.08005
93.0,72.507286
92.0,73.32597
91.0,68.99202
90.0,65.26819
89.0,63.180836
88.0,61.21135
87.0,58.108402
86.0,60.911526
85.0,62.826283
84.0,56.96855
83.0,52.79166
82.0,53.87183
81.0,56.888638
80.0,57.130222
79.0,55.46098
78.0,52.57184
125.0,116.06404
125.0,113.79922
125.0,116.27856
125.0,112.55067
125.0,111.34961
125.0,113.7652
125.0,114.47419
125.0,111.70277
125.0,112.633575
125.0,117.53098
125.0,116.296005
125.0,117.0168
125.0,116.50414
125.0,115.47208
125.0,115.9676
125.0,118.2415
125.0,118.64452
125.0,116.76662
125.0,114.77611
125.0,114.93183
125.0,114.3183
125.0,113.80144
125.0,113.92065
125.0,112.7539
125.0,108.75449
125.0,108.20984
125.0,108.36348
125.0,113.24364
125.0,114.2927
125.0,115.8158
125.0,114.02865
125.0,114.17886
125.0,114.69905
125.0,114.46498
125.0,114.212074
125.0,110.3467
125.0,111.93091
125.0,110.12432
125.0,111.230644
125.0,111.18301
125.0,108.55423
125.0,107.26602
125.0,106.98592
125.0,107.466835
125.0,108.98655
125.0,109.08717
125.0,109.033264
125.0,107.70159
125.0,106.63895
125.0,105.716415
125.0,107.95492
125.0,110.820946
125.0,112.18011
125.0,112.903015
125.0,114.65248
125.0,116.28327
125.0,110.42264
125.0,109.33317
125.0,107.862946
125.0,109.41439
125.0,110.223694
125.0,107.81713
125.0,104.2576
125.0,105.4447
125.0,102.246704
125.0,101.46384
125.0,100.79353
125.0,100.8428
125.0,101.46209
125.0,100.88547
125.0,104.59725
125.0,106.457275
125.0,107.728264
125.0,107.531456
125.0,99.10706
125.0,104.55941
125.0,103.32188
125.0,103.117386
125.0,105.16833
125.0,104.378044
125.0,101.70804
125.0,99.328415
125.0,96.12319
125.0,96.609665
125.0,99.25215
125.0,98.67435
125.0,98.84228
125.0,97.85403
125.0,100.304184
125.0,100.827805
125.0,101.33321
125.0,104.02645
125.0,102.9415
125.0,102.93023
125.0,96.17557
125.0,96.53437
125.0,96.596405
125.0,96.733864
125.0,96.97311
125.0,98.151794
125.0,100.04422
125.0,100.477005
125.0,102.07452
125.0,101.39624
125.0,97.49827
125.0,97.16706
125.0,96.65264
124.0,96.460014
123.0,97.32404
122.0,95.82781
121.0,98.02444
120.0,97.931625
119.0,98.53086
118.0,98.80857
117.0,93.8456
116.0,94.27453
125.0,111.48048
125.0,110.01569
125.0,110.337326
125.0,112.55416
125.0,113.40429
125.0,116.641106
125.0,114.29502
125.0,115.17859
125.0,111.04165
125.0,109.05091
125.0,108.80527
125.0,107.844025
125.0,108.10629
125.0,109.06476
125.0,106.045494
125.0,104.74219
125.0,104.37664
125.0,101.349754
125.0,102.90962
125.0,101.13501
125.0,99.61611
125.0,103.84469
125.0,100.999374
125.0,102.45861
125.0,101.98643
125.0,105.342674
124.0,106.41019
123.0,105.29229
122.0,106.41027
121.0,105.39346
120.0,105.465
119.0,103.17948
118.0,101.83556
117.0,101.14073
116.0,97.25123
125.0,109.22659
125.0,112.13728
125.0,111.3386
125.0,109.423515
125.0,109.5934
125.0,110.557434
125.0,102.122475
125.0,99.73443
125.0,100.066376
125.0,101.35083
125.0,103.7621
125.0,102.75126
125.0,105.28562
125.0,101.65727
125.0,103.08969
125.0,100.53719
125.0,100.79594
125.0,105.26325
125.0,105.91085
125.0,104.665504
125.0,102.999985
125.0,102.13418
125.0,105.26676
125.0,104.683044
125.0,102.11377
125.0,105.52697
125.0,100.64043
125.0,96.917175
125.0,95.70525
125.0,97.46197
125.0,98.75736
125.0,97.753365
125.0,100.29422
125.0,100.85159
125.0,100.65819
125.0,99.138695
125.0,98.55542
125.0,93.3273
125.0,92.344284
125.0,98.44409
125.0,100.920845
125.0,98.871605
125.0,99.37495
125.0,97.447784
125.0,98.63605
125.0,94.14121
124.0,95.50514
123.0,90.44854
122.0,86.649734
121.0,84.95333
120.0,89.11617
119.0,87.56204
118.0,86.5373
117.0,85.89349
116.0,86.60294
115.0,85.87292
114.0,87.63625
113.0,86.38269
112.0,87.29419
111.0,91.40562
110.0,92.08122
109.0,91.143326
108.0,92.205185
107.0,91.61183
106.0,93.675705
105.0,90.59808
104.0,89.41625
103.0,85.93326
102.0,87.4842
101.0,87.48603
100.0,85.28526
99.0,90.315346
98.0,92.47187
97.0,93.644936
96.0,90.13259
95.0,90.6515
94.0,84.94012
93.0,84.0421
92.0,87.43517
91.0,85.09707
90.0,86.42735
89.0,84.68788
88.0,84.45558
87.0,86.5012
86.0,86.02808
85.0,84.68121
84.0,84.17587
83.0,79.31585
82.0,79.78602
81.0,80.6344
80.0,81.78313
79.0,82.59006
78.0,74.90702
77.0,67.03474
76.0,58.684284
75.0,55.851597
74.0,53.331604
73.0,50.771164
72.0,50.047043
71.0,50.80047
70.0,54.46851
69.0,54.341663
68.0,53.01783
67.0,55.66663
66.0,57.974144
65.0,58.044178
64.0,52.21842
63.0,50.00597
62.0,52.774887
61.0,54.278126
60.0,50.26974
59.0,48.972187
58.0,48.33825
57.0,44.120743
56.0,41.714584
55.0,40.414135
54.0,39.043213
53.0,38.831966
52.0,41.51455
51.0,42.261505
50.0,41.382137
49.0,44.11965
48.0,46.38377
47.0,43.830738
46.0,41.239803
45.0,39.16468
44.0,38.590084
43.0,37.62234
42.0,33.760834
41.0,31.496729
40.0,31.345692
39.0,31.820942
38.0,29.744596
37.0,28.808666
36.0,25.392874
35.0,23.38999
34.0,24.303974
33.0,24.945625
32.0,23.90424
125.0,118.12123
125.0,118.92099
125.0,116.96051
125.0,116.41704
125.0,117.61483
125.0,118.93351
125.0,117.40312
125.0,117.95473
125.0,118.19102
125.0,117.65161
125.0,117.99081
125.0,117.02982
125.0,115.90895
125.0,116.92657
125.0,117.21965
125.0,117.42957
125.0,115.898926
125.0,116.67788
125.0,115.29254
125.0,118.16852
125.0,118.59697
125.0,118.66014
125.0,118.89867
125.0,116.92949
125.0,119.09853
125.0,114.48843
125.0,116.53245
125.0,114.326584
125.0,115.81402
125.0,116.11523
125.0,117.04959
125.0,114.85162
125.0,117.094894
125.0,117.54469
125.0,116.57032
125.0,115.95839
125.0,114.93566
125.0,115.18885
125.0,114.69457
125.0,114.153534
125.0,115.13149
125.0,116.59186
125.0,115.79429
125.0,116.239426
125.0,116.4692
125.0,117.52926
125.0,116.12557
125.0,112.99123
125.0,114.08837
125.0,114.203545
125.0,116.713776
125.0,117.379944
125.0,116.262215
125.0,117.52721
125.0,116.32983
125.0,115.34619
125.0,114.89827
125.0,115.88984
125.0,116.187584
125.0,117.56001
125.0,116.996376
125.0,117.168945
125.0,117.31596
125.0,119.19991
125.0,116.71633
125.0,116.38628
124.0,115.08471
123.0,114.39517
122.0,114.06706
121.0,115.02528
120.0,113.767204
119.0,111.78043
118.0,111.89386
117.0,111.388115
116.0,112.898735
115.0,112.35825
114.0,110.64964
113.0,108.47468
112.0,105.6801
111.0,106.20364
110.0,106.406136
109.0,103.98865
125.0,137.6106
125.0,138.58315
125.0,138.28038
125.0,138.43411
125.0,138.8928
125.0,137.68216
125.0,138.38799
125.0,138.59702
125.0,138.77159
125.0,138.93187
125.0,138.38661
125.0,138.36034
125.0,138.01749
125.0,139.4445
125.0,140.14488
125.0,140.16843
125.0,139.09859
125.0,139.77437
125.0,138.48016
125.0,140.09181
125.0,139.10722
125.0,139.52693
125.0,139.76593
125.0,139.50757
125.0,137.61673
125.0,137.75444
125.0,137.6774
125.0,138.5196
124.0,138.3014
123.0,139.24994
122.0,137.8817
121.0,138.91385
120.0,137.88828
119.0,137.49298
118.0,136.70483
117.0,138.1187
116.0,137.09424
115.0,136.81859
114.0,136.30026
113.0,136.63911
112.0,136.37117
111.0,136.7053
110.0,136.14699
109.0,133.36101
108.0,133.93195
107.0,133.68779
106.0,134.0677
105.0,132.437
104.0,134.0427
103.0,134.16711
102.0,133.78561
101.0,133.96751
100.0,133.5365
99.0,133.2101
98.0,134.0887
97.0,134.21628
96.0,134.82213
95.0,133.77934
94.0,133.34302
93.0,132.5157
92.0,132.8655
91.0,131.57498
90.0,130.4427
89.0,130.78883
88.0,132.18768
87.0,130.74174
86.0,131.29066
85.0,128.77823
84.0,129.79532
83.0,130.87886
82.0,131.01146
81.0,130.43944
80.0,130.49663
79.0,128.08582
78.0,127.89967
77.0,126.89294
76.0,126.871284
75.0,125.36521
74.0,124.32351
73.0,123.98942
72.0,122.45668
71.0,123.29954
70.0,124.38027
69.0,125.671684
68.0,124.82889
67.0,125.18783
66.0,123.65463
65.0,123.206985
64.0,122.97265
63.0,120.76014
62.0,119.363846
61.0,118.73304
60.0,120.18529
59.0,117.94649
58.0,118.33569
57.0,119.18524
125.0,118.25053
125.0,119.86947
125.0,120.24628
125.0,119.250656
125.0,118.81027
125.0,117.50589
125.0,118.54855
125.0,119.62693
125.0,120.06744
125.0,120.75186
125.0,121.38708
125.0,119.37703
125.0,120.84286
125.0,119.14203
125.0,121.440056
125.0,119.85241
125.0,120.578514
125.0,119.80404
125.0,119.00298
125.0,120.00581
125.0,120.71736
125.0,122.4971
125.0,121.77843
125.0,120.90741
125.0,120.77074
125.0,120.70853
125.0,124.2463
125.0,123.07595
125.0,121.91683
125.0,120.569214
125.0,119.83512
125.0,120.25473
125.0,120.4735
125.0,120.69802
125.0,121.484665
125.0,120.039505
125.0,119.91884
125.0,120.931854
125.0,120.77391
125.0,120.88619
125.0,121.7843
125.0,119.79496
125.0,119.873314
125.0,118.05637
125.0,118.46428
125.0,119.140274
125.0,118.49062
125.0,117.32159
125.0,115.03939
125.0,114.15302
125.0,116.550224
125.0,116.37095
125.0,116.30304
125.0,118.37552
125.0,118.447525
125.0,118.737236
125.0,118.755486
125.0,120.85824
125.0,117.92061
125.0,116.895035
125.0,118.90316
125.0,115.20214
125.0,117.60048
125.0,117.198555
125.0,115.90015
125.0,117.11893
125.0,118.92327
125.0,117.62025
125.0,118.095695
125.0,118.009865
125.0,118.42801
125.0,116.56247
125.0,116.90846
125.0,116.30842
125.0,116.21312
125.0,118.08749
125.0,119.70112
125.0,119.50441
125.0,118.45759
125.0,118.41509
125.0,118.323845
125.0,117.02897
125.0,115.95357
125.0,114.6096
125.0,116.55052
125.0,118.078514
125.0,118.87821
125.0,119.08797
125.0,118.57113
125.0,117.62562
125.0,117.492386
125.0,117.477974
125.0,116.33232
125.0,115.19293
125.0,116.064995
125.0,114.561874
125.0,116.25032
125.0,117.739586
125.0,117.90796
125.0,118.0212
125.0,117.29549
125.0,117.07156
125.0,117.08059
125.0,115.62404
125.0,115.02513
125.0,115.41446
125.0,113.46798
125.0,115.25343
125.0,113.61021
125.0,112.55703
125.0,113.07052
125.0,116.34034
125.0,115.36637
125.0,114.23783
125.0,114.61674
125.0,113.98575
125.0,111.22136
125.0,113.20636
125.0,114.50696
125.0,114.29152
125.0,112.54419
125.0,113.82459
125.0,111.14667
125.0,112.253845
125.0,111.48127
125.0,111.136475
125.0,110.001434
125.0,113.81861
125.0,117.36113
125.0,115.76213
125.0,116.9864
125.0,116.42961
125.0,116.77145
125.0,117.49072
125.0,115.942505
125.0,117.38839
125.0,116.63087
125.0,115.80264
125.0,116.71295
125.0,116.93826
125.0,114.718185
125.0,114.93256
125.0,114.58896
125.0,115.63068
125.0,114.315956
125.0,114.46426
125.0,114.08371
125.0,114.182724
125.0,116.23224
125.0,116.94059
125.0,117.29423
125.0,118.82989
125.0,116.35598
125.0,114.111885
125.0,112.338875
125.0,112.826195
125.0,110.4961
125.0,111.40925
125.0,112.6238
125.0,112.33642
125.0,111.34055
125.0,111.15643
125.0,113.4431
125.0,111.645035
125.0,112.67967
125.0,113.60286
125.0,116.45473
125.0,114.70938
125.0,113.691795
125.0,114.20728
125.0,112.15093
125.0,113.44772
125.0,111.01277
125.0,112.32491
125.0,114.07565
125.0,113.48546
125.0,113.26145
125.0,112.48362
125.0,113.23625
125.0,113.835495
125.0,113.692375
125.0,111.60177
125.0,111.197655
125.0,110.64407
125.0,108.183136
125.0,109.79645
125.0,109.525024
125.0,109.71122
125.0,108.18394
125.0,108.464584
125.0,107.97968
125.0,108.06961
125.0,106.08439
125.0,106.57741
125.0,107.67194
125.0,107.71498
125.0,106.102715
125.0,107.565704
125.0,108.09976
125.0,104.16247
125.0,126.53555
125.0,126.03419
125.0,125.36854
125.0,127.37429
125.0,125.643166
125.0,124.47933
125.0,126.35714
125.0,126.24623
125.0,126.55702
125.0,125.718475
125.0,128.85733
125.0,129.05417
125.0,129.91278
125.0,127.45998
125.0,126.063614
125.0,126.113655
125.0,125.31245
125.0,127.271324
125.0,127.25623
125.0,124.34448
125.0,123.56691
125.0,126.2272
125.0,128.74326
125.0,130.21259
125.0,127.735825
125.0,125.7616
125.0,127.5339
125.0,124.01259
125.0,124.76834
125.0,124.642746
125.0,126.56504
125.0,127.3782
125.0,128.38376
125.0,126.33118
125.0,126.94376
125.0,127.920616
125.0,126.41264
125.0,125.49488
125.0,125.787186
125.0,126.7468
125.0,126.94661
125.0,127.82586
125.0,126.52391
125.0,125.49846
125.0,125.83783
125.0,127.44242
125.0,126.2985
125.0,125.90243
125.0,126.28602
125.0,126.000435
125.0,126.68169
125.0,125.906166
125.0,128.04037
125.0,126.74576
125.0,128.5589
125.0,127.265854
125.0,124.19907
125.0,123.91934
125.0,127.09244
125.0,126.129745
125.0,125.64185
125.0,125.734535
125.0,127.80505
125.0,127.49342
125.0,126.91454
125.0,125.999
125.0,125.33058
125.0,126.387436
125.0,125.31976
125.0,127.389565
125.0,126.14219
125.0,123.65745
125.0,122.74917
125.0,124.990685
125.0,123.750534
125.0,121.929794
125.0,122.166794
125.0,123.13419
125.0,123.20144
125.0,122.426186
125.0,122.77977
125.0,123.63501
125.0,125.89697
125.0,127.289925
125.0,127.517235
125.0,126.50862
125.0,125.5859
125.0,124.769394
125.0,124.3599
125.0,124.28426
125.0,124.20547
125.0,123.6306
125.0,123.396095
125.0,124.061134
125.0,124.436035
125.0,125.3406
125.0,124.560875
125.0,125.442535
125.0,125.49061
125.0,125.32814
125.0,126.102806
125.0,125.97644
125.0,126.88696
125.0,126.30638
125.0,125.03855
125.0,124.68502
125.0,124.722946
125.0,124.73119
125.0,123.66727
125.0,124.86199
125.0,123.84115
125.0,123.60077
125.0,122.91589
125.0,122.86363
125.0,123.53755
125.0,124.076584
125.0,125.041084
125.0,125.90486
125.0,125.55121
125.0,125.70567
125.0,126.527626
125.0,126.40046
125.0,127.41136
125.0,128.12766
125.0,127.76978
125.0,126.5341
125.0,126.16106
125.0,126.73384
125.0,125.41713
125.0,124.88945
125.0,123.652336
125.0,124.03821
125.0,123.02354
125.0,123.7477
125.0,123.20357
125.0,123.196915
125.0,123.27446
125.0,122.40457
125.0,122.381775
125.0,122.75372
125.0,121.91321
125.0,122.74276
125.0,122.258766
125.0,122.51693
125.0,123.078255
125.0,124.09103
125.0,124.44602
125.0,123.44092
125.0,122.933624
125.0,123.036194
125.0,123.67399
125.0,121.487366
125.0,122.01089
125.0,122.55745
125.0,122.62615
125.0,122.14005
125.0,123.46919
125.0,122.52795
125.0,121.81577
125.0,121.70762
125.0,121.8533
125.0,120.68735
125.0,121.87462
125.0,122.26771
125.0,121.95548
125.0,121.727554
125.0,121.26709
125.0,122.55592
125.0,121.15498
125.0,121.46393
125.0,121.69694
125.0,120.6439
125.0,120.090904
125.0,119.468056
125.0,118.47968
125.0,119.254814
125.0,119.15947
125.0,119.12038
125.0,119.10465
125.0,118.35136
125.0,118.76607
125.0,117.590706
125.0,117.27289
125.0,117.2175
125.0,118.15137
125.0,117.70417
125.0,117.12501
125.0,118.133934
125.0,116.48424
125.0,117.0257
125.0,116.77773
125.0,115.002945
125.0,115.23666
125.0,116.66494
125.0,114.1147
125.0,113.22624
125.0,112.98806
125.0,112.6312
125.0,112.04277
125.0,110.622574
125.0,112.00875
125.0,113.75641
125.0,112.84645
125.0,113.43349
125.0,111.982895
125.0,114.07224
125.0,113.53971
125.0,114.672
125.0,112.87303
125.0,112.53341
125.0,112.17217
125.0,111.81322
125.0,110.51103
125.0,109.08154
125.0,127.89442
125.0,128.4965
125.0,128.81902
125.0,130.94637
125.0,130.87561
125.0,130.64424
125.0,129.09674
125.0,126.37476
125.0,127.29475
125.0,127.796974
125.0,126.77929
125.0,126.154274
125.0,123.98495
125.0,125.34573
125.0,124.447075
125.0,123.26264
125.0,125.38725
125.0,123.899994
125.0,123.86084
125.0,122.74061
125.0,121.695984
125.0,123.0501
125.0,122.84477
125.0,124.722824
125.0,124.69251
125.0,127.28599
125.0,126.46942
125.0,125.344215
125.0,123.20314
125.0,124.12101
125.0,123.271645
125.0,123.35271
125.0,120.76129
125.0,121.99778
125.0,123.22477
125.0,122.934494
125.0,123.539925
125.0,123.94426
125.0,122.94535
125.0,121.403175
125.0,122.43249
125.0,124.45675
125.0,122.55395
125.0,125.26753
125.0,124.56684
125.0,123.343346
124.0,123.270836
123.0,121.93227
122.0,121.950134
121.0,122.54128
120.0,124.324356
119.0,123.17872
118.0,125.50101
117.0,124.53106
116.0,124.65961
115.0,124.2846
114.0,124.26275
113.0,123.35229
112.0,123.40549
111.0,122.67815
110.0,122.53755
109.0,119.82011
108.0,120.03338
107.0,118.89794
106.0,117.39787
105.0,118.30008
104.0,119.0764
103.0,120.25622
102.0,117.81052
101.0,119.96129
100.0,120.49852
99.0,121.5508
98.0,121.8676
97.0,118.74083
96.0,118.58172
95.0,119.089905
94.0,117.82084
93.0,119.61898
92.0,119.05752
91.0,118.683395
90.0,119.13575
89.0,121.39273
88.0,118.59819
87.0,119.24766
86.0,117.76107
125.0,125.01091
125.0,122.79758
125.0,123.4623
125.0,125.1636
125.0,124.1528
125.0,124.17329
125.0,124.49683
125.0,125.206604
125.0,125.49053
125.0,124.057976
125.0,124.125244
125.0,125.07707
125.0,124.11446
125.0,123.79871
125.0,122.238976
125.0,123.27412
125.0,124.34781
125.0,123.17844
125.0,122.74147
125.0,125.14146
125.0,125.06837
125.0,124.751686
125.0,123.58734
125.0,124.629944
125.0,124.75923
125.0,125.37642
125.0,125.546005
125.0,124.86127
125.0,123.31903
125.0,124.331505
125.0,123.82035
125.0,124.14748
125.0,125.5844
125.0,125.5584
125.0,125.170975
125.0,125.61546
125.0,126.12837
125.0,125.64848
125.0,126.19777
125.0,126.877426
125.0,124.809784
125.0,126.46283
125.0,127.50108
125.0,127.907455
125.0,126.97102
125.0,126.96606
125.0,128.09985
125.0,128.54341
125.0,127.12757
125.0,127.78245
125.0,127.04757
125.0,126.5823
125.0,124.63954
125.0,124.97896
125.0,126.756355
125.0,128.69589
125.0,128.49902
125.0,128.66606
125.0,127.87497
125.0,124.35022
125.0,123.609695
125.0,121.70371
125.0,122.96683
125.0,121.41718
125.0,119.58108
125.0,119.060425
125.0,118.999886
125.0,117.33304
125.0,119.21288
125.0,118.16591
125.0,117.32331
125.0,118.687675
125.0,122.74684
125.0,121.75924
125.0,120.601074
125.0,118.6379
125.0,116.54063
125.0,115.84951
125.0,114.3423
125.0,118.1593
125.0,120.26325
125.0,121.33165
125.0,122.5077
125.0,123.46625
125.0,122.858315
125.0,121.105034
125.0,119.726364
125.0,118.53202
125.0,122.394325
125.0,123.48299
125.0,122.20636
125.0,122.554214
125.0,123.144684
125.0,120.441956
125.0,121.08648
125.0,121.24623
125.0,122.233734
125.0,121.71336
125.0,122.35629
125.0,120.649086
125.0,120.69374
125.0,117.87428
125.0,119.39406
125.0,115.84457
125.0,116.58382
125.0,116.04282
125.0,119.377045
125.0,118.40006
125.0,117.6269
124.0,117.55146
123.0,117.50576
122.0,117.06618
121.0,119.14571
120.0,116.19444
119.0,114.53004
118.0,114.53429
117.0,111.5627
116.0,113.61521
115.0,113.88339
114.0,110.01551
113.0,111.18524
112.0,110.79905
111.0,110.315056
110.0,109.2135
109.0,111.33683
108.0,115.912415
107.0,115.21258
106.0,112.96002
105.0,113.83766
104.0,113.046814
103.0,110.012024
102.0,113.60016
101.0,113.71619
100.0,113.952324
99.0,113.393364
98.0,113.66223
97.0,116.087585
96.0,113.41397
95.0,115.77835
94.0,112.856064
93.0,112.85083
92.0,116.084694
91.0,118.16797
90.0,114.6296
89.0,110.76173
88.0,110.90108
87.0,109.927666
86.0,105.78471
85.0,102.24286
84.0,101.693474
83.0,98.90969
82.0,96.98283
81.0,98.48744
80.0,101.5375
79.0,99.73484
78.0,99.95034
77.0,94.76726
76.0,86.34949
75.0,84.74706
74.0,79.606606
73.0,70.00086
72.0,66.95924
71.0,64.150345
70.0,67.21872
69.0,60.87618
68.0,56.05733
67.0,56.92441
66.0,57.421795
65.0,59.95528
64.0,58.006294
63.0,58.43213
62.0,58.36565
61.0,58.65105
60.0,59.015316
59.0,60.29897
58.0,60.902813
57.0,62.293777
125.0,135.08232
125.0,135.07211
125.0,133.91617
125.0,133.3676
125.0,134.46605
125.0,135.2679
125.0,132.9077
125.0,132.71953
125.0,133.11623
125.0,132.13293
125.0,133.24133
125.0,134.45468
125.0,135.22758
125.0,135.22484
125.0,135.576
125.0,135.06075
125.0,134.73514
125.0,135.42244
125.0,136.15033
125.0,137.1065
125.0,136.64175
125.0,135.42987
125.0,133.63094
125.0,133.6912
125.0,133.67209
125.0,135.04205
125.0,135.01451
125.0,135.07996
125.0,135.27814
125.0,135.96373
125.0,135.25761
125.0,134.47177
125.0,134.53914
125.0,133.76433
125.0,133.78943
125.0,132.66211
125.0,132.63438
125.0,132.60931
125.0,133.48285
125.0,134.13512
125.0,133.28857
125.0,132.69804
125.0,133.2536
125.0,133.08614
125.0,133.25485
125.0,134.00275
125.0,134.48874
125.0,134.65916
125.0,134.28552
125.0,132.88857
125.0,132.25928
125.0,132.37439
125.0,131.36084
125.0,131.95825
125.0,132.46326
125.0,133.72134
125.0,133.18636
125.0,132.56477
125.0,132.84735
125.0,132.39369
125.0,132.15404
125.0,132.01892
125.0,132.77711
125.0,133.075
125.0,132.47409
125.0,133.03596
125.0,133.1588
125.0,133.62541
125.0,133.27231
125.0,133.36543
125.0,132.44028
125.0,133.16502
125.0,133.16754
125.0,133.45497
125.0,132.49792
125.0,132.95251
125.0,133.10918
125.0,132.67839
125.0,132.07564
125.0,131.33337
125.0,131.47064
125.0,130.54974
125.0,130.22583
125.0,131.45844
125.0,131.66228
125.0,130.73004
125.0,130.95709
125.0,129.0971
125.0,129.02791
125.0,129.75128
125.0,130.99234
125.0,130.83266
125.0,128.92792
125.0,130.00342
125.0,130.38239
125.0,131.02371
125.0,131.19545
125.0,127.12826
125.0,128.95929
125.0,127.52539
125.0,129.36722
125.0,129.72752
125.0,127.32306
125.0,128.7566
125.0,129.07692
125.0,129.3506
125.0,129.47148
125.0,128.0432
125.0,127.12526
125.0,126.359146
125.0,126.378494
125.0,125.63213
125.0,123.2698
125.0,122.52602
125.0,122.68541
125.0,121.49903
125.0,121.8262
125.0,122.45338
125.0,121.98086
125.0,121.2554
125.0,121.47093
125.0,119.28121
125.0,120.470726
125.0,121.418594
125.0,120.649734
125.0,121.70336
125.0,121.11281
124.0,120.28178
123.0,121.16267
122.0,119.92626
121.0,119.464424
120.0,120.82513
119.0,118.76403
118.0,119.40311
117.0,119.80796
116.0,121.61374
115.0,120.66056
114.0,120.45843
113.0,120.89528
112.0,120.36468
111.0,119.420006
110.0,119.263115
109.0,118.7178
108.0,117.81988
107.0,119.16563
106.0,117.57395
105.0,116.63867
104.0,116.54829
103.0,117.45777
102.0,117.93904
101.0,115.71781
100.0,115.25104
99.0,115.11917
98.0,115.4204
97.0,113.599525
96.0,112.85089
95.0,111.133385
94.0,112.91196
93.0,113.0515
92.0,109.890175
91.0,109.531105
90.0,109.12153
89.0,107.47819
88.0,109.52051
87.0,108.34467
86.0,105.73356
85.0,106.836235
84.0,107.454254
83.0,106.22703
82.0,105.05596
81.0,107.738525
80.0,105.889336
79.0,103.211426
78.0,103.47244
77.0,105.11536
76.0,103.677124
75.0,104.13642
74.0,100.33618
73.0,103.285446
72.0,102.34673
71.0,102.68843
70.0,100.65502
69.0,100.103676
68.0,99.12914
67.0,98.44957
66.0,97.69158
65.0,92.51557
64.0,89.569244
63.0,94.678406
62.0,92.052864
61.0,88.04493
60.0,83.10906
59.0,81.31227
58.0,84.817825
57.0,84.00726
56.0,83.70835
55.0,82.48637
54.0,79.148865
53.0,79.340256
52.0,74.934784
51.0,75.08532
50.0,74.12072
49.0,75.26318
48.0,71.55357
47.0,70.21631
46.0,65.41461
45.0,67.21568
44.0,59.530685
43.0,57.247078
42.0,56.4942
41.0,51.8368
40.0,45.743835
39.0,40.91439
38.0,37.98306
37.0,37.876423
36.0,37.833523
35.0,37.894215
34.0,40.8095
33.0,39.819492
32.0,37.9708
31.0,38.75756
30.0,36.900394
29.0,35.63011
28.0,33.75329
27.0,32.899628
26.0,31.497252
25.0,28.993853
24.0,27.599072
23.0,25.624187
22.0,23.28612
21.0,21.367664
20.0,20.606934
19.0,20.903908
125.0,126.61478
125.0,126.95348
125.0,127.15227
125.0,127.12543
125.0,127.63496
125.0,125.97609
125.0,127.70229
125.0,128.71523
125.0,126.69368
125.0,126.917244
125.0,127.440094
125.0,126.5084
125.0,125.79552
125.0,125.712555
125.0,128.18718
125.0,127.5235
125.0,127.722946
125.0,127.498344
125.0,124.61078
125.0,126.59605
125.0,126.334755
125.0,125.0321
125.0,127.28255
125.0,127.45087
125.0,127.11919
125.0,127.86612
125.0,127.441895
125.0,128.17815
125.0,127.74716
125.0,127.67303
125.0,128.35025
125.0,127.17028
125.0,127.900856
125.0,126.743835
125.0,126.67446
125.0,123.391556
125.0,126.23313
125.0,125.4607
125.0,126.62803
125.0,125.79469
125.0,124.74185
125.0,127.39973
125.0,127.14242
125.0,126.80656
125.0,126.845535
125.0,127.01179
125.0,127.82727
125.0,126.717224
125.0,126.11744
125.0,128.38329
125.0,128.48238
125.0,127.19567
125.0,127.709
125.0,127.70556
125.0,128.22586
125.0,127.03633
125.0,126.5101
125.0,125.71612
125.0,126.90419
125.0,125.63979
125.0,125.314384
125.0,126.65805
125.0,127.89662
125.0,128.75478
125.0,127.835464
125.0,126.70633
125.0,126.96749
125.0,125.903755
125.0,126.921814
125.0,126.50837
125.0,127.77716
125.0,127.38811
125.0,125.51486
125.0,123.37544
125.0,124.45142
125.0,123.304115
125.0,124.51551
125.0,124.876526
125.0,125.10638
125.0,124.8094
125.0,125.54483
125.0,124.81331
125.0,125.431595
125.0,125.2569
124.0,127.11383
123.0,124.94568
122.0,125.27116
121.0,125.1103
120.0,125.770096
125.0,123.92871
125.0,122.99433
125.0,123.47336
125.0,119.70152
125.0,119.10932
125.0,119.20119
125.0,121.231316
125.0,121.46357
125.0,120.19212
125.0,119.89156
125.0,121.62635
125.0,122.74506
125.0,123.67548
125.0,123.47663
125.0,120.69042
125.0,121.2508
125.0,120.24037
125.0,121.866714
125.0,120.46988
125.0,121.41737
125.0,120.48406
125.0,121.34723
125.0,120.26188
125.0,120.83846
125.0,121.56139
125.0,119.94818
125.0,118.87441
125.0,118.024925
125.0,117.6494
125.0,118.97977
125.0,118.725266
125.0,118.64206
125.0,118.77613
125.0,122.25034
125.0,122.75205
125.0,122.00649
125.0,122.65578
125.0,121.1822
125.0,121.63462
125.0,121.93433
125.0,121.94837
125.0,121.35744
125.0,121.51872
125.0,122.78943
125.0,122.82738
125.0,123.41645
125.0,123.35724
125.0,123.59425
125.0,120.91915
125.0,122.89068
125.0,122.66937
125.0,124.003456
125.0,122.019485
125.0,122.6822
125.0,122.697395
125.0,122.049095
125.0,123.67395
125.0,123.08116
125.0,122.638405
125.0,122.60471
125.0,123.63545
125.0,122.246185
125.0,122.55069
125.0,122.49733
125.0,122.3577
125.0,120.02094
125.0,119.21148
125.0,121.15484
125.0,121.06106
125.0,122.495026
125.0,120.38418
125.0,121.14441
125.0,121.20995
125.0,121.95803
125.0,120.50087
125.0,119.39686
125.0,118.790245
125.0,119.91543
125.0,119.30537
125.0,119.696945
125.0,118.5198
125.0,119.4829
125.0,119.22946
125.0,119.12407
125.0,119.92001
125.0,118.341835
125.0,119.51899
125.0,118.608444
125.0,118.62953
125.0,119.28138
125.0,120.191246
125.0,120.104416
125.0,120.47341
125.0,120.63918
125.0,120.65215
125.0,120.87001
125.0,119.88756
125.0,121.362686
125.0,120.54435
125.0,119.6046
125.0,120.03986
125.0,120.4633
125.0,118.27626
125.0,120.18307
125.0,120.66249
125.0,119.34165
125.0,119.22148
125.0,119.42196
125.0,120.00302
125.0,118.25627
125.0,118.65271
125.0,118.96621
125.0,120.918304
125.0,121.01614
125.0,122.206985
125.0,121.24771
125.0,121.59356
125.0,120.733284
125.0,122.07135
125.0,122.42975
125.0,122.60607
125.0,123.17564
125.0,120.98464
125.0,120.48642
125.0,118.932884
125.0,120.72567
125.0,118.646095
125.0,119.86907
125.0,120.75126
125.0,120.19433
125.0,119.42884
125.0,118.41198
125.0,117.03745
125.0,118.96989
125.0,118.70186
125.0,120.97432
125.0,119.74864
125.0,119.50871
125.0,117.031006
125.0,118.346664
125.0,118.888885
125.0,119.28269
125.0,121.19125
125.0,120.176285
125.0,119.23156
125.0,119.26334
125.0,119.49538
125.0,118.38161
125.0,119.606285
125.0,118.361404
125.0,119.42336
125.0,121.02641
125.0,120.304344
125.0,120.192024
125.0,120.36331
125.0,120.43096
125.0,119.93474
125.0,119.371216
125.0,118.298546
125.0,119.63777
125.0,118.5399
125.0,118.86282
125.0,118.1332
125.0,119.07086
125.0,118.678345
125.0,120.15943
125.0,119.90576
125.0,121.55742
125.0,122.35382
125.0,121.93653
125.0,121.17976
125.0,120.48683
125.0,119.50668
125.0,119.69743
125.0,117.08313
125.0,116.35866
125.0,117.286545
125.0,117.640015
125.0,118.35932
125.0,117.08663
125.0,118.826195
125.0,118.27127
125.0,117.355736
125.0,117.36167
125.0,117.18844
125.0,115.71017
125.0,117.40139
125.0,116.45976
125.0,115.80195
125.0,114.280014
125.0,113.96636
125.0,113.63278
125.0,114.56141
125.0,117.19548
125.0,115.659485
125.0,114.74687
125.0,114.91247
125.0,115.32046
125.0,116.19002
125.0,116.79468
125.0,116.460945
125.0,116.60156
125.0,116.12009
125.0,116.9413
125.0,116.124016
125.0,116.9851
125.0,117.75784
125.0,117.27101
125.0,117.61057
125.0,117.454056
125.0,116.755035
125.0,116.721344
125.0,116.195946
125.0,116.03641
125.0,113.501564
125.0,113.46781
125.0,112.048
125.0,112.42227
125.0,112.540405
125.0,111.89356
125.0,110.5537
125.0,110.42867
125.0,113.76429
125.0,115.923904
125.0,115.06121
125.0,116.14207
125.0,115.188484
125.0,116.18524
125.0,115.31153
125.0,115.48467
125.0,116.3036
125.0,114.65769
125.0,115.08502
125.0,115.43329
125.0,114.964966
125.0,111.1398
125.0,112.11941
125.0,114.16882
125.0,113.77719
125.0,113.94571
125.0,116.21915
125.0,116.7773
125.0,117.90767
125.0,117.700424
125.0,116.5292
125.0,116.395744
125.0,115.982185
125.0,115.41096
125.0,114.53372
125.0,115.829704
125.0,112.7209
125.0,111.28856
125.0,113.720665
125.0,115.20429
125.0,115.89576
125.0,115.36791
125.0,116.06328
125.0,114.592834
125.0,113.39435
125.0,110.00198
125.0,109.95449
125.0,111.10121
125.0,109.53181
125.0,108.611855
125.0,109.6221
125.0,110.28782
125.0,111.72478
125.0,112.25794
125.0,111.95508
125.0,109.55446
125.0,108.88142
125.0,107.6304
125.0,105.42597
125.0,105.5901
125.0,107.01583
125.0,104.09058
125.0,102.32301
125.0,100.941376
125.0,101.96162
125.0,101.81345
125.0,103.618996
125.0,105.36075
125.0,105.688385
125.0,105.969025
125.0,104.99358
125.0,107.51313
125.0,105.357285
125.0,107.085075
125.0,107.32913
125.0,104.96558
125.0,106.36722
125.0,106.29438
125.0,106.2821
125.0,106.342766
125.0,105.99472
125.0,106.93088
125.0,104.64449
125.0,102.56162
125.0,97.67184
125.0,98.776146
125.0,99.79308
125.0,100.94924
125.0,101.13338
125.0,100.07565
125.0,105.89545
125.0,108.67896
125.0,106.02681
125.0,108.28994
125.0,108.65079
125.0,107.63814
125.0,104.333015
125.0,104.48392
125.0,104.23973
125.0,104.13746
125.0,99.775406
125.0,101.63517
125.0,96.87849
125.0,99.248566
125.0,99.42774
125.0,98.037094
125.0,98.487885
125.0,97.36306
125.0,93.93181
125.0,92.36172
125.0,93.77988
125.0,95.94259
125.0,95.49055
125.0,95.64966
125.0,95.502335
124.0,94.76395
123.0,98.3822
122.0,95.0923
121.0,94.45404
120.0,92.98836
119.0,92.91224
118.0,94.510735
117.0,90.10886
116.0,87.95349
115.0,87.950966
114.0,89.46486
113.0,89.4763
112.0,93.09403
111.0,89.2654
110.0,90.68508
109.0,91.44239
108.0,93.591156
107.0,89.22985
106.0,89.16135
105.0,85.20138
104.0,80.18366
103.0,75.98485
102.0,76.01955
101.0,75.05648
100.0,75.45674
99.0,75.7817
98.0,76.451866
97.0,72.37406
96.0,72.81055
95.0,74.37403
94.0,74.36427
93.0,74.149925
92.0,76.000465
91.0,70.68215
90.0,68.74934
89.0,68.64916
88.0,64.64866
87.0,63.6545
86.0,64.98981
85.0,66.906815
84.0,64.56074
83.0,58.751156
82.0,54.637836
81.0,51.927525
80.0,52.969463
79.0,56.057354
125.0,120.359474
125.0,120.45319
125.0,120.59499
125.0,120.64549
125.0,121.595856
125.0,122.34081
125.0,119.29986
125.0,119.52777
125.0,118.92359
125.0,119.1143
125.0,118.34709
125.0,118.162445
125.0,118.7016
125.0,118.813156
125.0,117.1645
125.0,118.61704
125.0,118.01098
125.0,118.5684
125.0,118.99184
125.0,119.461235
125.0,118.9606
125.0,117.37247
125.0,116.32642
125.0,117.63233
125.0,114.86699
125.0,116.781166
125.0,116.741516
125.0,115.9749
125.0,116.829124
125.0,117.17335
125.0,117.48983
125.0,117.26598
125.0,115.25551
125.0,117.436066
125.0,118.86023
125.0,119.299385
125.0,117.28568
125.0,117.474884
125.0,115.42009
125.0,117.29529
125.0,117.058754
125.0,114.81839
125.0,116.891266
125.0,116.28791
125.0,116.762505
125.0,116.05627
125.0,117.23039
125.0,117.56656
125.0,117.18534
125.0,118.056
125.0,118.82152
125.0,119.01599
125.0,117.94591
125.0,118.15968
125.0,119.15465
125.0,118.47946
125.0,118.406815
125.0,118.63591
125.0,117.63448
125.0,118.37297
125.0,120.15179
125.0,118.82159
125.0,119.38208
125.0,118.981766
125.0,118.23659
125.0,116.10513
125.0,116.41863
125.0,117.30127
125.0,118.010445
125.0,119.06594
125.0,118.31208
125.0,116.31023
125.0,114.21854
125.0,115.88262
125.0,114.91371
125.0,115.40827
125.0,115.20156
125.0,117.426384
125.0,116.46014
125.0,118.17938
125.0,117.20565
125.0,115.93278
125.0,114.367355
125.0,114.54643
125.0,113.2154
125.0,113.583176
125.0,114.17456
125.0,115.12001
125.0,114.8593
125.0,116.24241
125.0,119.073135
125.0,117.61393
125.0,119.02547
125.0,118.69171
125.0,120.08726
125.0,120.35436
125.0,121.21381
125.0,119.89168
125.0,119.42654
125.0,119.902
125.0,117.84014
125.0,117.52484
125.0,116.82957
125.0,117.16716
125.0,116.834724
125.0,117.52077
125.0,116.94252
125.0,117.53561
125.0,118.01195
125.0,118.8643
125.0,117.45246
125.0,117.79439
125.0,115.92555
125.0,117.31018
125.0,115.89067
125.0,113.63681
125.0,114.295395
125.0,112.86307
125.0,114.32052
125.0,113.72261
125.0,116.79282
125.0,117.56912
125.0,116.927666
125.0,118.68372
125.0,115.89216
125.0,115.79536
125.0,116.3732
125.0,117.45355
125.0,116.37524
125.0,117.070435
125.0,116.975586
125.0,115.54516
125.0,116.887566
125.0,114.72998
125.0,115.97821
125.0,114.22658
125.0,113.524155
125.0,112.28616
125.0,113.80143
125.0,114.31041
125.0,114.03745
125.0,115.657936
125.0,113.89021
125.0,116.20996
125.0,114.540085
125.0,116.01865
125.0,116.31775
125.0,114.6909
125.0,114.373024
125.0,114.88582
125.0,115.69154
125.0,114.58385
125.0,114.99001
125.0,115.82825
125.0,113.55536
125.0,114.75913
125.0,114.32289
125.0,115.417274
125.0,117.12654
125.0,117.0122
125.0,117.48789
125.0,117.30479
125.0,115.311775
125.0,115.84478
125.0,115.872246
125.0,117.54567
125.0,115.447266
125.0,114.69861
125.0,118.20013
125.0,117.29745
125.0,116.10374
125.0,114.61428
125.0,112.324104
125.0,113.0261
125.0,114.63093
125.0,113.12613
125.0,110.78696
125.0,112.590836
125.0,112.83484
125.0,115.446526
125.0,113.026085
125.0,113.37953
125.0,114.51732
125.0,113.67479
125.0,114.863304
125.0,114.079926
125.0,113.27495
125.0,111.067665
125.0,109.76447
125.0,109.322014
125.0,108.619644
125.0,110.48043
125.0,109.91466
125.0,111.663864
125.0,112.798225
125.0,113.45473
125.0,116.40482
125.0,117.54127
125.0,117.32981
125.0,115.452324
125.0,115.69541
125.0,114.752174
125.0,113.86426
125.0,113.00379
125.0,113.4553
125.0,116.38268
125.0,115.6637
125.0,116.12556
125.0,112.26785
125.0,112.693665
125.0,110.52319
125.0,110.48561
125.0,111.60606
125.0,112.188446
125.0,113.96463
125.0,114.73823
125.0,118.749115
125.0,118.504425
125.0,116.13192
125.0,116.58477
125.0,115.02338
125.0,114.79218
125.0,116.21531
125.0,114.39514
125.0,115.36395
125.0,118.12502
125.0,116.670654
125.0,116.30475
125.0,114.428085
125.0,110.12496
125.0,111.86893
125.0,110.37119
125.0,109.270874
125.0,109.066864
125.0,110.0416
125.0,108.9644
125.0,109.98368
125.0,112.44293
125.0,110.82471
125.0,110.96179
125.0,109.57521
125.0,107.80235
125.0,109.30943
125.0,108.14934
125.0,108.28395
125.0,110.06509
125.0,109.38413
125.0,110.2478
125.0,107.088
125.0,109.47603
125.0,110.744354
125.0,107.67169
125.0,106.773796
125.0,106.202484
125.0,107.22107
125.0,107.324486
125.0,103.44018
125.0,105.4155
125.0,106.441574
125.0,105.53189
125.0,105.42031
125.0,104.68882
125.0,104.29232
125.0,103.40542
125.0,105.42093
125.0,102.37359
125.0,105.29095
125.0,106.84058
125.0,109.121574
125.0,107.58768
125.0,105.53005
125.0,105.20686
125.0,102.71013
125.0,101.998764
125.0,98.77764
125.0,98.426346
125.0,101.10712
125.0,106.141045
125.0,108.42117
125.0,106.70811
125.0,103.45182
125.0,99.16258
125.0,99.02565
125.0,99.516136
125.0,94.73693
125.0,95.95386
125.0,97.18126
125.0,101.58706
125.0,98.57445
125.0,100.049034
125.0,101.69084
125.0,103.90462
125.0,102.99915
125.0,100.02738
125.0,99.64684
125.0,101.191536
125.0,98.81961
125.0,97.5637
125.0,98.21722
125.0,97.79134
125.0,95.99655
125.0,96.12459
125.0,94.618935
125.0,96.91006
125.0,96.83826
125.0,100.40149
125.0,101.36715
125.0,104.47845
125.0,106.43249
125.0,100.16254
125.0,100.77884
125.0,99.12088
125.0,95.65973
125.0,94.381454
125.0,90.28094
125.0,87.00027
125.0,87.05646
125.0,88.67336
125.0,90.240875
125.0,95.05355
125.0,93.82837
125.0,94.271286
125.0,95.80384
125.0,93.21332
125.0,90.924904
125.0,91.53982
125.0,92.98757
125.0,92.13577
125.0,94.738335
125.0,95.951065
124.0,93.582855
123.0,88.81331
122.0,86.949814
121.0,82.54402
120.0,81.02216
119.0,81.677956
118.0,80.904724
117.0,80.77636
116.0,79.700356
115.0,80.6731
114.0,83.29397
113.0,82.52816
112.0,82.284164
111.0,82.99823
110.0,84.666534
109.0,86.964874
108.0,86.75877
107.0,83.96891
106.0,87.82203
105.0,90.31853
104.0,89.22499
103.0,88.894875
102.0,89.30619
101.0,81.99964
100.0,76.720375
99.0,75.24085
98.0,75.903656
97.0,73.758705
96.0,70.25957
95.0,65.569305
94.0,63.248047
93.0,57.40463
92.0,56.662155
91.0,53.02256
90.0,53.830494
89.0,52.80255
88.0,53.44331
87.0,53.860928
86.0,50.787117
85.0,50.25549
84.0,48.71579
83.0,47.15589
82.0,46.833492
81.0,47.288166
80.0,47.32363
79.0,46.77882
78.0,45.233463
77.0,45.080437
76.0,44.660805
75.0,42.89
74.0,42.95552
73.0,42.240723
72.0,43.949318
71.0,43.040295
70.0,41.68126
69.0,38.108604
68.0,35.38468
67.0,35.840794
66.0,35.23003
65.0,35.894646
64.0,34.64765
63.0,34.651062
62.0,33.762157
61.0,33.361828
60.0,33.873856
59.0,34.64015
58.0,34.043125
57.0,32.96781
56.0,33.288063
55.0,32.54383
54.0,32.36521
53.0,33.350292
52.0,33.179363
51.0,33.616207
50.0,32.418358
49.0,32.4856
48.0,30.893473
47.0,31.769619
46.0,32.084408
45.0,32.012894
44.0,31.325317
43.0,30.68849
42.0,32.055614
41.0,31.839657
40.0,30.427027
39.0,27.360832
38.0,24.267225
37.0,24.40913
36.0,26.24557
35.0,25.373043
34.0,24.782654
33.0,23.27735
32.0,22.19667
31.0,21.921474
30.0,20.972641
29.0,20.186966
28.0,20.012499
27.0,19.717503
26.0,19.185556
25.0,18.349586
24.0,18.464241
23.0,18.81727
22.0,18.789507
21.0,18.489716
20.0,17.840164
19.0,18.151249
18.0,17.462507
17.0,16.364094
16.0,16.912916
15.0,16.013245
14.0,16.217865
13.0,15.834353
12.0,16.561031
11.0,16.050602
10.0,16.10567
125.0,107.05481
125.0,106.97736
125.0,107.23795
125.0,109.60998
125.0,108.10569
125.0,108.91306
125.0,108.80635
125.0,106.4052
125.0,106.79139
125.0,106.06882
125.0,103.942986
125.0,107.11761
125.0,105.77099
125.0,106.72937
125.0,108.16929
125.0,108.686584
125.0,107.77675
125.0,107.291985
125.0,104.101715
125.0,103.75656
125.0,104.990585
125.0,103.43589
125.0,102.13438
125.0,102.86845
125.0,102.08811
125.0,101.49098
125.0,101.7211
125.0,100.03333
125.0,103.28404
125.0,103.66076
125.0,103.86662
125.0,103.60876
125.0,103.98706
125.0,105.97268
125.0,105.10116
125.0,108.21082
125.0,106.79987
125.0,108.66384
125.0,109.16008
125.0,109.64685
125.0,111.45288
125.0,109.20885
125.0,104.868355
125.0,102.0555
125.0,104.45243
125.0,104.59666
125.0,104.26508
125.0,103.93189
125.0,99.917274
125.0,102.61801
125.0,99.63408
125.0,99.15635
125.0,97.05624
125.0,99.079765
125.0,101.63068
125.0,100.463
125.0,93.93172
125.0,97.749084
125.0,95.75873
125.0,93.10873
125.0,95.75945
125.0,93.01187
125.0,96.05844
125.0,93.490715
125.0,95.965
125.0,92.09758
125.0,94.07586
125.0,92.43101
125.0,97.34034
125.0,101.62425
125.0,101.293015
125.0,101.4416
125.0,105.9891
124.0,106.24406
123.0,104.66428
122.0,102.09757
121.0,95.5369
120.0,94.403244
119.0,96.55328
118.0,96.73813
117.0,96.38256
116.0,96.12016
115.0,95.46335
114.0,98.58435
113.0,97.58934
112.0,93.91092
111.0,98.19214
110.0,96.77751
109.0,91.5694
108.0,90.737274
107.0,94.117485
106.0,95.281166
105.0,95.86636
104.0,96.00716
103.0,96.20148
102.0,93.06955
101.0,90.18007
100.0,89.56186
99.0,87.6756
98.0,90.674965
97.0,90.57958
96.0,83.76156
95.0,84.583885
94.0,82.21825
93.0,81.399826
92.0,84.77087
91.0,80.72525
90.0,77.103035
89.0,77.31233
88.0,70.05262
87.0,67.06705
86.0,68.77843
85.0,62.29714
84.0,66.003944
83.0,67.619484
82.0,69.8981
81.0,61.75628
80.0,56.404846
79.0,54.81146
78.0,51.01478
77.0,51.155647
76.0,50.571827
75.0,48.94514
74.0,49.398067
73.0,49.154995
72.0,52.69839
71.0,55.666027
70.0,55.644978
69.0,60.353127
68.0,56.236763
67.0,58.411793
66.0,55.475224
65.0,48.366776
64.0,49.03612
63.0,44.860416
62.0,46.205235
61.0,47.39986
60.0,44.42398
59.0,41.68855
111.0,124.68801
110.0,123.23306
109.0,125.461815
108.0,123.69054
107.0,123.64483
106.0,126.80386
105.0,126.99552
104.0,125.11949
103.0,125.46301
102.0,124.989105
101.0,121.944885
100.0,123.91795
99.0,122.04874
98.0,120.84208
97.0,121.21183
96.0,122.40342
95.0,121.398796
94.0,120.96626
93.0,122.31442
92.0,123.12596
91.0,121.68381
90.0,119.1093
89.0,118.46856
88.0,119.19078
87.0,118.32983
86.0,117.78072
85.0,119.392555
84.0,117.92171
83.0,117.6964
82.0,119.49174
81.0,119.47075
80.0,118.58009
79.0,120.4384
78.0,117.30305
77.0,118.12249
76.0,115.97334
75.0,117.964905
74.0,119.40583
73.0,119.30321
72.0,119.64229
71.0,117.5643
70.0,119.53458
69.0,117.80579
68.0,116.95779
67.0,118.08829
66.0,118.32038
65.0,113.98534
64.0,114.97649
63.0,115.646355
62.0,118.13908
61.0,116.1703
60.0,113.97061
59.0,113.07206
58.0,112.884026
57.0,113.45471
56.0,113.07192
55.0,114.91264
54.0,114.68398
53.0,114.099144
52.0,114.14735
51.0,108.53585
50.0,109.903564
49.0,107.91348
48.0,106.84993
47.0,104.805176
46.0,108.48491
45.0,106.17322
44.0,106.03887
43.0,103.74439
42.0,106.67102
41.0,109.27618
40.0,108.887924
39.0,106.49917
38.0,105.91093
37.0,102.11282
36.0,105.435074
35.0,100.00961
34.0,97.44513
33.0,90.675446
32.0,87.62061
31.0,84.00911
30.0,79.90991
29.0,77.538086
28.0,76.568794
27.0,73.922745
26.0,70.997505
25.0,74.91831
24.0,72.62813
23.0,68.910736
22.0,70.22744
21.0,68.56454
20.0,67.83503
19.0,62.52274
18.0,61.147762
17.0,57.568634
16.0,52.929337
15.0,40.537983
14.0,32.469612
13.0,25.702513
12.0,26.62311
125.0,121.29903
125.0,119.681404
125.0,119.0117
125.0,115.73501
125.0,113.11048
125.0,112.835304
125.0,114.67743
125.0,111.63187
125.0,108.93062
125.0,110.8158
125.0,110.179665
125.0,112.950264
125.0,110.93092
125.0,110.28443
125.0,112.21157
125.0,112.39551
125.0,111.30906
125.0,112.75446
125.0,113.50725
125.0,108.75912
125.0,110.38175
125.0,110.485916
125.0,110.28007
125.0,112.96062
125.0,114.22555
125.0,115.86213
125.0,114.4233
125.0,113.054085
125.0,113.25681
125.0,112.73484
125.0,115.64474
125.0,113.74122
125.0,114.43711
125.0,112.5659
125.0,110.33942
125.0,110.481735
125.0,109.78043
125.0,112.06703
124.0,110.95319
123.0,108.968895
122.0,112.02845
121.0,112.13262
120.0,111.34245
119.0,110.92951
118.0,112.26149
117.0,112.14052
116.0,113.245415
115.0,116.55395
114.0,118.395256
113.0,115.20176
112.0,109.497635
111.0,109.206245
110.0,108.25953
109.0,108.97294
108.0,109.60893
107.0,106.19218
106.0,104.23222
105.0,105.68944
104.0,106.87509
103.0,104.90595
102.0,106.10379
101.0,108.59839
100.0,101.81727
99.0,101.93151
98.0,104.19814
97.0,103.70874
96.0,103.330475
95.0,104.44969
94.0,105.03502
93.0,103.50843
92.0,104.449745
91.0,105.71295
90.0,105.096016
89.0,102.27804
125.0,122.41205
125.0,122.80798
125.0,124.69751
125.0,125.072685
125.0,125.691666
125.0,125.35663
125.0,126.89362
125.0,128.85245
125.0,127.874405
125.0,129.69711
125.0,128.35876
125.0,127.04426
125.0,127.56906
125.0,127.90175
125.0,128.80707
125.0,129.43571
125.0,128.65616
125.0,128.79195
125.0,127.8497
125.0,127.82152
125.0,127.232254
125.0,127.236885
125.0,124.67139
125.0,124.88826
125.0,123.09232
125.0,125.2335
125.0,125.031876
125.0,125.78328
125.0,125.60841
125.0,126.04341
125.0,124.67963
125.0,125.50825
125.0,125.82058
125.0,125.711426
125.0,126.86523
125.0,127.81167
125.0,127.00863
125.0,127.9518
125.0,128.12979
125.0,127.85217
125.0,114.909294
125.0,113.982895
125.0,116.67153
125.0,117.562874
125.0,117.94427
125.0,121.25526
125.0,121.4167
125.0,119.5462
125.0,116.62685
125.0,116.3699
125.0,115.4783
125.0,115.34447
125.0,116.21655
125.0,113.57401
125.0,114.53927
125.0,114.53815
125.0,114.43818
125.0,115.00604
125.0,115.90141
125.0,114.80285
125.0,113.77564
125.0,117.15405
125.0,116.40109
125.0,114.88116
125.0,113.67187
125.0,113.67026
125.0,113.91568
125.0,115.04788
125.0,113.20057
125.0,115.95932
125.0,117.71771
125.0,117.8734
125.0,118.45745
125.0,114.73274
125.0,113.68062
125.0,115.98939
125.0,117.19478
125.0,114.371956
125.0,113.60025
125.0,115.76068
125.0,116.1014
125.0,115.48413
125.0,114.60498
125.0,113.260506
125.0,114.06182
125.0,113.67296
125.0,112.34449
125.0,111.50266
125.0,109.385704
125.0,110.992004
125.0,112.12343
125.0,115.182526
125.0,111.84458
125.0,112.99678
125.0,112.9826
125.0,113.20954
125.0,112.236115
125.0,114.7506
125.0,115.63861
125.0,127.034485
125.0,127.753975
125.0,130.35196
125.0,128.83046
125.0,126.97944
125.0,126.81525
125.0,128.03735
125.0,128.4615
125.0,128.30002
125.0,130.81586
125.0,132.00575
125.0,131.97096
125.0,129.43034
125.0,128.13103
125.0,127.85114
125.0,127.92268
125.0,127.844345
125.0,128.65822
125.0,128.70694
125.0,129.63992
125.0,128.95518
125.0,129.27374
125.0,129.6398
125.0,130.23114
125.0,130.42848
125.0,128.42963
125.0,130.49911
125.0,130.36462
125.0,129.8083
125.0,126.54678
125.0,126.60313
125.0,127.42719
125.0,124.40695
125.0,126.27652
125.0,125.79019
125.0,125.03532
125.0,124.472244
125.0,126.12316
125.0,127.52116
125.0,126.295494
125.0,126.11955
125.0,125.38299
125.0,125.21315
125.0,124.31365
125.0,127.412186
125.0,125.85388
125.0,128.9712
125.0,128.53146
125.0,127.81329
125.0,129.18451
125.0,128.38773
125.0,128.19798
125.0,129.78192
125.0,130.15881
125.0,129.4809
125.0,127.81043
125.0,128.46649
125.0,127.16434
125.0,127.4299
125.0,126.847145
125.0,127.22761
125.0,127.90117
125.0,126.99126
125.0,127.11988
125.0,125.21403
125.0,126.36289
125.0,126.41957
125.0,128.67493
125.0,127.62035
125.0,126.42601
125.0,125.766914
125.0,126.94534
125.0,130.6051
125.0,129.4202
125.0,128.32594
125.0,129.01758
125.0,128.9123
125.0,127.554405
125.0,127.23091
125.0,126.02185
125.0,124.16194
125.0,123.76249
125.0,122.96556
125.0,123.20246
125.0,123.45622
125.0,124.39845
125.0,125.16616
125.0,125.49622
125.0,126.56471
125.0,126.57475
125.0,126.337425
125.0,126.3206
125.0,126.0466
125.0,125.96332
125.0,124.44463
125.0,124.89164
125.0,126.260895
125.0,125.41921
125.0,125.598206
125.0,126.043976
125.0,125.86628
125.0,124.299866
125.0,123.72583
125.0,124.46574
125.0,123.70055
125.0,122.8326
125.0,123.07745
125.0,123.44058
125.0,125.52662
125.0,125.87267
125.0,126.44586
125.0,126.70237
125.0,126.54792
125.0,127.81361
125.0,126.735535
125.0,126.01233
125.0,125.059235
125.0,124.90951
125.0,124.12743
125.0,125.37251
125.0,126.44708
125.0,125.21142
125.0,123.70175
125.0,125.07442
125.0,125.146675
125.0,124.90487
125.0,125.22574
125.0,124.64112
125.0,124.59056
125.0,124.42082
125.0,123.963356
125.0,125.03955
125.0,124.9008
125.0,124.22971
125.0,122.87509
125.0,123.40876
125.0,123.05896
125.0,122.35499
125.0,122.16612
125.0,122.823654
125.0,122.62766
125.0,124.15603
125.0,123.49992
125.0,122.32599
125.0,122.20142
125.0,121.75818
125.0,121.10371
125.0,120.192444
125.0,121.604546
125.0,122.32714
125.0,121.44068
125.0,121.4652
125.0,121.701355
125.0,122.77107
125.0,123.71842
125.0,123.21393
125.0,122.96408
125.0,120.4931
125.0,119.55824
125.0,120.440155
125.0,120.478836
125.0,121.32829
125.0,121.480255
125.0,121.166565
125.0,121.07257
125.0,120.54901
125.0,121.19041
125.0,122.39351
125.0,122.031136
125.0,120.78083
125.0,119.40825
125.0,118.400826
125.0,118.27033
125.0,118.920815
125.0,121.62354
125.0,121.95589
125.0,121.97789
125.0,122.78217
125.0,122.73748
125.0,122.40358
125.0,120.31099
125.0,119.802795
125.0,121.585144
125.0,121.38255
125.0,121.523895
125.0,120.34782
125.0,120.67346
125.0,119.84101
125.0,117.91184
125.0,119.35908
125.0,118.02143
125.0,119.8258
125.0,120.3084
125.0,118.99415
125.0,119.75278
125.0,119.93824
125.0,119.64342
125.0,120.75905
125.0,119.058205
125.0,119.46057
125.0,117.570015
125.0,117.48855
125.0,117.41897
125.0,116.58806
125.0,117.86518
125.0,118.68622
125.0,117.59592
125.0,116.87518
125.0,114.52451
125.0,115.4756
125.0,114.245224
125.0,114.89127
125.0,114.38222
125.0,114.97339
125.0,115.34195
125.0,114.7096
125.0,116.2363
125.0,115.81926
125.0,114.18694
125.0,114.48708
125.0,113.91591
125.0,115.433334
125.0,115.2036
125.0,116.04509
125.0,116.62632
125.0,116.32216
125.0,117.188545
125.0,118.62181
125.0,118.36241
125.0,119.63497
125.0,119.45571
125.0,119.83022
125.0,119.802315
125.0,122.64399
125.0,117.99298
125.0,115.67947
125.0,116.729385
125.0,113.75954
125.0,110.694466
125.0,111.64404
125.0,115.23613
125.0,111.27134
125.0,112.37566
125.0,111.76267
125.0,113.888145
125.0,116.34787
125.0,114.74035
125.0,111.66455
125.0,109.83033
125.0,111.87266
125.0,111.03837
125.0,108.659584
125.0,109.674736
125.0,108.69947
125.0,108.17429
125.0,107.648285
125.0,106.24719
125.0,110.7348
125.0,111.629234
125.0,109.58817
125.0,108.828766
125.0,106.00651
125.0,106.3779
125.0,109.764946
125.0,108.77123
125.0,107.94327
125.0,108.276054
125.0,105.879425
124.0,104.34936
123.0,105.61191
122.0,109.46752
121.0,106.985985
120.0,104.9048
119.0,99.99982
118.0,100.46771
117.0,99.09502
116.0,96.03159
115.0,96.01742
114.0,94.67062
113.0,97.740234
112.0,100.59419
111.0,96.44805
110.0,94.40276
109.0,91.68772
108.0,89.9891
107.0,88.91495
106.0,89.8932
105.0,93.68468
104.0,93.90038
103.0,94.19846
102.0,91.55345
101.0,87.18197
100.0,87.660995
99.0,84.72443
98.0,83.06503
97.0,83.14435
96.0,84.16979
95.0,86.220894
94.0,84.29891
93.0,79.63415
92.0,80.016525
91.0,74.7329
90.0,76.516975
125.0,121.484
125.0,116.46712
125.0,116.966934
125.0,118.53201
125.0,119.799225
125.0,118.721115
125.0,119.13446
125.0,120.88649
125.0,123.29376
125.0,120.707214
125.0,120.28852
125.0,120.27767
125.0,117.43362
125.0,114.564575
125.0,114.42922
125.0,114.29729
125.0,116.77307
125.0,116.70411
125.0,118.18953
125.0,118.38386
125.0,117.57974
125.0,117.2951
125.0,116.87882
125.0,116.33627
125.0,117.66548
125.0,117.87534
125.0,120.603615
125.0,121.31724
125.0,120.749504
125.0,120.94538
125.0,119.72956
125.0,119.99819
125.0,118.45131
125.0,118.17831
125.0,118.43422
125.0,118.908806
125.0,119.087555
125.0,117.356125
125.0,118.287415
125.0,118.17017
125.0,118.232254
125.0,118.17676
125.0,118.570045
125.0,118.45117
125.0,120.63758
125.0,120.975555
125.0,119.43624
125.0,119.03641
125.0,118.18444
125.0,114.79263
125.0,114.05158
125.0,114.45305
125.0,114.43825
125.0,116.099144
125.0,116.15752
125.0,115.199104
125.0,117.08921
125.0,118.58754
125.0,116.50728
125.0,114.432915
125.0,118.29022
125.0,116.38035
125.0,115.79092
125.0,115.91763
125.0,115.40285
125.0,115.684555
125.0,115.291245
125.0,114.42062
125.0,115.30392
125.0,117.185814
125.0,117.177574
125.0,114.63132
125.0,115.15847
125.0,114.436386
125.0,113.8323
125.0,115.00098
125.0,114.99654
124.0,113.48759
123.0,112.00897
122.0,110.76957
121.0,112.49219
120.0,109.880005
119.0,107.647285
118.0,107.23138
117.0,108.87118
116.0,111.93144
115.0,115.330605
114.0,111.082436
113.0,111.26259
112.0,110.47814
111.0,111.04208
110.0,110.966515
109.0,109.41044
108.0,109.759315
107.0,110.26109
106.0,107.97223
105.0,105.19333
104.0,106.557236
103.0,103.00466
102.0,104.33405
101.0,103.270515
100.0,103.71898
99.0,103.816925
98.0,102.28827
97.0,102.992805
96.0,102.48223
95.0,101.38958
94.0,100.19682
93.0,104.82064
92.0,102.4985
91.0,101.86634
90.0,100.253456
89.0,98.68654
88.0,99.89024
87.0,97.57857
86.0,96.91749
85.0,99.02866
84.0,97.16741
83.0,98.24112
82.0,98.22385
81.0,92.29329
80.0,89.38223
125.0,82.74435
125.0,85.93178
125.0,92.538345
125.0,87.91943
125.0,83.67421
125.0,85.57601
125.0,83.11504
125.0,77.099174
125.0,80.397446
125.0,79.98898
125.0,76.011375
125.0,80.627304
125.0,78.2477
125.0,76.10791
125.0,77.007065
125.0,79.605995
125.0,81.475555
125.0,82.778915
125.0,78.39911
125.0,75.45795
125.0,73.4448
124.0,73.733505
123.0,71.239006
122.0,68.182465
121.0,63.604877
120.0,66.72034
119.0,66.27247
118.0,66.08183
117.0,62.910625
116.0,61.170174
115.0,59.77847
114.0,57.10584
113.0,65.275566
112.0,71.98365
111.0,79.009514
110.0,81.992744
109.0,77.96925
108.0,76.87099
107.0,73.22374
106.0,78.58497
105.0,85.3623
104.0,85.127365
103.0,86.061165
102.0,82.45876
101.0,84.66048
100.0,80.90966
99.0,76.99809
98.0,68.32455
97.0,67.650314
96.0,70.159454
95.0,66.50553
94.0,65.55155
93.0,68.99971
92.0,71.01084
91.0,68.77413
90.0,64.39679
89.0,62.554905
88.0,62.07476
87.0,55.060112
86.0,51.608395
85.0,52.097942
84.0,54.633236
83.0,55.78383
82.0,60.073616
81.0,55.7171
80.0,55.33472
79.0,57.50771
78.0,55.126297
77.0,50.825397
76.0,52.07865
75.0,50.55788
74.0,46.77665
73.0,50.402184
72.0,52.41663
71.0,50.886425
70.0,52.557827
69.0,55.67348
68.0,53.637947
67.0,54.06234
66.0,52.29658
65.0,47.94784
64.0,45.82202
63.0,40.84436
62.0,42.50038
61.0,42.399784
60.0,39.750557
59.0,41.901108
58.0,43.40634
57.0,41.13856
56.0,40.238323
125.0,124.90769
125.0,125.695076
125.0,127.51384
125.0,125.69499
125.0,126.34665
125.0,124.55382
125.0,124.16072
125.0,125.368
125.0,123.915565
125.0,123.44426
125.0,125.06683
125.0,124.236046
125.0,125.72534
125.0,124.661865
125.0,123.59059
125.0,122.84206
125.0,124.44313
125.0,125.37125
125.0,124.463585
125.0,122.95632
125.0,123.15611
125.0,125.170364
125.0,125.16734
125.0,123.55092
125.0,122.47994
125.0,121.419266
125.0,121.37948
125.0,120.91572
125.0,121.30937
125.0,122.61566
125.0,122.976105
125.0,123.68568
125.0,124.80673
125.0,126.91052
125.0,125.94357
125.0,125.75845
125.0,124.38479
125.0,124.83187
125.0,125.194
125.0,123.26842
125.0,124.775276
125.0,122.37096
125.0,122.99767
125.0,120.69738
125.0,118.93944
125.0,120.051056
125.0,121.39138
125.0,121.48562
125.0,120.35604
125.0,120.99326
125.0,122.022606
125.0,122.56832
125.0,123.59816
125.0,124.68493
125.0,125.157234
125.0,125.55881
125.0,123.5736
125.0,120.87007
125.0,123.03438
125.0,120.34909
125.0,120.50818
125.0,118.80575
125.0,117.13562
125.0,120.04143
125.0,122.49748
125.0,122.12356
125.0,123.06261
125.0,120.88053
125.0,121.30934
125.0,123.944405
125.0,123.85404
125.0,125.460075
125.0,125.73586
125.0,126.5246
125.0,123.389656
125.0,122.21249
125.0,120.503334
125.0,121.20528
125.0,122.32665
125.0,123.32457
125.0,120.98306
125.0,119.65872
125.0,122.371284
125.0,121.24066
125.0,121.70744
125.0,121.96933
125.0,120.64262
125.0,121.08779
125.0,120.330025
125.0,120.60578
125.0,119.01517
125.0,117.25832
125.0,113.58455
125.0,117.38118
125.0,117.59241
125.0,116.72148
125.0,117.02058
124.0,114.209335
123.0,113.5627
122.0,111.72692
121.0,111.115295
120.0,110.476585
119.0,109.93682
118.0,108.88221
117.0,107.70518
116.0,107.5396
115.0,107.3179
114.0,106.96833
113.0,109.6007
112.0,107.945206
111.0,110.13339
110.0,109.79901
109.0,107.610504
108.0,106.3877
107.0,107.57001
106.0,105.691284
105.0,109.282455
104.0,108.16234
103.0,111.257675
102.0,111.75612
101.0,109.33017
100.0,105.4154
99.0,106.744675
98.0,102.9685
97.0,105.91066
96.0,104.05925
95.0,107.102875
94.0,107.78372
93.0,105.52255
92.0,102.49427
91.0,105.319664
90.0,106.24385
89.0,103.84899
88.0,101.20541
87.0,100.609856
86.0,100.741516
85.0,96.55023
84.0,99.65489
83.0,97.15947
82.0,93.20382
81.0,99.07213
80.0,99.2948
79.0,93.30464
78.0,95.02769
77.0,98.39766
76.0,98.91672
75.0,94.607544
74.0,93.83971
73.0,95.50404
72.0,91.60924
125.0,106.97465
125.0,108.731865
125.0,111.748505
125.0,114.3831
125.0,112.48755
125.0,111.40683
125.0,105.660034
125.0,104.55815
125.0,104.980316
125.0,100.83537
125.0,100.723755
125.0,98.796585
125.0,102.62321
125.0,100.956085
125.0,98.520905
125.0,99.91358
124.0,101.578384
123.0,101.26496
122.0,102.370255
121.0,102.916534
120.0,103.67876
119.0,103.37584
118.0,100.954384
117.0,100.46962
116.0,98.05027
115.0,97.90882
114.0,100.03252
113.0,98.91716
112.0,92.47321
111.0,94.33921
110.0,91.21592
109.0,93.66478
108.0,91.22078
107.0,91.24415
106.0,93.640236
105.0,95.478935
104.0,96.46172
103.0,96.81517
102.0,95.78194
101.0,92.79062
100.0,89.48109
99.0,88.57527
98.0,88.78758
97.0,89.95433
96.0,85.36333
95.0,86.31985
94.0,84.37046
93.0,86.643875
92.0,85.29628
91.0,87.24582
90.0,88.044235
89.0,92.24547
88.0,87.83331
87.0,87.982414
86.0,86.671844
85.0,79.11296
84.0,80.25645
83.0,82.4956
82.0,86.58661
81.0,87.59241
80.0,83.81233
79.0,87.53034
78.0,83.17603
77.0,85.46409
76.0,83.617935
75.0,80.81856
74.0,84.37254
73.0,86.4021
72.0,81.89206
71.0,80.29638
70.0,81.10868
69.0,80.85068
68.0,83.52804
67.0,85.503365
66.0,82.58522
125.0,117.80162
125.0,118.640076
125.0,118.13913
125.0,118.960724
125.0,119.06603
125.0,117.87974
125.0,119.56422
125.0,119.84449
125.0,118.55582
125.0,119.29903
125.0,118.07521
125.0,118.85959
125.0,118.6125
125.0,117.63227
125.0,119.25091
125.0,116.77719
125.0,115.28659
125.0,114.22911
125.0,112.90996
125.0,115.04283
125.0,114.95228
125.0,115.58144
125.0,115.72191
125.0,116.48131
125.0,116.55859
125.0,116.88678
125.0,117.810104
125.0,118.085175
125.0,118.83238
125.0,120.051384
125.0,121.05911
125.0,119.85893
125.0,120.376434
125.0,120.43467
125.0,121.36974
125.0,117.51406
125.0,116.34308
125.0,116.5931
125.0,116.63628
125.0,115.704475
125.0,116.526985
125.0,113.79028
125.0,114.6617
125.0,114.30525
125.0,114.66572
125.0,112.427536
125.0,114.43619
125.0,117.20565
125.0,116.2858
125.0,116.73074
125.0,117.82596
125.0,117.484924
125.0,117.30607
125.0,118.073586
125.0,117.53248
125.0,113.97444
125.0,116.517975
125.0,115.75197
125.0,116.01909
125.0,114.88113
125.0,114.30643
125.0,115.99433
125.0,117.12981
125.0,117.97019
125.0,119.29977
125.0,116.88951
125.0,116.675644
125.0,117.3079
125.0,119.95847
125.0,118.736145
125.0,115.35977
125.0,114.90089
125.0,113.76934
125.0,116.24743
125.0,112.36909
125.0,109.451324
125.0,112.434746
124.0,111.94308
123.0,110.24356
122.0,111.251564
121.0,112.565636
120.0,112.50232
119.0,112.91681
118.0,113.2865
117.0,110.66598
116.0,111.92387
115.0,112.22796
114.0,112.19319
113.0,113.72678
112.0,112.19689
111.0,110.51871
110.0,108.96378
109.0,107.51847
108.0,109.51581
107.0,110.294106
106.0,108.40856
105.0,105.75748
104.0,104.96687
103.0,108.43429
102.0,106.84778
101.0,106.91511
100.0,107.53648
99.0,106.23541
98.0,110.0994
97.0,110.72165
96.0,107.94669
95.0,102.27943
94.0,101.726456
93.0,103.624176
92.0,102.42917
91.0,100.62688
90.0,99.895454
89.0,99.592316
88.0,98.83174
125.0,124.478455
125.0,123.40567
125.0,123.71826
125.0,122.22917
125.0,122.991776
125.0,123.67433
125.0,123.10122
125.0,121.86514
125.0,120.49548
125.0,122.08532
125.0,120.98186
125.0,121.29785
125.0,121.94723
125.0,120.34118
125.0,121.088684
125.0,120.316185
125.0,121.05997
125.0,121.72176
125.0,121.24996
125.0,121.22253
125.0,121.268425
125.0,119.65345
125.0,122.82207
125.0,121.88254
125.0,121.49218
125.0,121.90074
125.0,121.683815
125.0,122.94466
125.0,119.795364
125.0,120.618675
125.0,122.7386
125.0,122.01029
125.0,122.72163
125.0,121.622116
125.0,120.546486
125.0,121.64064
125.0,122.07127
125.0,123.33219
125.0,122.09717
125.0,121.58824
125.0,121.194916
125.0,119.521675
125.0,118.814766
125.0,119.2814
125.0,119.569466
125.0,117.98468
125.0,118.40697
125.0,117.11213
125.0,118.24866
125.0,119.142235
125.0,118.40264
125.0,119.49946
125.0,119.76027
125.0,119.94906
125.0,121.03224
125.0,122.07003
125.0,121.40538
125.0,119.9746
125.0,119.26051
125.0,117.959145
125.0,119.41598
125.0,118.44243
125.0,118.24143
125.0,117.61622
125.0,117.653435
125.0,116.51775
125.0,117.73097
125.0,119.157104
125.0,115.99186
125.0,117.47565
125.0,118.744415
125.0,115.62596
125.0,117.775696
125.0,116.07489
125.0,116.548744
125.0,115.11505
125.0,116.03468
125.0,114.689766
124.0,115.46039
123.0,116.4614
122.0,119.128975
121.0,120.673325
120.0,121.68054
119.0,121.215065
118.0,119.871185
117.0,118.54333
116.0,119.46943
115.0,117.55375
114.0,118.43228
113.0,117.110504
112.0,115.2343
111.0,117.52189
110.0,117.15603
109.0,115.65965
108.0,115.2562
107.0,114.72401
106.0,113.83401
105.0,113.35068
104.0,115.17781
103.0,113.620964
102.0,114.84221
101.0,113.60304
100.0,115.29163
99.0,113.59432
98.0,114.37194
97.0,113.04005
96.0,111.827805
95.0,112.298
94.0,108.8828
93.0,110.44064
92.0,111.077156
91.0,112.50064
90.0,114.10584
89.0,113.44003
88.0,114.69431
87.0,112.65622
86.0,112.80715
85.0,114.92937
84.0,114.40019
83.0,112.90789
82.0,112.11305
81.0,108.56837
80.0,106.60011
79.0,108.8728
78.0,108.56283
77.0,108.43855
76.0,108.556274
75.0,107.81255
74.0,106.7902
73.0,109.68887
72.0,108.95243
71.0,105.79092
70.0,108.2315
69.0,105.83383
68.0,103.41686
67.0,105.52453
66.0,106.076614
65.0,106.957886
64.0,106.28446
63.0,103.451
62.0,102.16865
61.0,100.377205
60.0,101.357544
59.0,98.97981
58.0,95.04138
57.0,94.21352
56.0,87.43465
55.0,86.51219
54.0,85.46564
53.0,84.088135
52.0,88.33261
51.0,89.387665
50.0,88.069496
49.0,91.32981
48.0,91.58553
47.0,89.24959
46.0,87.10112
45.0,80.77828
44.0,80.80631
43.0,79.787926
42.0,77.94386
41.0,77.33403
40.0,78.01421
39.0,81.98696
38.0,77.45316
37.0,68.76195
36.0,68.43187
35.0,65.37167
34.0,62.139915
33.0,63.29416
32.0,58.41025
31.0,55.564007
30.0,54.36181
29.0,51.75342
28.0,46.52251
27.0,46.010895
26.0,44.788074
25.0,44.91743
24.0,45.712322
23.0,42.290714
125.0,129.44716
125.0,127.25632
125.0,129.06279
125.0,129.46501
125.0,131.3235
125.0,128.6893
125.0,131.36539
125.0,131.60712
125.0,129.14555
125.0,130.24043
125.0,130.34013
125.0,130.85811
125.0,127.41883
125.0,130.04973
125.0,131.20386
125.0,131.87065
125.0,128.92564
125.0,129.19843
125.0,130.50864
125.0,128.16928
125.0,128.98508
125.0,130.37723
125.0,128.8055
125.0,127.91185
125.0,129.38725
125.0,130.23213
125.0,127.601875
125.0,129.70409
125.0,131.23676
125.0,127.64707
125.0,126.01712
125.0,127.35081
125.0,128.36502
125.0,127.88344
125.0,127.85283
125.0,129.63847
125.0,127.051216
125.0,125.17435
125.0,125.23737
125.0,127.51338
125.0,129.92879
125.0,126.24842
125.0,130.16792
125.0,127.667915
125.0,129.26805
125.0,126.0314
125.0,126.05345
125.0,126.195114
125.0,128.85365
125.0,126.817406
125.0,124.88467
125.0,124.03113
125.0,123.59481
125.0,124.56555
125.0,123.41183
125.0,122.491135
125.0,122.678696
125.0,122.931
125.0,124.91661
125.0,124.173935
125.0,123.496635
125.0,123.01249
125.0,123.38784
125.0,125.042885
125.0,126.14654
125.0,124.349045
125.0,124.79521
125.0,125.745255
125.0,125.7065
125.0,126.76041
125.0,127.30996
125.0,126.64296
125.0,126.894104
125.0,127.096954
125.0,127.31038
125.0,126.27609
125.0,128.04047
125.0,126.1175
125.0,125.71286
125.0,124.11828
125.0,125.14615
125.0,124.844635
125.0,124.63273
125.0,124.1196
125.0,125.16591
125.0,124.722404
125.0,124.75113
125.0,124.48892
125.0,124.41728
125.0,122.75437
125.0,122.68126
125.0,122.50352
125.0,123.66567
125.0,123.46617
125.0,124.137856
125.0,123.75793
125.0,125.084816
125.0,126.19808
125.0,125.20309
125.0,124.91079
125.0,125.851456
125.0,124.99344
125.0,125.9321
125.0,123.633316
125.0,122.2236
125.0,122.12594
125.0,122.81501
125.0,123.8589
125.0,123.62962
125.0,123.2709
125.0,124.163635
125.0,122.97985
125.0,123.81701
125.0,123.695564
125.0,122.8866
125.0,121.91932
125.0,121.20631
125.0,119.68889
125.0,119.97681
125.0,121.167854
125.0,119.99327
125.0,119.94316
125.0,120.447395
125.0,120.32528
125.0,119.67607
125.0,120.27026
125.0,119.73333
125.0,120.50155
125.0,121.374176
125.0,121.01706
125.0,118.526924
125.0,120.863976
125.0,121.53339
125.0,122.1348
125.0,121.96437
125.0,121.36671
125.0,119.5982
125.0,121.68778
125.0,120.407776
125.0,121.16096
125.0,120.003075
125.0,118.53528
125.0,120.457115
125.0,120.77291
125.0,118.432365
125.0,117.18998
125.0,116.78265
125.0,117.331955
125.0,117.03101
125.0,117.653786
125.0,117.23356
125.0,116.34589
125.0,115.16856
125.0,115.69439
125.0,113.378494
125.0,114.60672
125.0,112.62304
125.0,114.14228
125.0,114.75082
125.0,114.38548
125.0,113.85508
125.0,114.6094
125.0,115.43893
125.0,114.61211
124.0,116.1308
123.0,115.17941
122.0,115.35761
121.0,113.724556
120.0,114.58654
119.0,113.70948
118.0,114.05416
117.0,111.33802
116.0,113.74549
115.0,113.73401
114.0,113.77971
113.0,113.7895
112.0,114.059715
111.0,115.66596
110.0,117.13012
109.0,115.53277
108.0,111.43802
107.0,112.69141
106.0,110.09064
105.0,110.33907
104.0,109.746056
103.0,110.427246
102.0,109.2438
101.0,108.8392
100.0,107.418045
99.0,105.248795
98.0,103.63272
97.0,106.3426
96.0,107.3857
95.0,109.064926
94.0,106.30579
93.0,105.01228
92.0,102.50517
91.0,100.4888
90.0,102.16442
89.0,100.42195
88.0,100.62329
87.0,96.99338
86.0,94.775505
85.0,91.192665
84.0,88.75716
83.0,86.43646
82.0,90.422165
81.0,91.69981
80.0,93.10488
79.0,91.10226
78.0,87.08491
77.0,88.40775
76.0,89.85718
75.0,86.7505
74.0,90.463936
73.0,89.641556
72.0,88.67389
71.0,85.71656
70.0,83.030304
69.0,78.20378
68.0,76.19086
67.0,78.0247
66.0,80.07617
65.0,82.11956
64.0,78.5026
63.0,75.24494
62.0,70.45494
61.0,69.29966
60.0,71.33322
59.0,70.45334
58.0,69.8361
57.0,66.18867
56.0,70.703064
55.0,71.31763
54.0,64.2474
53.0,65.127815
52.0,58.722603
51.0,52.841927
50.0,43.5549
49.0,42.08565
48.0,40.383835
47.0,38.385326
46.0,38.913403
45.0,37.08722
44.0,38.21301
43.0,37.731236
42.0,34.901623
41.0,34.52697
40.0,32.492294
39.0,32.04894
38.0,30.410269
37.0,29.807047
36.0,30.860666
35.0,31.086603
34.0,28.902437
33.0,28.524399
32.0,27.027206
31.0,25.890965
30.0,25.571705
29.0,25.420845
28.0,24.368294
27.0,24.419783
26.0,24.093435
25.0,23.040594
24.0,22.033169
23.0,22.3327
22.0,22.8064
21.0,22.367338
20.0,21.698284
19.0,19.680302
18.0,18.728086
17.0,18.759361
16.0,18.643078
15.0,18.668535
14.0,19.405283
13.0,18.81062
12.0,16.771204
11.0,17.312408
10.0,16.216047
9.0,15.731487
125.0,125.22727
125.0,124.801865
125.0,126.70858
125.0,124.997345
125.0,123.84972
125.0,124.304276
125.0,125.26664
125.0,124.9278
125.0,124.29803
125.0,124.870705
125.0,124.874504
125.0,122.40948
125.0,123.46987
125.0,124.54494
125.0,125.41438
125.0,125.10255
125.0,124.00552
125.0,123.41426
125.0,123.65262
125.0,124.931854
125.0,125.01897
125.0,125.49319
125.0,124.764946
125.0,125.041115
125.0,123.495964
125.0,124.61078
125.0,123.90251
125.0,124.65933
125.0,123.38954
125.0,123.70825
125.0,124.229256
125.0,123.896645
125.0,124.40294
125.0,123.985085
125.0,123.19358
125.0,124.07515
125.0,124.136826
125.0,123.88186
125.0,123.82659
125.0,124.18641
125.0,124.5792
125.0,124.25872
125.0,123.5418
125.0,123.37373
125.0,123.65831
125.0,122.672516
125.0,123.33367
125.0,123.64883
125.0,123.16325
125.0,121.54243
125.0,122.2319
125.0,122.78546
125.0,122.88898
125.0,124.03704
125.0,124.132965
125.0,124.08663
125.0,122.84095
125.0,124.28872
125.0,124.91654
125.0,123.97555
125.0,124.48913
125.0,122.7936
125.0,122.20721
125.0,122.50298
125.0,122.0667
125.0,122.18818
125.0,124.94202
125.0,124.83811
125.0,123.80936
125.0,121.60266
125.0,121.073166
125.0,122.54727
125.0,121.90196
125.0,122.68232
125.0,123.820885
125.0,123.34891
125.0,122.26384
125.0,122.30948
125.0,122.84676
125.0,123.40747
125.0,122.30669
125.0,122.07776
125.0,122.927795
125.0,122.085365
125.0,123.16321
125.0,123.12011
125.0,123.19581
125.0,122.809814
125.0,121.68601
125.0,120.61767
125.0,120.17073
125.0,119.773224
125.0,119.13576
125.0,118.879616
125.0,119.1224
125.0,120.32266
125.0,120.090904
125.0,121.008865
125.0,121.37691
125.0,121.32767
125.0,120.11703
125.0,120.516685
125.0,121.8826
125.0,121.325386
125.0,121.50943
125.0,123.180824
125.0,123.39701
125.0,123.54228
125.0,123.569275
125.0,123.08195
125.0,121.177925
125.0,121.41737
125.0,121.78475
125.0,121.314514
125.0,121.16907
125.0,120.964134
125.0,122.216896
125.0,122.126366
125.0,122.164444
125.0,121.995834
125.0,121.08307
125.0,122.78743
125.0,122.6961
125.0,122.56038
125.0,122.39538
125.0,122.75197
125.0,120.9608
125.0,120.56253
125.0,120.12465
125.0,120.56151
125.0,119.4199
125.0,121.00561
125.0,119.60298
125.0,119.05514
125.0,118.96575
125.0,117.580986
125.0,118.656364
125.0,119.441536
125.0,118.11764
125.0,118.29661
125.0,117.6273
125.0,119.28771
125.0,120.589035
125.0,121.3325
125.0,120.52411
125.0,119.78057
125.0,117.26427
125.0,117.57716
125.0,118.65383
125.0,118.83801
125.0,119.79327
125.0,118.23174
125.0,117.728325
125.0,118.75897
125.0,117.35763
125.0,116.34
125.0,114.44042
125.0,113.83267
125.0,114.282364
125.0,114.079666
125.0,113.800385
125.0,115.533875
125.0,116.46086
125.0,115.1867
125.0,115.73723
125.0,115.43992
125.0,114.74179
125.0,115.97526
125.0,114.08792
125.0,113.4944
125.0,115.992035
125.0,115.09226
125.0,113.26782
125.0,112.824715
125.0,114.595695
125.0,115.61769
125.0,114.55707
125.0,110.82393
125.0,111.85782
125.0,113.30573
125.0,114.346725
125.0,112.75943
125.0,112.302
125.0,114.55244
125.0,112.83795
125.0,111.92775
125.0,110.02329
125.0,109.58533
125.0,110.132454
125.0,109.26722
125.0,107.741196
125.0,109.0455
125.0,111.918465
125.0,110.02428
125.0,109.30685
125.0,108.75749
125.0,107.311295
125.0,110.20801
125.0,109.08184
125.0,106.155785
124.0,107.53364
123.0,108.85708
122.0,108.23234
121.0,107.02559
120.0,108.77567
119.0,110.23573
118.0,110.480965
117.0,102.52438
116.0,103.58736
115.0,101.35352
114.0,102.61595
113.0,105.34652
112.0,105.552765
111.0,108.8285
110.0,107.64738
109.0,108.735756
108.0,107.82299
107.0,103.08707
106.0,98.414474
105.0,98.815956
104.0,96.737114
103.0,98.67698
102.0,99.77117
101.0,99.26097
100.0,99.91225
99.0,95.8634
98.0,97.11337
97.0,97.776474
96.0,95.87566
95.0,91.69461
94.0,91.142525
93.0,89.64682
92.0,89.96842
91.0,88.26733
90.0,90.585014
89.0,91.06763
88.0,90.038506
87.0,88.16989
86.0,91.2794
85.0,92.76359
84.0,87.11905
83.0,84.361084
82.0,87.94591
81.0,86.696
80.0,87.17071
79.0,87.90024
78.0,87.61287
77.0,89.70501
76.0,86.471695
75.0,88.690254
74.0,85.91794
73.0,85.46476
72.0,84.50107
71.0,83.60611
70.0,84.93854
69.0,81.73281
68.0,82.18098
67.0,75.049805
66.0,74.26106
65.0,75.794106
64.0,75.01
63.0,74.347336
62.0,73.33208
61.0,66.16401
60.0,63.80626
59.0,57.95535
58.0,52.50064
57.0,46.95088
56.0,43.149975
55.0,42.178112
54.0,40.855743
53.0,41.721714
52.0,42.078003
51.0,43.004147
50.0,42.52174
49.0,40.55229
48.0,38.778416
47.0,35.961838
46.0,36.32052
45.0,36.560413
44.0,37.157696
43.0,36.13669
42.0,37.559696
125.0,118.70561
125.0,116.48474
125.0,115.824776
125.0,115.76576
125.0,117.60363
125.0,118.37373
125.0,118.86628
125.0,119.25003
125.0,119.79027
125.0,119.99496
125.0,119.47291
125.0,119.639694
125.0,118.83458
125.0,118.8952
125.0,118.4064
125.0,117.907715
125.0,117.546455
125.0,116.968025
125.0,115.765045
125.0,114.81505
125.0,116.15708
125.0,116.73265
125.0,115.27678
125.0,116.71712
125.0,116.67774
125.0,117.11054
125.0,117.007416
125.0,116.21209
125.0,115.92685
125.0,113.728485
125.0,115.25615
125.0,114.66982
125.0,113.98101
125.0,112.4675
125.0,113.46909
125.0,114.32265
125.0,115.239006
125.0,116.83797
125.0,117.04092
125.0,117.312256
125.0,116.71326
125.0,115.96957
125.0,117.296196
125.0,116.455605
125.0,114.223526
125.0,115.13151
125.0,115.48767
125.0,115.762665
125.0,116.01315
125.0,114.82106
125.0,113.153534
125.0,113.64733
125.0,113.39708
125.0,114.807945
125.0,115.85758
125.0,116.00253
125.0,115.65281
125.0,115.27218
125.0,118.39052
125.0,117.30674
125.0,115.32075
125.0,118.10633
125.0,115.45181
125.0,114.09127
125.0,112.05378
125.0,112.30558
125.0,112.48601
125.0,113.29313
125.0,114.81936
125.0,114.90007
125.0,114.58512
125.0,100.571724
125.0,97.74451
125.0,94.97843
125.0,96.44568
125.0,99.38814
125.0,98.11059
125.0,99.59216
125.0,95.03899
125.0,98.04046
125.0,96.48623
125.0,93.50772
125.0,92.71167
125.0,92.35627
125.0,92.76942
125.0,97.47287
125.0,96.688
125.0,92.32814
125.0,97.01207
125.0,94.924866
125.0,91.01877
125.0,89.80951
125.0,88.963005
125.0,87.15655
125.0,86.00784
125.0,83.21568
125.0,84.70748
125.0,83.472786
125.0,87.42097
125.0,86.81713
125.0,84.182915
125.0,90.33963
125.0,91.78397
125.0,88.07125
125.0,84.59767
125.0,77.83365
125.0,77.0679
125.0,78.25374
125.0,76.2485
125.0,72.18329
125.0,71.52471
125.0,74.17202
125.0,73.43391
125.0,70.57013
125.0,67.00973
125.0,70.9392
125.0,76.01764
125.0,77.553085
125.0,81.55851
124.0,75.40997
123.0,76.258804
122.0,75.383705
121.0,77.37385
120.0,82.36615
119.0,79.31812
118.0,75.83843
117.0,81.18545
116.0,77.96865
125.0,123.769325
125.0,123.26683
125.0,122.788
125.0,122.19915
125.0,122.33938
125.0,120.85283
125.0,120.273994
125.0,120.234665
125.0,120.382324
125.0,121.049225
125.0,122.18276
125.0,122.98006
125.0,122.64032
125.0,123.41252
125.0,123.092224
125.0,121.72228
125.0,120.6888
125.0,121.19256
125.0,121.91166
125.0,120.69766
125.0,119.53592
125.0,120.074066
125.0,120.82602
125.0,120.34682
125.0,119.89724
125.0,120.9889
125.0,119.779915
125.0,120.524216
125.0,121.88071
125.0,121.98128
125.0,120.97577
125.0,122.69736
125.0,120.735855
125.0,121.489525
125.0,119.337875
125.0,119.10645
125.0,118.88635
125.0,118.64903
125.0,118.56376
125.0,120.53064
125.0,119.274254
125.0,117.95787
125.0,117.12847
125.0,116.28856
125.0,116.27897
125.0,116.5142
125.0,116.2847
125.0,116.8582
125.0,117.44071
125.0,117.19811
125.0,117.051895
125.0,118.031235
125.0,119.9539
125.0,120.09424
125.0,120.79833
125.0,120.80376
125.0,120.22503
125.0,121.751564
125.0,123.68448
125.0,123.86125
125.0,121.10854
125.0,118.559166
125.0,117.14951
125.0,116.26793
125.0,116.56773
125.0,116.724686
125.0,115.69117
125.0,114.41277
125.0,115.15841
125.0,115.19125
125.0,116.17166
125.0,117.14101
125.0,118.7258
125.0,118.60186
125.0,118.03097
125.0,118.9528
125.0,118.37618
125.0,116.36981
125.0,116.986336
125.0,115.626305
125.0,113.282
125.0,112.96808
125.0,112.911644
125.0,113.17438
125.0,115.511375
125.0,114.615456
125.0,113.46321
125.0,114.8936
125.0,116.50941
125.0,116.15895
125.0,115.516106
125.0,116.12492
125.0,116.86755
125.0,115.97773
125.0,114.75133
125.0,114.87881
125.0,114.17766
125.0,113.29727
125.0,112.29242
125.0,113.312386
125.0,112.65326
125.0,112.98708
125.0,113.499985
125.0,104.31725
125.0,107.21654
125.0,107.338486
125.0,107.86815
125.0,110.270996
125.0,109.3071
125.0,106.69634
125.0,107.04045
125.0,107.01684
125.0,109.99528
125.0,108.69567
125.0,101.450356
125.0,100.857956
125.0,98.63992
125.0,94.704636
125.0,96.537285
125.0,99.406296
125.0,104.1384
125.0,104.42241
125.0,105.802925
125.0,109.08374
125.0,111.04778
125.0,112.993164
125.0,108.29596
125.0,109.29874
125.0,106.75101
125.0,107.42547
125.0,105.11491
125.0,103.82256
125.0,104.8783
125.0,102.598785
125.0,105.94621
125.0,105.07492
125.0,107.28125
125.0,104.353264
125.0,106.64623
125.0,110.60472
125.0,110.428024
125.0,113.46251
125.0,109.70153
125.0,109.56572
125.0,109.707184
125.0,105.21737
125.0,106.33646
125.0,103.10088
125.0,105.30193
125.0,105.4203
125.0,106.69097
125.0,108.37925
125.0,107.62104
125.0,105.8644
125.0,105.92157
125.0,102.50881
125.0,101.65447
125.0,102.422386
125.0,103.8469
125.0,103.32875
125.0,102.937195
125.0,102.98032
125.0,105.19288
125.0,104.76325
124.0,103.39721
123.0,102.10757
122.0,99.6502
121.0,99.377045
120.0,98.586914
119.0,96.762
118.0,93.84873
117.0,94.13486
116.0,97.76544
115.0,95.572945
114.0,96.519035
113.0,97.2727
112.0,98.97537
111.0,97.98349
110.0,98.54201
109.0,97.42388
108.0,99.04039
107.0,101.87116
106.0,98.68013
105.0,97.888725
104.0,98.77021
103.0,93.7899
102.0,93.42861
101.0,94.4742
100.0,91.08974
99.0,87.74365
98.0,82.80359
97.0,78.879074
96.0,78.17064
95.0,77.48875
94.0,77.60015
93.0,75.83826
92.0,83.06862
91.0,86.529205
90.0,86.05072
89.0,81.91252
88.0,81.1349
87.0,80.327385
86.0,80.79113
85.0,79.4061
84.0,80.143394
83.0,81.99803
82.0,76.11823
81.0,70.095894
80.0,65.9339
79.0,55.66073
78.0,56.62311
77.0,54.63368
76.0,51.823925
75.0,54.471153
74.0,56.416897
73.0,57.593403
72.0,61.28446
71.0,62.244656
70.0,59.92961
125.0,126.58727
125.0,126.947525
125.0,126.3105
125.0,124.19021
125.0,126.45659
125.0,126.628456
125.0,125.62646
125.0,125.36588
125.0,126.737
125.0,125.18778
125.0,125.58074
125.0,126.4804
125.0,126.31759
125.0,126.24791
125.0,126.54917
125.0,126.93327
125.0,125.78347
125.0,125.33821
125.0,125.07787
125.0,127.21911
125.0,126.15995
125.0,125.42686
125.0,124.81605
125.0,123.99617
125.0,121.074135
125.0,121.63265
125.0,123.07534
125.0,123.42224
125.0,124.371284
125.0,124.6684
125.0,124.33305
125.0,120.81329
125.0,123.919106
125.0,122.91514
125.0,119.762405
125.0,119.86652
125.0,120.0953
125.0,118.33203
125.0,120.00084
125.0,122.49185
125.0,123.354164
125.0,122.87936
125.0,121.59999
125.0,120.92507
125.0,121.40502
124.0,123.09225
123.0,120.051384
122.0,123.32031
121.0,121.93545
120.0,118.70906
119.0,119.02041
118.0,121.21928
117.0,122.69544
116.0,124.32367
115.0,121.59181
114.0,123.55225
113.0,124.26707
112.0,123.86419
125.0,125.63668
125.0,124.78821
125.0,124.432785
125.0,122.11586
125.0,122.69716
125.0,124.78151
125.0,125.420105
125.0,126.14682
125.0,125.03255
125.0,125.188095
125.0,123.939735
125.0,124.02259
125.0,123.262596
125.0,123.385
125.0,123.01659
125.0,123.106026
125.0,123.24919
125.0,123.01841
125.0,120.72196
125.0,121.991295
125.0,123.071655
125.0,123.7777
125.0,124.12248
125.0,122.119446
125.0,122.22426
125.0,122.70753
125.0,124.105545
125.0,122.45072
125.0,121.724236
125.0,123.378296
125.0,123.514244
125.0,123.446526
125.0,122.26016
124.0,122.05284
123.0,121.59501
122.0,120.952576
121.0,121.37197
120.0,121.353165
119.0,123.4224
118.0,122.99061
117.0,121.515434
116.0,121.30583
115.0,121.83133
114.0,122.83658
113.0,123.375984
112.0,122.73503
111.0,121.02929
110.0,120.32825
109.0,120.51594
108.0,121.68017
107.0,121.30406
106.0,119.06874
105.0,119.38742
104.0,118.22413
103.0,118.41688
102.0,117.60968
101.0,119.56672
100.0,120.54972
99.0,122.5469
98.0,121.84942
97.0,122.47135
96.0,121.11504
95.0,120.87308
94.0,117.33141
93.0,118.986565
92.0,120.0567
91.0,119.42504
90.0,116.94313
89.0,116.65771
88.0,116.809875
87.0,114.71852
86.0,114.9313
85.0,114.026085
84.0,114.79153
83.0,114.82616
82.0,113.79968
81.0,113.734375
80.0,114.95627
79.0,114.50084
78.0,114.10654
77.0,113.047646
76.0,113.60597
75.0,112.248405
74.0,110.58494
73.0,109.04157
72.0,109.07783
71.0,108.37473
70.0,108.84135
69.0,108.01012
68.0,104.34122
67.0,104.38045
66.0,107.77916
65.0,110.39278
64.0,110.51006
63.0,110.55423
62.0,111.76115
61.0,111.24445
60.0,106.96617
59.0,103.51993
58.0,101.65148
57.0,103.50625
56.0,103.645386
55.0,104.922966
54.0,102.9137
53.0,98.432274
52.0,97.86523
51.0,93.7481
50.0,90.61092
49.0,90.17363
48.0,88.28135
47.0,81.12867
46.0,79.72047
45.0,80.159935
44.0,83.96122
43.0,80.738716
42.0,82.41762
41.0,77.08641
40.0,75.40088
39.0,70.815315
38.0,68.994865
37.0,64.18133
36.0,60.403282
35.0,55.67506
34.0,55.31032
33.0,53.479763
32.0,47.62094
31.0,46.58458
30.0,43.904346
29.0,43.118717
28.0,37.478863
27.0,35.398777
26.0,33.980976
25.0,33.07914
24.0,31.061544
23.0,29.951765
22.0,28.49053
21.0,26.99579
20.0,25.987717
19.0,24.609549
18.0,24.383696
17.0,22.71607
16.0,22.027624
15.0,21.750702
14.0,19.742905
13.0,20.670185
12.0,18.280981
11.0,16.125925
10.0,15.973033
9.0,15.423732
8.0,14.364665
125.0,115.041725
125.0,116.73269
125.0,116.35844
125.0,115.04984
125.0,117.08447
125.0,114.32479
125.0,113.642586
125.0,111.36974
125.0,106.22077
125.0,105.926
125.0,107.53497
125.0,106.0566
125.0,108.813065
125.0,111.36322
125.0,113.13611
125.0,110.73163
125.0,109.67783
125.0,110.55811
125.0,111.89564
125.0,111.55977
125.0,113.690125
125.0,114.8127
125.0,115.23704
125.0,114.65065
125.0,114.10512
125.0,114.54026
125.0,98.16029
125.0,97.630905
125.0,100.12539
125.0,101.58575
125.0,104.96777
125.0,99.800575
125.0,95.72953
125.0,93.98627
125.0,89.7713
125.0,91.58269
125.0,93.95329
125.0,90.23572
125.0,90.63566
125.0,89.32926
125.0,89.522766
125.0,89.83928
125.0,89.40007
125.0,92.02316
125.0,93.97826
125.0,94.020424
125.0,96.578026
125.0,97.59244
125.0,99.19675
125.0,98.2782
125.0,96.96351
125.0,97.10531
125.0,94.10323
125.0,96.61103
125.0,96.93008
125.0,98.605034
125.0,96.1605
125.0,89.39943
125.0,88.85082
125.0,89.20819
125.0,91.82598
125.0,91.163925
125.0,88.65531
125.0,89.386406
125.0,87.906944
125.0,90.20635
125.0,89.81627
125.0,86.12828
125.0,83.511856
125.0,82.08261
125.0,76.65923
125.0,77.33169
125.0,76.80812
125.0,79.56833
125.0,83.72621
125.0,87.44079
125.0,84.249435
125.0,86.591484
125.0,86.871056
125.0,90.173546
125.0,88.895546
125.0,90.093376
125.0,90.71271
125.0,92.16523
125.0,90.08756
125.0,88.15399
125.0,92.48107
125.0,91.36785
125.0,91.893524
125.0,90.18807
125.0,88.830055
125.0,90.81112
125.0,89.25874
125.0,90.74097
125.0,92.21606
125.0,89.74155
125.0,90.61987
125.0,92.25131
125.0,89.78061
125.0,94.57794
125.0,91.40504
125.0,92.67738
125.0,89.76452
125.0,91.14478
125.0,89.36008
125.0,85.494255
124.0,84.74403
123.0,82.10207
122.0,83.992226
121.0,81.62864
120.0,77.198204
119.0,78.91206
118.0,79.9821
117.0,79.592094
116.0,81.15122
115.0,82.0159
114.0,81.1718
113.0,83.19878
112.0,83.64894
111.0,81.132164
110.0,80.72861
109.0,78.504074
108.0,82.94971
107.0,82.34454
106.0,82.83059
105.0,85.35324
104.0,77.302635
103.0,71.30778
102.0,67.11101
101.0,64.74118
100.0,62.110855
99.0,59.639927
98.0,55.79161
97.0,57.26247
96.0,56.518364
95.0,59.317596
94.0,58.092308
93.0,58.05496
92.0,57.46322
91.0,54.928272
90.0,56.780094
89.0,59.711243
88.0,62.244522
87.0,62.832214
86.0,62.421146
85.0,60.975666
84.0,60.492725
83.0,58.54828
82.0,55.9641
81.0,55.41565
80.0,54.220226
79.0,52.3086
78.0,50.626953
77.0,51.59961
76.0,49.726147
75.0,47.845932
74.0,46.277493
73.0,48.10734
72.0,47.046494
71.0,49.702877
70.0,46.288784
69.0,45.256813
68.0,43.085712
67.0,45.274605
66.0,44.516388
65.0,42.73683
64.0,39.680244
63.0,35.708576
62.0,35.372643
61.0,36.46383
60.0,36.125046
59.0,34.015533
58.0,34.809387
57.0,33.703636
56.0,33.260437
125.0,129.18565
125.0,128.83046
125.0,126.52033
125.0,127.991196
125.0,128.45724
125.0,127.27207
125.0,126.45559
125.0,126.970665
125.0,128.73886
125.0,128.65402
125.0,128.273
125.0,128.36424
125.0,128.7759
125.0,129.74213
125.0,128.11353
125.0,128.57143
125.0,130.0081
125.0,130.50192
125.0,129.98169
125.0,130.82072
125.0,131.3036
125.0,131.46857
125.0,132.04774
125.0,129.98096
125.0,130.2205
125.0,130.14659
125.0,130.18567
125.0,129.43279
125.0,129.19638
125.0,129.14482
125.0,129.13498
125.0,128.9261
125.0,129.06155
125.0,129.3754
125.0,128.25348
125.0,129.00137
125.0,129.49892
125.0,128.78773
125.0,130.50142
125.0,128.08008
125.0,130.17395
125.0,126.305016
125.0,127.2775
125.0,126.43542
125.0,126.52136
125.0,128.10107
125.0,129.08846
125.0,130.55937
125.0,131.0002
125.0,131.12308
125.0,129.62253
125.0,128.53427
125.0,128.24982
125.0,129.14182
125.0,129.47849
125.0,129.6355
125.0,129.8032
125.0,127.65978
125.0,127.46307
125.0,129.76712
125.0,128.58055
125.0,128.39557
125.0,126.14877
125.0,127.00322
125.0,126.40554
125.0,124.71022
125.0,123.95607
125.0,126.11882
125.0,127.267586
125.0,127.41631
125.0,127.96138
125.0,125.77094
125.0,127.999855
125.0,127.17983
125.0,126.709076
125.0,129.33615
125.0,127.546684
125.0,129.73885
125.0,127.885506
125.0,128.38753
125.0,126.84752
125.0,127.70234
125.0,126.95621
125.0,128.85066
125.0,128.1438
125.0,128.01543
125.0,129.07515
125.0,130.00249
125.0,129.10446
125.0,126.79657
125.0,127.297966
125.0,127.571434
125.0,128.5314
125.0,125.73089
125.0,127.387955
125.0,124.99004
125.0,127.92315
125.0,126.12845
125.0,123.50053
125.0,124.90577
125.0,124.80592
125.0,125.76211
125.0,124.114006
125.0,124.966415
125.0,126.25013
125.0,126.780716
125.0,126.20488
125.0,125.929
125.0,124.01954
125.0,122.60828
125.0,123.97393
125.0,124.85394
125.0,123.659775
125.0,122.80128
125.0,123.88321
125.0,125.74743
125.0,126.61956
125.0,125.94473
125.0,125.52599
125.0,125.327
125.0,126.16639
125.0,124.73382
125.0,125.81214
125.0,127.32883
125.0,127.24123
125.0,127.23397
125.0,127.006325
125.0,125.48356
125.0,124.20742
125.0,123.24793
125.0,124.48307
125.0,124.632835
125.0,124.68442
125.0,125.92858
125.0,127.217384
125.0,126.250206
125.0,125.83126
125.0,125.973625
125.0,128.44774
125.0,128.69725
125.0,126.452995
125.0,126.41119
125.0,127.011894
125.0,127.51371
125.0,125.07379
125.0,124.37664
125.0,124.453606
125.0,124.712524
125.0,124.02673
125.0,123.68943
125.0,123.18115
125.0,123.6395
125.0,123.53805
125.0,123.98594
125.0,124.078125
125.0,123.48848
125.0,124.298454
125.0,122.482796
125.0,123.27054
125.0,124.2773
125.0,124.93044
125.0,124.49603
125.0,123.10744
125.0,123.69303
125.0,121.804474
125.0,120.46437
125.0,121.867004
125.0,121.19326
125.0,120.948135
125.0,120.39208
125.0,119.71907
125.0,120.30676
125.0,120.541016
125.0,119.46622
125.0,117.99857
125.0,117.70454
125.0,118.104935
125.0,118.47407
125.0,118.53789
125.0,119.56489
125.0,121.05231
125.0,91.642456
125.0,91.28682
125.0,95.961205
125.0,97.24022
124.0,98.00895
123.0,102.801025
122.0,102.26062
121.0,101.92678
120.0,102.15777
119.0,103.10253
118.0,104.32278
117.0,99.73766
116.0,98.89464
115.0,98.257
114.0,96.38239
113.0,97.06663
112.0,97.735596
111.0,94.99754
110.0,94.901695
109.0,95.483315
108.0,95.06833
107.0,92.027214
106.0,90.2304
105.0,91.37835
104.0,89.274345
103.0,91.028336
102.0,96.17135
101.0,93.22928
100.0,96.613014
99.0,96.75698
98.0,97.64649
97.0,96.27148
96.0,96.26448
95.0,95.11529
94.0,96.87984
93.0,92.63528
92.0,90.87812
91.0,89.48782
90.0,90.255585
89.0,92.78713
88.0,89.70587
87.0,86.20431
86.0,85.182846
85.0,86.263626
84.0,90.68555
83.0,86.85642
82.0,86.54782
81.0,81.84566
80.0,81.48877
79.0,75.92925
78.0,77.05307
77.0,78.346504
76.0,77.45499
75.0,78.29766
74.0,77.36801
73.0,73.34748
72.0,71.99725
71.0,68.30639
70.0,66.5843
69.0,66.60333
68.0,60.87217
67.0,62.035873
66.0,55.901726
65.0,52.771744
64.0,55.22347
63.0,55.16087
62.0,53.33006
61.0,49.575794
60.0,52.07886
59.0,50.564762
58.0,51.92947
57.0,53.520443
56.0,53.35015
55.0,49.463623
54.0,48.51548
53.0,47.50416
52.0,47.266277
51.0,47.47902
50.0,49.549442
49.0,46.181225
48.0,42.03864
47.0,40.64648
46.0,37.425434
45.0,40.85872
44.0,39.054
43.0,40.98164
42.0,42.87405
41.0,44.718075
40.0,43.376354
39.0,44.18521
38.0,39.98334
37.0,37.16596
36.0,37.90007
35.0,35.69852
34.0,34.22233
33.0,31.076824
32.0,31.333513
31.0,30.86116
30.0,29.62244
29.0,26.166246
28.0,25.531666
27.0,24.309637
26.0,22.305914
25.0,20.507141
24.0,19.49158
23.0,18.396606
22.0,19.815481
21.0,20.974012
20.0,21.279234
19.0,19.946608
18.0,19.865524
17.0,17.975351
16.0,16.248922
15.0,15.93349
14.0,15.60792
13.0,16.170197
12.0,16.586206
125.0,116.50642
125.0,114.31822
125.0,114.34836
125.0,116.91558
125.0,113.6744
125.0,113.15034
125.0,116.24078
125.0,118.88084
125.0,116.386284
125.0,113.82899
125.0,113.93718
125.0,114.71784
125.0,112.946556
125.0,111.40457
125.0,111.07384
125.0,113.05465
125.0,113.35185
125.0,113.69884
125.0,113.29642
125.0,114.013794
125.0,113.89354
125.0,111.95058
125.0,111.76792
125.0,115.63575
125.0,117.64553
125.0,119.52004
125.0,115.78585
125.0,112.89201
125.0,114.0493
125.0,112.2449
125.0,110.67702
125.0,112.85336
125.0,110.39142
125.0,113.23896
125.0,113.138794
125.0,116.18552
125.0,117.404785
125.0,114.84847
125.0,112.75212
125.0,111.91508
125.0,112.47678
125.0,112.583694
124.0,110.32045
123.0,111.5831
122.0,110.18864
121.0,109.752205
120.0,109.2662
119.0,108.11395
118.0,104.02468
117.0,107.11618
116.0,101.51318
115.0,101.450134
114.0,104.80127
113.0,105.82215
112.0,104.92802
111.0,105.2991
110.0,106.74062
109.0,105.36835
108.0,101.30717
107.0,102.07388
106.0,104.04027
105.0,104.31468
104.0,106.209
103.0,104.73586
102.0,107.96666
101.0,105.60206
100.0,102.5642
99.0,104.118645
98.0,105.45075
97.0,104.05295
96.0,102.4429
95.0,99.72236
94.0,101.37988
93.0,105.32057
92.0,107.16374
91.0,108.62096
90.0,108.54555
89.0,105.80308
88.0,100.69142
87.0,104.11123
86.0,104.46352
85.0,104.517265
84.0,103.34667
83.0,101.41087
82.0,103.9535
81.0,105.82417
80.0,101.56244
79.0,95.640045
125.0,122.31989
125.0,119.779945
125.0,118.83549
125.0,116.34334
124.0,116.62838
123.0,116.78987
122.0,116.29666
121.0,116.705894
125.0,119.06301
125.0,121.12029
125.0,122.14844
125.0,119.42728
125.0,118.71565
125.0,118.21959
125.0,117.67171
125.0,117.075455
125.0,115.65579
125.0,113.54344
125.0,113.200066
125.0,113.556656
125.0,114.8467
125.0,114.837425
125.0,115.77922
125.0,114.34384
125.0,114.816086
125.0,113.627884
125.0,111.78796
125.0,110.705826
125.0,113.22241
125.0,114.45102
125.0,114.072075
125.0,115.41825
125.0,116.03433
125.0,115.9265
125.0,116.44344
125.0,116.431984
125.0,119.96651
125.0,116.5986
125.0,116.45497
125.0,119.103165
125.0,118.276215
125.0,114.068924
125.0,115.65886
125.0,115.07272
125.0,113.204926
125.0,114.95917
125.0,113.49441
125.0,110.41932
125.0,111.85658
124.0,111.38562
123.0,109.76317
122.0,106.88515
121.0,105.63039
120.0,105.791046
119.0,103.28979
118.0,106.21657
117.0,107.07466
116.0,105.01127
115.0,106.1894
114.0,109.56286
113.0,109.6534
112.0,110.35466
111.0,111.24389
110.0,108.23232
109.0,108.358894
108.0,106.89638
107.0,107.64473
106.0,108.42358
105.0,105.974686
104.0,103.39287
103.0,103.194664
102.0,101.01273
101.0,102.61425
100.0,105.114624
99.0,104.36296
98.0,108.2104
97.0,105.34584
96.0,102.30659
95.0,104.7966
94.0,103.77265
93.0,99.914215
92.0,98.38505
91.0,96.9843
90.0,99.26517
89.0,101.52598
88.0,94.8865
107.0,118.35635
106.0,116.66287
105.0,116.05108
104.0,115.875084
103.0,115.156784
102.0,113.75848
101.0,111.30223
100.0,110.72387
99.0,113.254875
98.0,112.564224
97.0,111.0222
96.0,113.2508
95.0,111.88221
94.0,112.12127
93.0,114.28317
92.0,115.75237
91.0,118.73286
90.0,119.20565
89.0,121.813866
88.0,120.38684
125.0,115.22691
125.0,117.09033
125.0,116.67686
125.0,118.2326
125.0,116.074905
125.0,117.96847
125.0,118.148224
125.0,116.91244
125.0,117.025856
125.0,115.15996
125.0,114.66162
125.0,116.63969
125.0,117.92562
125.0,117.84745
125.0,113.9486
125.0,110.826614
125.0,110.19464
125.0,108.08484
125.0,110.674835
125.0,111.40637
125.0,113.044174
125.0,114.171
125.0,114.45289
125.0,118.114296
125.0,117.01943
125.0,118.473526
125.0,115.9661
125.0,114.61091
125.0,116.63816
125.0,115.57971
125.0,116.29459
125.0,112.97844
125.0,116.15294
125.0,114.09512
125.0,113.59334
125.0,112.90783
125.0,112.58138
125.0,115.19401
125.0,115.31709
125.0,112.99198
125.0,111.04916
125.0,110.448166
125.0,110.23408
125.0,112.11508
125.0,112.64628
125.0,113.95137
125.0,116.03518
125.0,112.70772
125.0,112.0598
125.0,113.4553
125.0,115.693474
125.0,114.20864
125.0,111.393974
125.0,113.07204
125.0,111.87493
125.0,110.575645
125.0,111.620575
125.0,109.92786
125.0,113.737495
125.0,112.431984
125.0,107.077866
125.0,106.18348
125.0,107.6245
125.0,110.521736
125.0,107.77267
125.0,111.44687
125.0,107.668976
125.0,106.61081
125.0,107.2343
125.0,108.56761
125.0,108.25278
125.0,109.83528
125.0,106.77187
125.0,108.81546
125.0,107.68019
125.0,108.91804
125.0,104.91614
125.0,109.370605
125.0,112.9028
125.0,113.60104
125.0,110.954544
125.0,111.43336
125.0,114.55897
125.0,114.01314
125.0,114.197044
125.0,110.3813
125.0,112.810074
125.0,109.7413
125.0,107.63629
125.0,105.22723
125.0,101.68433
125.0,100.45539
125.0,101.765175
125.0,98.86201
125.0,100.07502
125.0,97.43709
125.0,99.30636
125.0,99.46593
125.0,100.81561
125.0,100.33871
125.0,99.14159
125.0,101.65402
125.0,101.56487
125.0,99.62676
124.0,100.18388
123.0,98.39337
122.0,98.93048
121.0,90.64904
120.0,88.21152
119.0,90.109215
118.0,90.59696
117.0,90.93164
116.0,94.674736
115.0,95.98923
114.0,95.10605
113.0,93.249664
112.0,92.41612
111.0,94.04533
110.0,97.43041
109.0,95.59627
108.0,95.26467
107.0,94.69616
106.0,93.89901
105.0,95.939865
104.0,94.59996
103.0,96.40321
102.0,93.280846
101.0,90.20288
100.0,91.53635
99.0,90.340454
98.0,86.3634
97.0,90.29936
96.0,88.92481
95.0,84.76559
94.0,88.81952
93.0,84.98305
92.0,86.71192
91.0,88.14313
90.0,82.459465
89.0,84.50316
88.0,84.95742
87.0,86.260574
86.0,83.60118
85.0,81.526596
84.0,82.431496
83.0,82.60839
82.0,79.84244
81.0,80.175385
80.0,74.205635
79.0,68.18115
78.0,69.202065
77.0,61.18943
76.0,63.48741
75.0,60.832886
74.0,68.964165
73.0,64.86198
72.0,69.68847
71.0,74.90315
70.0,72.97504
69.0,72.429794
68.0,69.92659
67.0,70.24044
66.0,66.47683
65.0,61.897915
64.0,56.87578
63.0,54.15867
62.0,54.93427
61.0,56.526123
60.0,55.910454
59.0,51.847515
58.0,51.90222
57.0,45.33134
56.0,40.986458
125.0,110.713455
125.0,108.678215
125.0,109.87768
125.0,112.15728
125.0,111.221954
125.0,107.72295
125.0,106.50522
125.0,108.392555
125.0,108.485916
125.0,109.35697
125.0,108.5034
125.0,112.4071
125.0,113.329315
125.0,112.66395
125.0,110.248665
125.0,111.94428
125.0,106.30586
125.0,106.897156
125.0,105.92271
125.0,105.79439
125.0,104.000084
125.0,106.77233
125.0,107.67351
125.0,108.68485
125.0,107.73231
125.0,108.38926
125.0,108.98958
125.0,107.161095
125.0,107.08246
125.0,106.08113
125.0,106.52402
125.0,107.87878
125.0,107.0246
125.0,111.794106
125.0,112.6461
125.0,110.637856
125.0,112.19822
125.0,112.46295
125.0,112.10796
125.0,111.82491
125.0,115.443825
125.0,113.432526
125.0,113.50209
125.0,111.28835
125.0,108.405624
125.0,106.041534
125.0,108.9401
125.0,106.223946
125.0,104.239
125.0,105.18016
125.0,106.87599
125.0,107.35791
125.0,109.152985
125.0,106.91964
125.0,107.33817
125.0,110.76957
125.0,110.33015
125.0,106.65298
125.0,108.17606
125.0,109.487015
125.0,107.977615
125.0,107.53545
125.0,112.774765
125.0,109.18808
125.0,109.5221
125.0,102.38931
125.0,103.048294
125.0,101.17459
125.0,100.22929
125.0,103.19853
125.0,105.91826
125.0,102.440025
125.0,105.019905
125.0,102.92071
125.0,102.66797
125.0,101.407135
125.0,103.857
125.0,99.56457
125.0,101.95853
125.0,98.34057
125.0,99.7457
125.0,99.83887
125.0,99.70845
125.0,98.46458
125.0,98.86759
125.0,94.16869
125.0,93.06259
125.0,93.94178
125.0,97.862564
125.0,95.93728
125.0,95.58322
125.0,95.20751
125.0,95.79796
125.0,93.95856
125.0,90.769646
125.0,94.31125
125.0,96.757225
125.0,96.48015
125.0,99.13226
125.0,99.52633
125.0,100.00665
124.0,98.79786
123.0,97.43259
122.0,95.36016
121.0,95.25959
120.0,93.53678
119.0,94.553345
118.0,98.80075
117.0,97.175224
116.0,92.535614
115.0,93.94055
114.0,87.53907
113.0,85.55852
112.0,85.51562
111.0,86.76231
110.0,85.2761
109.0,85.23227
108.0,87.60435
107.0,92.5513
106.0,96.02486
105.0,97.72135
104.0,89.46893
103.0,88.08188
102.0,92.34427
101.0,87.09896
100.0,88.21879
99.0,89.11519
98.0,90.999306
97.0,90.58549
96.0,86.24756
95.0,84.620964
94.0,79.07316
125.0,114.933174
125.0,116.16421
125.0,118.10511
125.0,118.12095
125.0,118.34231
125.0,118.260185
125.0,116.920364
125.0,118.39093
125.0,116.4557
125.0,118.63904
125.0,117.875694
125.0,115.34564
125.0,114.72289
125.0,113.014336
125.0,113.5999
125.0,112.79408
125.0,113.52529
125.0,109.169464
125.0,109.64005
125.0,112.381485
125.0,114.655655
125.0,113.69943
125.0,114.39841
125.0,116.88007
125.0,115.84667
125.0,113.77813
125.0,112.8256
125.0,109.02071
125.0,109.64109
125.0,109.00159
125.0,105.685135
125.0,103.55353
125.0,104.4675
125.0,103.33604
125.0,106.683624
125.0,109.65898
125.0,108.88475
125.0,110.19821
125.0,108.09648
125.0,108.865234
125.0,110.85727
125.0,108.658104
125.0,109.23715
125.0,114.74547
125.0,118.88437
125.0,118.05454
125.0,119.29435
125.0,118.65707
125.0,117.758575
125.0,117.68192
125.0,119.2352
125.0,120.146576
125.0,117.23171
125.0,117.68152
125.0,114.888054
125.0,115.17115
125.0,114.40391
125.0,113.91846
125.0,113.17031
125.0,111.37001
125.0,110.422325
125.0,108.56722
125.0,108.99216
125.0,108.18368
125.0,108.62301
125.0,105.79842
125.0,104.75036
125.0,103.78252
125.0,104.5494
125.0,107.238945
125.0,104.26199
125.0,102.5624
125.0,100.66924
125.0,104.83235
125.0,103.92335
125.0,100.19513
125.0,101.650795
125.0,102.12521
125.0,101.43896
125.0,101.56451
125.0,101.63914
125.0,103.48112
125.0,107.014465
125.0,107.82039
125.0,104.9083
125.0,106.876175
125.0,105.84397
125.0,102.49567
125.0,97.12544
125.0,96.97717
125.0,96.80785
125.0,98.898605
124.0,98.99202
123.0,98.873245
122.0,104.02429
121.0,104.81033
120.0,106.03773
119.0,106.160126
118.0,107.85292
117.0,107.10213
116.0,104.415924
115.0,102.483986
114.0,102.12346
113.0,103.64876
112.0,99.65849
111.0,101.53219
110.0,105.57145
109.0,106.08555
108.0,104.21292
107.0,101.82678
106.0,100.26433
105.0,99.41612
104.0,97.773865
103.0,93.19432
102.0,94.23953
101.0,93.85031
100.0,95.05023
99.0,96.74834
98.0,98.879555
97.0,98.87962
96.0,99.12254
95.0,98.962326
94.0,95.15598
93.0,95.81179
92.0,91.454346
91.0,88.56312
90.0,85.57128
89.0,85.200294
125.0,120.369835
125.0,120.11297
125.0,120.35343
125.0,119.51544
125.0,119.902596
124.0,120.9238
123.0,120.0521
122.0,119.67736
121.0,118.39929
120.0,119.481606
119.0,119.14114
118.0,119.820625
117.0,117.31701
116.0,118.21101
115.0,118.70398
114.0,118.629196
113.0,118.17515
112.0,116.50994
111.0,117.408455
110.0,118.36235
109.0,116.95042
108.0,116.840996
107.0,118.416306
106.0,116.82081
105.0,114.08451
104.0,114.4634
103.0,115.23661
102.0,113.97385
101.0,113.947945
100.0,114.174095
99.0,112.16591
98.0,112.600624
97.0,112.906944
96.0,112.79288
95.0,114.44756
94.0,115.468506
93.0,117.64587
92.0,114.39416
91.0,114.59293
90.0,112.80169
89.0,114.3559
88.0,114.17516
87.0,114.34957
86.0,111.361916
85.0,112.61701
84.0,110.15894
83.0,110.10938
82.0,109.68245
81.0,107.12592
80.0,107.81395
79.0,110.24147
78.0,110.972046
77.0,111.61204
76.0,112.43234
75.0,110.24239
74.0,109.850945
73.0,111.01393
72.0,110.35289
71.0,109.31595
70.0,107.967224
69.0,107.449486
68.0,108.232796
67.0,109.80853
66.0,106.918526
65.0,107.31664
64.0,107.362206
63.0,103.2859
62.0,104.047226
61.0,102.62622
60.0,101.11542
59.0,102.40017
58.0,101.184685
57.0,100.614334
56.0,101.49854
55.0,97.48994
54.0,93.28
53.0,94.4892
52.0,93.82795
51.0,93.05932
50.0,87.338295
49.0,83.433624
48.0,80.864136
47.0,82.29141
46.0,77.72316
45.0,74.96832
44.0,75.14006
43.0,74.433044
42.0,74.46681
41.0,75.42447
125.0,108.22113
125.0,110.96138
125.0,111.94559
125.0,111.23614
125.0,104.147606
125.0,102.52516
125.0,102.60615
125.0,101.76477
125.0,100.36487
125.0,100.44103
125.0,97.74485
125.0,101.535324
125.0,101.50473
125.0,103.1638
125.0,100.102875
125.0,102.49607
125.0,104.2144
125.0,102.98376
125.0,104.76458
125.0,104.81869
125.0,108.01518
125.0,108.14528
125.0,107.06189
125.0,105.57686
125.0,103.82149
125.0,104.70431
125.0,107.2617
125.0,106.205505
125.0,104.77073
125.0,101.42136
125.0,103.210464
125.0,102.714455
125.0,102.92007
125.0,101.26891
125.0,100.43827
125.0,101.67455
125.0,101.53289
125.0,103.494255
125.0,106.45591
125.0,107.810646
125.0,107.89955
125.0,104.71341
125.0,106.29619
125.0,97.91157
124.0,97.53668
123.0,94.75185
122.0,98.26074
121.0,97.114876
120.0,99.00808
119.0,102.5523
118.0,105.823326
117.0,102.233986
116.0,103.42043
115.0,104.22185
114.0,105.03176
113.0,104.05597
112.0,103.17592
111.0,100.18627
110.0,97.204384
109.0,92.523384
108.0,94.316956
107.0,87.416145
106.0,94.70796
105.0,92.37787
104.0,92.98672
103.0,95.084366
102.0,89.08424
101.0,91.07427
100.0,92.14983
99.0,91.98661
98.0,88.292816
97.0,85.97332
96.0,86.050095
95.0,86.39892
94.0,87.50236
93.0,84.444016
92.0,82.54767
91.0,76.98589
90.0,77.23279
89.0,74.87977
88.0,71.861305
87.0,78.06521
86.0,73.86859
85.0,72.343414
84.0,70.158516
83.0,66.491264
82.0,68.867775
81.0,69.85125
80.0,70.69235
79.0,72.07442
78.0,71.359795
77.0,67.80186
76.0,70.01694
75.0,67.91114
74.0,67.48633
73.0,65.62897
72.0,60.14086
71.0,60.344692
70.0,61.452995
69.0,59.823666
68.0,52.430702
67.0,49.972454
66.0,52.95997
65.0,53.489033
64.0,53.149757
63.0,50.842896
62.0,47.6421
61.0,46.056114
60.0,45.205616
59.0,42.768505
58.0,44.69767
57.0,40.842945
56.0,38.0732
55.0,39.920193
54.0,39.15132
53.0,38.73579
52.0,35.722347
51.0,38.700912
50.0,39.00078
125.0,111.32796
125.0,110.20606
125.0,110.00468
125.0,110.30552
125.0,111.4179
125.0,109.09721
125.0,107.75256
125.0,106.90936
125.0,102.227196
125.0,100.81817
125.0,99.69081
125.0,99.7796
125.0,101.61184
125.0,101.48858
125.0,104.04632
125.0,106.014725
125.0,108.75692
125.0,107.92214
125.0,105.69812
125.0,106.10685
125.0,105.30654
125.0,106.45055
125.0,109.076744
125.0,107.954155
125.0,107.92065
125.0,109.95585
125.0,105.452644
125.0,104.097855
125.0,102.71519
125.0,104.55376
125.0,101.64219
125.0,106.04088
125.0,103.56905
125.0,104.65818
125.0,102.52987
125.0,103.6694
125.0,104.422676
125.0,107.605545
125.0,107.28745
125.0,107.73014
125.0,104.622375
125.0,105.538536
125.0,103.196594
125.0,104.5884
125.0,104.10778
125.0,102.33309
125.0,101.621414
125.0,105.01413
125.0,103.78336
125.0,105.97092
125.0,107.74502
125.0,108.26261
125.0,109.35371
125.0,106.30234
125.0,110.24872
125.0,110.17737
125.0,109.56055
125.0,106.355415
125.0,103.93441
125.0,103.21819
125.0,101.17886
125.0,100.50208
125.0,98.23438
125.0,97.239334
125.0,99.33161
125.0,95.80858
125.0,97.84827
125.0,99.38422
125.0,101.7538
125.0,95.03676
125.0,94.223366
125.0,98.40394
125.0,97.512184
125.0,99.071205
125.0,96.21173
125.0,96.3593
125.0,93.93614
125.0,91.825554
125.0,92.46636
125.0,90.73248
125.0,92.7814
125.0,92.94562
125.0,126.025856
125.0,127.239914
125.0,129.0247
125.0,127.47112
125.0,126.852036
125.0,126.151505
125.0,126.11179
125.0,125.06823
125.0,123.86527
125.0,123.45628
125.0,123.88459
125.0,122.085075
125.0,123.2131
125.0,125.28074
125.0,125.06053
125.0,124.51689
125.0,124.70125
125.0,125.31504
125.0,125.14852
125.0,124.35394
125.0,124.76289
125.0,124.50065
125.0,124.3668
125.0,123.272545
125.0,123.10603
125.0,124.47466
125.0,122.85157
125.0,123.31566
125.0,123.01265
125.0,123.01438
125.0,122.22104
125.0,123.392395
125.0,121.85766
125.0,123.10064
125.0,123.449135
125.0,122.30657
125.0,122.0966
125.0,123.88794
125.0,124.56806
125.0,124.553665
125.0,125.34994
125.0,124.95959
125.0,125.452415
125.0,124.40509
125.0,124.238976
125.0,124.04303
125.0,122.19622
125.0,122.43274
125.0,126.69949
125.0,128.87785
125.0,129.6276
125.0,127.484474
125.0,126.980545
125.0,125.4537
125.0,125.40983
125.0,126.17135
125.0,126.918686
125.0,130.24927
125.0,128.76057
125.0,129.58485
125.0,126.397285
125.0,125.1511
125.0,127.87187
125.0,126.66243
125.0,128.8234
125.0,130.9635
125.0,128.42148
125.0,127.43489
125.0,127.8296
125.0,130.7053
125.0,130.1925
125.0,128.5527
125.0,128.54024
125.0,129.0275
125.0,128.64856
125.0,129.68147
125.0,128.5502
125.0,127.734024
125.0,128.47197
125.0,128.09737
125.0,128.68518
125.0,127.79467
125.0,126.60857
125.0,126.95259
125.0,128.66446
125.0,129.24258
125.0,127.83216
125.0,128.66516
125.0,128.0479
125.0,128.25697
125.0,127.48925
125.0,127.06641
125.0,126.85677
125.0,127.98525
125.0,126.920105
125.0,126.01587
125.0,126.281975
125.0,126.464264
125.0,127.51207
125.0,127.03179
125.0,126.82041
125.0,126.491936
125.0,126.71332
125.0,126.437874
125.0,126.365814
125.0,128.52448
125.0,127.76273
125.0,128.91667
125.0,129.42879
125.0,128.0026
125.0,128.63016
125.0,129.68013
125.0,129.69748
125.0,128.19444
125.0,127.96773
125.0,127.49587
125.0,126.68589
125.0,126.35194
125.0,124.374565
125.0,124.3137
125.0,124.24886
125.0,125.44781
125.0,125.30328
125.0,125.82323
125.0,126.83751
125.0,125.560524
125.0,125.913414
125.0,126.44425
125.0,125.12556
125.0,123.51242
125.0,124.66232
125.0,125.45279
125.0,124.50456
125.0,125.75653
125.0,124.50739
125.0,124.273224
125.0,122.66767
125.0,123.35771
125.0,122.12514
125.0,122.60547
125.0,123.39233
125.0,123.910576
125.0,124.398056
125.0,125.541466
125.0,126.09371
125.0,126.08936
125.0,126.13872
125.0,124.72029
125.0,125.56429
125.0,126.02891
125.0,124.1524
125.0,121.35301
125.0,123.20407
125.0,121.8462
125.0,122.009514
125.0,121.88001
125.0,122.26661
125.0,121.4011
125.0,120.396614
125.0,120.6402
125.0,123.48042
125.0,122.8822
125.0,122.012115
125.0,123.165596
125.0,122.153145
125.0,124.175224
125.0,124.46188
125.0,123.69734
125.0,122.92091
125.0,121.95026
125.0,121.55908
125.0,119.76641
125.0,121.26837
125.0,121.24195
125.0,120.46587
125.0,118.570625
124.0,116.83257
123.0,116.80457
122.0,117.54185
121.0,118.669205
120.0,117.4252
119.0,117.34803
118.0,118.20829
117.0,119.18562
116.0,117.588295
115.0,116.63135
114.0,115.66752
113.0,114.86871
112.0,115.396675
111.0,114.368095
110.0,113.9171
109.0,113.80128
108.0,114.61406
107.0,112.05593
106.0,113.02934
105.0,111.11872
104.0,111.78735
103.0,109.766945
102.0,111.0212
101.0,111.64791
100.0,112.638725
99.0,113.21454
98.0,111.196655
97.0,112.877396
96.0,111.74693
95.0,112.40184
94.0,110.583115
93.0,109.62552
92.0,109.052376
91.0,105.46115
90.0,105.79059
89.0,102.97675
88.0,104.9555
87.0,103.072174
86.0,101.54263
85.0,102.05577
84.0,104.330765
83.0,103.55143
82.0,103.86424
81.0,104.80546
80.0,106.90547
79.0,106.31506
78.0,106.17283
77.0,106.298584
76.0,104.67118
75.0,102.2466
74.0,102.872505
73.0,103.577675
72.0,103.153435
71.0,102.97518
70.0,99.88847
69.0,98.49778
68.0,91.29216
67.0,89.54683
66.0,87.93362
65.0,86.12867
64.0,82.992615
63.0,80.426636
62.0,81.263985
61.0,79.29261
60.0,79.7545
59.0,82.96354
125.0,122.93521
125.0,123.98177
125.0,125.101105
125.0,126.05611
125.0,124.35976
125.0,124.3024
125.0,125.150856
125.0,123.846054
125.0,124.554825
125.0,122.21192
125.0,121.44968
125.0,121.0224
125.0,121.98222
125.0,122.6119
125.0,123.44436
125.0,123.45427
125.0,125.81992
125.0,125.49899
125.0,123.42417
125.0,123.77546
125.0,123.97826
125.0,122.88891
125.0,122.11134
125.0,120.30216
125.0,119.72863
125.0,121.94377
125.0,123.05032
125.0,123.33187
125.0,120.84936
125.0,120.73971
125.0,119.96389
125.0,119.975914
125.0,120.22075
125.0,122.15086
125.0,120.280396
125.0,121.43834
125.0,121.61055
125.0,121.00078
125.0,118.67733
125.0,119.90642
125.0,121.769966
125.0,122.429016
125.0,122.68102
125.0,122.7859
125.0,122.2762
125.0,122.30182
125.0,120.16
125.0,119.799614
125.0,117.86768
125.0,118.56422
125.0,117.36424
125.0,117.32386
125.0,117.343864
125.0,117.66817
125.0,118.08698
125.0,118.071526
125.0,120.31296
125.0,115.072075
125.0,113.434135
125.0,112.342735
125.0,114.27304
125.0,112.09893
125.0,113.51459
125.0,113.366066
125.0,115.079
125.0,115.16596
125.0,116.21532
125.0,118.13055
125.0,117.477806
125.0,114.29228
125.0,115.06184
125.0,114.17526
125.0,113.039474
125.0,113.22933
125.0,113.736374
125.0,114.82104
125.0,116.640076
125.0,117.995766
125.0,119.71147
125.0,120.46057
125.0,120.3692
125.0,120.27705
125.0,119.511154
125.0,118.71588
125.0,119.96776
125.0,118.403275
125.0,122.576775
125.0,123.080414
125.0,122.137535
125.0,120.075745
125.0,117.41869
125.0,114.829384
125.0,113.717316
125.0,112.79796
125.0,113.47847
125.0,112.32523
125.0,113.53451
125.0,117.8255
125.0,119.26987
125.0,118.89283
124.0,117.28495
123.0,116.34804
122.0,116.08879
121.0,113.560455
120.0,118.6571
119.0,118.79379
118.0,117.14395
125.0,130.53198
125.0,131.17464
125.0,131.01076
125.0,130.76303
125.0,129.84517
125.0,130.29861
125.0,130.31215
125.0,129.89862
125.0,129.87279
125.0,130.0835
125.0,129.6524
125.0,131.14694
125.0,132.02507
125.0,131.93513
125.0,132.56586
125.0,132.20897
125.0,131.65417
125.0,131.17406
125.0,131.75755
125.0,131.7378
125.0,132.97179
125.0,131.09177
125.0,130.85254
125.0,131.59154
125.0,130.31041
125.0,131.52559
125.0,131.87569
125.0,131.71143
125.0,132.37541
125.0,131.68382
125.0,130.9918
125.0,130.47496
125.0,130.50772
125.0,130.44717
125.0,129.3949
125.0,130.10295
125.0,130.18262
125.0,130.58058
125.0,130.78719
125.0,131.61745
125.0,131.0111
125.0,130.9687
125.0,128.87636
125.0,129.68689
125.0,129.6336
125.0,129.74683
125.0,130.66176
125.0,129.92433
125.0,130.44664
125.0,129.9874
125.0,131.00644
125.0,130.25752
125.0,128.97855
125.0,128.64186
125.0,129.21758
125.0,127.726746
125.0,129.28941
125.0,126.733734
125.0,127.95365
125.0,129.68227
125.0,130.26425
125.0,129.83653
125.0,129.71732
125.0,129.98581
125.0,131.18733
125.0,130.8302
125.0,129.85992
125.0,130.68619
125.0,130.45802
125.0,128.1906
125.0,127.10934
125.0,127.03158
125.0,130.66248
125.0,128.6864
125.0,128.22081
125.0,127.59004
125.0,127.955574
125.0,127.30624
125.0,126.793015
125.0,126.51359
125.0,128.03276
125.0,127.429855
125.0,125.59925
125.0,125.16636
125.0,124.861435
125.0,124.83098
125.0,127.157166
125.0,125.818756
125.0,124.854294
125.0,128.20042
125.0,130.5823
125.0,128.13823
125.0,125.336365
125.0,125.392975
125.0,126.093346
125.0,127.7706
125.0,126.89409
125.0,127.28153
125.0,127.852425
125.0,125.848785
125.0,126.579926
125.0,127.2503
125.0,127.071365
125.0,125.5352
125.0,125.12775
125.0,124.73365
125.0,125.76003
125.0,124.6808
125.0,124.09927
125.0,123.46311
125.0,124.13
125.0,123.340195
125.0,121.21732
125.0,121.99165
125.0,120.85794
125.0,121.26341
125.0,121.7513
125.0,124.49665
125.0,125.02341
125.0,125.25424
125.0,123.8114
125.0,123.17355
125.0,123.14354
125.0,123.37933
125.0,122.86204
125.0,121.34296
125.0,123.87101
125.0,121.81324
125.0,120.731476
125.0,121.1963
125.0,121.003075
125.0,121.81367
125.0,120.69489
125.0,122.11812
125.0,123.201965
125.0,123.254135
125.0,122.71342
125.0,122.44537
125.0,121.69893
125.0,121.450005
125.0,121.81829
125.0,121.96339
125.0,122.25078
125.0,119.461334
125.0,117.96673
124.0,118.25873
123.0,116.96568
122.0,116.753
121.0,117.29614
120.0,116.7386
119.0,117.64692
118.0,116.9717
117.0,115.17717
116.0,115.53822
115.0,115.01685
114.0,113.47318
113.0,112.35145
112.0,112.07043
111.0,112.403786
110.0,112.00339
109.0,112.20542
108.0,109.50084
107.0,110.03883
106.0,110.56386
105.0,111.98452
104.0,112.36426
103.0,110.939545
102.0,112.40449
101.0,112.44671
100.0,111.849525
99.0,106.961784
98.0,110.85683
97.0,111.71833
96.0,111.687256
95.0,107.706825
94.0,106.95922
93.0,104.1654
92.0,103.76277
91.0,101.3712
90.0,102.06844
89.0,100.22366
88.0,98.40454
87.0,100.15403
86.0,102.243484
85.0,101.00001
84.0,98.39797
83.0,102.498215
82.0,100.51075
81.0,98.0261
80.0,95.00389
79.0,93.42228
78.0,90.03479
77.0,92.103455
76.0,89.84144
75.0,87.63924
74.0,88.68742
73.0,87.88307
72.0,87.92391
71.0,89.10501
70.0,90.43799
69.0,83.45391
68.0,85.10948
67.0,80.71155
66.0,79.31637
65.0,81.321915
64.0,82.45335
63.0,81.48034
62.0,81.25146
61.0,76.475815
60.0,78.69418
59.0,72.89134
58.0,73.244804
57.0,71.82203
56.0,61.782997
55.0,59.56458
54.0,52.577946
53.0,53.345047
52.0,49.277912
51.0,49.105045
50.0,51.443924
49.0,46.21748
48.0,41.536976
47.0,37.67169
46.0,38.30034
45.0,35.829437
44.0,36.729073
43.0,36.1319
42.0,35.64895
41.0,37.419724
40.0,40.099567
39.0,38.510777
38.0,39.258556
37.0,33.17551
36.0,30.84812
35.0,29.947874
34.0,31.66953
33.0,31.005608
32.0,31.757784
31.0,33.064247
30.0,32.225033
29.0,32.409973
125.0,122.23802
125.0,124.227554
125.0,125.79649
125.0,123.43383
125.0,125.94403
125.0,127.28616
125.0,126.854836
125.0,125.54533
125.0,125.36803
125.0,125.22872
125.0,125.39309
125.0,127.33994
125.0,126.66866
125.0,128.03874
125.0,128.31447
125.0,127.82297
125.0,129.13509
125.0,128.19011
125.0,126.837494
125.0,125.959274
125.0,124.97219
125.0,124.658394
125.0,123.15226
125.0,121.39681
125.0,122.26866
125.0,122.758415
125.0,120.42105
125.0,122.625
125.0,123.01439
125.0,125.39443
125.0,127.00428
125.0,127.469734
125.0,125.801476
125.0,125.04524
125.0,125.63777
125.0,126.1602
125.0,124.72159
125.0,124.24934
125.0,126.495705
125.0,125.32705
124.0,125.3445
123.0,126.191
122.0,125.72412
121.0,124.5796
120.0,122.512085
119.0,122.5976
118.0,122.92422
117.0,123.377365
116.0,123.49805
125.0,95.9114
125.0,99.96234
125.0,106.17179
125.0,103.22238
125.0,98.8669
125.0,96.95786
125.0,98.9471
125.0,96.73259
125.0,93.59821
125.0,93.1004
125.0,94.51735
125.0,93.34921
125.0,93.96975
125.0,97.56443
125.0,99.86952
125.0,98.92957
125.0,94.88104
125.0,96.13539
125.0,94.04016
125.0,95.38825
125.0,96.1194
125.0,96.895584
125.0,96.96168
125.0,95.49169
125.0,97.39225
125.0,95.564224
125.0,96.701355
125.0,100.89135
125.0,100.45676
125.0,94.57404
125.0,95.38402
125.0,92.20269
125.0,91.72702
125.0,94.61269
125.0,93.99763
125.0,94.27749
125.0,98.64087
125.0,96.54489
125.0,91.68273
125.0,89.35185
125.0,88.56757
125.0,87.0758
125.0,83.84603
125.0,83.60395
125.0,80.19568
125.0,80.2455
125.0,84.005196
125.0,90.00137
125.0,89.50439
125.0,93.64574
125.0,93.5499
125.0,95.889626
125.0,96.01679
125.0,96.47884
125.0,93.49338
124.0,89.17794
123.0,90.15371
122.0,89.985565
121.0,87.958855
120.0,89.10528
119.0,87.6666
118.0,82.61853
117.0,81.41723
116.0,83.21901
115.0,86.95052
114.0,86.233246
113.0,81.15344
112.0,81.27897
111.0,77.34163
110.0,76.79797
109.0,77.20804
108.0,77.871994
107.0,79.52043
106.0,78.85586
105.0,75.57478
104.0,73.5078
103.0,75.22513
102.0,77.723434
101.0,73.47601
100.0,76.64302
99.0,73.77262
98.0,74.33641
97.0,71.37524
96.0,69.73482
95.0,70.27324
94.0,70.062515
93.0,67.07848
92.0,65.97317
91.0,68.52661
90.0,68.602516
89.0,70.32983
88.0,66.429146
125.0,117.834404
125.0,117.621445
125.0,118.403275
125.0,116.00216
125.0,115.08191
125.0,116.15536
125.0,112.98713
125.0,115.08941
125.0,114.44622
125.0,115.67159
125.0,113.2083
125.0,112.696884
125.0,112.03189
125.0,114.095955
125.0,111.98796
125.0,113.41368
125.0,111.63115
125.0,109.42756
125.0,110.26626
125.0,114.91865
125.0,116.9222
125.0,115.29812
125.0,116.16368
125.0,115.52246
125.0,117.72146
125.0,120.23713
125.0,119.68367
125.0,119.78604
125.0,118.120834
125.0,119.0787
125.0,119.58995
125.0,119.181786
125.0,116.8144
125.0,115.090996
125.0,115.18583
125.0,112.42388
125.0,111.699814
125.0,109.16761
125.0,107.962746
125.0,108.77209
125.0,112.58798
125.0,113.43649
125.0,112.54566
125.0,113.32838
125.0,114.78314
125.0,114.50389
125.0,114.92832
125.0,108.20586
125.0,108.53763
125.0,110.82481
125.0,112.08105
125.0,109.57134
125.0,110.448715
125.0,107.47936
125.0,106.77681
125.0,105.944275
125.0,106.96518
125.0,109.24129
125.0,107.04067
125.0,109.20039
125.0,110.81195
125.0,110.13422
125.0,111.16877
125.0,107.43743
125.0,107.59019
125.0,107.71903
125.0,111.084015
125.0,110.50161
125.0,108.708565
125.0,111.58144
125.0,112.36356
125.0,109.49127
125.0,109.4096
125.0,108.63731
125.0,108.370705
125.0,108.28506
125.0,106.783714
125.0,107.420074
125.0,106.7474
125.0,104.81873
125.0,106.981
125.0,105.69321
125.0,107.22102
125.0,107.76384
125.0,108.97845
125.0,107.71598
125.0,109.58582
125.0,111.490326
125.0,112.197624
125.0,109.0608
125.0,111.2206
125.0,109.48017
125.0,109.09845
125.0,109.05491
125.0,108.74567
125.0,107.6179
125.0,107.41265
125.0,108.21091
125.0,105.222824
125.0,105.01847
125.0,109.417854
125.0,111.23664
125.0,111.14155
125.0,110.323555
125.0,108.57394
125.0,111.69049
125.0,111.21242
125.0,110.79268
125.0,107.847046
125.0,106.67374
125.0,106.86606
125.0,106.16456
125.0,109.06215
125.0,108.47831
125.0,111.28485
125.0,111.09038
125.0,109.34833
125.0,108.70491
125.0,109.73012
125.0,107.85939
125.0,105.58127
125.0,103.596565
125.0,100.292366
125.0,100.25523
124.0,97.14964
123.0,96.29766
122.0,100.07689
121.0,103.48481
120.0,102.08269
119.0,100.31925
118.0,99.44351
117.0,98.3471
116.0,97.69969
115.0,98.425255
114.0,100.645905
113.0,97.5263
112.0,99.11026
111.0,97.361275
110.0,97.38659
109.0,93.39922
108.0,91.14727
107.0,90.831894
106.0,85.699295
105.0,83.640076
104.0,89.890656
103.0,88.7934
102.0,93.643
101.0,98.0102
100.0,93.90306
99.0,95.1617
98.0,92.42781
97.0,93.99761
96.0,96.6199
95.0,96.57254
94.0,94.77161
93.0,93.62444
125.0,129.6854
125.0,129.37189
125.0,128.44846
125.0,127.52011
125.0,129.0751
125.0,129.4312
125.0,129.50319
125.0,129.96715
125.0,129.74004
125.0,128.40817
125.0,127.18879
125.0,128.03893
125.0,128.04507
125.0,126.48442
125.0,126.729355
125.0,127.363396
125.0,128.88878
125.0,129.37746
125.0,128.38824
125.0,128.8259
125.0,126.93721
125.0,128.28618
125.0,129.99286
125.0,129.17172
125.0,128.3387
125.0,127.17302
125.0,126.636055
125.0,126.17394
125.0,127.15824
125.0,126.70586
125.0,126.88047
125.0,128.12083
125.0,129.91754
125.0,129.28009
125.0,129.09628
125.0,129.5895
125.0,129.05727
125.0,129.06851
125.0,129.57977
125.0,129.81549
125.0,130.37029
125.0,127.26289
125.0,128.32982
125.0,128.57245
125.0,130.04424
125.0,129.53963
125.0,128.9945
125.0,128.023
125.0,124.389175
125.0,123.91976
125.0,124.86726
125.0,124.67209
125.0,124.76049
125.0,124.54778
125.0,124.67286
125.0,127.27475
125.0,127.22829
125.0,126.53959
125.0,126.80748
125.0,128.70303
125.0,130.37852
125.0,126.600235
125.0,128.69427
125.0,128.80751
125.0,126.79569
125.0,128.16986
125.0,127.28074
125.0,128.31252
125.0,128.86864
125.0,127.50544
125.0,127.96055
125.0,126.756294
125.0,125.694725
125.0,124.6676
125.0,125.41951
125.0,126.17381
125.0,127.44655
125.0,127.58113
125.0,128.38428
125.0,128.2682
125.0,127.66988
125.0,127.434906
125.0,125.87749
125.0,124.48786
125.0,123.79957
125.0,123.57928
125.0,124.02605
125.0,124.877335
125.0,125.28363
125.0,125.385735
125.0,125.27324
125.0,124.162415
125.0,125.93332
125.0,125.93031
125.0,125.841545
125.0,126.13347
125.0,125.78067
125.0,126.26858
125.0,125.471664
125.0,125.59502
125.0,125.45714
125.0,126.94354
125.0,126.63361
125.0,126.25578
125.0,125.753075
125.0,123.636024
125.0,123.88809
125.0,124.29647
125.0,124.997536
125.0,125.81107
125.0,123.79543
125.0,124.51383
125.0,124.68738
125.0,125.63257
125.0,125.47027
125.0,124.166176
125.0,125.00977
125.0,124.15014
125.0,123.70607
125.0,124.241356
125.0,125.0959
125.0,123.91799
125.0,123.17057
125.0,124.471825
125.0,124.52588
125.0,124.90942
125.0,124.69395
125.0,124.10219
125.0,123.45742
125.0,123.24007
125.0,121.06036
125.0,121.53857
125.0,121.95286
125.0,121.60528
125.0,120.89649
125.0,121.82292
125.0,121.81567
124.0,121.9243
123.0,122.48138
122.0,123.24774
121.0,123.14694
120.0,120.39791
119.0,121.27828
118.0,120.762985
117.0,120.88244
116.0,121.251434
115.0,119.901146
114.0,119.84666
113.0,118.659744
112.0,117.70527
111.0,118.24554
110.0,116.67587
109.0,117.154884
108.0,116.88916
107.0,117.562965
106.0,117.754684
105.0,118.491394
104.0,119.95331
125.0,125.06923
125.0,124.215706
125.0,126.05198
125.0,126.00103
125.0,124.47618
125.0,126.25513
125.0,126.27611
125.0,125.602875
125.0,124.676865
125.0,124.81559
125.0,123.240875
125.0,123.850266
125.0,121.67011
125.0,123.81625
125.0,121.55616
125.0,120.384766
125.0,119.44224
125.0,120.72482
125.0,119.55972
125.0,117.39062
125.0,118.356636
125.0,120.343506
125.0,120.1915
125.0,119.97395
125.0,119.48772
125.0,121.46774
125.0,120.879166
125.0,120.93326
125.0,121.61738
125.0,122.87587
125.0,119.75212
125.0,119.56043
125.0,119.54492
125.0,119.557365
125.0,118.11614
125.0,118.75196
125.0,117.29699
125.0,120.14203
125.0,117.33063
125.0,117.52202
125.0,120.33903
125.0,119.87241
125.0,121.31938
125.0,123.79785
125.0,121.70535
125.0,122.91868
125.0,119.91099
125.0,119.95681
125.0,119.68389
125.0,122.801575
125.0,121.428696
124.0,121.70871
123.0,120.67169
122.0,122.35981
121.0,120.39238
120.0,121.29137
119.0,121.169464
118.0,120.42376
117.0,117.212875
116.0,117.83927
115.0,118.94562
114.0,117.993774
113.0,118.17176
112.0,117.1731
111.0,117.362854
110.0,118.8187
109.0,118.79496
108.0,118.46158
107.0,118.55608
106.0,118.89723
105.0,116.6019
104.0,114.89121
103.0,114.97844
102.0,116.395004
101.0,117.854004
117.0,107.83508
116.0,108.29363
115.0,108.04306
114.0,104.84949
113.0,108.215485
112.0,105.1455
111.0,104.20607
110.0,107.14015
109.0,107.3612
108.0,104.022224
107.0,99.130196
106.0,103.21251
105.0,103.21475
104.0,101.968025
103.0,100.016846
102.0,102.08875
101.0,103.72314
100.0,106.07308
99.0,106.09902
98.0,103.720276
97.0,102.7344
96.0,104.45708
95.0,105.231544
94.0,101.035805
93.0,103.24073
92.0,103.30319
91.0,106.043045
90.0,102.277115
89.0,98.659004
88.0,94.70548
87.0,94.38721
86.0,96.54702
85.0,101.26489
84.0,100.00042
83.0,99.911
82.0,95.92065
81.0,97.864914
80.0,98.43476
79.0,99.30348
78.0,101.89113
77.0,102.92391
76.0,99.19221
75.0,99.336716
74.0,97.81399
73.0,98.97879
72.0,98.280266
71.0,97.06266
70.0,96.93696
69.0,94.08559
68.0,94.07937
67.0,90.54933
66.0,89.6399
65.0,86.18456
64.0,86.69524
125.0,127.85605
125.0,127.11381
125.0,125.27144
125.0,123.160736
125.0,123.499596
125.0,124.887535
125.0,124.36443
125.0,123.242386
125.0,124.46832
125.0,125.00236
125.0,127.12537
125.0,125.766335
125.0,124.97437
125.0,126.758965
125.0,126.61424
125.0,125.89316
125.0,124.59868
125.0,124.22676
125.0,125.337395
125.0,124.94819
125.0,127.119705
125.0,126.96962
125.0,125.910866
125.0,124.42437
125.0,125.11143
125.0,126.56531
125.0,127.55988
125.0,127.34379
125.0,127.63125
125.0,127.53144
125.0,129.57867
125.0,126.936066
125.0,127.5091
125.0,126.40543
125.0,126.44419
125.0,127.9275
125.0,127.910194
125.0,126.41927
125.0,125.69418
125.0,125.166176
125.0,123.47745
125.0,122.66127
125.0,124.5453
125.0,125.61964
125.0,125.663666
125.0,124.20149
125.0,124.091965
125.0,123.843895
125.0,123.960106
125.0,124.71729
125.0,126.00431
125.0,125.87887
125.0,124.50753
125.0,124.185844
125.0,123.639824
125.0,122.15641
125.0,123.97264
125.0,123.74721
125.0,124.45089
125.0,125.69887
125.0,126.25754
125.0,127.89439
125.0,128.99632
125.0,128.26402
125.0,126.93871
125.0,127.47866
125.0,127.390045
125.0,127.31242
125.0,126.19759
125.0,126.0653
125.0,122.84983
125.0,124.97769
125.0,124.43036
125.0,126.8904
125.0,126.19476
125.0,126.81383
125.0,125.70405
125.0,123.84465
125.0,124.75633
125.0,124.35928
125.0,125.31296
125.0,126.32906
125.0,126.48901
125.0,125.79882
125.0,125.522705
125.0,126.86237
125.0,125.13004
125.0,123.632706
125.0,121.92873
125.0,123.45216
125.0,122.79889
125.0,123.87833
125.0,124.13842
125.0,123.70963
125.0,123.846634
125.0,122.303825
125.0,122.16409
125.0,122.40297
125.0,121.71839
125.0,122.21333
125.0,122.44451
125.0,121.73767
125.0,120.97809
125.0,121.80216
125.0,123.071365
125.0,121.90677
125.0,121.16319
125.0,121.965294
125.0,123.79611
125.0,124.24904
125.0,125.61121
125.0,125.433624
125.0,126.52852
125.0,126.24465
125.0,128.11974
125.0,127.93535
125.0,128.1438
125.0,128.26929
125.0,127.86806
125.0,129.73055
125.0,127.7789
125.0,126.89288
125.0,126.07074
125.0,122.20441
125.0,122.91752
125.0,122.45077
125.0,121.775345
125.0,123.66437
125.0,124.872604
125.0,124.95622
125.0,126.109
125.0,125.68744
125.0,124.499756
125.0,125.667915
125.0,124.207115
125.0,124.32755
125.0,125.660416
125.0,125.206635
125.0,124.962814
125.0,124.18059
125.0,124.03308
125.0,124.80627
125.0,123.89158
125.0,124.961
125.0,127.111
125.0,126.103355
125.0,125.811714
125.0,125.62859
125.0,124.31652
125.0,122.47192
125.0,121.97961
125.0,123.549866
125.0,124.14602
125.0,122.8507
125.0,120.19077
125.0,121.71443
125.0,120.23877
125.0,120.320885
125.0,120.79613
125.0,121.921104
125.0,122.65858
125.0,122.09214
125.0,123.52706
125.0,122.28746
125.0,123.22968
125.0,121.67731
125.0,120.1573
125.0,119.03701
125.0,118.376625
125.0,120.28747
125.0,122.016785
125.0,121.12303
125.0,121.14203
125.0,121.70109
125.0,119.600746
125.0,118.44907
125.0,120.31965
125.0,120.973595
125.0,121.51828
125.0,121.3598
125.0,121.46415
125.0,121.92194
125.0,122.28262
125.0,119.343895
125.0,121.69382
125.0,121.28331
125.0,120.7922
125.0,122.51946
125.0,120.55045
125.0,121.59166
125.0,121.57208
125.0,120.90562
125.0,122.83823
125.0,120.95001
125.0,120.01239
125.0,119.27723
125.0,117.67758
125.0,116.27898
125.0,115.22745
125.0,115.93285
125.0,116.1387
125.0,114.494385
125.0,113.13004
125.0,112.88524
125.0,111.67304
125.0,113.448746
125.0,111.39435
125.0,114.98125
125.0,116.35977
125.0,114.38647
125.0,112.6982
125.0,115.45245
125.0,115.80616
125.0,113.91147
125.0,114.133545
125.0,113.0259
125.0,113.295395
125.0,115.19987
125.0,116.25323
125.0,117.251526
125.0,116.46527
125.0,114.90616
125.0,113.93992
125.0,113.513336
125.0,112.81908
125.0,111.93697
125.0,112.694984
125.0,112.69394
125.0,112.59429
125.0,111.26418
125.0,108.90816
125.0,109.97294
125.0,106.51464
125.0,108.608185
125.0,109.320816
125.0,106.76437
125.0,106.502754
125.0,106.21764
125.0,105.250565
125.0,103.130775
125.0,99.80618
125.0,98.53895
125.0,98.624825
125.0,101.719124
125.0,100.667534
125.0,100.67154
125.0,101.021126
125.0,103.074646
124.0,105.05759
123.0,104.045334
122.0,100.54792
121.0,99.82636
120.0,98.82325
119.0,103.92817
118.0,103.59347
117.0,98.28796
116.0,97.23049
115.0,98.369125
114.0,97.7624
113.0,99.29477
112.0,97.71257
111.0,95.506714
110.0,96.25104
109.0,96.101364
108.0,92.03595
107.0,90.56052
106.0,87.21824
105.0,79.97957
104.0,75.49122
103.0,76.06773
102.0,74.998604
101.0,73.98184
100.0,68.10677
99.0,70.811806
98.0,64.04189
97.0,63.704155
96.0,62.807434
95.0,64.26401
94.0,65.464386
93.0,69.87855
92.0,66.45436
91.0,62.77267
90.0,63.478664
89.0,63.324436
88.0,65.05686
87.0,62.66912
86.0,62.042606
85.0,58.10512
84.0,55.66653
83.0,52.821865
82.0,52.34284
81.0,52.839558
80.0,52.088863
79.0,54.80118
78.0,54.67864
77.0,53.475815
76.0,53.06034
75.0,51.616634
74.0,50.899296
73.0,52.498684
72.0,55.17571
71.0,53.931038
70.0,49.52073
69.0,48.626476
68.0,44.333843
67.0,43.57612
66.0,41.629356
65.0,44.949276
64.0,42.56973
63.0,43.03124
62.0,42.693947
61.0,41.646824
60.0,37.713062
59.0,36.25651
58.0,37.037926
57.0,34.957767
56.0,34.88843
55.0,37.119877
54.0,36.86909
53.0,37.402378
52.0,34.14667
51.0,34.187447
50.0,33.28334
49.0,30.70459
48.0,28.396767
47.0,28.180222
46.0,26.472633
45.0,25.177996
44.0,25.241875
43.0,26.773674
42.0,27.257507
41.0,25.93395
40.0,23.25338
39.0,23.18059
38.0,21.838707
37.0,21.02725
36.0,19.219654
125.0,120.62039
125.0,122.51366
125.0,121.544495
125.0,121.30412
125.0,123.12691
125.0,123.175026
125.0,125.56109
125.0,126.9909
125.0,126.23237
125.0,126.026215
125.0,125.66212
125.0,125.96482
125.0,126.148506
125.0,125.86759
125.0,125.76808
125.0,126.2756
125.0,125.49983
125.0,125.08163
125.0,126.92897
125.0,125.94226
125.0,126.318245
125.0,125.88251
125.0,124.38923
125.0,124.04136
125.0,124.562515
125.0,124.35229
125.0,123.10457
125.0,124.14034
125.0,123.99933
125.0,124.73577
125.0,124.56032
125.0,124.286545
125.0,124.5656
125.0,124.026596
125.0,123.226006
125.0,121.856735
125.0,122.78879
125.0,124.16527
125.0,122.099144
125.0,120.93014
125.0,121.60237
125.0,121.0677
125.0,121.3533
125.0,122.595985
125.0,123.75071
125.0,123.62879
125.0,125.564156
125.0,124.639565
125.0,124.49069
125.0,123.6844
125.0,122.41078
125.0,124.61923
125.0,124.42568
125.0,122.56639
125.0,123.18468
125.0,123.03315
125.0,123.56288
125.0,124.13092
125.0,123.21295
125.0,123.589424
125.0,125.069695
125.0,124.47592
125.0,124.79332
125.0,125.547615
125.0,123.99101
125.0,123.22221
125.0,122.50294
125.0,120.953156
125.0,121.301636
125.0,120.11978
125.0,120.64282
125.0,120.66042
125.0,119.00924
125.0,119.99546
125.0,117.978516
125.0,118.070526
125.0,118.92311
125.0,119.50119
125.0,120.42989
125.0,118.812935
125.0,119.01322
125.0,118.54494
125.0,118.685196
125.0,116.38497
125.0,118.33632
125.0,118.62877
125.0,119.25847
125.0,120.3371
125.0,119.28639
125.0,119.589905
125.0,118.95521
125.0,119.49938
125.0,117.0961
125.0,116.9771
125.0,117.60215
125.0,118.56414
125.0,119.39269
125.0,118.94618
125.0,120.37013
125.0,119.96488
125.0,118.99717
125.0,119.560524
125.0,117.78481
125.0,118.483406
125.0,117.85936
125.0,117.54233
125.0,115.451
125.0,113.91549
125.0,114.72485
125.0,113.23303
125.0,113.62399
125.0,113.72724
125.0,116.190926
125.0,116.01368
125.0,113.76814
125.0,114.040215
125.0,113.66276
125.0,113.52633
125.0,113.2248
125.0,112.88393
125.0,112.92505
125.0,111.911674
125.0,112.404976
124.0,112.55991
123.0,113.58263
122.0,112.41578
121.0,111.37172
120.0,108.23571
119.0,110.072014
118.0,109.41163
117.0,109.5662
116.0,111.72439
115.0,111.96664
114.0,110.76105
113.0,108.95679
112.0,107.88555
111.0,108.152855
110.0,107.74063
109.0,108.40279
108.0,107.86409
107.0,108.8403
106.0,107.3831
105.0,107.71182
104.0,106.73176
103.0,108.186424
102.0,106.74117
101.0,104.49899
100.0,104.06065
99.0,104.61634
98.0,104.04885
97.0,105.73394
96.0,102.360725
95.0,101.83189
94.0,99.3053
93.0,98.52028
92.0,101.260475
91.0,103.29429
90.0,103.45854
89.0,102.579605
88.0,103.159386
87.0,102.68164
86.0,98.63452
85.0,95.08963
84.0,98.03164
83.0,100.70181
82.0,96.53381
81.0,94.244545
80.0,94.25158
79.0,96.294876
78.0,93.257484
77.0,97.599106
76.0,94.42001
75.0,93.20308
74.0,92.44546
73.0,95.94267
72.0,94.44888
71.0,94.249565
70.0,93.25569
69.0,88.932335
68.0,90.71938
67.0,86.11721
66.0,82.01306
65.0,79.81699
64.0,79.156845
63.0,77.05473
62.0,77.99994
61.0,77.669975
60.0,74.703064
59.0,73.28701
58.0,69.51574
57.0,69.23486
56.0,68.09768
55.0,57.78746
54.0,55.48051
53.0,57.476517
52.0,52.525974
51.0,46.65917
50.0,46.14447
49.0,50.63856
48.0,51.486855
47.0,51.4616
46.0,49.21603
125.0,124.3297
125.0,122.1697
125.0,121.41687
125.0,122.644485
125.0,122.14473
125.0,123.05096
125.0,123.060326
125.0,121.51146
125.0,123.84842
125.0,124.78376
125.0,122.2285
125.0,123.22452
125.0,123.19885
125.0,122.724625
125.0,125.07728
125.0,122.62348
125.0,121.738304
125.0,123.30508
125.0,122.674904
125.0,123.31182
125.0,121.9726
125.0,122.593376
125.0,120.82614
125.0,121.09017
125.0,122.64522
125.0,122.59481
125.0,122.2605
125.0,121.6425
125.0,124.6487
125.0,126.48057
125.0,126.764175
125.0,125.45611
125.0,126.322655
125.0,126.246155
125.0,122.47633
125.0,122.25749
125.0,120.3777
125.0,120.8584
125.0,122.50639
125.0,122.34466
125.0,122.266815
125.0,121.0797
125.0,120.25179
125.0,118.99223
125.0,120.658875
125.0,122.6632
125.0,117.26797
125.0,117.97558
125.0,119.20155
125.0,120.40081
125.0,118.32414
125.0,120.955086
125.0,120.35218
125.0,118.18622
124.0,120.156746
123.0,121.13905
122.0,121.089714
121.0,122.16693
120.0,117.64726
119.0,114.14543
118.0,116.06648
117.0,117.879776
116.0,117.020355
115.0,117.09742
114.0,116.734566
113.0,119.204926
112.0,119.1469
111.0,117.19466
110.0,115.60901
109.0,115.89657
108.0,113.76029
107.0,116.654045
106.0,117.74087
105.0,116.84169
104.0,119.18589
103.0,117.46882
102.0,119.37095
101.0,119.22996
100.0,119.0009
125.0,125.96762
125.0,126.33816
125.0,125.570656
125.0,125.442116
125.0,125.909386
125.0,124.88501
125.0,125.793236
125.0,125.87246
125.0,127.7902
125.0,126.278595
125.0,125.0174
125.0,124.75591
125.0,125.24322
125.0,127.41478
125.0,126.79794
125.0,127.560036
125.0,128.94397
125.0,127.23552
125.0,125.206795
125.0,123.38238
125.0,124.55314
125.0,125.96223
125.0,124.06455
125.0,126.72341
125.0,124.932945
125.0,124.43397
125.0,125.53993
125.0,123.66187
125.0,123.35713
125.0,124.70602
125.0,124.02688
124.0,124.896454
123.0,125.78034
122.0,125.40936
121.0,126.8605
120.0,126.951485
119.0,127.390816
118.0,126.31779
125.0,129.62454
125.0,127.70218
125.0,126.53176
125.0,125.591965
125.0,125.00361
125.0,125.42896
125.0,124.82493
125.0,124.74084
125.0,125.10483
125.0,123.057365
125.0,123.68979
125.0,123.20815
125.0,123.761894
125.0,125.74549
125.0,126.85077
125.0,126.60577
125.0,127.25462
125.0,125.63893
125.0,125.17476
125.0,127.34987
125.0,127.006905
125.0,127.23319
125.0,126.82147
125.0,126.53682
125.0,124.76674
125.0,125.381935
125.0,125.026405
125.0,124.65389
125.0,125.22105
125.0,123.628975
125.0,124.78177
125.0,125.66482
125.0,124.60898
125.0,125.708954
125.0,126.554115
125.0,127.01882
125.0,126.12265
125.0,127.03778
125.0,127.36633
125.0,126.263725
125.0,125.56537
125.0,125.7399
125.0,125.14452
125.0,126.35298
125.0,125.47283
125.0,125.10833
125.0,125.40938
125.0,126.42909
125.0,126.415985
125.0,124.94167
125.0,124.824425
125.0,125.11399
125.0,124.007675
125.0,123.56329
125.0,123.42313
125.0,123.32256
125.0,125.095116
125.0,124.95364
125.0,124.6254
125.0,123.3805
125.0,125.56189
125.0,125.84291
125.0,125.80994
125.0,124.4407
125.0,125.40151
125.0,125.29276
125.0,124.98724
125.0,124.56429
125.0,124.173744
125.0,124.18963
125.0,124.054535
125.0,123.89021
125.0,123.60486
125.0,123.722694
125.0,122.65729
125.0,122.86526
125.0,124.62038
125.0,124.136795
125.0,123.5542
125.0,123.28756
125.0,120.8556
125.0,122.161194
124.0,123.31334
123.0,124.152336
122.0,123.042
121.0,121.37839
120.0,121.49365
119.0,119.65919
118.0,116.615814
117.0,115.49939
116.0,116.80032
115.0,118.76801
114.0,118.51129
113.0,118.17739
112.0,116.55907
111.0,116.57088
110.0,118.124855
109.0,118.71735
108.0,119.204475
107.0,117.82746
106.0,118.16383
105.0,118.35116
104.0,118.47204
103.0,117.57743
102.0,116.64622
101.0,115.44209
100.0,115.73138
99.0,115.00858
98.0,114.94205
97.0,113.07794
96.0,110.804886
95.0,111.698235
94.0,111.839325
93.0,110.546936
92.0,110.412994
91.0,111.36771
90.0,109.88669
89.0,110.01194
88.0,111.52463
87.0,110.46111
86.0,112.07645
85.0,110.19067
84.0,108.41155
83.0,105.802475
82.0,106.44957
81.0,105.2832
80.0,104.75743
79.0,108.391106
78.0,106.62041
77.0,105.342316
76.0,103.534134
75.0,103.08151
74.0,102.6899
73.0,101.073456
72.0,101.691246
71.0,100.26433
70.0,100.24814
69.0,98.55627
68.0,97.639786
67.0,99.26823
66.0,97.23451
65.0,95.75346
64.0,95.14077
63.0,94.96126
62.0,95.47193
61.0,96.31416
60.0,93.395966
59.0,89.46969
58.0,85.69338
57.0,83.34602
56.0,82.26882
55.0,82.54268
54.0,81.17357
53.0,83.51856
52.0,78.91915
51.0,78.68496
50.0,77.21974
49.0,73.773026
48.0,73.428566
47.0,70.82148
46.0,65.21987
125.0,126.34456
125.0,125.01809
125.0,125.19588
125.0,125.53123
125.0,126.27234
125.0,126.99729
125.0,127.2161
125.0,129.3498
125.0,129.04007
125.0,126.95794
125.0,127.51773
125.0,128.58096
125.0,129.30035
125.0,128.96045
125.0,128.6694
125.0,127.52028
125.0,125.99234
125.0,126.48414
125.0,127.26949
125.0,125.40704
125.0,124.63883
125.0,123.584885
125.0,122.79281
125.0,123.14451
125.0,122.43898
125.0,121.51643
125.0,121.86232
125.0,121.16349
125.0,122.22575
125.0,123.10958
125.0,125.435265
125.0,125.62488
125.0,126.6875
125.0,127.11352
125.0,126.13182
125.0,122.35315
125.0,124.13706
125.0,122.889114
125.0,124.87016
125.0,124.62014
125.0,125.085396
125.0,125.89198
125.0,124.98643
125.0,122.44977
125.0,121.4094
125.0,122.348724
125.0,122.68584
125.0,121.440414
125.0,120.66094
125.0,120.684906
125.0,119.55975
125.0,122.02342
125.0,121.57521
124.0,123.44112
123.0,124.70208
122.0,124.53161
121.0,125.476524
120.0,123.47576
119.0,125.27064
118.0,122.780396
117.0,123.2502
116.0,122.65255
115.0,122.548325
114.0,123.0734
113.0,123.35488
112.0,123.41198
111.0,122.96001
110.0,123.97003
109.0,123.54667
108.0,122.97931
107.0,121.49655
106.0,121.658264
105.0,120.80495
104.0,119.72094
103.0,119.0279
102.0,116.95635
101.0,119.953156
100.0,119.54994
99.0,117.991585
98.0,115.58072
97.0,113.05718
96.0,114.333496
95.0,115.36224
94.0,115.648
93.0,117.01079
92.0,116.213905
91.0,116.87542
90.0,117.82748
89.0,112.78041
88.0,113.18344
87.0,111.70371
86.0,113.55117
85.0,114.383896
84.0,112.7543
83.0,111.60509
82.0,109.863655
81.0,110.36718
80.0,110.480865
79.0,109.365685
78.0,108.16979
77.0,108.64358
76.0,108.68044
75.0,103.93054
74.0,104.41735
73.0,102.92397
72.0,99.43973
71.0,102.33496
70.0,101.76721
69.0,99.81243
68.0,103.719246
67.0,104.43106
66.0,107.25422
65.0,110.44077
64.0,110.68471
63.0,110.92466
62.0,107.80274
61.0,106.311615
60.0,102.741104
59.0,103.56849
58.0,109.060165
57.0,109.027336
56.0,107.65357
55.0,103.216576
54.0,100.654884
53.0,98.04128
52.0,93.352745
51.0,94.77367
50.0,94.41002
49.0,90.24212
48.0,86.303925
47.0,91.733246
46.0,95.405594
45.0,89.43688
44.0,87.37763
43.0,83.58267
42.0,82.38866
41.0,81.59466
40.0,81.409904
39.0,78.26127
38.0,79.711365
37.0,79.07019
36.0,81.48977
35.0,80.99969
34.0,76.04469
33.0,72.84369
32.0,60.03081
31.0,54.53302
30.0,46.008396
29.0,47.869713
28.0,42.525303
125.0,121.9688
125.0,123.177246
125.0,123.945854
125.0,123.054115
125.0,123.90384
125.0,122.00132
125.0,125.02503
125.0,123.96917
125.0,124.1045
125.0,124.279915
125.0,123.27545
125.0,122.65071
125.0,124.00432
125.0,122.55229
125.0,122.12968
125.0,122.499664
125.0,121.814026
125.0,123.44173
125.0,123.42962
125.0,124.99581
125.0,123.85814
125.0,123.46768
125.0,124.154594
125.0,124.42231
125.0,123.67463
125.0,123.99081
125.0,123.084274
125.0,124.56303
125.0,123.993935
125.0,124.49937
125.0,125.05455
125.0,126.20038
125.0,126.462875
125.0,126.92587
125.0,125.40674
125.0,125.892166
125.0,126.70134
125.0,127.05748
125.0,125.58542
125.0,126.90894
125.0,124.99447
125.0,125.06385
125.0,126.32364
125.0,125.66033
125.0,124.791176
125.0,124.06551
125.0,125.02076
125.0,125.26196
125.0,122.8619
125.0,122.61997
125.0,122.9941
125.0,122.81968
125.0,121.23073
125.0,121.425766
125.0,122.94078
125.0,124.458435
125.0,124.67019
125.0,124.36204
125.0,124.93037
125.0,123.61335
125.0,122.986046
125.0,125.1544
125.0,124.498024
125.0,124.6909
125.0,124.86781
125.0,127.340256
125.0,126.45474
125.0,124.41243
125.0,124.777985
125.0,125.399574
125.0,124.24933
125.0,123.317215
125.0,123.54064
125.0,122.53119
125.0,121.84341
125.0,121.72991
125.0,122.101944
125.0,122.84507
125.0,122.77436
125.0,123.42251
125.0,123.64359
125.0,122.94492
125.0,123.20303
125.0,122.62219
125.0,121.77968
125.0,121.82623
125.0,123.277115
125.0,122.09053
125.0,122.56746
125.0,122.26811
125.0,122.10086
125.0,122.30627
125.0,121.78996
125.0,121.565926
125.0,121.3405
125.0,121.05666
125.0,122.78341
125.0,123.905075
125.0,122.869446
125.0,123.502396
125.0,123.57926
125.0,121.788445
125.0,122.3935
125.0,123.045525
125.0,123.32998
125.0,121.4965
125.0,122.050255
125.0,123.2864
125.0,122.98165
125.0,121.71246
125.0,120.72102
125.0,121.29528
125.0,120.124115
125.0,120.23596
125.0,121.269936
125.0,120.545135
125.0,121.97079
125.0,120.86503
125.0,120.49853
125.0,122.48341
125.0,121.49212
125.0,123.105095
125.0,123.84313
125.0,123.98013
125.0,123.412415
125.0,123.61794
125.0,124.30116
125.0,124.46694
125.0,124.64934
125.0,124.89751
125.0,125.30757
125.0,124.99576
125.0,124.057335
125.0,122.87282
125.0,121.863716
125.0,121.883545
125.0,120.8911
125.0,120.39646
125.0,119.94046
125.0,118.44731
125.0,119.53504
125.0,120.52597
125.0,120.47377
125.0,119.621605
125.0,120.17894
125.0,119.99133
125.0,121.9518
125.0,121.25136
125.0,121.48275
125.0,121.45591
125.0,119.63947
125.0,120.55811
125.0,122.08831
125.0,121.27198
125.0,120.209526
125.0,121.08814
125.0,120.99075
125.0,121.41276
125.0,121.20901
125.0,119.96244
125.0,121.58074
125.0,121.21405
125.0,120.781105
125.0,119.73699
125.0,119.79107
125.0,120.77946
125.0,120.4548
125.0,119.02369
125.0,118.21644
125.0,118.25089
125.0,118.221565
125.0,113.617065
125.0,115.124626
125.0,116.75084
125.0,116.91977
125.0,118.95111
125.0,117.68286
125.0,117.42455
125.0,115.77603
125.0,118.59561
125.0,118.03149
125.0,117.0153
125.0,116.87267
125.0,117.84962
125.0,117.04412
125.0,117.06601
125.0,115.24468
125.0,113.10326
125.0,113.84056
125.0,115.6406
125.0,115.210175
125.0,117.1943
125.0,117.374916
125.0,116.39629
125.0,117.637115
125.0,116.5105
125.0,115.70453
125.0,114.81129
125.0,113.83892
125.0,115.44136
125.0,115.71368
125.0,115.54774
125.0,115.19578
125.0,114.789024
125.0,116.61678
125.0,117.87785
125.0,116.96991
125.0,117.20632
125.0,117.24277
125.0,117.678764
125.0,115.91668
125.0,116.58145
125.0,116.659325
125.0,116.716194
125.0,118.08231
125.0,117.54996
125.0,117.43473
125.0,117.03138
125.0,115.39102
125.0,116.34159
125.0,116.65363
125.0,115.75469
125.0,114.51884
125.0,114.21689
125.0,113.554115
125.0,114.22278
125.0,114.818726
125.0,114.90381
125.0,113.45665
125.0,115.704
125.0,115.58049
125.0,114.0832
125.0,111.64504
125.0,111.81598
125.0,110.39724
125.0,108.99589
125.0,109.25463
125.0,108.58845
125.0,111.705605
125.0,110.07513
125.0,109.35081
125.0,111.3225
125.0,110.44516
125.0,110.96598
125.0,109.88562
125.0,108.09214
125.0,107.87475
125.0,106.16437
125.0,108.684975
125.0,108.73794
125.0,108.218414
125.0,107.85084
125.0,106.56274
125.0,107.582214
125.0,108.20779
125.0,107.27317
125.0,107.34745
125.0,109.23581
125.0,109.84913
125.0,110.14888
125.0,110.695625
125.0,112.77768
125.0,110.78554
125.0,111.16887
125.0,110.70121
125.0,111.91507
125.0,108.12003
125.0,107.49958
125.0,108.87469
125.0,110.5302
125.0,109.76976
125.0,107.02111
125.0,104.99418
125.0,102.07952
125.0,103.20896
125.0,102.94843
125.0,104.96803
125.0,103.711685
125.0,103.74846
125.0,104.07156
125.0,104.77617
125.0,106.18733
125.0,104.49339
125.0,108.70071
125.0,108.289
125.0,108.45834
125.0,107.49957
125.0,105.42776
125.0,104.91108
125.0,103.72534
125.0,104.076416
125.0,107.11959
125.0,104.974335
125.0,106.447395
125.0,104.68065
125.0,104.64333
125.0,100.431755
125.0,95.775085
125.0,94.88506
125.0,92.5576
125.0,93.741714
125.0,91.36814
125.0,93.59782
125.0,97.15415
125.0,97.17865
125.0,99.06942
125.0,100.46333
125.0,97.897026
125.0,96.717865
125.0,98.41351
125.0,98.78677
125.0,100.28307
125.0,96.44772
124.0,94.79283
123.0,93.01424
122.0,96.10346
121.0,93.36796
120.0,93.455414
119.0,94.0617
118.0,94.6963
117.0,90.37845
116.0,96.03864
115.0,97.00905
114.0,93.43266
113.0,92.84054
112.0,90.92467
111.0,90.70845
110.0,93.43634
109.0,93.105034
108.0,84.946365
107.0,84.160645
106.0,83.55269
105.0,87.401764
104.0,89.71448
103.0,89.159706
102.0,88.16973
101.0,91.26119
100.0,89.80115
99.0,89.603615
98.0,86.821335
97.0,91.29799
96.0,92.13713
95.0,86.96002
94.0,85.04034
93.0,83.20828
92.0,80.175896
91.0,75.40579
90.0,75.10793
89.0,68.83429
88.0,66.453674
87.0,65.861084
125.0,120.7176
125.0,120.37191
125.0,120.4291
125.0,120.36331
125.0,119.30662
125.0,117.84883
125.0,118.073944
125.0,118.49324
125.0,118.10292
125.0,118.64054
125.0,118.51805
125.0,118.77871
125.0,119.67272
125.0,121.42347
125.0,120.013725
125.0,120.18852
125.0,120.939926
125.0,122.02691
125.0,122.63209
125.0,123.45076
125.0,123.0659
125.0,123.26871
125.0,121.67731
125.0,121.4453
125.0,120.50457
125.0,119.37157
125.0,120.56987
125.0,119.966805
125.0,121.343414
125.0,120.74677
125.0,120.73669
125.0,120.35108
125.0,120.68764
125.0,117.910835
125.0,118.573654
125.0,119.693436
125.0,118.24667
125.0,118.485
125.0,118.897545
125.0,118.17193
125.0,117.736565
125.0,118.27828
125.0,119.1339
125.0,117.77372
125.0,119.46205
125.0,120.92914
125.0,121.53785
125.0,122.62656
125.0,122.69303
125.0,122.44743
125.0,120.97594
125.0,121.88272
125.0,120.919525
125.0,120.440704
125.0,120.59234
125.0,120.579895
125.0,120.98059
125.0,120.93264
125.0,121.57996
125.0,121.788086
125.0,120.11656
125.0,118.67311
125.0,120.80653
125.0,121.34002
125.0,120.21316
125.0,120.2167
125.0,119.30147
125.0,119.3645
125.0,119.41141
125.0,117.76885
125.0,117.13877
125.0,118.56665
125.0,118.6686
125.0,118.19205
125.0,119.71805
125.0,119.438934
125.0,120.519966
125.0,121.43104
125.0,120.924835
125.0,120.02622
125.0,119.19119
125.0,119.8692
125.0,118.53625
125.0,119.09504
125.0,117.117676
125.0,118.23401
125.0,117.5087
125.0,118.99343
125.0,119.007256
125.0,119.735954
125.0,118.2259
125.0,118.90915
125.0,117.73203
125.0,117.79128
125.0,117.5199
125.0,117.79958
125.0,116.46276
125.0,116.546364
125.0,114.724144
125.0,116.0851
125.0,118.62196
125.0,117.40987
125.0,115.99869
125.0,115.23849
125.0,113.449104
125.0,113.28372
125.0,113.686966
125.0,114.921104
125.0,116.68007
125.0,116.70864
125.0,116.73999
125.0,115.072495
125.0,113.857506
125.0,116.636604
125.0,114.7988
125.0,113.87886
125.0,114.02309
125.0,114.09986
125.0,116.61733
125.0,117.08119
125.0,118.434204
125.0,115.8093
125.0,116.03949
125.0,115.73662
125.0,112.16534
125.0,114.43442
125.0,115.49751
125.0,114.8815
125.0,113.28359
125.0,110.56321
125.0,110.88361
125.0,110.17802
125.0,108.265785
125.0,109.81655
125.0,111.01915
125.0,111.22829
125.0,108.61569
125.0,108.70725
125.0,109.547455
125.0,110.54903
125.0,109.19267
125.0,109.59072
125.0,107.59218
125.0,107.349556
125.0,107.185486
124.0,106.17657
123.0,102.94676
122.0,102.41705
121.0,102.32212
120.0,104.343735
119.0,102.693794
118.0,102.955666
117.0,103.356476
116.0,103.12515
115.0,104.63569
114.0,106.3908
113.0,106.681786
112.0,104.841324
111.0,109.57055
110.0,109.94958
109.0,109.57476
108.0,105.26884
107.0,101.523605
106.0,104.49913
105.0,106.35614
104.0,106.55877
103.0,106.49057
102.0,103.56216
101.0,100.840836
100.0,99.443794
99.0,100.90846
98.0,102.66994
97.0,102.154686
96.0,101.00755
95.0,99.35496
94.0,101.1187
93.0,104.30607
92.0,101.76258
91.0,100.1429
90.0,96.108574
89.0,93.18027
88.0,94.800766
87.0,96.884834
86.0,95.85765
85.0,94.53906
84.0,94.80331
83.0,94.70962
82.0,97.266365
81.0,94.55501
80.0,94.1381
79.0,94.0152
78.0,92.257
77.0,90.00107
76.0,89.25927
75.0,87.64184
74.0,92.421555
73.0,93.45412
72.0,92.000435
71.0,90.86136
70.0,89.645004
69.0,89.06829
68.0,87.179825
67.0,85.31089
66.0,80.98872
65.0,80.05412
64.0,77.37532
63.0,80.500656
62.0,77.49175
61.0,80.39437
60.0,79.09605
59.0,78.0548
58.0,76.54551
57.0,67.861984
56.0,63.302837
55.0,57.80247
54.0,57.086864
53.0,55.54427
52.0,58.74355
51.0,53.43396
50.0,51.85723
49.0,45.589764
48.0,43.52601
47.0,40.532536
46.0,42.03601
45.0,39.665485
44.0,43.507
43.0,42.079678
42.0,41.00209
41.0,42.33325
40.0,41.35317
39.0,37.56242
38.0,34.208904
37.0,33.399017
36.0,32.310143
35.0,30.499386
34.0,31.041027
33.0,29.209042
32.0,27.779312
31.0,28.9396
30.0,29.206945
29.0,29.728662
28.0,30.198956
27.0,29.63758
26.0,28.672974
25.0,26.976479
24.0,26.096874
23.0,25.426401
22.0,26.030483
21.0,25.703003
125.0,114.89979
125.0,111.46432
125.0,112.47289
125.0,114.51321
125.0,115.74703
125.0,115.89101
125.0,115.31402
125.0,115.85667
125.0,114.06487
125.0,110.68007
125.0,112.57992
125.0,114.227516
125.0,115.44847
125.0,113.62157
125.0,112.586845
125.0,106.27296
125.0,112.69391
125.0,114.8807
125.0,111.6394
125.0,111.72478
125.0,110.261856
125.0,111.18419
125.0,112.62861
125.0,112.33127
125.0,111.73472
125.0,115.65111
125.0,114.41759
125.0,113.98977
125.0,114.03956
125.0,111.89041
125.0,113.81861
125.0,112.5688
125.0,112.69302
125.0,110.173035
124.0,105.32168
123.0,103.49976
122.0,103.13356
121.0,104.25638
120.0,105.39901
119.0,105.63941
118.0,104.68117
117.0,105.86022
116.0,106.54306
115.0,109.40063
114.0,112.45818
113.0,111.03943
112.0,109.66668
111.0,109.23372
110.0,104.34816
109.0,103.62452
108.0,103.84308
107.0,102.350845
106.0,104.75362
105.0,106.5318
104.0,106.662346
103.0,105.64648
102.0,106.228294
101.0,107.247765
100.0,105.469925
99.0,104.98527
98.0,108.95942
97.0,108.326744
96.0,105.00328
95.0,107.786415
94.0,103.70461
93.0,101.56947
92.0,98.750916
91.0,97.42053
90.0,98.482254
89.0,102.00716
88.0,100.330666
87.0,99.308655
86.0,99.25191
85.0,95.719406
84.0,97.48012
83.0,95.733765
82.0,98.05055
81.0,101.668465
80.0,98.254974
79.0,102.67811
78.0,102.74928
77.0,102.26235
76.0,101.77806
75.0,100.563065
74.0,96.971634
73.0,97.185715
72.0,94.86991
71.0,95.13435
70.0,85.838356
69.0,86.3355
68.0,88.979935
67.0,91.043945
66.0,90.48515
65.0,88.05954
64.0,88.24169
63.0,90.40848
62.0,90.08165
61.0,84.40267
60.0,82.880035
59.0,79.96407
58.0,76.35267
57.0,71.777176
56.0,71.37505
55.0,66.714386
54.0,69.77771
53.0,69.38207
52.0,69.15993
51.0,64.2677
50.0,58.29444
49.0,53.49653
48.0,47.763638
47.0,43.693714
46.0,45.503723
45.0,45.573112
44.0,45.75708
43.0,44.46755
42.0,47.56302
41.0,47.76754
40.0,41.8409
39.0,39.249855
38.0,43.30753
37.0,42.322563
36.0,43.534706
35.0,39.198364
34.0,33.74253
33.0,31.04585
32.0,26.208324
31.0,25.470894
30.0,24.156755
29.0,27.511215
28.0,26.860592
27.0,27.085169
26.0,27.119274
25.0,26.269182
24.0,23.259693
23.0,22.73872
22.0,23.359041
21.0,23.068317
20.0,21.710264
19.0,20.440817
125.0,131.28809
125.0,130.7927
125.0,127.994194
125.0,130.2909
125.0,129.25626
125.0,129.62239
125.0,130.19847
125.0,129.78671
125.0,129.83826
125.0,130.40707
125.0,129.43845
125.0,130.18324
125.0,130.69612
125.0,128.45206
125.0,129.9532
125.0,129.91
125.0,131.20747
125.0,129.26057
125.0,129.98135
125.0,130.5307
125.0,130.97975
125.0,128.12369
125.0,129.34415
125.0,130.4121
125.0,131.39314
125.0,128.5734
125.0,127.41296
125.0,125.63854
125.0,126.39821
125.0,124.513725
125.0,127.899185
125.0,127.12341
125.0,130.41548
125.0,132.04526
125.0,131.74892
125.0,132.24547
125.0,132.97418
125.0,132.93593
125.0,129.86736
125.0,127.245964
125.0,127.409294
125.0,125.82618
125.0,124.37637
125.0,127.9235
125.0,130.5904
125.0,127.19698
125.0,125.13189
125.0,126.48864
125.0,126.09521
125.0,126.09643
125.0,125.436676
125.0,126.396416
125.0,125.03812
125.0,125.768486
125.0,123.10134
125.0,122.73963
125.0,120.19756
125.0,123.38439
125.0,123.61098
125.0,123.7255
125.0,125.34794
125.0,125.01231
125.0,124.797455
125.0,125.36065
125.0,125.440926
125.0,122.53861
125.0,122.49023
125.0,121.8708
125.0,120.237816
125.0,118.22122
125.0,120.6463
124.0,120.90832
123.0,121.58452
122.0,122.25319
121.0,121.33968
120.0,121.33976
119.0,121.382416
118.0,121.56181
117.0,120.90365
116.0,120.18843
115.0,117.99412
114.0,119.62674
113.0,119.530365
112.0,119.5798
111.0,120.66897
110.0,120.07953
109.0,120.21586
108.0,117.96087
107.0,119.146126
106.0,120.23716
105.0,121.7087
104.0,121.14886
103.0,120.79265
102.0,120.52086
101.0,119.22363
100.0,119.778046
99.0,120.223564
98.0,119.93161
97.0,120.213936
96.0,119.74461
95.0,118.80824
94.0,119.065865
93.0,120.34806
92.0,119.70636
91.0,119.55136
90.0,116.99064
89.0,117.68428
88.0,116.41665
87.0,116.633934
86.0,115.61771
85.0,115.32311
84.0,117.16057
83.0,114.80039
82.0,114.76745
81.0,112.92972
80.0,112.274765
79.0,111.49961
78.0,113.048744
77.0,112.86393
76.0,110.79366
75.0,109.02165
74.0,108.68785
73.0,110.85051
72.0,111.405785
71.0,109.70423
70.0,110.62958
69.0,111.16735
68.0,108.50315
67.0,107.47016
66.0,108.074585
65.0,109.53644
64.0,107.3688
63.0,110.21004
62.0,109.953705
61.0,108.98604
60.0,109.029434
59.0,109.68773
58.0,109.30715
57.0,107.46963
56.0,105.11551
55.0,104.81972
54.0,104.01575
53.0,103.51938
52.0,104.85602
51.0,98.94724
50.0,98.09475
49.0,97.636314
48.0,94.399345
47.0,94.040794
46.0,93.95843
45.0,89.07201
44.0,89.82893
43.0,90.93083
42.0,89.69322
41.0,84.20892
40.0,84.668594
39.0,81.342834
38.0,78.64315
37.0,76.75189
36.0,75.64193
35.0,68.42272
34.0,56.233044
33.0,50.79672
32.0,52.05765
31.0,52.126686
30.0,48.28422
29.0,45.479435
28.0,40.586975
27.0,39.42697
26.0,35.700054
25.0,32.513515
24.0,32.06816
23.0,29.589588
22.0,29.754787
21.0,28.130945
20.0,26.338413
19.0,25.507612
18.0,24.697603
17.0,22.872309
16.0,20.98238
125.0,125.49895
125.0,123.5673
125.0,121.10068
125.0,120.95711
125.0,123.91351
125.0,124.39129
125.0,124.80866
125.0,124.60284
125.0,125.67529
125.0,126.54533
125.0,126.038086
125.0,124.87682
125.0,127.117645
125.0,128.12454
125.0,128.4183
125.0,126.21257
125.0,126.69693
125.0,126.98123
125.0,125.22696
125.0,124.256836
125.0,124.04864
125.0,121.19479
125.0,120.168594
125.0,119.78236
125.0,118.80615
125.0,118.65433
125.0,117.503716
125.0,117.77322
125.0,117.72851
125.0,119.35931
125.0,122.54857
125.0,122.53844
125.0,121.57262
125.0,122.988914
125.0,121.057655
125.0,121.53648
125.0,123.00269
125.0,122.910706
125.0,123.05509
125.0,121.49541
125.0,121.81629
125.0,121.345245
125.0,119.59659
125.0,118.48764
125.0,119.754814
125.0,118.74618
124.0,118.27508
123.0,119.643616
122.0,119.2891
121.0,117.48433
120.0,121.66506
119.0,120.42402
118.0,121.60319
117.0,120.0853
116.0,121.14937
115.0,118.7405
114.0,120.17211
113.0,120.03269
112.0,119.78028
111.0,121.38481
110.0,122.99585
109.0,125.216545
108.0,123.64222
107.0,122.41152
106.0,118.9013
105.0,118.92279
104.0,117.61162
103.0,118.39884
102.0,119.80813
101.0,117.45751
100.0,117.71748
99.0,116.86587
98.0,117.61426
97.0,117.414986
96.0,117.333
95.0,115.01157
94.0,112.91082
93.0,112.305176
92.0,109.18278
91.0,112.1733
90.0,111.33082
89.0,110.051765
88.0,109.615135
87.0,110.45559
86.0,109.33218
85.0,111.97484
84.0,110.96558
83.0,112.58727
82.0,110.85299
81.0,109.275406
80.0,108.074104
79.0,110.41447
78.0,109.10421
77.0,108.80645
76.0,107.233826
75.0,110.56697
74.0,109.07992
73.0,108.17243
72.0,108.90734
71.0,110.47222
70.0,109.59236
69.0,109.17601
68.0,106.64926
67.0,105.80727
66.0,107.079636
65.0,102.92825
64.0,103.57911
63.0,102.16306
62.0,101.20395
61.0,99.8262
60.0,99.54535
59.0,101.40817
58.0,97.64045
57.0,94.45417
56.0,97.96281
55.0,91.492935
54.0,90.37379
53.0,88.97042
52.0,85.273994
51.0,84.57018
50.0,83.89282
49.0,78.195206
48.0,72.176605
47.0,68.38448
46.0,67.67555
45.0,66.43879
44.0,65.78892
43.0,61.41044
42.0,60.96598
41.0,54.445568
40.0,49.94437
39.0,44.90712
38.0,41.152115
37.0,36.176342
36.0,34.940353
35.0,37.01877
34.0,35.60267
33.0,33.72878
32.0,34.43043
31.0,34.54062
30.0,34.993305
29.0,36.20631
28.0,32.057957
27.0,27.956526
26.0,28.367199
25.0,26.339073
24.0,25.695042
23.0,24.923624
22.0,27.310934
21.0,25.817375
20.0,24.639046
19.0,23.87939
18.0,22.619164
17.0,20.918182
16.0,18.897694
15.0,17.911118
14.0,16.831512
13.0,14.86396
12.0,14.88133
11.0,12.996338
10.0,12.917185
9.0,11.5973
8.0,12.5033655
7.0,12.098117
125.0,106.01189
125.0,110.79453
125.0,111.94234
125.0,113.87383
125.0,109.79259
125.0,108.61852
125.0,109.37627
125.0,109.249596
125.0,113.132744
125.0,114.70531
125.0,111.61961
125.0,111.285164
125.0,111.59271
125.0,109.118164
125.0,111.63482
125.0,112.77524
125.0,112.04036
125.0,112.17348
125.0,113.67086
125.0,111.51587
125.0,113.80169
125.0,115.666626
125.0,112.70992
125.0,110.37567
125.0,110.270485
125.0,111.51029
125.0,113.24379
125.0,112.03114
125.0,111.31909
125.0,109.20431
125.0,109.79848
125.0,108.774826
125.0,110.74868
125.0,109.53979
125.0,113.77245
125.0,113.19767
125.0,109.1946
125.0,106.10956
125.0,105.339424
125.0,103.225555
125.0,102.14312
125.0,104.90408
125.0,107.69741
125.0,108.58403
125.0,109.991875
125.0,108.09694
125.0,110.43077
125.0,110.58311
125.0,113.25163
125.0,116.0321
125.0,116.627106
125.0,116.352066
125.0,116.847984
125.0,117.05397
125.0,118.51852
125.0,117.90235
125.0,117.59679
125.0,116.32996
125.0,112.72104
125.0,108.242615
125.0,106.39968
125.0,105.83585
125.0,106.0138
125.0,106.90759
125.0,108.37674
125.0,107.28423
125.0,105.691376
125.0,105.83187
125.0,108.09398
125.0,108.35305
125.0,101.480705
125.0,102.41981
125.0,98.7255
125.0,98.496544
125.0,97.64421
125.0,99.71567
125.0,104.23054
125.0,107.815216
125.0,110.90395
125.0,106.295525
125.0,107.549385
125.0,108.50773
125.0,108.014404
125.0,111.96099
125.0,112.45654
125.0,110.951164
125.0,109.273735
125.0,107.382164
125.0,107.146996
125.0,107.85913
125.0,108.25563
125.0,109.1075
125.0,107.18353
125.0,103.32693
125.0,107.43937
125.0,111.21945
125.0,111.02993
125.0,109.7172
125.0,110.83094
125.0,108.55034
125.0,105.3772
125.0,101.5211
125.0,100.805626
125.0,102.13616
125.0,105.19189
125.0,107.90405
125.0,110.62117
125.0,107.99982
125.0,109.39062
125.0,106.09791
125.0,108.40324
125.0,103.28291
125.0,103.75548
125.0,103.05974
125.0,105.71886
125.0,107.48932
125.0,107.53961
125.0,103.81652
125.0,98.115
125.0,97.19916
125.0,94.40729
125.0,97.97268
125.0,99.41852
125.0,97.79231
125.0,97.29177
125.0,98.93464
125.0,98.873436
125.0,97.65753
125.0,98.99019
125.0,99.22256
125.0,99.30423
125.0,93.546455
125.0,92.27377
125.0,91.27894
125.0,93.438446
125.0,95.568375
125.0,100.57806
125.0,99.12109
125.0,123.756615
125.0,124.712585
125.0,124.42346
125.0,122.45758
125.0,122.36468
125.0,122.7321
125.0,124.02097
125.0,123.30392
125.0,123.56818
125.0,122.78651
125.0,120.70099
125.0,122.04293
125.0,121.0383
125.0,121.59406
125.0,118.11905
125.0,119.72194
125.0,122.006805
125.0,119.21765
125.0,119.40994
125.0,121.233406
125.0,120.914444
125.0,122.998085
125.0,124.25445
125.0,123.43471
125.0,121.304474
125.0,122.24564
124.0,122.70084
123.0,123.062325
122.0,122.13455
121.0,121.08725
120.0,121.927826
119.0,121.26115
118.0,117.181404
117.0,115.99387
116.0,116.50919
115.0,114.13639
114.0,115.40059
113.0,113.200325
112.0,114.73023
111.0,116.4611
110.0,113.33658
109.0,113.45637
108.0,109.560295
107.0,109.40963
106.0,108.90692
105.0,110.35345
125.0,117.6835
125.0,118.132935
125.0,118.16731
125.0,118.28055
125.0,118.17808
125.0,115.537125
125.0,115.61995
125.0,114.84739
125.0,114.35164
125.0,115.26598
125.0,114.84567
125.0,115.85502
125.0,116.696014
125.0,116.52145
125.0,115.328636
125.0,112.68574
125.0,112.57673
125.0,113.10436
125.0,115.02494
125.0,115.836365
124.0,115.79846
123.0,116.715034
122.0,119.87223
121.0,118.21793
120.0,118.33026
119.0,118.715195
118.0,116.54314
117.0,117.67423
116.0,117.0751
115.0,118.256615
114.0,117.67176
113.0,117.144684
112.0,113.24076
111.0,113.45257
110.0,113.768456
109.0,111.43258
108.0,110.56283
107.0,112.04593
106.0,113.05712
105.0,114.67842
104.0,114.77181
103.0,112.60189
102.0,112.43804
101.0,110.28487
100.0,112.15221
99.0,108.0255
98.0,106.53344
97.0,105.065796
96.0,105.91005
95.0,105.40524
94.0,109.75702
93.0,109.57549
92.0,108.48182
91.0,107.63851
90.0,105.900406
89.0,106.72446
88.0,107.05975
87.0,108.017204
86.0,106.53299
85.0,104.5466
84.0,105.16139
83.0,104.48016
82.0,102.151764
81.0,105.477684
80.0,106.9224
79.0,105.32722
78.0,103.47693
77.0,103.8585
76.0,107.54004
75.0,107.82254
74.0,104.539154
73.0,104.498955
72.0,101.97855
71.0,104.119316
70.0,107.10093
69.0,106.548065
68.0,104.80073
67.0,100.425575
66.0,103.79634
65.0,101.23241
64.0,99.625854
63.0,99.87816
62.0,95.52616
61.0,96.475296
60.0,94.53853
59.0,93.068016
58.0,91.2701
57.0,89.36082
125.0,102.45586
125.0,99.33753
125.0,98.13165
125.0,99.47048
125.0,98.25954
125.0,101.58497
125.0,101.66659
125.0,101.67885
125.0,106.14933
125.0,106.40744
125.0,100.644775
125.0,98.2563
125.0,94.761894
125.0,96.488495
125.0,94.990776
125.0,93.44335
125.0,91.770966
125.0,95.20842
125.0,92.73457
125.0,93.410706
125.0,94.30263
125.0,92.593956
125.0,93.03935
125.0,96.47519
125.0,96.8867
125.0,93.665
125.0,96.50466
125.0,95.49248
125.0,93.39823
125.0,92.977745
125.0,93.43205
125.0,92.024574
125.0,91.98084
125.0,94.42647
125.0,95.72545
125.0,96.2687
125.0,96.48223
125.0,93.8579
125.0,92.902306
125.0,91.43017
125.0,92.849556
125.0,91.11433
125.0,93.71116
125.0,87.84501
125.0,90.02614
124.0,86.32551
123.0,88.694275
122.0,86.78883
121.0,85.098625
120.0,81.13312
119.0,82.353134
118.0,86.294975
117.0,83.92562
116.0,85.29272
115.0,86.8116
114.0,88.18068
113.0,83.21182
112.0,81.911064
111.0,82.37216
110.0,81.70365
109.0,83.34687
108.0,77.88816
107.0,74.30782
106.0,73.06835
105.0,79.49643
104.0,78.23268
103.0,76.93058
102.0,77.60062
101.0,72.57376
100.0,73.30774
99.0,71.28083
98.0,74.22394
97.0,74.7851
96.0,70.96756
95.0,68.52269
94.0,66.634476
93.0,66.848816
92.0,68.62354
91.0,66.00064
90.0,61.56205
89.0,58.861607
88.0,57.831734
87.0,59.928883
86.0,60.99051
85.0,60.790066
84.0,62.485783
83.0,62.07353
82.0,63.56817
81.0,63.560135
80.0,59.669605
79.0,56.31614
78.0,58.130997
77.0,55.36524
76.0,53.487038
75.0,48.584297
74.0,51.913624
73.0,49.482426
72.0,49.831924
71.0,50.227097
70.0,47.507843
69.0,48.316814
68.0,46.458572
67.0,46.38967
66.0,44.14031
65.0,43.111317
64.0,41.45475
63.0,39.450787
62.0,41.270542
61.0,40.246807
60.0,39.56051
59.0,40.574364
58.0,37.31065
57.0,36.70364
56.0,34.338627
55.0,35.95024
54.0,35.54663
53.0,38.18614
52.0,36.765713
51.0,36.579823
50.0,37.584564
49.0,35.370163
48.0,33.9537
47.0,33.290466
46.0,35.941605
45.0,35.961185
44.0,35.15537
43.0,33.58172
42.0,31.571611
41.0,29.717478
40.0,28.475782
39.0,27.416954
38.0,26.243761
37.0,24.646618
36.0,24.992851
35.0,25.735744
34.0,25.281004
33.0,23.736744
32.0,24.19144
31.0,22.334978
30.0,22.647102
29.0,22.566208
28.0,22.29162
27.0,21.811825
26.0,22.113523
125.0,126.83068
125.0,128.25363
125.0,128.59486
125.0,128.2298
125.0,127.21618
125.0,128.7247
125.0,130.14731
125.0,130.53175
125.0,130.81664
125.0,130.19716
125.0,129.16203
125.0,129.02208
125.0,126.80948
125.0,127.42348
125.0,126.98203
125.0,127.60584
125.0,127.687874
125.0,125.335976
125.0,126.01882
125.0,127.04913
125.0,124.02183
125.0,123.49294
125.0,122.105034
125.0,122.81244
125.0,124.06096
125.0,124.68599
125.0,124.77221
125.0,125.43389
125.0,127.13426
125.0,128.93394
125.0,131.04597
125.0,129.3329
125.0,130.03256
125.0,129.7387
125.0,127.43753
125.0,128.01588
125.0,128.52507
125.0,129.36494
125.0,130.4177
125.0,129.90236
125.0,128.36932
125.0,127.178474
125.0,130.09843
125.0,128.75854
125.0,129.99808
125.0,129.09708
125.0,128.44766
125.0,129.12453
125.0,127.63439
125.0,123.45967
125.0,125.366646
125.0,126.93074
125.0,128.59148
125.0,128.29233
125.0,125.88601
125.0,125.59451
125.0,124.96352
125.0,121.69812
125.0,121.43375
125.0,122.27928
125.0,123.237915
125.0,124.17712
125.0,122.8811
125.0,123.19053
125.0,122.80322
125.0,122.96462
125.0,124.96617
125.0,124.81697
125.0,122.8092
125.0,123.472664
125.0,122.2767
125.0,120.24723
125.0,123.701775
125.0,125.437706
125.0,122.48877
125.0,123.718895
125.0,124.74107
125.0,122.415924
125.0,124.84649
125.0,123.921555
125.0,123.106186
125.0,121.1012
125.0,121.31866
125.0,120.73378
125.0,118.761536
125.0,121.98889
125.0,120.17407
125.0,121.02132
125.0,121.178345
125.0,121.97555
125.0,122.16699
125.0,122.732056
125.0,121.993996
125.0,121.67438
125.0,120.90452
125.0,122.146774
125.0,122.27359
125.0,121.70604
125.0,121.69664
125.0,124.72456
125.0,125.86495
125.0,126.26529
125.0,123.692986
125.0,125.057175
125.0,123.61228
125.0,123.3182
125.0,122.78022
125.0,122.21552
125.0,120.796844
125.0,120.72163
125.0,119.600876
125.0,120.545074
125.0,117.33785
125.0,118.14321
125.0,117.2501
125.0,116.889
125.0,116.383064
125.0,119.386894
125.0,118.08902
125.0,119.308395
125.0,117.55503
125.0,117.7395
125.0,120.45474
125.0,122.83114
125.0,120.45615
125.0,120.38149
125.0,120.597244
125.0,120.47087
125.0,118.769615
125.0,118.18329
125.0,119.47031
125.0,119.112015
124.0,117.91284
123.0,121.45709
122.0,120.534996
121.0,121.495316
120.0,119.05294
119.0,118.32844
118.0,120.01255
117.0,121.705215
116.0,121.914665
115.0,121.044426
114.0,117.65954
113.0,116.30437
112.0,114.082855
111.0,115.22582
110.0,113.76453
109.0,113.876816
108.0,113.054146
107.0,110.31329
106.0,108.18319
105.0,107.8891
104.0,106.34917
103.0,103.874794
102.0,107.80685
101.0,106.06863
100.0,106.082886
99.0,106.14298
98.0,107.83955
97.0,107.268524
96.0,104.417336
95.0,101.323166
94.0,103.88863
93.0,104.2248
92.0,102.94553
91.0,103.03271
90.0,103.629364
89.0,105.67219
88.0,104.2358
87.0,104.963394
86.0,104.57896
85.0,97.54418
84.0,97.83748
83.0,93.039696
82.0,91.47918
81.0,90.44441
80.0,92.69257
79.0,92.014694
78.0,91.99494
77.0,92.016106
76.0,91.36623
75.0,90.381905
74.0,88.094154
73.0,82.843155
72.0,78.118965
71.0,78.38197
70.0,76.24019
69.0,75.62402
125.0,126.18929
125.0,126.79188
125.0,124.94447
125.0,124.75604
125.0,124.55315
125.0,125.19127
125.0,125.517784
125.0,124.21419
125.0,122.66672
125.0,124.02749
125.0,124.38569
125.0,122.95804
125.0,122.05723
125.0,121.172966
125.0,122.32303
125.0,124.13442
125.0,122.07747
125.0,121.81019
124.0,121.92955
123.0,121.265755
122.0,120.82238
121.0,122.37481
120.0,122.17917
119.0,122.17605
118.0,120.88799
117.0,119.78069
116.0,121.29784
115.0,122.12221
114.0,121.21664
113.0,121.40499
112.0,121.945145
111.0,120.75681
110.0,121.62714
109.0,121.15654
108.0,121.92839
107.0,120.82486
106.0,121.59366
105.0,120.38109
104.0,119.79161
103.0,119.094986
102.0,119.783775
101.0,119.992165
100.0,117.56861
99.0,116.20061
98.0,117.55964
97.0,118.94537
96.0,117.28397
95.0,116.288284
94.0,118.34606
93.0,117.087524
92.0,113.5477
91.0,113.829956
90.0,112.72063
89.0,113.42288
88.0,115.3883
87.0,115.39359
86.0,114.52213
85.0,114.90379
84.0,114.65949
83.0,115.25466
82.0,115.75624
81.0,114.41442
80.0,114.69708
79.0,113.27374
78.0,112.71951
77.0,112.31022
76.0,110.21455
75.0,111.2331
74.0,112.49589
73.0,113.989105
72.0,112.74766
71.0,111.94412
70.0,110.90624
69.0,109.32124
68.0,108.44443
67.0,108.0064
66.0,108.018326
65.0,105.91335
64.0,108.82901
63.0,110.80862
62.0,111.91995
61.0,111.272156
60.0,106.866585
59.0,107.35326
58.0,109.54183
57.0,106.85142
56.0,103.98535
55.0,102.95476
54.0,102.694405
53.0,104.57037
52.0,102.65703
51.0,103.134514
50.0,100.37715
49.0,97.04308
48.0,95.5461
47.0,93.26646
46.0,90.06228
45.0,87.561615
44.0,82.19169
43.0,80.42139
42.0,74.85711
125.0,125.54982
125.0,126.8821
125.0,126.11636
125.0,124.57304
125.0,122.61663
125.0,121.91701
125.0,122.83774
125.0,124.60121
125.0,124.42256
125.0,124.44359
125.0,125.53357
125.0,124.55825
125.0,123.49443
125.0,124.649345
125.0,124.80538
125.0,127.215546
125.0,126.54114
125.0,126.68039
125.0,125.95882
125.0,127.28335
125.0,125.403824
125.0,125.72842
125.0,125.982925
125.0,125.1387
125.0,122.59785
125.0,122.03773
125.0,120.90008
125.0,116.183205
125.0,114.46824
125.0,113.39203
125.0,115.01031
125.0,116.03216
125.0,117.91173
125.0,116.88602
125.0,117.762985
125.0,118.655365
125.0,118.21902
125.0,119.452995
125.0,120.09196
125.0,121.721535
125.0,121.07317
125.0,120.92614
125.0,118.12163
125.0,119.44087
125.0,119.77841
125.0,120.451584
125.0,119.62539
125.0,121.503235
125.0,123.81642
125.0,124.52528
125.0,123.23147
125.0,123.477516
125.0,119.29138
125.0,119.5779
125.0,118.61603
125.0,118.0229
125.0,121.02626
125.0,123.00749
125.0,122.535286
125.0,120.47826
125.0,120.58926
125.0,121.55453
125.0,121.36981
125.0,121.54468
125.0,119.95966
125.0,117.9655
125.0,117.63109
125.0,119.076195
125.0,117.53318
125.0,113.84404
125.0,114.219284
125.0,115.90463
125.0,115.274635
125.0,115.997955
125.0,116.512146
125.0,117.49571
125.0,115.93021
125.0,117.08416
125.0,118.48032
125.0,115.965065
125.0,113.29339
125.0,114.77488
125.0,114.31832
125.0,114.08657
125.0,114.80988
125.0,113.17715
125.0,115.10051
125.0,117.96736
125.0,117.82965
125.0,116.75019
125.0,114.647
125.0,114.931076
125.0,113.7549
125.0,111.731995
125.0,111.52857
125.0,108.02169
125.0,109.39711
125.0,110.01338
125.0,109.708954
125.0,107.1295
125.0,109.32946
125.0,107.82944
125.0,107.59179
124.0,109.765724
123.0,108.77179
122.0,110.35047
121.0,109.50736
120.0,111.436295
119.0,111.776505
118.0,112.240585
117.0,112.09158
116.0,110.05189
115.0,110.61417
114.0,107.84952
113.0,102.993744
112.0,102.25376
111.0,100.08962
110.0,98.70359
109.0,102.07331
108.0,100.11573
107.0,102.90565
106.0,107.34399
105.0,110.18324
104.0,110.45284
103.0,108.99836
102.0,104.15323
101.0,105.04887
100.0,101.745384
99.0,101.22893
98.0,101.53977
97.0,99.69363
96.0,100.49104
95.0,98.929184
94.0,98.741455
93.0,96.51581
92.0,94.89104
91.0,91.593544
90.0,85.95866
89.0,89.51372
88.0,90.376915
87.0,91.41785
86.0,91.45334
85.0,90.37272
84.0,83.09279
83.0,82.84722
82.0,75.99314
81.0,74.547264
80.0,71.278496
79.0,72.10363
78.0,73.400925
77.0,71.02996
76.0,67.8847
75.0,69.00943
74.0,65.78807
73.0,66.63672
72.0,63.989334
71.0,62.818863
70.0,61.50646
69.0,64.514755
68.0,64.13778
67.0,62.20871
66.0,61.616432
65.0,59.015633
64.0,57.919346
63.0,51.33074
62.0,49.195778
61.0,43.45752
60.0,42.795097
59.0,41.87396
58.0,43.24476
57.0,42.933685
56.0,40.093662
55.0,42.998676
54.0,44.660973
53.0,45.007633
52.0,42.595486
107.0,99.997185
106.0,99.65329
105.0,97.5546
104.0,98.39946
103.0,101.09335
102.0,102.08782
101.0,103.259834
100.0,101.57943
99.0,105.999146
98.0,104.03378
97.0,103.98924
96.0,103.64643
95.0,103.21925
94.0,104.124886
93.0,102.57302
92.0,97.84833
91.0,96.848045
90.0,94.42173
89.0,93.91768
88.0,94.33249
87.0,91.67967
86.0,94.31367
85.0,92.86552
84.0,89.18731
83.0,85.88176
82.0,87.69026
125.0,119.331436
125.0,121.123055
125.0,120.579605
125.0,118.58837
125.0,119.316864
125.0,118.700424
125.0,116.94026
125.0,117.89636
125.0,118.22725
125.0,119.37732
125.0,118.52811
125.0,119.14543
125.0,118.395454
125.0,118.48758
125.0,119.09816
125.0,119.35687
125.0,119.44807
125.0,118.174706
125.0,116.0596
125.0,117.168434
125.0,117.67243
125.0,119.10471
125.0,121.258995
125.0,119.892815
125.0,119.23124
125.0,117.86415
125.0,117.64006
125.0,118.03843
125.0,117.32581
125.0,116.63224
125.0,115.89194
125.0,115.57077
125.0,115.82531
125.0,116.20881
125.0,116.494225
125.0,116.29862
125.0,117.751854
125.0,119.1936
125.0,118.30651
125.0,119.05741
125.0,118.37705
125.0,117.950516
125.0,119.0739
125.0,118.4167
125.0,118.04272
125.0,117.65284
125.0,117.61987
125.0,114.77969
125.0,115.490616
125.0,117.11722
125.0,116.77596
125.0,116.21995
125.0,115.6151
125.0,117.54445
125.0,117.80406
125.0,119.53105
125.0,121.53498
125.0,119.57383
125.0,120.19975
125.0,120.34817
125.0,119.90139
125.0,118.19489
125.0,117.47909
125.0,116.58245
125.0,116.84358
125.0,116.53706
125.0,115.51024
125.0,115.98584
125.0,118.02888
125.0,118.55314
125.0,118.94086
125.0,117.8722
125.0,119.26292
125.0,119.08889
125.0,118.16884
125.0,116.70238
125.0,116.50503
125.0,118.09302
125.0,116.74401
125.0,115.46121
125.0,115.68224
125.0,118.15579
125.0,115.84395
125.0,116.60642
125.0,117.347984
125.0,117.61172
125.0,116.763016
125.0,115.27687
125.0,114.71787
125.0,114.21184
125.0,113.67911
125.0,115.317764
125.0,114.61946
125.0,116.934525
125.0,114.61636
125.0,115.8776
125.0,114.25648
125.0,113.48156
125.0,114.26222
125.0,113.88288
125.0,112.60744
125.0,112.85283
125.0,111.91049
125.0,114.08542
125.0,113.475266
125.0,113.657936
125.0,114.0419
125.0,116.04473
125.0,115.040764
125.0,111.366745
125.0,109.99919
125.0,110.087326
125.0,108.75832
125.0,107.32834
125.0,110.45253
125.0,110.07571
125.0,112.50453
125.0,111.80693
125.0,111.5765
125.0,110.64503
125.0,110.713455
125.0,107.78137
125.0,106.8604
125.0,108.460815
125.0,106.89801
125.0,108.76183
124.0,107.84211
123.0,107.51526
122.0,108.91838
121.0,110.883995
120.0,112.578224
119.0,110.67097
118.0,112.084785
117.0,110.22002
116.0,106.58528
115.0,109.15556
114.0,107.1856
113.0,107.73428
112.0,109.17002
111.0,110.27256
110.0,109.69757
109.0,111.111725
108.0,111.22097
107.0,109.88174
106.0,111.25255
105.0,106.92083
104.0,106.79101
103.0,108.46912
102.0,105.880455
101.0,106.09031
100.0,103.12396
99.0,101.37416
98.0,99.856834
97.0,101.23834
96.0,101.59188
95.0,99.86471
94.0,101.1916
93.0,99.54919
92.0,94.44132
91.0,92.609825
90.0,91.36976
89.0,91.14386
88.0,90.5744
87.0,86.44964
86.0,85.43509
85.0,81.96997
84.0,81.13217
83.0,80.961914
82.0,83.75477
81.0,79.881905
80.0,79.488396
79.0,79.9971
78.0,81.634285
77.0,81.07893
76.0,82.058876
75.0,83.20036
74.0,81.4817
73.0,83.406136
72.0,80.592445
71.0,77.06189
70.0,76.40398
69.0,77.551605
68.0,71.76015
67.0,72.11435
66.0,68.82314
65.0,66.26845
64.0,67.151665
63.0,61.96272
62.0,65.00875
61.0,65.41137
60.0,62.30693
59.0,61.96938
58.0,57.681396
57.0,53.41685
56.0,51.676426
55.0,46.125755
54.0,46.035076
53.0,46.233692
52.0,45.37661
51.0,43.664215
50.0,41.8578
49.0,42.070198
48.0,42.323406
47.0,40.07819
46.0,38.55128
45.0,36.68168
44.0,35.625374
43.0,35.51836
42.0,33.891434
41.0,34.408287
40.0,33.64218
39.0,32.999924
38.0,31.745012
37.0,31.188889
36.0,31.443361
35.0,30.672668
34.0,28.268225
33.0,26.727037
32.0,26.425152
31.0,28.263762
30.0,27.973547
29.0,28.142498
28.0,27.11643
27.0,26.369797
26.0,25.569122
25.0,24.813812
24.0,23.930683
23.0,23.863173
22.0,22.868345
21.0,22.103525
20.0,20.898373
19.0,18.231209
18.0,17.00085
17.0,17.589882
16.0,17.685452
15.0,16.42332
125.0,127.607796
125.0,128.98668
125.0,128.81285
125.0,128.48201
125.0,126.2614
125.0,126.1788
125.0,126.23964
125.0,124.35557
125.0,125.97577
125.0,125.01943
125.0,124.96367
125.0,124.225006
125.0,124.951706
125.0,126.395065
125.0,125.45608
125.0,125.35864
125.0,124.54322
125.0,127.80618
125.0,128.7263
125.0,128.273
125.0,128.00142
125.0,129.19925
125.0,129.30724
125.0,129.19373
125.0,126.910835
125.0,127.256454
125.0,126.862335
125.0,125.49722
125.0,123.80928
125.0,125.42698
125.0,123.31827
125.0,123.533966
125.0,123.3601
125.0,125.0459
125.0,126.85339
125.0,125.34906
125.0,124.76515
125.0,125.97481
125.0,124.74894
125.0,126.4009
125.0,126.03819
125.0,125.70372
125.0,125.97156
125.0,126.81384
125.0,124.308945
125.0,125.35265
125.0,125.94275
125.0,127.27417
125.0,126.42141
125.0,125.684425
125.0,125.485245
125.0,125.45301
125.0,126.87685
125.0,126.69049
125.0,124.23962
125.0,125.71661
125.0,123.60199
125.0,126.06576
125.0,125.972855
125.0,125.60852
125.0,123.73796
125.0,124.01776
125.0,121.78407
125.0,122.10832
125.0,123.79743
125.0,122.61408
125.0,122.67313
125.0,121.21711
125.0,123.33459
125.0,121.537834
125.0,121.98518
124.0,122.67909
123.0,122.730644
122.0,121.43615
121.0,124.13133
120.0,121.53216
119.0,121.588524
118.0,120.71742
117.0,121.44959
116.0,120.27028
115.0,120.857086
114.0,120.92429
113.0,120.353874
112.0,121.25278
111.0,121.21618
110.0,121.467
109.0,120.56618
108.0,120.59859
107.0,116.72415
106.0,116.65953
105.0,115.17228
104.0,117.1021
103.0,118.5355
102.0,120.348045
101.0,119.96092
100.0,119.29783
99.0,120.13432
98.0,119.18214
97.0,117.59377
96.0,116.41121
95.0,116.53572
94.0,117.450905
93.0,114.61288
92.0,115.811455
91.0,116.61353
90.0,115.22777
89.0,114.87914
88.0,112.65145
87.0,114.14255
86.0,114.42542
85.0,113.80097
84.0,115.095314
83.0,115.51024
82.0,114.168175
81.0,116.69229
80.0,117.9484
79.0,116.5801
78.0,118.70304
77.0,115.954865
76.0,114.52156
75.0,114.25497
74.0,115.89543
73.0,113.47312
72.0,111.99858
71.0,106.26787
70.0,107.92621
69.0,104.3531
68.0,104.69122
125.0,123.07985
125.0,123.42436
125.0,125.12587
125.0,125.769585
125.0,125.4615
125.0,125.051765
125.0,123.86911
125.0,123.56864
125.0,123.44231
125.0,123.03912
125.0,121.14057
125.0,121.41834
125.0,121.39091
125.0,123.52596
125.0,121.682465
125.0,122.13804
125.0,121.62876
125.0,122.067795
125.0,124.15883
125.0,125.538826
125.0,124.884224
125.0,125.94975
125.0,124.99323
125.0,124.32659
125.0,124.21623
125.0,123.70306
125.0,123.66549
125.0,123.720116
125.0,122.10449
125.0,122.92207
125.0,124.54271
125.0,124.05387
125.0,125.31612
125.0,125.46177
125.0,125.5985
125.0,124.705734
125.0,119.17701
125.0,121.61947
125.0,123.327
125.0,124.702805
125.0,122.9364
125.0,122.04366
125.0,118.517235
125.0,119.311005
125.0,120.742294
125.0,122.89673
125.0,121.91915
125.0,123.0878
125.0,124.32562
125.0,123.26891
125.0,124.99603
125.0,126.18543
125.0,126.32142
125.0,126.868546
125.0,127.455666
125.0,127.365875
125.0,127.5079
125.0,126.04253
125.0,125.49999
125.0,125.283394
125.0,124.76806
125.0,123.98654
125.0,125.56493
125.0,128.18666
125.0,127.6658
125.0,127.631065
125.0,128.12698
125.0,127.389
125.0,128.60722
125.0,127.03228
125.0,126.11686
125.0,123.40455
125.0,122.298904
125.0,121.280685
125.0,122.59309
125.0,121.660736
125.0,121.05719
125.0,120.57503
125.0,119.8995
125.0,121.25452
125.0,120.775314
125.0,120.35614
125.0,120.722084
125.0,123.39963
125.0,123.687904
125.0,124.09155
125.0,123.11974
125.0,122.83519
125.0,120.95386
125.0,117.34437
125.0,118.98625
125.0,119.29454
125.0,118.68377
125.0,122.56341
125.0,122.226585
125.0,122.12783
125.0,121.0659
125.0,118.981
125.0,117.56701
125.0,115.06699
125.0,116.08993
125.0,117.306915
125.0,114.718346
125.0,110.99124
125.0,108.49205
125.0,110.96956
125.0,113.159904
125.0,116.815254
125.0,115.884544
125.0,117.06655
125.0,115.736176
125.0,115.03445
125.0,116.95717
125.0,117.98099
125.0,118.12409
125.0,118.20495
125.0,120.22564
125.0,121.44433
125.0,124.199066
125.0,122.731415
125.0,124.26878
125.0,122.35715
125.0,123.13233
125.0,121.83269
125.0,118.26788
125.0,119.46536
125.0,118.80745
125.0,119.36219
125.0,117.22709
125.0,117.47518
125.0,117.54963
125.0,118.043304
125.0,116.92496
125.0,113.577934
125.0,113.313866
125.0,115.29698
125.0,115.800766
125.0,118.38765
125.0,117.53864
125.0,118.21446
125.0,117.204765
125.0,119.07815
125.0,120.261086
125.0,120.22032
125.0,119.43463
125.0,117.19868
125.0,116.39206
125.0,111.82138
125.0,112.04451
125.0,112.223434
125.0,115.37393
125.0,116.199615
125.0,116.5693
125.0,113.959206
125.0,113.18162
125.0,113.32144
125.0,110.78483
125.0,113.955765
125.0,112.928314
125.0,116.23227
125.0,113.90161
125.0,113.77025
125.0,114.56221
125.0,114.11261
125.0,111.543495
125.0,109.033035
125.0,110.856476
125.0,109.70354
125.0,109.882065
125.0,108.49179
125.0,109.638824
125.0,108.42872
125.0,108.477234
125.0,107.8804
125.0,103.48436
125.0,107.02832
125.0,108.373344
125.0,103.02398
125.0,103.778854
125.0,103.39512
125.0,101.77619
125.0,100.64244
125.0,101.17023
125.0,105.51581
125.0,104.64588
125.0,106.46506
125.0,103.03874
125.0,107.20466
125.0,106.10606
124.0,101.48853
123.0,99.33981
122.0,100.73576
121.0,97.414566
120.0,101.015144
119.0,101.7606
118.0,100.13008
117.0,98.49836
116.0,100.07164
115.0,98.65357
114.0,101.89688
113.0,102.64647
112.0,101.68758
111.0,95.1065
110.0,92.787224
109.0,92.383575
108.0,89.43381
107.0,90.44424
106.0,82.53954
105.0,79.19091
104.0,77.664185
103.0,74.66582
102.0,71.70747
101.0,66.91046
100.0,68.92951
99.0,67.90003
98.0,68.15916
97.0,62.742584
96.0,65.454445
95.0,63.888393
94.0,60.834305
93.0,61.213696
92.0,62.96371
91.0,62.779106
90.0,60.974953
89.0,61.47835
88.0,60.45792
87.0,60.43694
86.0,58.38706
85.0,55.165585
84.0,57.009155
83.0,56.89606
82.0,57.427574
81.0,54.22819
80.0,53.16921
79.0,52.725124
78.0,52.50023
77.0,52.917965
76.0,54.01933
75.0,52.04882
74.0,49.610073
73.0,49.82489
72.0,50.16612
71.0,49.16835
70.0,48.425373
69.0,48.22122
68.0,48.559143
67.0,48.105953
66.0,45.858536
65.0,44.60577
64.0,44.158993
63.0,45.530483
62.0,47.62582
61.0,48.13453
60.0,45.980324
59.0,43.762413
58.0,39.451878
57.0,37.31583
56.0,36.89592
55.0,35.61167
54.0,37.02075
53.0,34.357918
52.0,34.894005
51.0,32.56059
50.0,31.184433
49.0,29.368454
48.0,28.121218
47.0,28.62574
46.0,26.06859
45.0,26.605904
44.0,25.01314
43.0,23.928741
42.0,24.15583
41.0,23.485992
40.0,23.87061
39.0,20.990536
38.0,20.145445
37.0,19.768219
36.0,19.848045
35.0,19.68866
34.0,18.880924
33.0,17.594437
32.0,17.584557
31.0,17.94556
30.0,16.97888
29.0,15.859457
28.0,15.410527
27.0,13.703907
26.0,14.004799
25.0,14.372613
24.0,13.461889
23.0,11.854963
22.0,12.548339
21.0,11.847748
20.0,11.353383
19.0,11.003627
18.0,11.732431
17.0,11.547962
16.0,10.893271
15.0,11.167511
14.0,11.015837
13.0,10.470115
12.0,10.135993
11.0,9.249328
125.0,120.83121
125.0,118.97999
125.0,119.61777
125.0,120.031265
125.0,120.92626
125.0,121.12675
125.0,121.83295
125.0,121.92361
125.0,122.948456
125.0,120.95967
125.0,120.55169
125.0,119.17572
125.0,119.760666
125.0,119.849236
125.0,119.3699
125.0,119.644005
125.0,122.04103
125.0,121.668144
125.0,121.685745
125.0,119.28849
125.0,119.980545
125.0,119.59223
125.0,120.00864
125.0,120.0801
125.0,119.127365
125.0,120.25605
125.0,121.823204
125.0,121.57947
125.0,122.17506
125.0,122.7944
125.0,121.80096
125.0,121.02996
125.0,121.30554
125.0,121.686134
125.0,121.39988
125.0,121.95329
125.0,121.180595
125.0,120.485374
125.0,121.495186
125.0,120.909386
125.0,121.512726
125.0,120.69438
125.0,121.189514
125.0,121.303024
125.0,120.353714
125.0,120.88691
125.0,120.593414
125.0,121.51412
125.0,120.369896
125.0,119.739136
125.0,118.37823
125.0,119.287506
125.0,117.07048
125.0,119.30467
125.0,117.92895
125.0,119.758965
125.0,120.73608
125.0,121.901596
125.0,121.105896
125.0,120.10667
125.0,121.270004
125.0,117.741104
125.0,117.80129
125.0,118.37267
125.0,117.88878
125.0,118.05779
125.0,120.2293
125.0,118.07482
125.0,119.985756
125.0,119.29887
125.0,119.679344
125.0,120.06914
125.0,118.45783
125.0,118.98056
125.0,119.65243
125.0,119.71636
125.0,119.98047
125.0,118.99868
125.0,118.68407
125.0,118.63793
125.0,116.04693
125.0,115.68032
125.0,115.08788
125.0,116.06609
125.0,116.532265
125.0,115.368484
125.0,116.09435
125.0,118.00661
125.0,118.28693
125.0,118.533844
125.0,117.55624
125.0,118.311005
125.0,119.755
125.0,120.12861
125.0,121.34558
125.0,121.02659
125.0,122.306656
125.0,120.96205
125.0,118.65207
125.0,118.251366
125.0,118.134155
125.0,117.97876
125.0,118.199615
125.0,116.749245
125.0,118.27571
125.0,118.2225
125.0,117.61405
125.0,118.51494
125.0,118.32958
125.0,118.58144
125.0,118.988815
125.0,121.015366
125.0,120.85671
125.0,118.687004
125.0,116.786835
125.0,116.03803
125.0,116.60118
125.0,116.81871
125.0,115.59361
125.0,117.33259
125.0,119.11778
125.0,118.25074
125.0,115.70913
125.0,117.670906
125.0,117.37848
125.0,117.043785
125.0,118.33662
125.0,117.53258
125.0,114.73363
125.0,114.532364
125.0,115.20136
125.0,113.36192
125.0,113.73234
125.0,114.95155
125.0,117.37128
125.0,118.505325
125.0,118.31837
125.0,117.50972
125.0,116.29277
125.0,114.042564
125.0,112.31656
125.0,112.15829
125.0,118.33993
125.0,119.76033
125.0,116.39969
125.0,116.56955
125.0,118.243355
125.0,118.70383
125.0,119.21622
125.0,118.454605
125.0,117.861015
125.0,116.3492
125.0,115.40189
125.0,116.48544
125.0,118.22771
125.0,119.87694
125.0,118.63224
125.0,116.8517
125.0,116.643715
125.0,115.63106
125.0,115.85395
125.0,114.543175
125.0,112.45798
125.0,110.409065
125.0,110.30294
125.0,109.56202
125.0,107.27412
125.0,105.662506
125.0,106.346756
125.0,105.20364
125.0,103.36855
125.0,104.48656
125.0,104.74293
125.0,106.132706
125.0,107.70529
125.0,106.056305
125.0,105.71732
125.0,108.031006
125.0,107.50765
125.0,107.2157
125.0,108.153015
125.0,105.67367
125.0,103.8167
125.0,123.73567
125.0,119.870636
125.0,122.7445
125.0,121.79757
125.0,120.81861
125.0,118.301796
125.0,114.82537
125.0,118.190994
125.0,116.94512
125.0,120.66957
125.0,121.55381
125.0,120.41647
125.0,123.32796
125.0,122.75338
125.0,121.192894
125.0,121.46173
125.0,121.95821
125.0,122.13726
125.0,123.82547
125.0,124.07729
125.0,122.49184
125.0,120.06863
125.0,116.036064
125.0,118.79704
125.0,121.52979
125.0,120.21504
125.0,117.96151
125.0,113.610016
125.0,112.296326
125.0,113.31041
125.0,112.2638
125.0,114.337135
125.0,116.23895
125.0,117.6655
125.0,115.49992
125.0,117.42358
125.0,116.957466
125.0,119.00405
125.0,117.95272
125.0,119.201126
125.0,119.95789
125.0,116.46304
125.0,112.25777
125.0,115.9163
125.0,113.72815
125.0,111.06308
125.0,109.66352
125.0,107.67179
125.0,109.99392
125.0,109.31462
125.0,108.586586
125.0,111.03274
125.0,112.12598
125.0,112.5482
125.0,116.07028
125.0,116.4288
125.0,116.5086
125.0,118.835526
125.0,118.06818
125.0,116.84987
125.0,117.83156
125.0,117.05871
125.0,119.030556
125.0,117.452644
125.0,119.00037
125.0,116.47211
125.0,114.94116
125.0,114.700424
125.0,117.80785
125.0,117.83393
125.0,118.45858
125.0,120.15051
125.0,117.08114
125.0,117.74528
125.0,118.10948
125.0,120.04849
125.0,122.69087
125.0,114.37049
125.0,115.24975
125.0,114.054184
125.0,115.792465
125.0,116.46286
125.0,115.29509
125.0,115.79671
125.0,115.75208
125.0,117.75336
125.0,118.32057
125.0,119.39413
125.0,121.63103
125.0,118.18989
125.0,117.21018
125.0,112.37736
125.0,115.943146
125.0,114.98106
125.0,116.23994
125.0,116.40949
125.0,114.42836
125.0,112.13273
125.0,113.23897
125.0,112.86801
125.0,115.26028
125.0,113.483604
125.0,114.2955
125.0,113.97702
125.0,113.50616
125.0,113.59915
125.0,113.03926
125.0,117.494736
125.0,112.28396
125.0,112.33367
125.0,111.67689
125.0,112.41338
125.0,114.25825
125.0,115.13111
125.0,112.75989
125.0,114.60674
125.0,113.38872
125.0,111.506966
125.0,109.951706
125.0,110.40653
125.0,109.82007
125.0,110.60341
125.0,110.96437
125.0,110.74731
125.0,112.99851
125.0,111.30595
125.0,109.59643
125.0,111.51944
125.0,113.36568
125.0,112.137955
125.0,113.76952
125.0,111.55877
125.0,109.11565
125.0,109.58937
125.0,111.46036
125.0,110.306526
125.0,109.54794
125.0,110.94986
125.0,110.06683
125.0,111.5779
125.0,114.31095
125.0,114.87836
125.0,114.323364
125.0,115.087555
125.0,114.90728
125.0,118.14624
125.0,118.53182
125.0,116.99871
125.0,118.15029
125.0,119.271416
125.0,120.07386
125.0,118.202866
125.0,117.577644
125.0,119.26304
125.0,117.205696
125.0,120.92804
125.0,117.76908
125.0,115.87994
125.0,116.54904
125.0,117.13116
125.0,120.29967
125.0,118.66118
125.0,116.59791
125.0,116.28442
125.0,116.13744
125.0,117.01855
125.0,113.33564
125.0,110.662254
125.0,105.73629
125.0,104.80163
125.0,99.947014
125.0,101.56966
125.0,109.43364
125.0,108.28434
125.0,108.39664
125.0,105.60945
125.0,103.54173
125.0,103.13704
125.0,100.60357
125.0,102.5309
125.0,103.06663
125.0,100.49553
125.0,101.633224
125.0,100.536095
125.0,99.85974
125.0,99.14012
125.0,96.741684
125.0,98.06369
125.0,97.36968
125.0,100.23384
125.0,102.63332
125.0,101.77411
125.0,102.69753
125.0,106.208336
125.0,108.248146
125.0,112.203285
125.0,113.63738
125.0,115.103516
125.0,115.54414
125.0,116.39746
125.0,112.13715
125.0,112.00614
125.0,109.74106
125.0,109.06732
125.0,108.94433
125.0,108.77475
125.0,107.6443
125.0,107.47519
125.0,105.03041
125.0,106.26592
125.0,106.766525
125.0,103.77038
125.0,103.76457
125.0,102.64881
125.0,105.917465
125.0,107.4595
125.0,106.00746
125.0,108.74706
125.0,108.51039
125.0,110.9923
125.0,113.779945
125.0,112.483215
125.0,113.42213
125.0,109.54586
125.0,107.52511
125.0,108.90859
125.0,105.56572
125.0,104.92596
125.0,104.398315
125.0,105.216995
125.0,104.3303
125.0,104.00009
125.0,102.03492
125.0,102.618645
125.0,101.50337
125.0,102.09722
125.0,104.13262
125.0,101.4463
125.0,98.99485
125.0,97.237724
125.0,98.25517
125.0,96.75932
125.0,97.93419
125.0,99.39964
125.0,100.171295
125.0,101.87789
125.0,99.65889
125.0,101.096306
125.0,99.6283
125.0,91.4938
125.0,91.27352
125.0,91.17453
125.0,91.99392
125.0,94.27565
125.0,97.2462
125.0,95.15688
125.0,96.7426
125.0,96.572556
125.0,99.42962
125.0,98.874504
125.0,92.92873
125.0,87.20232
125.0,86.468834
125.0,88.55142
125.0,87.21225
125.0,89.069016
125.0,87.75497
125.0,87.85634
125.0,83.16243
125.0,82.7571
125.0,82.64519
125.0,78.65469
125.0,77.00028
125.0,80.01909
125.0,78.76316
125.0,78.96495
125.0,75.47782
125.0,74.42227
125.0,77.69524
125.0,76.185005
125.0,75.48124
125.0,76.2096
125.0,78.36057
125.0,79.38683
125.0,79.45816
125.0,81.24284
125.0,79.31144
125.0,74.90322
125.0,76.89779
125.0,75.872826
125.0,72.58609
125.0,70.6693
125.0,68.27339
125.0,73.12065
125.0,69.2223
125.0,67.715996
125.0,67.492966
125.0,69.25859
125.0,68.665794
125.0,69.36058
125.0,68.639725
125.0,66.74786
125.0,63.889286
125.0,64.02553
125.0,64.43748
125.0,63.303963
125.0,61.20707
125.0,59.455887
125.0,57.668438
125.0,55.46631
125.0,51.98131
125.0,54.524918
125.0,54.24801
125.0,52.9251
125.0,56.25616
125.0,56.336243
125.0,55.68649
124.0,55.835297
123.0,53.673702
122.0,54.828617
121.0,56.291603
120.0,53.6857
119.0,52.08031
118.0,54.73181
117.0,54.629276
116.0,53.441303
115.0,47.961365
114.0,46.617844
125.0,131.41576
125.0,131.18806
125.0,130.14932
125.0,130.39824
125.0,130.6653
125.0,130.51376
125.0,131.15463
125.0,131.35324
125.0,132.66914
125.0,131.32304
125.0,129.79543
125.0,130.46779
125.0,130.68297
125.0,127.29629
125.0,128.67618
125.0,126.2268
125.0,124.12393
125.0,125.494865
125.0,125.928955
125.0,125.47018
125.0,126.55524
125.0,127.36572
125.0,124.83625
125.0,126.12072
125.0,123.55329
125.0,123.77107
125.0,125.31854
125.0,125.7093
125.0,126.336205
125.0,125.653534
125.0,124.515564
125.0,124.8067
125.0,124.595535
125.0,124.49133
125.0,121.571526
125.0,123.28204
125.0,123.78339
125.0,122.76487
125.0,124.67145
125.0,123.42248
125.0,123.24244
125.0,122.856064
125.0,123.41556
125.0,122.96766
125.0,124.10328
125.0,123.099045
125.0,124.59509
125.0,123.58811
125.0,122.856674
125.0,122.76093
125.0,122.687325
125.0,123.22351
125.0,125.556786
125.0,125.58572
125.0,126.44404
125.0,128.29562
125.0,127.280235
125.0,126.81541
125.0,125.41774
125.0,126.52084
125.0,126.54489
125.0,126.24544
125.0,125.62047
125.0,125.13591
124.0,124.34408
125.0,97.767075
125.0,96.10223
125.0,96.011925
125.0,98.44111
125.0,101.15472
125.0,102.317276
125.0,102.6479
125.0,102.89482
125.0,100.993095
125.0,101.46472
125.0,99.393326
125.0,103.04384
125.0,102.53165
125.0,98.36725
125.0,94.975784
125.0,94.426926
125.0,95.86191
125.0,95.090195
125.0,92.39524
125.0,94.91442
125.0,98.44955
125.0,98.62906
125.0,98.817375
125.0,97.11088
125.0,99.64266
125.0,97.69075
125.0,100.58398
125.0,99.12111
125.0,99.479256
125.0,100.616615
125.0,100.40792
125.0,103.123215
125.0,96.72019
125.0,101.10595
125.0,99.34365
125.0,96.45873
125.0,94.05485
125.0,89.81292
125.0,95.47369
125.0,98.16868
125.0,98.3223
125.0,95.68452
125.0,97.5689
125.0,95.15908
125.0,96.07293
124.0,96.05772
123.0,98.34905
122.0,100.96125
121.0,100.89493
120.0,98.90426
119.0,97.32284
118.0,97.461586
117.0,97.3339
116.0,97.703636
115.0,91.7606
114.0,91.06475
113.0,91.578865
112.0,89.22734
111.0,87.698044
110.0,88.751595
109.0,93.529686
108.0,97.74969
107.0,100.79436
106.0,103.11627
105.0,100.91199
104.0,96.808716
103.0,96.168175
102.0,93.87604
101.0,87.602165
100.0,85.961876
99.0,83.85194
98.0,76.83835
97.0,79.84458
96.0,78.30943
95.0,78.228935
94.0,73.39263
93.0,76.70531
92.0,78.36345
91.0,80.71593
90.0,83.999825
89.0,85.56619
88.0,85.45858
87.0,82.04155
86.0,77.78287
85.0,74.85152
84.0,74.276985
83.0,73.58244
82.0,75.4211
81.0,73.36574
80.0,76.05481
79.0,77.09857
78.0,68.57036
77.0,66.32835
76.0,64.05775
75.0,66.86871
74.0,65.39364
73.0,62.886276
72.0,58.11064
71.0,55.14562
70.0,56.382835
69.0,52.782505
68.0,50.69614
67.0,49.423347
66.0,45.5944
65.0,45.169857
64.0,44.193966
63.0,42.810234
62.0,45.249382
61.0,43.214077
60.0,43.812622
59.0,39.48484
58.0,40.909836
57.0,41.63439
56.0,40.87189
55.0,39.213356
54.0,38.112743
53.0,38.39178
52.0,40.16628
51.0,41.047794
50.0,40.895927
49.0,39.228416
48.0,41.340454
47.0,35.901596
46.0,33.60114
45.0,32.789673
44.0,31.370218
43.0,28.935497
42.0,27.424576
41.0,25.56784
40.0,24.947338
39.0,22.64988
38.0,23.624023
37.0,22.859526
36.0,22.112013
35.0,23.747803
34.0,23.419401
33.0,23.316996
32.0,23.305473
31.0,22.626368
30.0,23.101753
29.0,22.523472
28.0,22.57932
27.0,23.300762
26.0,23.261763
25.0,22.31382
24.0,22.46754
23.0,21.128206
22.0,21.80523
21.0,21.943098
20.0,20.663948
19.0,19.830345
18.0,18.232838
125.0,124.2838
125.0,122.28409
125.0,120.91324
125.0,120.417656
125.0,121.77722
125.0,122.10281
125.0,121.8473
125.0,121.06858
125.0,121.97359
125.0,120.38292
125.0,119.27195
125.0,120.055046
125.0,122.44527
125.0,123.465195
125.0,123.87927
125.0,123.43514
125.0,122.98189
125.0,122.58154
125.0,122.24293
125.0,124.8074
125.0,123.30215
125.0,121.961876
125.0,120.73936
125.0,122.11108
125.0,123.64864
125.0,123.86557
125.0,122.54329
125.0,123.26093
125.0,122.324165
125.0,122.60516
125.0,122.593834
125.0,122.2878
125.0,121.05073
125.0,121.55609
125.0,122.08846
125.0,121.132065
125.0,121.10792
125.0,122.13384
125.0,122.522385
125.0,122.886734
125.0,123.66311
125.0,122.19861
125.0,120.88307
125.0,120.14927
125.0,120.856735
125.0,120.676636
125.0,121.80203
125.0,121.62109
125.0,120.74237
125.0,121.247
125.0,119.514435
125.0,120.30354
125.0,119.95453
125.0,118.00383
125.0,118.442116
125.0,118.621376
125.0,117.66088
125.0,118.125175
125.0,118.652336
125.0,118.57532
125.0,119.501114
125.0,119.776085
125.0,119.74217
125.0,120.01976
125.0,121.1501
125.0,120.63866
125.0,120.53583
125.0,119.650955
125.0,120.24972
125.0,121.31758
125.0,121.77789
125.0,120.176506
125.0,119.21309
125.0,120.35845
125.0,120.97315
125.0,121.274704
125.0,122.75212
125.0,122.628395
125.0,121.73984
125.0,121.72384
125.0,120.447975
125.0,122.4664
125.0,121.35954
125.0,121.34344
125.0,121.66303
125.0,120.342285
125.0,119.45084
125.0,117.42985
125.0,119.46137
125.0,117.987206
125.0,117.96889
125.0,118.45692
125.0,118.635895
125.0,118.21727
125.0,117.030914
125.0,116.497314
125.0,115.24862
125.0,114.905426
125.0,115.28966
125.0,116.71633
125.0,116.17051
125.0,115.7273
125.0,115.42898
125.0,114.862595
125.0,116.31848
125.0,116.120575
125.0,116.52896
125.0,116.713745
125.0,115.083374
125.0,112.8904
125.0,110.4989
125.0,109.71564
125.0,108.81255
125.0,108.01165
125.0,110.76454
125.0,108.5595
125.0,111.11763
125.0,111.60775
125.0,111.06163
125.0,111.9028
125.0,111.60241
125.0,112.79526
125.0,110.655556
125.0,112.73152
125.0,113.403206
125.0,111.9689
125.0,110.41658
125.0,111.02889
125.0,110.571365
125.0,109.55739
125.0,108.45825
125.0,109.17006
125.0,110.650314
125.0,111.70274
125.0,112.67951
125.0,114.37185
125.0,112.450294
125.0,111.2213
125.0,111.57636
125.0,112.850204
125.0,110.789185
125.0,109.077286
125.0,108.76447
124.0,107.95812
123.0,105.506355
122.0,105.95462
121.0,105.27724
120.0,103.1409
119.0,103.84047
118.0,105.32354
117.0,104.264175
116.0,108.19629
115.0,105.25517
114.0,105.11873
113.0,105.623276
112.0,106.32673
111.0,107.71191
110.0,105.95722
109.0,106.05387
108.0,103.1335
107.0,102.512825
106.0,102.182884
105.0,100.864944
104.0,101.9568
103.0,99.78194
102.0,98.585915
101.0,97.743805
100.0,97.902405
99.0,97.43285
98.0,97.622635
97.0,96.09354
96.0,93.31847
95.0,95.46516
94.0,99.85234
93.0,101.70563
92.0,99.13294
91.0,98.40507
90.0,96.84483
89.0,95.07129
88.0,92.28256
87.0,91.827
86.0,93.177124
85.0,94.88712
84.0,94.13128
83.0,91.25599
82.0,87.32854
81.0,81.00028
80.0,80.62283
79.0,80.28686
78.0,79.41659
77.0,77.81553
76.0,76.66417
75.0,78.29774
74.0,79.09258
73.0,80.88038
72.0,79.19623
71.0,80.05975
70.0,73.509026
69.0,75.16029
68.0,70.06115
67.0,70.639
66.0,68.11527
65.0,67.54253
64.0,66.25725
63.0,61.910397
62.0,56.26841
61.0,52.11271
60.0,45.59346
59.0,43.80053
58.0,42.72262
57.0,40.977467
56.0,38.815056
55.0,39.782303
54.0,40.57559
53.0,40.131313
52.0,38.8766
51.0,39.897358
50.0,41.130592
49.0,41.268375
48.0,40.58743
47.0,37.92301
46.0,38.452267
45.0,37.921177
44.0,39.107758
43.0,35.743935
42.0,34.017277
41.0,31.578287
40.0,30.631622
39.0,30.651121
38.0,30.785656
37.0,33.230232
36.0,32.260357
35.0,32.140053
34.0,32.084232
33.0,31.412195
32.0,31.287392
31.0,29.523033
30.0,27.158512
29.0,26.71264
28.0,25.941183
27.0,25.161386
26.0,27.123625
25.0,26.150084
24.0,25.89648
23.0,24.826231
22.0,24.084038
21.0,24.204117
20.0,23.6877
19.0,22.097588
18.0,22.131876
17.0,20.910938
16.0,20.194983
15.0,18.284935
14.0,17.222412
13.0,17.262728
12.0,16.837048
11.0,16.654009
10.0,16.132473
9.0,14.712291
125.0,128.23454
125.0,128.14206
125.0,128.83838
125.0,128.52641
125.0,129.81915
125.0,129.391
125.0,128.94682
125.0,126.712234
125.0,127.03994
125.0,128.44958
125.0,128.62015
125.0,129.37895
125.0,128.5669
125.0,128.58675
125.0,129.4867
125.0,130.34592
125.0,128.0901
125.0,128.82535
125.0,130.16992
125.0,130.8399
125.0,131.58252
125.0,128.34303
125.0,126.98075
125.0,126.722244
125.0,126.9702
125.0,128.75899
125.0,129.80464
125.0,129.67873
125.0,129.94417
125.0,130.06467
125.0,130.57219
125.0,127.24626
125.0,127.0155
125.0,128.63249
125.0,126.724396
125.0,124.86328
125.0,128.29147
125.0,126.70828
125.0,125.33449
125.0,125.66493
125.0,128.43776
125.0,126.18284
125.0,126.07848
125.0,127.25319
125.0,126.31024
125.0,123.891785
125.0,125.019104
125.0,127.73212
125.0,129.11137
125.0,126.28694
125.0,124.92904
125.0,127.14574
125.0,125.332954
125.0,124.35342
125.0,124.76112
125.0,124.510666
125.0,124.37345
125.0,123.9761
125.0,125.528824
125.0,126.81408
125.0,126.046715
125.0,125.96951
125.0,125.47918
125.0,124.69664
125.0,124.58794
125.0,124.41723
125.0,125.8727
125.0,125.2662
125.0,124.481445
125.0,124.87938
125.0,128.47931
125.0,125.665085
125.0,126.02705
125.0,125.79668
125.0,125.95605
125.0,127.71098
125.0,126.67124
125.0,126.360756
125.0,124.78478
125.0,125.78564
125.0,127.04541
125.0,125.08952
125.0,125.41835
125.0,124.361336
125.0,124.45748
125.0,124.110954
125.0,123.68633
125.0,124.21663
125.0,124.16066
125.0,125.03937
125.0,124.924614
125.0,125.10461
125.0,124.21081
125.0,125.6682
125.0,125.09753
125.0,125.15989
125.0,123.91746
125.0,122.33398
125.0,124.25918
125.0,124.14979
125.0,123.31236
125.0,123.705246
125.0,123.6688
125.0,124.17843
125.0,123.69487
125.0,122.2454
125.0,123.09754
125.0,122.34519
125.0,121.12984
125.0,120.829445
125.0,122.199524
125.0,122.80384
125.0,123.109764
125.0,122.41656
125.0,123.05083
125.0,122.52389
125.0,121.09167
125.0,120.7692
125.0,120.83673
125.0,119.95745
125.0,120.42144
124.0,121.6912
123.0,120.270966
122.0,118.07518
121.0,118.13986
120.0,118.010895
119.0,118.24505
118.0,118.24869
117.0,118.66498
116.0,118.98374
115.0,119.51352
114.0,120.066734
113.0,119.68795
112.0,119.5513
111.0,119.865845
110.0,120.029755
109.0,116.537186
108.0,113.418655
107.0,114.90935
106.0,117.12109
105.0,114.64857
104.0,114.47245
103.0,113.44217
102.0,111.992325
101.0,113.503975
100.0,112.97356
99.0,111.64978
98.0,111.75307
97.0,111.71718
96.0,111.00734
95.0,111.22468
94.0,109.10627
93.0,110.45249
92.0,110.81974
91.0,109.68431
90.0,105.61114
89.0,104.31198
88.0,102.04636
87.0,101.21907
86.0,101.674995
85.0,100.54569
84.0,98.6672
83.0,96.13353
82.0,94.60911
81.0,96.28703
80.0,97.918076
79.0,98.14014
78.0,98.44458
77.0,99.641815
76.0,98.936646
75.0,97.37742
74.0,95.42032
73.0,99.66138
72.0,98.50188
71.0,97.42019
70.0,96.59487
69.0,97.193855
68.0,94.7051
67.0,91.57362
66.0,94.96176
65.0,92.639786
64.0,85.25536
63.0,82.211525
62.0,79.87789
61.0,80.93768
60.0,79.22235
59.0,79.72576
58.0,79.777405
57.0,78.69108
56.0,78.459236
55.0,84.8855
54.0,87.10104
53.0,85.888626
52.0,78.02726
51.0,72.66456
50.0,71.01719
49.0,64.53831
48.0,60.861786
47.0,53.04252
46.0,51.44296
45.0,46.1186
44.0,41.80793
43.0,44.845333
42.0,40.46504
41.0,39.60571
40.0,40.020702
39.0,39.746693
38.0,36.959106
37.0,36.783657
36.0,33.87709
35.0,33.800713
34.0,31.798952
33.0,31.983648
32.0,30.814575
31.0,30.054716
30.0,31.113268
29.0,29.623838
