Actual_RUL,Predicted_RUL
125.0,115.462845
125.0,112.257355
125.0,114.629906
125.0,116.94323
125.0,117.3945
125.0,124.6857
125.0,124.97117
125.0,126.551926
125.0,123.7635
125.0,122.19915
125.0,122.2374
125.0,121.17227
125.0,123.983345
125.0,122.58003
125.0,122.660355
125.0,122.81276
125.0,120.66801
125.0,116.832695
125.0,119.83857
125.0,121.47624
125.0,122.54952
125.0,122.419266
125.0,125.67608
125.0,123.39873
125.0,121.2436
125.0,118.97391
125.0,119.14989
125.0,121.05067
125.0,121.25079
125.0,122.52795
125.0,122.12259
125.0,118.16553
125.0,114.42865
125.0,116.36337
125.0,115.72025
125.0,118.17619
125.0,119.85089
125.0,119.37475
125.0,116.02254
125.0,117.08171
125.0,118.01362
125.0,118.36464
125.0,116.872795
125.0,118.975555
125.0,120.66689
125.0,119.5667
125.0,115.47954
125.0,114.34295
125.0,115.074905
125.0,119.42095
125.0,121.804085
125.0,121.63153
125.0,122.5213
125.0,122.65285
125.0,120.36483
125.0,120.436005
125.0,119.80868
125.0,119.18802
125.0,116.34531
125.0,113.78396
125.0,116.62976
125.0,113.61228
125.0,113.67144
125.0,113.55006
125.0,113.38745
125.0,112.30731
125.0,112.68093
125.0,103.08146
125.0,105.12696
125.0,111.361206
125.0,110.30015
125.0,111.29077
125.0,110.27364
125.0,112.80317
125.0,116.63799
125.0,115.658745
125.0,112.653015
125.0,112.893105
125.0,114.29644
125.0,117.32007
125.0,119.1811
125.0,119.55988
125.0,119.07544
125.0,118.385155
125.0,119.15898
125.0,119.412605
125.0,119.969925
125.0,119.78853
125.0,119.488556
125.0,120.32036
125.0,121.88459
125.0,122.06351
125.0,119.417076
125.0,116.71107
125.0,114.071
125.0,115.989876
125.0,109.83499
125.0,107.771675
125.0,114.568855
125.0,111.58999
125.0,115.32418
125.0,117.39973
125.0,116.1373
125.0,112.94852
125.0,114.96674
125.0,116.51312
125.0,117.129166
125.0,114.0816
125.0,111.813225
125.0,109.55253
125.0,109.98955
125.0,110.16285
125.0,108.336296
125.0,101.54327
125.0,98.47776
125.0,98.09001
125.0,99.6617
125.0,98.83714
125.0,101.650925
125.0,104.33515
125.0,104.773026
125.0,107.470566
124.0,99.6982
123.0,105.161194
122.0,96.43002
121.0,103.65366
120.0,105.028336
119.0,102.16956
118.0,102.77777
117.0,101.53382
116.0,94.45784
115.0,95.78409
114.0,91.70624
113.0,87.13218
112.0,80.729004
111.0,85.747055
110.0,85.56085
109.0,76.68669
108.0,85.07995
107.0,89.247505
106.0,94.2331
105.0,97.21536
104.0,103.15682
103.0,106.0713
102.0,102.96577
101.0,106.45502
100.0,106.921974
99.0,107.00286
98.0,106.34054
97.0,106.851524
96.0,109.64587
95.0,110.13426
94.0,108.05673
93.0,109.07284
92.0,109.19798
91.0,110.95082
90.0,111.810745
89.0,112.51078
88.0,112.33712
87.0,112.941185
86.0,104.75313
85.0,98.3856
84.0,98.16625
83.0,98.819626
82.0,92.575676
81.0,86.28202
80.0,80.77299
79.0,67.595245
78.0,70.608734
77.0,64.77434
76.0,61.954803
75.0,52.56088
74.0,56.75906
73.0,56.994812
72.0,61.377308
71.0,51.44905
70.0,51.12008
69.0,47.91531
68.0,44.534267
67.0,45.290054
66.0,49.82201
65.0,50.3817
64.0,48.83516
63.0,47.971966
62.0,50.021744
61.0,50.054684
60.0,49.72229
59.0,50.500946
58.0,50.955906
57.0,53.614925
56.0,55.161
55.0,54.583405
54.0,55.363815
53.0,54.51906
52.0,52.488453
51.0,51.73628
50.0,52.422337
49.0,46.766087
48.0,44.074207
47.0,41.700195
46.0,39.79163
45.0,35.955906
44.0,32.42213
43.0,30.98167
42.0,35.23169
41.0,29.154093
40.0,30.945204
39.0,28.723642
38.0,26.592869
37.0,27.10303
36.0,30.058645
35.0,31.670284
34.0,32.912865
33.0,34.576675
32.0,32.702587
31.0,33.847958
30.0,34.20624
29.0,30.58574
28.0,31.44312
27.0,31.17865
26.0,29.484838
25.0,26.255651
24.0,27.383347
23.0,27.573662
22.0,24.33712
21.0,22.084513
20.0,22.161726
19.0,22.496525
104.0,108.53661
103.0,108.48252
102.0,112.62537
101.0,109.42443
100.0,115.93769
99.0,117.47181
98.0,117.1187
97.0,117.108734
96.0,117.54753
95.0,118.60908
94.0,118.39893
93.0,115.54088
92.0,112.908195
91.0,117.30115
90.0,116.838104
89.0,114.35186
88.0,114.971634
87.0,113.10864
86.0,115.83176
85.0,114.94778
84.0,104.92018
83.0,107.29159
82.0,112.23074
81.0,108.536705
80.0,105.325584
125.0,111.77239
125.0,110.479805
125.0,111.76432
125.0,108.65475
125.0,107.91565
125.0,111.214455
125.0,113.706696
125.0,115.42148
125.0,115.85752
125.0,121.3856
125.0,122.13161
125.0,122.36741
125.0,123.85019
125.0,125.303444
125.0,126.21328
125.0,126.91637
125.0,126.76203
125.0,126.07326
125.0,128.26158
125.0,128.51384
125.0,126.34258
125.0,128.4026
125.0,125.900375
125.0,122.097595
125.0,120.801125
125.0,119.335495
125.0,114.76361
125.0,112.48761
125.0,110.88868
125.0,108.69666
125.0,108.78655
125.0,103.205185
125.0,106.47898
125.0,97.71031
125.0,94.17018
125.0,94.68962
125.0,93.01528
125.0,100.323074
125.0,103.41256
125.0,109.641785
125.0,111.83795
125.0,117.66004
125.0,119.285934
125.0,122.86959
125.0,123.42412
125.0,123.518295
125.0,121.78084
125.0,121.5938
125.0,122.09544
125.0,121.98775
125.0,122.018425
125.0,124.55227
125.0,122.56924
125.0,122.701225
125.0,121.65626
125.0,121.21159
125.0,118.90205
125.0,117.183525
125.0,115.21843
125.0,117.45582
125.0,112.32657
125.0,111.261826
125.0,114.20996
125.0,106.84587
125.0,103.16867
125.0,97.88934
125.0,94.99102
125.0,104.27502
125.0,106.39392
125.0,105.99094
125.0,102.26618
125.0,106.00488
125.0,103.272095
125.0,111.325165
125.0,112.50183
125.0,111.40592
125.0,107.51393
125.0,105.89953
125.0,105.53142
125.0,105.97598
125.0,104.82622
125.0,109.84222
125.0,109.189514
125.0,111.515335
125.0,113.68353
125.0,115.96627
125.0,115.403305
125.0,112.48011
125.0,115.36888
125.0,116.82597
125.0,117.33953
125.0,115.41927
125.0,115.70819
125.0,112.618225
125.0,112.95074
125.0,109.35773
125.0,108.12428
125.0,110.45901
125.0,109.624214
125.0,102.56574
125.0,97.71444
125.0,95.47789
125.0,98.70969
125.0,97.00713
125.0,100.73676
125.0,98.53212
125.0,98.115204
125.0,92.62668
125.0,100.346596
125.0,104.90533
125.0,107.389305
125.0,111.427414
125.0,115.33714
125.0,118.93938
125.0,122.80645
125.0,122.04362
125.0,119.536064
124.0,118.927666
123.0,116.62976
122.0,117.59372
121.0,116.037415
120.0,115.57469
119.0,114.89691
118.0,113.26596
117.0,114.18359
116.0,113.01963
115.0,107.577385
114.0,108.62415
113.0,104.50762
112.0,98.21964
111.0,102.21374
110.0,102.177505
109.0,99.778336
108.0,96.33223
107.0,101.55076
125.0,100.964676
125.0,104.2696
125.0,101.18539
125.0,94.42435
125.0,100.714035
125.0,105.47536
125.0,106.441124
125.0,97.38987
125.0,97.290184
125.0,94.81925
125.0,96.97408
125.0,90.7805
125.0,90.39711
125.0,98.03074
125.0,102.46387
125.0,102.64693
125.0,101.60621
125.0,104.22868
125.0,99.932045
125.0,106.83487
125.0,107.98704
125.0,105.10028
125.0,95.99496
125.0,88.476326
125.0,90.44376
125.0,85.19371
125.0,93.716415
125.0,89.24052
125.0,89.70754
125.0,89.93623
125.0,92.08328
125.0,101.42696
125.0,99.69341
125.0,106.43547
125.0,110.129196
125.0,110.15654
125.0,109.61621
125.0,99.44044
125.0,95.5789
125.0,89.18146
125.0,91.45451
125.0,95.273735
124.0,89.701614
123.0,92.2955
122.0,87.802376
121.0,85.34124
120.0,84.142624
119.0,89.22465
118.0,93.722855
117.0,98.28629
116.0,91.285965
115.0,90.176056
114.0,81.74419
113.0,73.279076
112.0,66.41435
111.0,64.076546
125.0,99.96043
125.0,105.28841
125.0,104.513054
125.0,104.249245
125.0,107.05509
125.0,109.01042
125.0,105.65638
125.0,103.39651
125.0,103.47883
124.0,107.599174
123.0,114.39414
122.0,111.474915
121.0,112.60105
120.0,110.830696
119.0,103.108055
118.0,99.94198
117.0,104.027084
116.0,101.46062
115.0,102.7491
114.0,99.45666
113.0,105.97674
112.0,109.6295
111.0,111.130264
110.0,108.87566
109.0,109.93723
108.0,108.96025
107.0,109.48917
106.0,110.49103
105.0,111.94122
104.0,117.169365
103.0,113.888
102.0,113.37123
101.0,110.7351
100.0,110.0421
99.0,102.72333
98.0,100.56438
97.0,102.34923
96.0,100.8195
95.0,100.7776
94.0,109.05163
93.0,111.78982
92.0,106.16469
91.0,102.68685
90.0,99.28211
89.0,92.42392
88.0,88.943985
87.0,88.448235
86.0,82.1471
85.0,75.94048
84.0,72.56355
83.0,69.170395
82.0,69.91787
81.0,71.604744
80.0,64.51536
79.0,70.35278
78.0,67.73332
77.0,74.42078
76.0,72.45779
75.0,71.281044
74.0,73.31943
73.0,78.42182
72.0,83.348076
71.0,72.72286
70.0,68.978485
69.0,69.88437
68.0,73.25104
67.0,80.95576
66.0,82.12985
65.0,83.5303
64.0,92.1986
63.0,101.878265
62.0,100.95679
61.0,103.10316
60.0,103.275635
59.0,105.56916
58.0,103.909874
57.0,101.81223
56.0,104.29959
55.0,105.1232
54.0,101.07692
53.0,98.478485
52.0,99.814575
51.0,103.78998
50.0,94.464554
49.0,92.23586
48.0,78.479034
47.0,77.17287
46.0,76.33887
45.0,77.48348
44.0,65.397675
43.0,69.04145
42.0,63.02896
41.0,56.917805
40.0,50.0231
39.0,51.988945
38.0,53.70864
37.0,54.71714
36.0,51.79763
35.0,49.602844
34.0,45.457153
33.0,40.780834
32.0,35.787697
31.0,32.853275
30.0,33.75213
29.0,34.89773
28.0,35.431248
27.0,33.89154
26.0,31.76811
25.0,36.06151
24.0,34.16272
23.0,32.964066
22.0,31.92404
21.0,27.220894
20.0,22.909773
19.0,21.095201
18.0,19.644093
17.0,20.15653
16.0,20.582312
125.0,109.186646
125.0,104.23212
125.0,102.31247
125.0,103.53049
125.0,105.16671
125.0,106.99138
125.0,107.4282
125.0,109.92769
125.0,109.44398
125.0,114.265915
125.0,113.72201
125.0,114.7042
125.0,117.183624
125.0,121.52931
125.0,122.56137
125.0,122.07607
125.0,123.399216
125.0,120.74305
125.0,120.46448
125.0,121.38978
125.0,118.65145
125.0,117.406944
125.0,117.27777
125.0,112.7896
125.0,111.33307
125.0,108.738655
125.0,106.16139
125.0,106.65559
125.0,109.5533
125.0,109.29031
125.0,112.02132
125.0,109.7433
125.0,109.31757
125.0,117.757935
125.0,119.27907
125.0,121.417595
125.0,121.87568
125.0,123.23643
125.0,121.85172
125.0,124.71919
125.0,124.98302
125.0,126.71107
125.0,124.92433
125.0,125.031265
125.0,124.82377
125.0,125.41419
125.0,124.92284
125.0,123.96915
125.0,124.869576
125.0,125.510605
125.0,123.85861
125.0,121.50487
125.0,120.885765
125.0,121.7673
125.0,118.60536
125.0,119.17543
125.0,122.54762
125.0,123.822845
125.0,122.83484
125.0,119.04168
125.0,118.65821
125.0,118.609886
125.0,115.818756
125.0,110.739265
125.0,108.74962
125.0,108.0134
125.0,106.80232
125.0,99.87131
125.0,97.41657
124.0,97.80236
123.0,101.6989
122.0,98.69402
121.0,93.86269
120.0,101.509224
119.0,106.36149
118.0,106.12395
117.0,108.18807
116.0,112.715454
115.0,116.800835
114.0,119.01157
113.0,121.65109
112.0,121.28051
111.0,121.81088
110.0,122.22527
109.0,118.78468
108.0,121.97536
107.0,123.196396
106.0,125.511246
105.0,120.13964
104.0,119.17974
103.0,118.28343
102.0,117.932274
101.0,114.43468
100.0,112.65122
99.0,110.37315
98.0,106.92881
97.0,104.98022
96.0,100.89383
95.0,94.92459
94.0,94.86376
93.0,100.798
92.0,92.62123
91.0,92.75937
90.0,97.744835
89.0,102.39533
88.0,93.89649
87.0,95.46956
86.0,99.26193
85.0,107.33425
84.0,112.64124
83.0,114.13417
82.0,112.089714
81.0,109.32853
80.0,102.33411
79.0,101.53108
78.0,101.25187
77.0,95.87586
76.0,101.46376
75.0,90.45242
74.0,96.63434
73.0,101.31819
72.0,103.15521
71.0,104.03701
70.0,109.65171
69.0,105.59547
68.0,105.69211
67.0,108.41342
66.0,110.198875
65.0,109.04484
64.0,100.88534
63.0,104.52273
62.0,99.56184
61.0,95.141106
60.0,100.95262
59.0,96.468185
58.0,86.893684
57.0,87.556984
56.0,85.76245
55.0,85.19908
54.0,95.74053
53.0,91.116234
52.0,78.03432
51.0,64.22809
50.0,61.90823
49.0,62.806435
48.0,64.40051
47.0,59.303226
46.0,53.343544
45.0,52.798805
44.0,50.2941
43.0,52.384045
42.0,57.40019
41.0,59.48985
40.0,54.659195
39.0,50.69096
38.0,52.73431
37.0,53.863556
36.0,59.294
35.0,68.219025
34.0,63.04226
33.0,60.120506
32.0,56.919193
31.0,57.403965
30.0,66.81634
29.0,62.317093
28.0,50.82913
27.0,52.255234
26.0,46.21529
25.0,38.858875
24.0,36.779324
23.0,30.193892
22.0,26.838776
21.0,23.936451
20.0,22.001125
19.0,21.158968
18.0,22.413794
17.0,21.911581
16.0,18.855366
15.0,17.67963
14.0,16.193195
13.0,13.899823
12.0,13.244082
11.0,11.127892
10.0,8.403617
9.0,8.985348
8.0,9.369606
7.0,7.6778545
125.0,106.99413
125.0,106.68222
125.0,105.962166
125.0,94.5415
125.0,91.00464
125.0,91.73616
125.0,91.26271
125.0,94.67639
125.0,101.85313
125.0,102.29299
125.0,103.688126
125.0,111.89764
125.0,114.69548
125.0,120.05695
125.0,119.977516
125.0,118.85908
125.0,121.63238
125.0,122.29047
125.0,124.629456
125.0,124.68003
125.0,124.64266
125.0,124.98228
125.0,122.67881
125.0,122.090805
125.0,123.370445
125.0,123.36032
125.0,118.99234
125.0,118.30617
125.0,115.73299
125.0,119.025375
125.0,109.67548
125.0,112.448494
125.0,111.94398
125.0,99.25135
125.0,93.0308
125.0,98.665665
125.0,91.76957
125.0,91.56934
125.0,92.81201
125.0,92.60373
125.0,95.316345
125.0,94.70005
125.0,103.50743
125.0,114.11105
125.0,109.89941
125.0,110.32623
125.0,113.07598
125.0,114.68741
125.0,114.84472
125.0,117.438934
125.0,118.474434
125.0,117.30778
125.0,114.347176
125.0,111.818275
125.0,112.56806
125.0,115.232925
125.0,114.37059
125.0,113.18823
125.0,106.296074
125.0,107.085144
125.0,104.827255
125.0,105.05521
125.0,106.18552
125.0,103.646095
125.0,103.78083
125.0,110.28341
125.0,96.46073
125.0,106.27336
125.0,107.990746
125.0,112.7192
125.0,111.83258
125.0,111.669174
125.0,111.55497
125.0,116.967995
125.0,113.80607
125.0,116.2959
125.0,116.36836
125.0,116.58358
125.0,118.46225
125.0,118.31564
125.0,117.1615
125.0,118.306404
125.0,116.75834
125.0,112.9866
125.0,113.09019
125.0,112.43216
125.0,112.18749
125.0,109.56577
125.0,101.290695
125.0,99.74199
125.0,99.24943
125.0,94.36716
125.0,95.13861
125.0,98.69559
125.0,99.12882
125.0,102.32687
125.0,85.621216
125.0,96.69863
125.0,94.638756
125.0,96.640076
125.0,95.81353
125.0,92.863945
125.0,95.48987
125.0,94.98492
125.0,100.47769
125.0,99.12765
125.0,103.74637
125.0,106.45107
125.0,113.7815
124.0,112.840645
123.0,110.99147
122.0,108.370094
121.0,101.05551
120.0,97.01667
119.0,101.35268
118.0,97.668945
117.0,98.23861
116.0,96.561264
115.0,92.57333
114.0,96.015976
113.0,90.30255
112.0,89.541145
111.0,90.76052
110.0,92.58521
109.0,91.3064
108.0,91.28587
107.0,90.87504
106.0,91.62196
105.0,85.09407
104.0,78.227585
103.0,67.33847
102.0,63.229145
101.0,70.84306
100.0,68.80169
99.0,59.829205
98.0,59.9562
97.0,67.5705
96.0,75.690056
95.0,72.26462
94.0,71.72165
93.0,67.990685
92.0,76.42711
91.0,74.70522
125.0,122.80258
125.0,123.172035
125.0,120.01904
125.0,119.75713
125.0,119.671906
125.0,120.27681
125.0,119.048965
125.0,118.120804
125.0,117.034706
125.0,118.083496
125.0,117.30296
125.0,117.25981
125.0,116.03882
125.0,115.90962
125.0,116.73434
125.0,117.75649
125.0,116.788795
125.0,118.97949
124.0,119.951004
123.0,121.377045
122.0,123.07437
121.0,120.72104
120.0,117.98858
119.0,119.329025
118.0,119.02032
117.0,119.55974
116.0,119.962494
115.0,119.61336
114.0,120.881546
113.0,119.68266
112.0,119.51419
111.0,121.23532
110.0,120.298546
109.0,119.55525
108.0,121.21816
107.0,120.54877
106.0,116.60925
105.0,112.973755
104.0,112.13231
103.0,113.29984
102.0,114.26223
101.0,116.10567
100.0,114.84594
99.0,111.716446
98.0,113.71542
97.0,116.11972
96.0,116.11212
95.0,118.53098
94.0,117.67543
93.0,118.51336
92.0,117.9144
91.0,115.53444
90.0,115.687096
89.0,115.81188
88.0,114.46047
87.0,111.8734
86.0,112.16211
85.0,112.60833
84.0,114.230415
83.0,113.27056
82.0,113.854195
81.0,114.936584
80.0,112.84466
79.0,111.42459
78.0,111.05426
77.0,111.49271
76.0,104.93129
75.0,101.779015
74.0,100.926346
73.0,99.05963
72.0,101.99482
71.0,105.92218
70.0,100.622116
69.0,98.39863
68.0,99.48901
67.0,99.680466
66.0,97.82978
65.0,100.40855
64.0,93.720604
63.0,92.499374
62.0,86.077896
61.0,82.82004
60.0,77.93593
59.0,72.185425
58.0,75.07526
57.0,73.339355
56.0,67.67982
55.0,69.97334
54.0,71.20781
53.0,65.03566
52.0,64.77252
51.0,65.24584
50.0,61.187355
49.0,66.74479
48.0,58.59829
47.0,58.088703
46.0,62.69393
45.0,68.5411
44.0,73.14172
43.0,76.40604
42.0,82.24339
41.0,80.2232
40.0,76.35052
39.0,69.51366
38.0,63.006252
37.0,65.61286
36.0,63.799805
35.0,60.305782
34.0,51.032146
33.0,57.92299
32.0,57.122963
31.0,53.597828
30.0,50.810734
29.0,45.743664
28.0,43.983673
27.0,43.98809
26.0,38.586895
25.0,32.541553
24.0,32.29092
23.0,29.457464
22.0,26.968218
21.0,25.31024
20.0,24.941761
19.0,22.172655
18.0,22.022938
17.0,19.456062
16.0,18.517267
15.0,16.601976
14.0,15.1637945
13.0,14.36463
12.0,15.743031
125.0,116.60664
125.0,118.03396
125.0,118.115776
125.0,117.96225
125.0,117.539276
125.0,122.36863
125.0,122.798195
125.0,119.446465
125.0,121.72882
124.0,120.00401
123.0,114.61628
122.0,114.97632
121.0,113.0993
120.0,113.738335
119.0,112.83981
118.0,112.80276
117.0,113.4917
116.0,108.231865
115.0,105.293655
114.0,104.29171
113.0,104.50205
112.0,102.29105
111.0,94.76733
110.0,101.31374
109.0,105.49815
108.0,101.979546
107.0,93.152084
106.0,87.68837
105.0,94.671364
104.0,91.24202
103.0,100.26955
102.0,97.79635
101.0,92.379105
100.0,91.99537
99.0,91.07853
98.0,90.24266
97.0,90.659676
96.0,89.84397
95.0,97.48133
94.0,93.057396
93.0,90.292755
92.0,95.62668
91.0,91.53319
90.0,88.38687
89.0,89.18451
88.0,93.13556
87.0,88.539505
86.0,90.42386
85.0,93.53205
84.0,99.44041
83.0,97.84286
82.0,95.19219
81.0,97.58561
80.0,109.81911
125.0,123.178925
125.0,123.59634
125.0,121.72788
125.0,123.54737
125.0,122.60535
125.0,123.26031
125.0,124.29424
125.0,125.17713
125.0,124.30425
125.0,124.263214
125.0,124.36154
125.0,123.797775
125.0,124.4901
125.0,123.333855
124.0,123.1377
123.0,124.79381
122.0,125.16993
121.0,124.507286
120.0,123.942566
119.0,122.21943
118.0,120.031746
117.0,121.17135
116.0,123.21022
115.0,123.94372
114.0,124.33017
113.0,126.145424
112.0,125.90629
111.0,127.04355
110.0,127.70343
109.0,128.51826
108.0,127.21995
107.0,126.16627
106.0,125.35603
105.0,125.342636
104.0,123.43523
103.0,121.282906
102.0,120.07551
101.0,120.223694
100.0,120.881485
99.0,121.21056
98.0,122.52949
97.0,122.78695
96.0,121.52519
95.0,121.15333
94.0,120.6262
93.0,120.14174
92.0,119.49184
91.0,116.2041
90.0,116.657005
89.0,115.8328
88.0,113.661255
87.0,114.67131
86.0,113.79319
85.0,112.72761
84.0,112.74349
83.0,114.3831
82.0,112.14431
81.0,110.0981
80.0,110.306854
79.0,109.73462
78.0,110.17105
77.0,111.182205
76.0,111.98373
75.0,111.22889
74.0,108.03251
73.0,102.212204
72.0,102.80657
71.0,104.719955
70.0,105.0652
69.0,108.484924
68.0,108.51774
67.0,109.26261
66.0,107.427124
65.0,108.217354
64.0,107.39633
63.0,106.250336
62.0,107.825165
61.0,105.77776
60.0,108.30704
59.0,109.52133
58.0,110.24363
57.0,109.57926
56.0,107.0288
55.0,106.06255
54.0,104.53848
53.0,103.0034
52.0,98.99598
51.0,97.42903
50.0,94.26823
49.0,84.15455
48.0,83.68921
47.0,81.91558
46.0,78.17421
45.0,74.555595
44.0,63.112812
43.0,64.029945
42.0,61.458237
41.0,49.880302
40.0,43.58764
39.0,43.241405
38.0,44.295673
37.0,38.770073
36.0,37.53585
35.0,40.835983
34.0,41.64146
33.0,43.071278
32.0,43.00164
31.0,43.86584
30.0,42.506306
29.0,44.649086
28.0,51.08745
27.0,44.982567
26.0,41.688652
25.0,39.273144
24.0,35.602753
23.0,35.407543
22.0,34.885414
21.0,31.58956
20.0,28.105204
19.0,23.580183
18.0,22.904348
17.0,21.462584
16.0,20.741043
15.0,22.432922
14.0,20.479546
13.0,21.995687
12.0,21.099527
11.0,19.263708
10.0,17.217543
9.0,14.408964
8.0,12.492567
7.0,10.918436
117.0,114.527084
116.0,110.7193
115.0,107.64912
114.0,103.74012
113.0,105.25395
112.0,105.28428
111.0,96.97366
110.0,90.654655
109.0,87.15135
108.0,94.54716
107.0,91.94438
106.0,91.1887
105.0,88.89573
104.0,82.48679
103.0,78.33968
102.0,84.79558
101.0,87.83769
100.0,96.98595
99.0,93.260605
98.0,95.87403
97.0,94.42929
96.0,100.03257
95.0,101.877426
94.0,100.15915
93.0,105.692085
92.0,105.48514
91.0,104.77025
90.0,100.48687
89.0,107.6059
88.0,101.26058
87.0,102.565025
86.0,97.24479
85.0,104.96577
84.0,107.20881
83.0,107.49369
82.0,109.801285
81.0,107.3992
80.0,107.18328
79.0,110.31743
78.0,117.63132
77.0,119.11963
76.0,121.63098
75.0,122.0162
74.0,119.903824
125.0,119.38151
125.0,120.47705
125.0,120.58091
125.0,119.006805
125.0,118.01747
125.0,116.76321
125.0,115.89614
125.0,115.729744
125.0,116.59074
125.0,116.38209
125.0,117.46903
125.0,117.81054
125.0,120.3903
125.0,120.84571
125.0,121.40258
125.0,121.06125
125.0,120.33217
125.0,122.31495
125.0,124.38957
125.0,123.44474
125.0,123.37043
125.0,124.50202
125.0,123.97927
125.0,123.68942
125.0,123.698746
125.0,123.143906
125.0,122.59998
125.0,123.58163
125.0,122.382645
125.0,121.02756
125.0,118.95991
125.0,120.30655
125.0,119.492195
125.0,118.48929
125.0,116.12477
125.0,118.60559
125.0,117.94848
125.0,116.77336
125.0,116.910835
125.0,116.87196
124.0,117.406006
123.0,118.27713
122.0,120.34678
121.0,120.843704
120.0,120.66889
119.0,122.12238
118.0,121.091
117.0,122.0143
116.0,122.3012
115.0,121.34106
114.0,121.91703
113.0,121.57765
112.0,121.21805
111.0,117.753044
110.0,116.367226
109.0,116.5556
108.0,115.79502
107.0,117.499985
106.0,115.53136
105.0,115.83972
104.0,116.30034
103.0,115.39261
102.0,114.5184
101.0,112.87016
100.0,109.40154
99.0,111.48534
98.0,111.49911
97.0,110.61692
96.0,109.87725
95.0,107.44299
94.0,108.62731
93.0,111.38967
92.0,112.06379
91.0,109.513176
90.0,110.10308
89.0,111.121086
88.0,110.23627
87.0,109.32893
86.0,110.18744
85.0,110.09911
84.0,108.84826
83.0,109.136314
82.0,106.56182
81.0,104.87669
80.0,103.76981
79.0,98.66862
78.0,99.03941
77.0,99.06452
76.0,97.72197
75.0,100.476265
74.0,96.052864
73.0,92.6492
72.0,95.89487
71.0,92.41322
70.0,89.65328
69.0,88.64861
68.0,92.174286
67.0,95.674675
66.0,95.70085
65.0,93.10181
64.0,99.58967
63.0,101.10108
62.0,104.374825
61.0,94.65605
60.0,98.64031
59.0,101.28642
58.0,94.94221
57.0,92.55983
56.0,89.364204
55.0,91.90431
54.0,90.78344
53.0,94.53158
52.0,92.49901
51.0,94.927055
50.0,92.699844
49.0,83.69359
48.0,86.860596
47.0,81.51648
46.0,71.909134
45.0,71.48791
44.0,59.646694
43.0,53.27958
42.0,55.696606
41.0,49.05876
40.0,43.001827
39.0,38.316433
38.0,38.178925
37.0,37.191193
36.0,32.952087
35.0,33.39073
34.0,31.432829
33.0,30.040722
32.0,30.192513
31.0,28.560474
125.0,125.960304
125.0,125.64747
125.0,124.46055
125.0,123.01699
125.0,123.90945
125.0,124.72009
125.0,121.09501
125.0,116.85432
125.0,113.858795
125.0,103.744965
125.0,104.522224
125.0,96.986496
125.0,97.46394
125.0,93.260284
125.0,90.0857
125.0,83.12375
125.0,83.91511
124.0,76.30463
123.0,81.084526
122.0,85.59713
121.0,86.09596
120.0,87.517784
119.0,90.91855
118.0,99.91874
117.0,97.7486
116.0,99.95125
115.0,101.09326
114.0,110.47553
113.0,111.4396
112.0,113.1646
111.0,114.80071
110.0,116.93508
109.0,114.43647
108.0,111.81667
107.0,113.238495
106.0,108.25322
105.0,107.018326
104.0,98.11969
103.0,96.35138
102.0,92.51198
101.0,82.71138
100.0,78.421165
99.0,79.18137
98.0,80.37186
97.0,86.185295
96.0,92.46791
95.0,87.58919
94.0,89.73618
93.0,96.73459
92.0,99.30545
91.0,105.71479
90.0,105.48134
89.0,107.46678
88.0,110.306564
87.0,110.46673
86.0,111.872025
85.0,112.87656
84.0,111.33412
83.0,112.1985
82.0,114.38037
81.0,116.42395
80.0,118.42022
79.0,116.12269
78.0,116.87284
77.0,115.4223
76.0,111.34275
75.0,110.5083
74.0,107.494675
73.0,99.64467
72.0,96.487144
71.0,89.75143
70.0,77.22003
69.0,76.07093
68.0,74.334724
67.0,73.00094
66.0,63.47872
65.0,53.717453
64.0,49.274906
63.0,45.24034
62.0,44.261932
61.0,43.656742
60.0,40.96336
59.0,44.80085
58.0,44.887653
57.0,44.619915
56.0,47.86494
55.0,59.65549
54.0,57.28702
53.0,63.233265
52.0,63.891747
51.0,74.35848
50.0,77.10554
49.0,79.11733
48.0,75.064896
47.0,69.484985
46.0,66.872154
45.0,67.75427
44.0,65.82111
43.0,63.74839
42.0,65.00204
41.0,68.63845
40.0,58.958035
39.0,57.521202
38.0,53.766285
37.0,46.729156
36.0,37.051018
35.0,30.65661
34.0,27.963991
33.0,26.326094
32.0,25.48109
31.0,25.107965
30.0,24.891083
29.0,26.576933
28.0,27.68782
27.0,28.669313
26.0,28.007984
25.0,28.16156
24.0,26.69794
23.0,29.209751
22.0,32.902473
21.0,30.9535
20.0,29.797249
19.0,28.66181
18.0,25.153078
17.0,21.775585
16.0,17.915
15.0,14.9342375
14.0,13.425299
13.0,12.06482
12.0,12.54215
125.0,114.01074
125.0,111.590866
125.0,110.76279
125.0,109.70003
125.0,110.58925
125.0,108.919624
125.0,110.96009
125.0,110.98667
125.0,114.02348
125.0,114.69221
125.0,116.99647
125.0,118.022446
125.0,118.52629
125.0,118.458694
125.0,120.68177
125.0,120.68152
125.0,121.4719
125.0,118.70262
125.0,119.36367
125.0,116.62695
125.0,116.61992
125.0,114.35177
125.0,110.977684
125.0,110.91804
125.0,109.573814
125.0,113.019135
125.0,113.710976
125.0,109.93092
125.0,107.258995
125.0,107.97798
125.0,110.3821
125.0,110.87833
125.0,112.610054
125.0,113.65138
125.0,116.33467
125.0,116.9429
125.0,117.51682
125.0,119.12479
125.0,118.23546
125.0,115.2985
125.0,117.793465
125.0,119.52389
125.0,116.85977
125.0,117.01474
125.0,117.421814
125.0,116.33181
125.0,115.72352
125.0,114.96925
124.0,116.873535
123.0,118.456924
122.0,114.91531
121.0,113.58968
120.0,112.68463
119.0,111.435234
118.0,103.886215
117.0,103.58649
116.0,107.89017
115.0,106.43832
114.0,103.97707
113.0,107.29098
112.0,111.29996
111.0,107.398346
110.0,103.98749
109.0,100.87647
108.0,93.848755
107.0,93.6775
106.0,96.289536
105.0,107.39029
104.0,101.544334
103.0,95.23076
102.0,102.32883
101.0,108.73355
100.0,96.86714
99.0,97.18453
98.0,96.84007
97.0,97.21397
96.0,105.68768
95.0,106.74625
94.0,105.40807
93.0,112.31544
92.0,110.91453
91.0,108.85256
90.0,108.77369
89.0,108.600395
88.0,105.92635
87.0,108.41683
86.0,107.43273
85.0,104.41668
84.0,105.923164
83.0,109.02164
82.0,106.02771
81.0,99.26979
80.0,99.66647
79.0,104.95153
78.0,102.507675
77.0,102.07691
76.0,96.09016
75.0,101.90645
74.0,100.07995
73.0,95.42613
72.0,97.137215
71.0,98.70383
70.0,93.53456
69.0,96.576546
68.0,90.171234
67.0,86.45938
66.0,91.148636
65.0,80.38177
64.0,71.59365
63.0,72.81458
62.0,72.4628
61.0,67.41316
60.0,61.970776
59.0,59.36205
58.0,64.509056
57.0,69.85353
56.0,61.442814
55.0,63.138054
54.0,65.70886
53.0,61.396038
52.0,53.33247
51.0,54.103764
50.0,62.151665
49.0,75.70644
48.0,79.81423
47.0,78.4092
46.0,76.15241
45.0,75.47699
44.0,81.56229
43.0,79.36805
42.0,76.812416
41.0,79.97376
40.0,77.543846
39.0,73.8522
38.0,67.1403
125.0,122.89387
124.0,122.12897
123.0,124.36236
122.0,125.13678
121.0,122.88537
120.0,122.67447
119.0,124.07506
118.0,119.54461
117.0,116.60459
116.0,119.214226
115.0,115.87817
114.0,116.604095
113.0,117.45342
112.0,118.59316
111.0,116.84858
110.0,115.6905
109.0,117.36028
108.0,116.706345
107.0,116.493454
106.0,114.55519
105.0,115.23956
104.0,113.68255
103.0,111.857254
102.0,110.59243
101.0,110.97554
100.0,114.02875
99.0,116.549545
98.0,115.8482
97.0,114.894455
96.0,114.80337
95.0,114.963036
94.0,112.48506
93.0,115.16536
92.0,118.05345
91.0,116.32723
90.0,114.77148
89.0,113.29869
88.0,112.29355
87.0,111.406166
86.0,113.46729
85.0,111.56663
84.0,110.575195
83.0,113.196754
82.0,115.77544
81.0,115.321785
80.0,111.297714
79.0,110.64046
78.0,110.02679
77.0,107.30855
76.0,106.64893
75.0,102.33105
74.0,98.12195
73.0,98.73663
72.0,101.0173
71.0,97.32481
70.0,100.71187
69.0,101.23469
68.0,103.67887
125.0,126.46444
125.0,126.56836
125.0,125.27494
125.0,125.825554
125.0,126.022804
125.0,126.74061
125.0,126.79325
125.0,126.66102
125.0,126.62731
125.0,127.114235
125.0,126.67257
125.0,127.23574
125.0,126.71614
125.0,126.10418
125.0,125.431046
125.0,124.63312
125.0,124.43393
125.0,123.33932
125.0,124.962555
125.0,124.153076
125.0,123.842445
125.0,122.74939
125.0,122.5336
125.0,123.46383
125.0,124.589134
125.0,124.29426
125.0,123.52443
125.0,123.41093
125.0,121.56249
125.0,120.0446
125.0,119.866684
125.0,120.03679
125.0,119.84273
125.0,119.41657
125.0,119.03779
125.0,119.37742
125.0,119.86558
125.0,119.19725
125.0,120.6625
125.0,121.18373
125.0,120.93437
125.0,120.50196
125.0,120.4935
125.0,120.8522
125.0,119.716545
125.0,118.45021
125.0,119.467094
125.0,118.47777
125.0,118.5093
125.0,117.909355
125.0,118.62955
125.0,119.535
125.0,120.143
125.0,123.038506
125.0,124.09913
125.0,123.263336
125.0,124.53238
125.0,125.46661
125.0,125.79735
125.0,124.84626
125.0,124.497925
125.0,122.72625
125.0,121.30479
125.0,119.65085
125.0,120.52466
125.0,119.36537
125.0,121.3293
125.0,121.43075
125.0,121.70335
125.0,121.98757
125.0,121.67159
125.0,120.791885
125.0,120.362
125.0,119.8643
125.0,119.233955
125.0,118.0454
125.0,119.58179
125.0,119.14861
125.0,120.69734
125.0,120.173836
125.0,121.98439
125.0,122.140686
125.0,121.36815
125.0,122.87114
125.0,122.38117
125.0,121.58343
125.0,122.37364
125.0,122.77701
125.0,121.46521
125.0,120.55322
125.0,121.702965
125.0,121.32062
125.0,120.21818
125.0,120.41751
125.0,120.72799
125.0,120.10659
125.0,119.507286
125.0,118.65075
125.0,116.280716
125.0,116.20535
125.0,116.20169
125.0,116.13345
125.0,116.9013
125.0,116.010765
125.0,115.61935
125.0,114.86823
125.0,112.41401
125.0,112.57326
125.0,110.572945
125.0,110.57664
125.0,112.659294
125.0,114.46748
125.0,114.43565
125.0,116.07532
125.0,116.61621
125.0,118.3859
125.0,119.00299
125.0,120.656784
125.0,119.2184
125.0,122.04996
125.0,123.93771
125.0,125.68666
125.0,126.661644
125.0,127.582375
125.0,127.345024
125.0,125.732765
125.0,123.46916
125.0,122.75187
125.0,122.10792
125.0,120.73436
125.0,119.48647
125.0,118.32126
125.0,116.83807
125.0,116.852455
125.0,116.526
125.0,114.62102
125.0,111.61756
125.0,109.56095
125.0,106.457016
125.0,107.28753
125.0,105.510155
125.0,106.12141
125.0,109.24952
125.0,110.75976
125.0,110.30095
125.0,106.89374
125.0,109.59488
125.0,108.657135
125.0,109.80925
125.0,110.36711
125.0,111.064766
125.0,110.45245
125.0,110.376816
125.0,107.91762
125.0,109.00309
125.0,106.80149
125.0,105.82899
125.0,104.123276
125.0,105.76164
125.0,105.351845
125.0,97.61128
125.0,96.174965
125.0,96.60237
125.0,102.89787
125.0,107.11414
125.0,108.12741
125.0,108.9474
125.0,105.98341
125.0,103.60988
125.0,102.641914
125.0,101.331924
125.0,100.50148
125.0,102.3078
125.0,103.0766
125.0,100.10975
125.0,96.164055
125.0,105.77385
125.0,104.11663
124.0,99.75733
123.0,100.2636
122.0,101.65278
121.0,103.678474
120.0,101.643166
119.0,102.39946
118.0,104.81749
117.0,98.01605
116.0,100.80964
115.0,95.9866
114.0,95.153015
113.0,93.598495
112.0,93.56038
111.0,95.78338
110.0,97.82844
109.0,101.831314
108.0,100.062485
107.0,105.36205
106.0,107.049194
105.0,104.60635
104.0,95.82252
103.0,88.52103
102.0,88.79909
101.0,86.2179
100.0,86.65006
99.0,80.50759
98.0,83.24915
97.0,87.87975
96.0,94.67137
95.0,98.4907
94.0,96.00973
93.0,98.86002
92.0,98.65042
91.0,95.62801
90.0,98.616165
89.0,104.02558
88.0,101.528534
87.0,90.58801
86.0,85.18473
85.0,77.5403
84.0,75.85325
83.0,72.74141
82.0,71.20325
81.0,72.09833
80.0,71.4207
79.0,72.155624
78.0,66.04918
77.0,65.641785
76.0,63.1911
75.0,73.28385
74.0,64.355385
73.0,63.937813
72.0,61.654545
71.0,54.541092
70.0,51.376423
69.0,53.557827
109.0,129.16852
108.0,128.45831
107.0,127.89123
106.0,124.628265
105.0,124.44716
104.0,123.27442
103.0,119.30073
102.0,120.014656
101.0,118.546524
100.0,115.00881
125.0,110.545525
125.0,111.23508
125.0,109.70316
125.0,110.22012
125.0,107.14961
125.0,105.19916
125.0,104.57599
125.0,104.819435
125.0,102.42646
125.0,97.37439
125.0,99.233826
125.0,96.45595
125.0,102.55547
125.0,100.721115
125.0,100.86311
125.0,100.4598
125.0,103.453865
125.0,109.11594
125.0,117.251114
125.0,117.29847
125.0,116.00266
125.0,117.67872
125.0,119.47479
125.0,117.799255
125.0,119.32639
125.0,118.77638
125.0,117.231186
125.0,117.30694
125.0,120.174225
125.0,119.3284
125.0,119.779236
125.0,119.0102
125.0,117.601326
125.0,115.081764
125.0,110.14294
125.0,109.57761
125.0,107.516205
125.0,107.83493
125.0,105.754395
125.0,105.82934
124.0,108.61565
123.0,107.755554
122.0,107.803154
121.0,108.0677
120.0,110.75402
119.0,107.11516
118.0,108.35379
117.0,110.70771
116.0,109.462555
115.0,109.29065
114.0,107.11222
113.0,107.26457
112.0,109.90251
111.0,110.02282
110.0,110.40655
109.0,107.41905
108.0,105.00211
107.0,104.78083
106.0,105.52973
105.0,102.45658
104.0,98.22912
103.0,95.825005
102.0,97.56094
101.0,99.15695
100.0,93.648506
99.0,93.13975
98.0,91.11188
97.0,93.950424
96.0,87.63259
95.0,92.248985
94.0,92.77802
93.0,93.14798
92.0,90.99982
91.0,88.890396
90.0,89.55526
89.0,89.7777
88.0,94.59863
87.0,92.76523
86.0,88.90107
85.0,86.99302
84.0,86.11753
83.0,81.6463
82.0,83.475655
81.0,85.97677
80.0,82.011536
79.0,79.957886
78.0,81.64365
77.0,82.85361
76.0,86.46747
75.0,80.55206
74.0,73.998795
73.0,69.35672
72.0,65.456505
71.0,69.31565
70.0,66.62997
69.0,63.63743
68.0,63.478233
67.0,68.3353
66.0,64.550545
65.0,73.94681
64.0,68.13681
63.0,67.11081
62.0,63.765995
61.0,68.28555
60.0,73.235374
59.0,74.23778
58.0,82.02744
57.0,78.45296
56.0,76.84288
55.0,75.08676
54.0,75.350075
53.0,59.535763
52.0,59.39636
51.0,56.99024
50.0,58.92661
49.0,58.535076
48.0,50.5087
47.0,57.41021
46.0,60.11191
45.0,64.3319
44.0,58.95925
43.0,56.174603
42.0,52.232193
41.0,50.05791
40.0,47.355057
39.0,45.547413
38.0,43.206253
37.0,45.059353
36.0,42.105846
35.0,46.307274
34.0,43.901524
33.0,43.976456
32.0,43.98404
31.0,41.69745
30.0,43.634884
29.0,42.608402
28.0,41.17573
27.0,37.543556
26.0,36.17237
25.0,35.154827
24.0,28.883234
23.0,24.712057
125.0,98.83031
124.0,99.69513
123.0,104.916046
122.0,108.231415
121.0,108.50256
120.0,107.36152
119.0,109.658516
118.0,111.07085
117.0,109.2527
116.0,114.06672
115.0,118.25984
114.0,120.073204
113.0,122.27065
112.0,118.694336
111.0,118.0858
110.0,114.840256
109.0,115.138275
108.0,111.57844
107.0,111.687965
106.0,110.53242
105.0,113.06488
104.0,113.179375
103.0,111.90582
102.0,110.40298
101.0,106.75667
100.0,102.92234
99.0,101.19032
98.0,102.84841
97.0,97.39942
96.0,100.022095
95.0,93.55017
94.0,88.295654
93.0,89.56727
92.0,102.9632
91.0,103.45457
90.0,106.06516
89.0,108.477425
88.0,109.099754
87.0,112.892075
86.0,110.87328
85.0,101.47452
84.0,100.291016
83.0,106.57947
82.0,109.54545
81.0,109.464165
80.0,114.21768
79.0,113.98611
78.0,114.51286
77.0,110.69891
76.0,110.68041
75.0,109.79544
74.0,111.445496
73.0,114.42506
72.0,110.69683
71.0,107.83279
70.0,100.167946
69.0,97.21336
68.0,97.24379
67.0,90.65865
66.0,80.38098
65.0,77.58853
64.0,76.742065
63.0,78.17297
62.0,83.06203
61.0,81.81045
60.0,81.749214
59.0,80.109886
58.0,71.279564
57.0,78.62588
56.0,69.30088
55.0,57.904034
125.0,107.29339
125.0,105.60271
125.0,109.84739
125.0,107.2213
125.0,103.08194
125.0,102.98067
125.0,101.98924
125.0,105.335945
125.0,106.640236
125.0,108.74996
125.0,106.10391
125.0,103.30282
125.0,106.82059
125.0,106.01124
125.0,107.989845
125.0,110.17389
125.0,115.19363
125.0,114.729256
125.0,113.034096
125.0,110.20877
125.0,105.8224
125.0,111.601166
125.0,102.22085
125.0,95.89807
125.0,104.14467
125.0,101.255875
125.0,104.78217
125.0,99.91728
125.0,91.55877
125.0,95.7961
125.0,93.56465
125.0,96.856224
125.0,95.04626
125.0,98.720604
125.0,98.158676
125.0,93.01199
125.0,88.19125
125.0,86.85577
125.0,87.99577
125.0,83.97559
125.0,88.50319
125.0,89.34261
125.0,92.21425
125.0,93.19226
125.0,98.96373
125.0,103.52296
125.0,106.72105
125.0,107.03122
125.0,108.45677
125.0,105.829475
125.0,108.273254
125.0,110.63593
125.0,111.19168
125.0,114.015526
125.0,115.21018
125.0,115.026375
125.0,117.88183
125.0,117.24535
125.0,117.25256
125.0,118.34742
125.0,115.238716
125.0,115.41202
125.0,115.4851
125.0,116.31491
125.0,116.06644
125.0,110.85876
125.0,101.805305
125.0,99.34055
125.0,93.04138
125.0,82.752625
125.0,82.96864
124.0,74.87769
123.0,76.83308
122.0,75.74062
121.0,73.72661
120.0,78.40445
119.0,75.61954
118.0,73.35358
117.0,77.97617
116.0,77.03171
115.0,85.46055
114.0,86.219345
113.0,85.168175
112.0,88.40831
111.0,87.04255
110.0,92.05216
109.0,98.68566
108.0,100.022514
107.0,105.6973
106.0,105.53532
105.0,102.05477
104.0,103.67818
103.0,106.49419
102.0,112.90701
101.0,115.34295
100.0,114.1674
99.0,111.549934
98.0,107.37741
125.0,109.87525
125.0,113.23243
125.0,112.97391
125.0,114.16764
125.0,112.941635
125.0,111.67895
125.0,107.580025
125.0,105.69197
125.0,111.0929
125.0,112.05069
125.0,110.109924
125.0,106.621284
125.0,112.79555
125.0,115.09193
125.0,113.78674
124.0,111.70637
123.0,112.46502
122.0,115.18937
121.0,115.909706
120.0,115.96213
119.0,116.081375
118.0,116.65589
117.0,115.07065
116.0,113.674484
115.0,104.75815
114.0,99.79757
113.0,99.75331
112.0,99.029564
111.0,95.3775
110.0,89.344765
109.0,94.9524
108.0,96.660774
107.0,103.793304
106.0,102.904434
105.0,105.05403
104.0,100.38431
103.0,105.518654
102.0,111.25072
101.0,112.749985
100.0,112.54039
99.0,108.49468
98.0,109.95967
97.0,112.86371
96.0,116.18496
95.0,117.44284
94.0,112.895996
93.0,115.69833
92.0,118.867584
91.0,117.807175
90.0,119.35008
89.0,117.932846
88.0,115.63197
87.0,115.99773
86.0,109.30074
85.0,101.80482
84.0,108.44534
83.0,110.70315
82.0,111.36796
81.0,112.92418
80.0,115.41748
79.0,116.764015
78.0,115.104774
77.0,116.5563
76.0,116.422005
75.0,116.1784
74.0,112.34655
73.0,115.17353
72.0,116.15657
71.0,116.23821
70.0,111.36634
69.0,112.38413
68.0,111.950356
67.0,109.71075
66.0,110.178154
65.0,110.807625
64.0,104.10144
63.0,102.03983
62.0,103.581184
61.0,93.601425
60.0,89.26327
59.0,79.394714
58.0,69.180504
57.0,71.09526
56.0,49.638817
55.0,48.724648
54.0,55.422165
53.0,51.806034
52.0,50.690777
51.0,49.625744
50.0,46.95359
49.0,48.950577
48.0,45.39177
47.0,46.206394
46.0,43.503674
45.0,45.59694
44.0,44.778255
43.0,46.177444
42.0,47.813805
41.0,49.018436
40.0,48.24858
39.0,49.41393
38.0,52.57974
37.0,55.953674
36.0,56.83817
35.0,58.053925
34.0,59.825375
33.0,53.388363
32.0,58.249306
31.0,56.87733
30.0,58.477386
29.0,54.06475
28.0,57.07708
27.0,54.40407
26.0,47.28139
25.0,45.43122
24.0,42.153725
23.0,31.952173
22.0,33.108295
21.0,28.592281
20.0,24.386023
19.0,22.088223
18.0,22.132288
17.0,22.144917
16.0,20.979776
15.0,21.49993
14.0,21.059153
13.0,20.884323
12.0,20.864916
11.0,18.255335
125.0,123.60585
125.0,125.83298
125.0,123.43892
125.0,116.747826
125.0,116.79879
125.0,119.225006
125.0,118.99058
125.0,119.12334
125.0,118.41702
125.0,115.98968
125.0,115.45441
125.0,114.45295
125.0,116.81276
125.0,113.580246
125.0,110.06956
125.0,109.39227
125.0,108.37993
125.0,102.26395
125.0,103.691345
125.0,128.08676
125.0,124.896645
125.0,124.7783
125.0,123.346214
125.0,123.12006
125.0,122.77083
125.0,122.589516
125.0,122.351814
125.0,121.89059
125.0,120.972984
125.0,119.02474
125.0,118.78435
125.0,119.197365
125.0,118.77756
125.0,115.3792
125.0,116.41872
125.0,118.57597
125.0,118.485306
125.0,116.88177
125.0,119.221504
125.0,118.66947
125.0,119.31804
125.0,121.5569
125.0,123.34398
125.0,123.518745
125.0,123.7852
125.0,125.412094
125.0,127.775925
125.0,127.25702
125.0,127.651276
125.0,127.027245
125.0,126.61682
125.0,126.80355
125.0,125.105515
125.0,124.39659
125.0,126.59858
125.0,125.5193
125.0,124.96153
125.0,124.39217
125.0,122.72656
125.0,120.20538
125.0,120.31796
125.0,121.09842
125.0,119.45181
125.0,117.3853
125.0,116.94313
125.0,118.89807
125.0,119.327065
125.0,119.64441
125.0,121.76723
125.0,120.54661
125.0,121.61427
125.0,121.70774
125.0,122.79108
125.0,120.70959
125.0,120.03483
125.0,118.45509
125.0,121.57297
125.0,119.73094
125.0,120.93493
125.0,120.6958
125.0,120.70889
125.0,119.33604
125.0,118.950294
125.0,117.74172
125.0,118.08907
125.0,117.10262
125.0,115.28944
125.0,117.02537
125.0,117.577126
125.0,117.6133
125.0,117.5332
125.0,117.40622
125.0,116.80674
125.0,117.849815
125.0,119.14229
125.0,120.55389
125.0,120.103905
125.0,119.68862
125.0,121.3013
125.0,121.61922
125.0,122.914795
125.0,121.07452
125.0,120.90276
125.0,120.87511
125.0,119.73563
125.0,116.9552
125.0,119.46392
125.0,118.55789
125.0,118.71532
125.0,117.76278
125.0,118.44761
125.0,116.33971
125.0,115.78772
125.0,112.93101
125.0,111.89496
125.0,112.30542
125.0,112.57306
125.0,113.888954
125.0,113.458466
125.0,113.22702
125.0,113.603455
125.0,112.66522
125.0,113.484535
125.0,115.19051
125.0,118.22768
125.0,118.43532
125.0,121.00933
125.0,121.50318
125.0,121.6131
125.0,121.85407
125.0,123.62153
125.0,123.39309
125.0,121.49875
125.0,122.90775
125.0,121.033035
125.0,120.507515
125.0,118.40602
125.0,117.49195
125.0,117.225
125.0,114.89301
125.0,115.29068
125.0,114.785416
125.0,114.51609
125.0,111.74846
125.0,113.98289
125.0,112.824295
125.0,113.0639
125.0,113.68667
125.0,113.63784
125.0,112.75531
125.0,113.74873
125.0,110.174965
124.0,113.16771
123.0,114.44842
122.0,113.08929
121.0,111.69223
120.0,114.36623
119.0,114.6858
118.0,115.31546
117.0,111.291756
116.0,110.58419
115.0,108.648994
114.0,108.14289
113.0,110.60356
112.0,106.289055
111.0,107.12196
110.0,100.46308
109.0,101.76974
108.0,104.29996
107.0,103.806145
106.0,104.64289
105.0,105.58702
104.0,105.07206
103.0,100.19111
102.0,102.30515
101.0,98.684944
100.0,99.08068
99.0,102.60831
98.0,100.971306
97.0,99.79708
96.0,94.17591
95.0,92.23731
94.0,90.31123
93.0,90.57725
92.0,93.14063
91.0,83.094826
90.0,79.18324
89.0,76.75205
88.0,77.96547
87.0,74.34331
86.0,77.62314
85.0,76.41081
84.0,74.72511
83.0,75.7788
82.0,75.13379
81.0,75.47742
80.0,74.38553
79.0,75.97024
78.0,83.27251
125.0,120.9011
125.0,119.68227
125.0,118.689064
125.0,120.328926
125.0,121.87987
125.0,122.455536
125.0,123.57676
125.0,124.837364
125.0,125.31127
125.0,126.771706
125.0,127.139824
125.0,125.651344
125.0,124.75434
125.0,123.91757
125.0,123.5642
125.0,122.613335
125.0,122.91782
125.0,123.03438
125.0,122.05978
125.0,121.75762
125.0,121.81726
125.0,121.839874
125.0,122.30436
125.0,123.6303
125.0,124.66347
125.0,123.20925
125.0,122.92451
125.0,121.54057
125.0,120.83133
125.0,120.55176
125.0,120.28275
125.0,118.29471
125.0,117.356
125.0,117.891945
125.0,118.70047
125.0,116.64181
125.0,117.39516
125.0,116.883026
125.0,118.12991
125.0,119.092224
125.0,119.704704
125.0,118.186676
125.0,119.40775
125.0,118.117744
125.0,116.62504
125.0,114.57881
125.0,111.85436
125.0,110.90255
125.0,110.7059
125.0,111.30652
125.0,111.14789
125.0,111.101875
125.0,111.94987
125.0,115.12872
125.0,116.746956
125.0,117.56278
125.0,117.06247
125.0,117.44794
125.0,115.97071
125.0,116.56376
125.0,117.780075
125.0,117.71603
125.0,117.08476
125.0,117.18653
125.0,118.42205
125.0,116.96046
125.0,118.93036
125.0,118.99788
125.0,120.380424
125.0,118.8471
125.0,119.67203
125.0,119.96759
125.0,118.78581
125.0,117.70256
125.0,117.08306
125.0,116.56521
125.0,115.27301
125.0,113.76071
125.0,112.515236
125.0,111.65349
125.0,111.79212
124.0,110.37197
123.0,107.63602
122.0,109.90517
121.0,110.33308
120.0,109.69553
119.0,107.25392
118.0,106.377785
117.0,106.36776
116.0,102.214676
115.0,104.83887
114.0,102.06254
113.0,106.41709
112.0,101.653244
111.0,102.83205
110.0,97.67767
109.0,96.161736
108.0,96.72397
107.0,94.8512
106.0,91.86344
105.0,90.200775
104.0,92.58626
103.0,88.11853
102.0,84.90962
101.0,88.44494
100.0,86.71383
99.0,90.85988
98.0,90.362236
97.0,89.52879
96.0,87.75945
95.0,86.02124
94.0,86.135216
93.0,79.021416
92.0,79.566956
91.0,80.15845
90.0,76.036705
89.0,75.37619
125.0,115.377014
125.0,115.21931
125.0,116.274345
125.0,116.7322
125.0,115.59498
125.0,117.67674
125.0,119.54289
125.0,119.16069
125.0,119.247894
125.0,119.98839
125.0,120.05205
125.0,120.37729
125.0,118.13652
125.0,117.49514
125.0,116.86527
125.0,117.50799
125.0,115.05967
125.0,113.074005
125.0,112.17343
125.0,111.26556
125.0,110.01406
125.0,108.57601
125.0,108.637886
125.0,109.1742
125.0,106.79435
125.0,104.76318
125.0,106.34555
125.0,110.36725
125.0,111.863976
125.0,113.60103
125.0,115.0273
125.0,112.54962
125.0,111.46281
125.0,111.56557
125.0,110.15328
125.0,111.1661
125.0,116.50451
125.0,114.579834
125.0,113.766594
125.0,113.79614
125.0,112.94788
125.0,111.80099
125.0,112.02514
125.0,113.84863
125.0,113.725204
125.0,110.065796
125.0,122.40327
125.0,120.998825
125.0,119.849045
125.0,116.90259
125.0,116.32207
125.0,115.128296
125.0,114.98976
125.0,115.0894
125.0,116.52655
125.0,116.19483
125.0,116.539085
125.0,116.50666
125.0,115.827286
125.0,117.15269
125.0,117.36493
125.0,119.53297
125.0,121.640396
125.0,120.37993
125.0,120.91685
125.0,121.675514
125.0,121.520935
125.0,122.650185
125.0,121.973076
125.0,122.41566
125.0,122.52422
125.0,123.6571
125.0,122.94635
125.0,122.24402
125.0,122.75531
125.0,121.008415
125.0,121.55597
125.0,120.180305
125.0,117.97507
125.0,117.084
125.0,114.46823
125.0,114.721146
125.0,115.557
125.0,113.74098
125.0,128.0413
125.0,126.99815
125.0,125.018684
125.0,125.295074
125.0,124.97783
125.0,124.53685
125.0,123.10352
125.0,121.413795
125.0,119.00664
125.0,115.78224
125.0,115.15387
125.0,112.75339
125.0,111.32785
125.0,107.66801
125.0,99.31175
125.0,98.35204
125.0,98.80095
125.0,107.47989
125.0,106.20786
125.0,107.08822
125.0,105.98103
125.0,104.95697
125.0,102.71073
125.0,108.223076
125.0,110.328445
125.0,111.01712
125.0,112.078125
125.0,113.61728
125.0,114.53945
125.0,113.27537
124.0,114.009125
123.0,113.04061
122.0,113.002335
121.0,114.85792
120.0,114.65905
119.0,116.822975
118.0,116.7218
117.0,116.764984
116.0,114.94981
115.0,111.95864
114.0,112.908035
113.0,111.3292
112.0,109.46285
111.0,110.78703
110.0,111.811165
109.0,112.7927
108.0,114.957695
107.0,112.96616
106.0,110.872856
105.0,111.71842
104.0,114.45026
103.0,116.4747
102.0,116.40302
101.0,117.88385
100.0,116.5495
99.0,116.488174
98.0,115.78612
97.0,114.32607
96.0,114.21604
95.0,113.79803
94.0,112.13938
93.0,108.7605
92.0,109.1231
91.0,107.31298
90.0,105.528435
89.0,103.77097
88.0,99.807755
87.0,98.024284
86.0,93.926
85.0,94.267334
84.0,91.17007
125.0,119.95616
125.0,118.81066
125.0,118.58476
125.0,118.507996
125.0,118.72926
125.0,118.526924
125.0,119.16981
125.0,118.66414
125.0,115.66021
125.0,115.051956
125.0,113.78264
125.0,114.754135
125.0,114.85038
125.0,114.55507
125.0,113.837585
125.0,113.82004
125.0,112.92783
125.0,113.3389
125.0,115.6212
125.0,114.43564
125.0,113.84646
125.0,114.32392
125.0,114.999344
125.0,115.156166
125.0,117.6842
125.0,115.43004
125.0,116.409325
125.0,118.2546
125.0,116.269104
125.0,117.359955
125.0,116.813866
125.0,116.041176
125.0,114.81603
125.0,116.01063
125.0,117.01677
125.0,116.18646
125.0,117.4685
125.0,118.53302
125.0,117.26562
125.0,118.59662
125.0,117.82508
125.0,117.184845
125.0,118.514145
125.0,115.366646
125.0,116.607506
125.0,117.347626
125.0,113.46721
125.0,114.23401
125.0,115.57103
125.0,113.53458
125.0,114.22332
125.0,113.46833
125.0,112.64797
125.0,112.22305
125.0,112.90949
125.0,112.530174
125.0,110.80846
125.0,109.33403
125.0,106.175766
125.0,105.89638
125.0,106.49272
125.0,108.18664
125.0,105.9894
125.0,104.03168
125.0,106.30787
125.0,101.39773
125.0,102.94589
125.0,104.887314
125.0,108.1215
125.0,111.51075
125.0,109.38916
125.0,109.56985
125.0,110.88161
125.0,109.128654
125.0,109.17626
125.0,110.229225
125.0,107.278496
125.0,105.81077
125.0,104.82041
125.0,100.02967
125.0,104.51028
125.0,99.90945
125.0,96.07228
125.0,100.34485
125.0,102.09432
125.0,104.34851
125.0,103.3944
125.0,103.08468
125.0,96.34114
125.0,98.883995
125.0,105.15501
125.0,109.21443
125.0,109.93744
125.0,111.544945
125.0,116.953995
125.0,117.15584
125.0,117.88002
125.0,118.972946
125.0,121.16627
125.0,123.64573
125.0,120.29029
125.0,118.15818
125.0,113.27823
125.0,113.607834
125.0,114.20097
125.0,117.22337
125.0,115.11777
125.0,110.638695
124.0,104.55274
123.0,103.71324
122.0,103.3834
121.0,100.39147
120.0,93.909424
119.0,95.84729
118.0,93.19325
117.0,87.860664
116.0,92.35172
115.0,93.60338
114.0,88.588036
113.0,92.71684
112.0,97.543564
111.0,95.89901
110.0,97.16391
109.0,95.8541
108.0,102.60169
107.0,109.16052
106.0,104.21246
105.0,107.29693
104.0,109.92006
103.0,111.95217
102.0,108.48686
101.0,104.98361
100.0,96.21804
99.0,90.682396
98.0,86.07409
97.0,86.85882
96.0,86.4618
95.0,80.884834
94.0,83.27945
93.0,82.19715
92.0,82.65602
91.0,81.94509
90.0,73.43944
89.0,70.038605
88.0,64.894646
87.0,58.167793
86.0,55.31586
85.0,51.6702
84.0,50.115776
83.0,52.682755
82.0,52.940353
81.0,53.576305
80.0,49.99842
79.0,45.17414
125.0,125.33291
125.0,126.63406
125.0,127.25319
125.0,126.18845
125.0,127.28663
125.0,126.22805
125.0,124.59413
125.0,124.87083
125.0,123.57434
125.0,123.20655
125.0,121.5385
125.0,121.238525
125.0,120.60872
125.0,118.26677
125.0,119.00054
125.0,118.15787
125.0,116.821495
125.0,117.96059
125.0,117.34188
125.0,114.63678
125.0,114.75845
125.0,115.36089
125.0,113.79059
125.0,113.20954
125.0,113.70859
125.0,113.39334
125.0,115.16238
125.0,116.13892
125.0,115.662285
125.0,117.56315
125.0,117.9448
125.0,118.702194
125.0,117.832985
125.0,118.69853
125.0,120.25186
125.0,120.33492
125.0,118.97017
125.0,120.26124
125.0,120.18026
125.0,118.78125
125.0,120.08678
125.0,119.41368
125.0,119.3874
125.0,119.351944
124.0,120.981
123.0,121.13802
122.0,119.29863
121.0,119.37808
120.0,118.97138
119.0,117.7178
118.0,118.1486
117.0,118.41356
116.0,117.545555
115.0,117.238075
114.0,115.164215
113.0,114.94207
112.0,113.51614
111.0,112.37796
110.0,110.49254
109.0,110.13111
108.0,110.530594
107.0,110.0223
106.0,106.00385
105.0,108.8025
104.0,105.94795
103.0,106.84473
102.0,106.06041
101.0,107.058914
100.0,104.887
99.0,100.56736
98.0,105.47588
97.0,101.53907
96.0,101.88738
95.0,103.79667
94.0,102.06553
93.0,106.05898
92.0,103.90387
91.0,107.353935
90.0,110.64133
89.0,112.67779
88.0,113.415695
87.0,111.40522
86.0,113.70738
85.0,113.16876
84.0,111.8563
83.0,110.933426
82.0,107.799416
81.0,103.84518
80.0,105.777115
79.0,104.93223
78.0,103.6458
77.0,99.64841
76.0,97.62069
125.0,119.96667
125.0,117.02429
125.0,118.60818
125.0,121.812225
125.0,120.790924
125.0,118.77409
125.0,118.17909
125.0,115.97289
125.0,114.51796
125.0,111.75971
125.0,111.894585
125.0,110.50598
125.0,110.351524
125.0,110.69088
125.0,108.38356
125.0,107.11778
125.0,107.6656
125.0,107.76567
125.0,110.1904
125.0,111.410126
125.0,109.843414
125.0,111.208786
125.0,113.44764
125.0,113.32498
125.0,112.39547
125.0,114.64808
125.0,118.77331
124.0,119.11512
123.0,121.05546
122.0,121.316765
121.0,121.72076
120.0,117.5785
119.0,118.17873
118.0,118.12163
117.0,113.25931
116.0,114.75512
115.0,113.88048
114.0,112.74668
113.0,113.142975
112.0,114.67611
111.0,112.2914
110.0,112.793846
109.0,111.029625
108.0,109.84545
107.0,107.7688
106.0,105.18449
105.0,103.770195
104.0,104.08554
103.0,99.90536
102.0,100.88919
101.0,103.493645
100.0,103.74229
99.0,105.22706
98.0,102.427864
97.0,102.015274
96.0,103.676445
95.0,107.63187
94.0,109.01873
93.0,111.63305
92.0,114.206604
91.0,116.205215
90.0,115.51133
89.0,115.03485
88.0,115.68131
87.0,112.43218
86.0,117.10458
85.0,116.695404
84.0,116.5949
83.0,113.64381
82.0,113.889534
81.0,110.70205
80.0,112.95734
79.0,110.54936
78.0,104.94416
77.0,100.102776
76.0,100.478905
75.0,97.8854
74.0,100.02727
73.0,100.49538
72.0,99.85084
71.0,105.154594
70.0,99.83222
69.0,97.54174
68.0,93.13015
67.0,91.02239
66.0,82.74006
65.0,75.99777
64.0,76.20717
63.0,83.061775
62.0,91.002655
61.0,98.36848
60.0,92.59806
59.0,90.34904
58.0,84.086685
57.0,78.12535
56.0,77.406
55.0,85.25469
54.0,83.53625
53.0,66.34197
52.0,64.71314
51.0,59.30455
50.0,55.36042
49.0,53.14696
48.0,48.966686
47.0,47.26399
46.0,52.1141
45.0,56.921585
44.0,54.918835
43.0,60.26394
42.0,55.112667
41.0,61.340862
40.0,61.08862
39.0,57.589993
38.0,51.53328
37.0,46.635418
36.0,42.111942
35.0,41.28719
34.0,42.631638
33.0,45.235554
32.0,50.002106
31.0,51.071056
30.0,50.34411
29.0,50.455063
28.0,49.07326
27.0,47.33589
26.0,43.62159
25.0,40.759296
24.0,38.462616
23.0,32.79059
22.0,29.260471
21.0,28.440737
20.0,27.85503
19.0,24.716705
18.0,21.894438
17.0,20.760708
16.0,20.020346
15.0,17.890894
14.0,15.858535
13.0,16.035131
12.0,15.2354765
125.0,118.6501
125.0,115.41707
125.0,109.656876
125.0,103.22787
125.0,105.47284
125.0,100.75405
125.0,108.34995
125.0,112.88412
125.0,116.66477
125.0,117.17351
125.0,116.1013
125.0,118.013596
125.0,118.23632
125.0,119.562904
125.0,123.37578
125.0,123.24948
125.0,121.05407
125.0,116.53638
125.0,115.34999
125.0,112.955055
125.0,110.67173
125.0,106.807
125.0,104.52248
125.0,104.388565
125.0,105.44655
125.0,104.21552
125.0,101.66883
125.0,97.37829
125.0,107.71801
125.0,108.62152
125.0,113.322
125.0,114.8055
125.0,107.4165
125.0,104.08635
124.0,103.95935
123.0,104.36661
122.0,102.31216
121.0,106.019
120.0,107.63386
119.0,110.241516
118.0,112.94022
117.0,113.679565
116.0,113.896034
115.0,114.18643
114.0,115.93325
113.0,116.104935
112.0,117.90983
111.0,114.61971
110.0,114.56931
109.0,112.197105
108.0,111.41799
107.0,109.949776
106.0,110.068405
105.0,109.47166
104.0,108.25128
103.0,104.16075
102.0,101.04863
101.0,98.66986
100.0,95.93409
99.0,88.82258
98.0,89.44398
97.0,88.469406
96.0,85.66966
95.0,92.62816
94.0,97.14238
93.0,98.783554
92.0,88.43051
91.0,88.521355
90.0,88.44794
89.0,93.53506
88.0,91.98704
87.0,89.48057
86.0,82.51519
85.0,81.52114
84.0,85.68893
83.0,85.05971
82.0,79.53849
81.0,79.68302
80.0,83.02347
79.0,81.11204
78.0,83.449684
77.0,81.612976
76.0,79.452156
75.0,83.655205
74.0,83.37795
73.0,88.51764
72.0,94.16872
71.0,95.61578
70.0,93.54537
69.0,89.49207
68.0,93.52648
67.0,96.044785
66.0,97.8371
65.0,100.27788
64.0,101.18676
63.0,99.945145
62.0,96.19188
61.0,95.691185
60.0,91.63363
59.0,91.540596
58.0,90.01503
57.0,77.96187
56.0,75.51857
55.0,71.20525
54.0,76.05
125.0,121.88815
125.0,122.30459
125.0,122.30592
125.0,122.526024
125.0,123.40725
125.0,124.90255
125.0,123.602165
125.0,125.02123
125.0,124.10837
125.0,124.579124
125.0,123.99505
125.0,122.97246
125.0,121.72877
125.0,121.6958
125.0,120.83029
125.0,121.04578
125.0,121.68577
125.0,122.40655
125.0,122.41642
125.0,122.1889
125.0,121.95059
125.0,120.943
110.0,117.61713
109.0,119.994064
108.0,122.24953
107.0,121.983795
106.0,118.286095
105.0,114.37517
104.0,109.745766
103.0,115.84847
102.0,114.776794
101.0,114.54053
100.0,116.719734
99.0,114.919235
98.0,115.00398
97.0,116.499466
96.0,113.80578
95.0,116.205894
94.0,112.04012
93.0,111.3114
92.0,113.41978
91.0,112.98912
90.0,112.95791
89.0,109.798836
88.0,106.32474
87.0,101.92064
86.0,104.83826
85.0,110.94632
84.0,113.27992
83.0,116.75664
82.0,115.983315
81.0,116.35254
80.0,115.22105
79.0,116.396576
78.0,117.03289
77.0,117.072624
76.0,116.704254
75.0,113.34529
74.0,115.088165
73.0,116.619125
72.0,116.557495
71.0,116.37454
70.0,116.62467
69.0,115.21455
68.0,116.74998
67.0,112.867386
66.0,97.54102
65.0,99.47026
64.0,92.09435
125.0,126.71979
125.0,124.85974
125.0,125.8402
125.0,122.99745
125.0,121.83353
125.0,119.62047
125.0,117.96474
125.0,117.87736
125.0,117.102745
125.0,114.56015
125.0,112.37463
125.0,110.85724
125.0,111.11925
125.0,110.89093
125.0,106.916046
125.0,107.77358
125.0,110.33254
125.0,110.91117
125.0,108.880165
125.0,102.04557
125.0,97.34788
125.0,101.07962
125.0,107.945045
125.0,110.300995
125.0,111.861244
125.0,112.14046
125.0,110.00129
125.0,111.8838
125.0,110.53682
125.0,111.82327
125.0,111.84637
125.0,109.32432
125.0,111.50611
125.0,111.35386
125.0,112.29761
125.0,106.536705
125.0,108.9174
125.0,110.34768
125.0,111.73641
125.0,112.7354
125.0,111.076355
125.0,107.72129
125.0,110.301216
125.0,107.445274
125.0,110.9777
125.0,114.996994
125.0,118.39012
125.0,118.753555
125.0,118.04944
125.0,115.688126
125.0,117.14299
125.0,118.54089
125.0,120.819145
125.0,118.80845
125.0,121.42686
125.0,120.30549
125.0,121.44762
125.0,120.566185
125.0,118.96564
125.0,120.19375
125.0,118.97956
125.0,116.81325
125.0,114.46583
125.0,112.97364
125.0,113.51268
125.0,109.09764
125.0,107.322586
125.0,100.3414
125.0,96.27369
125.0,101.78916
125.0,102.86566
125.0,100.42196
125.0,100.91162
125.0,103.96361
125.0,109.95641
125.0,112.84045
125.0,114.69961
125.0,113.11124
125.0,112.54263
125.0,111.320244
125.0,116.076256
125.0,119.708405
125.0,119.74745
125.0,121.03606
125.0,120.94378
125.0,123.3555
125.0,124.395935
125.0,122.490204
125.0,122.81003
125.0,119.50773
125.0,120.049706
125.0,117.296364
125.0,115.49727
125.0,111.48528
125.0,101.13003
125.0,94.22026
125.0,101.69164
125.0,97.94018
125.0,97.00317
125.0,101.97829
125.0,103.70867
125.0,103.13415
125.0,98.024864
125.0,97.40691
125.0,94.451935
125.0,98.24045
125.0,95.364624
125.0,85.237305
125.0,82.51842
124.0,88.25905
123.0,95.728584
122.0,107.60082
121.0,99.06182
120.0,108.87489
119.0,102.731895
118.0,109.952385
117.0,106.199196
116.0,104.70837
115.0,106.739716
114.0,97.65371
113.0,99.40268
112.0,96.79336
111.0,103.87297
110.0,100.445755
109.0,90.3443
108.0,85.58842
107.0,92.52875
106.0,84.32848
105.0,98.586044
104.0,100.648636
103.0,101.304634
102.0,95.173164
101.0,83.83259
125.0,124.41625
125.0,122.13769
125.0,123.94612
125.0,124.95695
125.0,122.86504
125.0,122.573395
125.0,122.94526
125.0,120.66089
125.0,120.26096
125.0,118.20165
125.0,119.23414
125.0,118.44172
125.0,114.27188
125.0,116.17755
125.0,115.376366
125.0,113.25028
125.0,112.563416
125.0,107.76044
125.0,108.44971
125.0,116.2313
125.0,115.13789
125.0,116.34542
125.0,110.972435
125.0,112.47352
125.0,115.94784
125.0,117.188576
125.0,114.38768
125.0,113.38034
125.0,113.259415
125.0,116.93557
125.0,115.81267
125.0,119.52449
125.0,118.807434
125.0,117.55686
125.0,117.42902
125.0,115.05672
125.0,114.430176
125.0,114.87669
125.0,116.82088
125.0,118.95006
125.0,117.94318
125.0,115.18237
125.0,117.44445
125.0,116.68736
125.0,119.04543
125.0,117.540955
125.0,118.63774
124.0,117.92118
123.0,118.36663
122.0,118.170906
121.0,115.506966
120.0,116.81806
119.0,112.94929
118.0,111.99336
117.0,116.069084
116.0,116.023254
115.0,115.2653
114.0,112.95625
113.0,113.16686
112.0,111.7119
111.0,108.62668
110.0,112.65791
109.0,109.12428
108.0,107.61883
107.0,107.14932
106.0,109.06839
105.0,108.605
104.0,109.429565
103.0,107.223816
102.0,110.21001
101.0,109.39591
100.0,110.79998
99.0,113.31845
98.0,112.65221
97.0,110.16921
96.0,107.14979
95.0,105.36155
94.0,105.68998
93.0,106.58892
92.0,106.48511
91.0,102.34747
90.0,91.613396
89.0,93.61918
88.0,100.62667
87.0,105.725075
86.0,105.90632
85.0,100.448494
84.0,103.028366
83.0,94.08453
82.0,90.22791
81.0,86.818184
80.0,92.75054
79.0,90.465706
78.0,94.528755
77.0,97.3035
76.0,98.04598
75.0,96.15717
74.0,98.28057
73.0,99.668205
72.0,99.28643
71.0,98.578156
70.0,93.81424
69.0,92.2823
68.0,85.17865
67.0,82.69089
66.0,81.84915
65.0,72.3601
64.0,66.728676
63.0,63.275158
62.0,62.98256
61.0,66.87742
60.0,72.26651
59.0,76.289986
58.0,74.3216
57.0,74.38554
56.0,78.5163
125.0,100.72298
125.0,105.65623
125.0,100.47952
125.0,100.36071
125.0,94.26416
125.0,94.39697
125.0,95.271736
125.0,95.52812
125.0,95.90339
125.0,89.15997
125.0,82.3423
125.0,86.45959
125.0,88.831955
125.0,96.99669
125.0,99.62366
125.0,106.21461
125.0,104.06852
125.0,105.67138
125.0,108.359436
125.0,108.534096
125.0,105.16471
125.0,108.55928
125.0,109.70893
125.0,104.53013
125.0,105.22564
125.0,107.51071
125.0,111.35302
125.0,111.10443
125.0,108.73743
125.0,112.132706
125.0,110.141846
125.0,108.593185
125.0,108.80328
125.0,110.24684
125.0,106.45687
125.0,109.95124
125.0,110.415276
125.0,106.61007
125.0,111.33182
125.0,109.96558
125.0,104.383766
125.0,102.13482
125.0,95.630745
124.0,92.47151
123.0,84.732216
122.0,82.2388
121.0,82.14385
120.0,88.363655
119.0,99.222984
118.0,102.766846
117.0,106.2626
116.0,112.22783
115.0,116.39026
114.0,114.64785
113.0,116.26875
112.0,117.0661
111.0,119.64886
110.0,119.22889
109.0,119.69229
108.0,121.15112
107.0,119.60181
106.0,115.73111
105.0,112.22642
104.0,112.53018
103.0,108.86618
102.0,110.826126
101.0,105.41938
100.0,101.7754
99.0,94.62145
98.0,86.53032
97.0,78.74473
96.0,73.473145
95.0,52.5759
94.0,50.94656
93.0,48.547363
92.0,54.200623
91.0,52.026085
90.0,49.39696
89.0,51.56248
88.0,63.762108
87.0,66.26786
86.0,78.14059
85.0,83.152725
84.0,86.88744
83.0,90.23178
82.0,96.113525
81.0,98.98813
80.0,99.17004
79.0,97.93981
78.0,90.00585
77.0,88.9575
76.0,84.309204
75.0,80.66053
74.0,81.76667
73.0,72.769226
72.0,70.73831
71.0,62.027138
70.0,67.542175
69.0,63.268475
68.0,59.195007
67.0,60.15958
66.0,59.665314
65.0,59.74692
64.0,64.25141
63.0,72.64757
62.0,76.6641
61.0,72.35265
60.0,68.44375
59.0,68.178345
58.0,61.156975
57.0,56.899136
56.0,58.31154
55.0,58.225124
54.0,59.302723
53.0,61.36859
52.0,59.125862
51.0,59.673492
50.0,59.382885
49.0,57.474754
125.0,118.66043
125.0,115.84298
125.0,106.973465
125.0,109.92154
125.0,104.21199
125.0,103.19558
125.0,98.51996
125.0,94.05726
125.0,93.78044
125.0,96.486824
125.0,95.25853
125.0,93.50321
125.0,98.86663
125.0,109.0631
125.0,108.19029
125.0,109.01709
125.0,114.11575
125.0,115.95313
125.0,121.98367
125.0,121.43292
125.0,124.48432
125.0,127.60219
125.0,130.15308
125.0,126.98463
125.0,128.41606
125.0,129.08801
125.0,129.04199
125.0,129.06088
125.0,130.14807
125.0,130.42317
125.0,128.09747
125.0,123.14448
125.0,118.401474
125.0,116.22245
125.0,114.10029
125.0,111.18204
125.0,107.40459
125.0,103.46721
125.0,96.547554
125.0,100.7465
125.0,100.484634
125.0,98.327
125.0,93.50718
125.0,94.87173
125.0,97.558075
125.0,105.37087
125.0,103.30508
125.0,106.425156
125.0,105.555405
125.0,96.96311
125.0,95.360794
125.0,90.75186
125.0,85.67617
125.0,85.83892
125.0,85.89167
125.0,81.45783
125.0,82.00226
125.0,76.58539
125.0,83.481705
125.0,81.13309
125.0,84.1889
125.0,80.4558
125.0,76.67303
125.0,72.59147
125.0,71.38671
125.0,69.7396
124.0,66.195625
123.0,70.069984
122.0,68.58895
121.0,79.56054
120.0,88.70666
119.0,87.63139
118.0,91.463165
117.0,86.81962
116.0,99.753815
115.0,110.26618
114.0,112.01231
113.0,108.20022
112.0,108.41649
111.0,108.57136
110.0,107.076775
109.0,99.80307
108.0,88.74254
107.0,96.296425
106.0,97.3046
105.0,93.36445
104.0,90.03701
103.0,83.44235
102.0,86.185936
101.0,87.98147
100.0,87.78323
99.0,81.45749
98.0,74.38582
97.0,72.11986
96.0,69.84567
95.0,70.811226
94.0,73.61882
93.0,89.240456
92.0,95.625725
91.0,105.938576
90.0,106.624374
89.0,104.41973
88.0,101.55102
87.0,102.78527
86.0,104.812454
85.0,98.459625
84.0,104.659615
83.0,103.81396
82.0,101.86811
81.0,101.29378
80.0,105.83147
79.0,101.33292
78.0,92.20139
77.0,97.01874
76.0,93.79182
75.0,79.61558
74.0,80.09902
73.0,79.3893
72.0,84.9216
71.0,84.39184
70.0,80.07165
69.0,68.61829
68.0,59.12903
67.0,54.02123
66.0,56.672775
65.0,60.906235
64.0,64.86783
63.0,69.501625
62.0,68.36335
61.0,64.16878
60.0,66.51371
59.0,62.580826
58.0,57.67978
57.0,49.467213
56.0,39.935684
55.0,34.035286
54.0,29.774553
53.0,27.658613
52.0,24.810968
51.0,24.728819
50.0,25.385145
49.0,28.115616
48.0,29.049925
47.0,29.15579
46.0,31.482033
45.0,33.40107
44.0,33.794693
43.0,35.489475
42.0,37.30767
41.0,38.47077
40.0,39.56515
39.0,39.03237
38.0,37.47927
125.0,123.3976
125.0,125.65783
125.0,123.66011
125.0,120.6202
125.0,119.95333
125.0,121.416
125.0,120.966965
125.0,122.365005
125.0,121.47244
125.0,121.04029
125.0,123.3737
125.0,123.26091
125.0,121.943794
125.0,120.74162
125.0,120.31265
125.0,119.50717
125.0,117.607475
125.0,118.998825
125.0,116.28444
125.0,116.86793
125.0,116.55571
125.0,117.57014
125.0,117.839806
125.0,114.50008
125.0,116.19363
125.0,115.36771
125.0,110.771675
125.0,111.65055
125.0,113.4545
125.0,108.85109
125.0,106.847496
125.0,108.19603
125.0,99.114395
125.0,94.53445
125.0,96.54246
125.0,100.36998
125.0,103.85389
125.0,108.70662
125.0,106.74893
125.0,106.20839
125.0,108.97763
125.0,110.13488
125.0,109.49426
125.0,114.76612
125.0,117.96483
125.0,119.98224
125.0,120.60703
125.0,124.26763
125.0,124.82597
125.0,122.88456
125.0,121.236694
125.0,121.36317
125.0,119.80928
125.0,118.08199
125.0,118.17049
125.0,113.03706
125.0,103.799774
125.0,100.41919
125.0,106.0023
125.0,100.03009
125.0,101.42701
125.0,97.92962
125.0,88.68132
125.0,86.15912
125.0,88.44499
125.0,91.45307
125.0,92.21787
125.0,93.30982
125.0,95.61612
125.0,102.41311
125.0,103.48184
125.0,106.86571
125.0,107.42135
125.0,111.942055
125.0,110.96182
125.0,112.402214
125.0,115.87816
125.0,119.29568
125.0,119.2992
125.0,117.680275
125.0,117.263214
125.0,117.623344
125.0,117.959076
125.0,121.008224
125.0,120.28169
125.0,120.35539
125.0,114.17115
125.0,114.147385
125.0,114.33601
125.0,113.92402
125.0,112.93772
125.0,108.83415
125.0,105.55274
125.0,111.301125
125.0,113.002174
125.0,115.67981
125.0,114.135475
125.0,112.69926
125.0,110.138504
125.0,114.102646
124.0,115.04658
123.0,115.71011
122.0,115.71528
121.0,116.12967
120.0,120.371826
119.0,115.40736
118.0,112.49209
117.0,111.85864
116.0,105.979515
115.0,94.56056
114.0,98.94394
113.0,102.48364
112.0,103.86654
111.0,105.75209
110.0,95.62257
109.0,98.89116
108.0,98.670395
107.0,98.60898
106.0,95.64866
105.0,88.20408
104.0,88.31325
103.0,88.48744
102.0,84.77018
101.0,96.84898
100.0,97.21417
99.0,104.3453
98.0,101.91489
97.0,97.94641
96.0,90.92935
95.0,91.443214
94.0,92.959305
93.0,92.894325
92.0,97.6085
91.0,89.61864
90.0,93.1099
89.0,89.95633
88.0,82.06703
87.0,85.32985
86.0,80.73146
85.0,80.231316
84.0,82.057396
83.0,85.08154
82.0,78.77782
81.0,63.82367
80.0,60.22688
79.0,62.55017
78.0,61.510803
77.0,71.097855
76.0,77.41796
75.0,79.07907
74.0,77.41868
73.0,72.2838
72.0,70.84129
71.0,75.05915
70.0,73.57518
69.0,70.90475
68.0,63.749508
67.0,61.81146
66.0,59.168533
65.0,54.682877
64.0,46.948833
63.0,46.246098
62.0,48.247
61.0,38.158985
60.0,41.192074
59.0,44.162674
58.0,47.48873
57.0,50.847702
56.0,51.17637
55.0,57.05218
54.0,53.57819
53.0,54.00649
52.0,53.05771
51.0,48.348568
50.0,48.834465
49.0,48.666874
48.0,49.152832
47.0,46.370842
46.0,46.695724
45.0,47.80864
125.0,96.64207
125.0,105.43391
125.0,105.489044
125.0,110.88924
125.0,107.2615
125.0,108.89103
125.0,109.08645
125.0,108.67927
125.0,109.76415
125.0,114.277916
124.0,111.53181
123.0,114.020615
122.0,110.87247
121.0,104.385544
120.0,103.645134
119.0,104.457146
118.0,107.46222
117.0,109.74661
116.0,113.37031
115.0,109.10967
114.0,101.37167
113.0,99.46537
112.0,99.167274
111.0,97.208626
110.0,91.77024
109.0,97.38071
108.0,92.812996
107.0,90.27846
106.0,90.8394
105.0,88.70216
104.0,91.07659
103.0,102.24827
102.0,95.50464
101.0,105.49576
100.0,105.20118
99.0,102.368286
98.0,109.131195
97.0,113.99444
96.0,112.43108
95.0,116.62926
94.0,111.241776
93.0,112.62729
92.0,113.343094
91.0,110.58719
90.0,107.16597
89.0,105.23265
88.0,109.71759
87.0,114.07545
86.0,114.86079
85.0,114.07747
84.0,111.93178
83.0,99.1774
82.0,100.4877
81.0,98.03784
80.0,91.69825
79.0,95.11761
78.0,93.33102
77.0,92.868034
76.0,87.155334
75.0,88.973404
74.0,93.47984
73.0,101.82117
72.0,93.94803
71.0,99.42367
70.0,96.62887
69.0,89.820274
68.0,84.208405
67.0,87.109764
66.0,81.415436
65.0,82.26694
64.0,84.58678
63.0,79.269356
62.0,78.40724
61.0,81.42493
60.0,83.192055
59.0,81.35357
58.0,88.427475
57.0,94.51228
56.0,94.88247
55.0,87.65466
54.0,91.49293
53.0,72.63452
52.0,67.34079
51.0,70.13543
50.0,68.10627
49.0,66.43976
48.0,55.719116
47.0,49.530334
46.0,45.4064
45.0,42.410557
44.0,46.646603
43.0,52.643337
42.0,49.924397
41.0,50.52017
40.0,47.388805
39.0,55.57267
38.0,52.629528
37.0,55.128777
36.0,53.820915
35.0,54.480633
34.0,54.343353
33.0,56.16344
32.0,53.80914
31.0,49.649277
30.0,51.0906
29.0,47.706055
28.0,48.578815
125.0,123.38065
125.0,123.64349
125.0,123.66215
125.0,122.37618
125.0,121.959854
125.0,122.55354
125.0,123.316986
125.0,122.47647
125.0,123.51456
125.0,123.85655
125.0,123.94199
125.0,123.11407
125.0,122.47174
125.0,123.7045
125.0,124.60911
125.0,122.64806
125.0,122.50339
125.0,121.30676
125.0,120.77399
125.0,121.46606
125.0,121.67756
125.0,120.809425
125.0,120.678375
125.0,121.861275
125.0,120.54117
125.0,121.57028
125.0,121.74199
125.0,121.97929
125.0,123.430626
125.0,123.30719
125.0,123.9949
125.0,125.18212
125.0,124.77282
125.0,123.28282
125.0,123.32237
125.0,123.157845
125.0,122.869644
125.0,122.142845
125.0,121.50396
125.0,121.92562
125.0,120.67301
125.0,119.825554
125.0,118.90438
125.0,120.210236
125.0,120.43819
125.0,118.67513
125.0,118.72897
125.0,117.01442
124.0,117.75204
123.0,116.883194
122.0,118.09259
121.0,118.85913
120.0,120.843864
119.0,121.516365
118.0,120.24526
117.0,120.782036
116.0,120.50017
115.0,121.44383
114.0,121.134415
113.0,119.53612
112.0,119.47794
111.0,120.77911
110.0,120.75359
109.0,121.99345
108.0,122.56
107.0,120.793884
106.0,121.88107
105.0,120.87791
104.0,120.474915
103.0,120.221825
102.0,118.59406
101.0,118.733826
100.0,115.2885
99.0,114.957504
98.0,114.08139
97.0,110.785194
96.0,109.10345
95.0,106.29034
94.0,102.30509
93.0,99.224556
92.0,97.94439
91.0,94.88178
90.0,93.16781
89.0,94.76593
88.0,89.598495
87.0,88.26035
86.0,84.45935
85.0,84.9344
84.0,79.90117
83.0,74.80421
82.0,76.01983
81.0,78.14852
80.0,83.849945
79.0,87.67193
78.0,90.912796
77.0,89.2796
76.0,90.3463
75.0,88.91002
74.0,93.09576
73.0,91.82905
72.0,93.000496
71.0,95.89278
70.0,93.95479
69.0,94.59704
68.0,93.05685
67.0,89.961296
66.0,92.59649
65.0,93.5712
64.0,90.48434
63.0,90.57002
62.0,83.97641
61.0,80.97828
60.0,81.94561
59.0,84.65725
58.0,85.96994
57.0,78.54615
56.0,75.876976
55.0,75.70231
54.0,66.98271
53.0,61.43881
52.0,64.49488
51.0,58.3783
50.0,60.564335
49.0,56.01702
48.0,53.543358
47.0,54.520527
46.0,43.620525
45.0,40.653465
44.0,43.085846
43.0,39.405888
42.0,38.18758
41.0,33.90146
40.0,36.071747
39.0,35.67605
38.0,36.07828
37.0,36.577457
36.0,42.05203
35.0,40.861507
34.0,36.429024
33.0,36.602287
32.0,37.606327
31.0,36.789085
30.0,41.021076
29.0,40.575726
28.0,42.441696
27.0,33.50483
26.0,33.845505
25.0,36.150673
24.0,33.965527
23.0,31.56355
22.0,27.921555
21.0,27.608664
20.0,28.097805
19.0,28.98511
125.0,116.973755
125.0,116.54426
125.0,115.49777
125.0,115.181755
125.0,116.167725
125.0,117.03006
125.0,117.11373
125.0,116.6918
125.0,118.32849
125.0,118.27876
125.0,117.958084
125.0,118.694496
125.0,118.235374
125.0,119.03781
125.0,119.71688
125.0,121.78016
124.0,121.69551
123.0,121.8236
122.0,122.65511
121.0,123.48098
120.0,120.96414
119.0,120.554115
118.0,120.572296
117.0,120.8059
116.0,119.388885
115.0,117.89696
114.0,116.16847
113.0,115.32463
112.0,114.46177
111.0,113.6186
110.0,111.7732
109.0,110.29205
108.0,111.5776
107.0,110.525085
106.0,110.60299
105.0,110.949036
104.0,110.468094
103.0,107.183525
102.0,107.30582
101.0,105.527504
100.0,105.69255
99.0,106.927895
98.0,102.04277
97.0,99.41645
96.0,102.16924
95.0,101.13731
94.0,101.17068
93.0,101.29149
92.0,101.44363
91.0,103.571106
90.0,104.5036
89.0,101.917496
88.0,105.03546
87.0,106.098145
86.0,106.087944
85.0,108.217514
84.0,106.00409
83.0,101.21761
82.0,99.92399
81.0,104.56069
80.0,104.91927
79.0,105.03251
78.0,108.77358
77.0,107.30366
76.0,108.332504
75.0,107.36989
74.0,107.62841
73.0,102.96511
72.0,99.28669
71.0,100.58779
70.0,101.48675
69.0,104.35846
68.0,98.9155
67.0,97.175156
66.0,95.81534
65.0,91.37339
64.0,83.73728
63.0,86.35242
62.0,86.98795
61.0,88.27461
60.0,89.59002
59.0,84.31507
58.0,80.146484
57.0,81.658
56.0,78.89902
55.0,79.435455
54.0,77.02337
53.0,66.68797
52.0,66.00784
51.0,64.45063
50.0,64.632256
49.0,55.561615
48.0,53.585308
47.0,46.87918
46.0,43.28275
45.0,42.877907
44.0,40.14834
43.0,35.806667
42.0,34.520176
41.0,37.722942
40.0,38.871708
39.0,40.35279
38.0,38.106525
37.0,36.930794
36.0,37.738888
35.0,35.843185
34.0,36.423904
33.0,38.427113
32.0,38.120975
31.0,36.363716
30.0,35.099636
29.0,34.860523
28.0,31.275303
27.0,33.13733
26.0,31.267662
25.0,31.20768
24.0,35.59562
23.0,39.258232
22.0,39.42291
21.0,35.91087
20.0,35.878544
19.0,34.73533
18.0,31.158161
17.0,27.175602
16.0,24.795374
15.0,25.592262
14.0,20.067871
13.0,18.857002
12.0,17.427925
11.0,16.813608
10.0,16.332684
9.0,17.025747
8.0,15.765153
7.0,14.806164
125.0,119.103806
125.0,117.459335
125.0,115.56237
125.0,117.4102
125.0,118.25005
125.0,118.56893
125.0,118.11567
125.0,119.60512
125.0,119.154175
125.0,118.649925
125.0,120.04193
125.0,120.703064
125.0,120.42786
125.0,117.14665
125.0,116.46342
125.0,115.87253
125.0,116.02811
125.0,115.83457
125.0,112.65146
125.0,115.09398
125.0,113.566605
125.0,114.355095
125.0,113.48576
125.0,113.380844
125.0,103.740234
125.0,101.68033
125.0,99.57241
125.0,93.8336
125.0,97.36522
125.0,99.94756
125.0,100.131294
125.0,100.83042
125.0,101.11681
125.0,104.797935
125.0,106.70826
125.0,109.10898
125.0,108.35924
125.0,110.98907
125.0,109.02168
125.0,112.38013
125.0,118.52969
125.0,121.1864
125.0,119.37286
125.0,117.86143
125.0,117.21076
125.0,117.517685
125.0,116.750786
125.0,116.05754
125.0,117.688126
125.0,117.44991
125.0,115.38964
125.0,112.96921
125.0,112.15162
125.0,113.711464
125.0,114.028885
125.0,114.4037
124.0,111.22752
123.0,108.41128
122.0,111.93297
121.0,113.53544
120.0,116.51157
119.0,117.34455
118.0,118.52373
117.0,115.82249
116.0,114.83722
115.0,112.06565
114.0,113.43897
113.0,115.26165
112.0,114.05252
111.0,113.941956
110.0,114.53873
109.0,114.36265
108.0,116.27414
107.0,114.84129
106.0,114.90635
105.0,114.07321
104.0,114.67249
103.0,112.13758
102.0,113.34809
101.0,114.88681
100.0,111.48441
99.0,108.91862
98.0,105.44496
97.0,106.37744
96.0,105.83258
95.0,103.6837
94.0,102.75418
93.0,100.62488
92.0,106.06021
91.0,101.611786
90.0,99.600266
89.0,94.76925
88.0,90.66276
87.0,90.23508
86.0,88.138115
85.0,83.436714
84.0,87.203224
83.0,82.73437
82.0,73.2306
81.0,71.65359
80.0,73.26432
79.0,76.97278
78.0,74.59825
77.0,70.13849
76.0,75.25368
75.0,69.73192
74.0,73.48312
73.0,71.88817
72.0,78.268745
71.0,79.44586
70.0,79.034454
69.0,82.97841
68.0,84.699356
67.0,85.060356
66.0,83.09986
65.0,84.948746
64.0,86.87721
63.0,88.41611
62.0,96.03551
61.0,92.17841
60.0,93.41996
59.0,89.16782
58.0,85.371635
57.0,75.52243
56.0,71.707054
55.0,60.100285
54.0,53.33109
53.0,55.009506
52.0,51.455654
51.0,54.37443
50.0,60.162827
49.0,59.465187
48.0,56.12299
47.0,52.193916
46.0,48.880905
45.0,45.84994
44.0,45.49232
43.0,43.010803
42.0,44.434883
41.0,41.46458
40.0,41.142155
39.0,39.691273
38.0,40.59529
37.0,40.01638
36.0,39.848133
35.0,39.568947
34.0,39.29311
33.0,44.26766
32.0,46.35599
31.0,45.250633
30.0,41.65382
29.0,40.724457
28.0,40.346527
27.0,35.75649
26.0,38.34757
25.0,43.116955
24.0,40.663033
23.0,37.587357
22.0,41.14895
21.0,33.161625
20.0,28.852768
19.0,28.223053
18.0,26.687418
17.0,24.777983
16.0,21.671135
125.0,128.3819
125.0,127.05207
125.0,126.32568
125.0,125.85135
125.0,125.919136
125.0,126.36806
125.0,126.172585
125.0,126.016365
125.0,126.55341
125.0,126.052124
125.0,125.4043
125.0,125.243904
125.0,125.351746
125.0,124.310295
125.0,123.76818
125.0,124.16946
125.0,123.08649
125.0,124.33751
125.0,124.67809
125.0,124.58631
125.0,124.58649
125.0,124.55498
125.0,124.53107
125.0,123.406136
125.0,123.002556
125.0,123.92875
125.0,124.4206
125.0,123.60125
125.0,125.33228
125.0,126.31591
125.0,126.97078
125.0,127.25838
125.0,127.32807
125.0,125.64423
125.0,126.48578
125.0,128.0645
125.0,127.84788
125.0,127.347275
125.0,127.18213
125.0,126.5689
125.0,126.73553
125.0,125.95333
125.0,126.34759
125.0,125.19635
125.0,123.66994
125.0,123.62802
125.0,122.186104
125.0,121.77554
125.0,120.20357
125.0,119.75519
125.0,120.28227
125.0,119.55523
125.0,119.75903
125.0,118.855385
125.0,119.18827
125.0,119.939575
125.0,120.66615
125.0,120.958
125.0,122.04429
125.0,122.518486
125.0,123.3666
125.0,123.40737
125.0,123.23333
125.0,122.839
125.0,120.669075
125.0,122.384
125.0,122.79815
125.0,122.66275
125.0,122.33243
125.0,122.69853
125.0,123.48392
125.0,124.65488
125.0,125.000015
125.0,123.56297
125.0,123.460236
125.0,123.6649
125.0,121.03584
125.0,119.0714
125.0,118.87694
125.0,118.73042
125.0,117.867325
125.0,116.67304
125.0,116.69358
125.0,115.74952
125.0,115.6028
125.0,115.30995
125.0,114.316734
125.0,113.801865
125.0,112.27504
125.0,113.13398
124.0,114.96007
123.0,114.82434
122.0,116.307205
121.0,117.629105
120.0,118.81204
119.0,121.68476
118.0,122.61851
117.0,123.282814
116.0,123.54361
115.0,124.11926
114.0,125.37621
113.0,124.49357
125.0,106.09525
125.0,104.36312
125.0,110.73973
125.0,113.00533
125.0,104.505936
125.0,114.56426
125.0,114.27734
125.0,114.65886
125.0,114.974594
125.0,114.00131
125.0,113.9949
125.0,112.76419
125.0,110.07487
125.0,108.56069
125.0,112.50315
125.0,114.261215
125.0,115.402336
125.0,112.41166
125.0,105.14162
125.0,103.273674
125.0,105.8039
125.0,99.39405
125.0,98.74691
125.0,97.27563
125.0,96.99729
125.0,98.53978
125.0,92.33257
125.0,93.59937
125.0,87.836975
125.0,99.62693
125.0,98.17106
125.0,100.249596
125.0,103.76215
125.0,110.39139
125.0,100.38396
125.0,109.7448
125.0,115.48167
125.0,115.643524
125.0,116.164696
125.0,114.4961
125.0,115.97162
125.0,115.52727
125.0,109.50474
125.0,108.149864
125.0,111.784775
125.0,112.43465
125.0,117.322235
125.0,114.34914
125.0,109.245255
125.0,112.73006
125.0,114.00074
115.0,104.76995
114.0,101.558495
113.0,99.18206
112.0,92.59811
111.0,87.226425
110.0,86.89473
109.0,89.605515
108.0,98.27542
107.0,101.18462
106.0,98.590836
105.0,99.14732
104.0,100.7118
103.0,103.640724
102.0,102.27299
101.0,104.52881
100.0,104.57809
99.0,102.49477
98.0,101.47021
97.0,98.96907
96.0,97.2453
95.0,95.48846
94.0,93.81003
93.0,92.84888
92.0,87.555954
91.0,79.62372
90.0,78.88157
89.0,85.236855
88.0,88.2449
87.0,90.261505
86.0,96.3882
85.0,98.46746
84.0,99.66544
83.0,102.898994
82.0,107.65677
81.0,107.728485
80.0,109.47182
79.0,113.31043
78.0,119.08827
77.0,117.431114
76.0,115.7269
75.0,116.028625
74.0,118.5006
73.0,118.727776
72.0,118.296555
71.0,115.2027
70.0,118.08377
69.0,114.30221
68.0,111.021904
67.0,112.37315
66.0,107.99151
65.0,101.963196
64.0,103.23264
63.0,95.649506
62.0,82.34308
61.0,80.39624
60.0,77.4477
59.0,78.50576
58.0,68.458466
57.0,61.957596
56.0,60.420803
55.0,58.172905
54.0,58.866055
53.0,64.55087
52.0,72.77307
51.0,75.55217
50.0,79.665115
49.0,73.169
48.0,78.35069
47.0,66.27225
46.0,61.81031
45.0,60.544117
44.0,61.33768
43.0,64.594
42.0,65.58472
41.0,66.635925
40.0,60.22848
39.0,52.969734
38.0,52.264393
37.0,54.440693
36.0,52.425
35.0,55.993305
34.0,61.57474
33.0,57.629326
32.0,48.33933
31.0,51.477097
30.0,52.33509
29.0,53.37473
28.0,43.75844
27.0,37.48545
26.0,32.153034
25.0,30.297611
24.0,31.278227
23.0,31.251553
22.0,33.247402
21.0,37.68984
20.0,34.29154
19.0,31.869568
18.0,32.036446
17.0,26.588139
16.0,24.577171
15.0,22.618965
14.0,19.308208
125.0,128.13948
125.0,128.54442
125.0,125.55574
125.0,121.977196
125.0,118.94529
125.0,119.37567
125.0,117.191086
125.0,119.188644
125.0,117.801315
125.0,118.074
125.0,115.03234
125.0,113.89065
125.0,115.73796
125.0,114.424484
125.0,114.105385
125.0,110.392235
125.0,109.629295
125.0,109.03625
125.0,107.84719
125.0,102.0266
125.0,98.8728
125.0,96.81429
125.0,99.68808
125.0,98.138084
125.0,93.01851
125.0,94.144394
125.0,101.628174
125.0,103.65819
125.0,97.36012
125.0,103.826996
125.0,102.652336
125.0,106.8099
125.0,104.684814
124.0,99.981926
123.0,96.6304
125.0,118.16596
125.0,122.190735
125.0,126.02451
125.0,127.95553
125.0,128.91069
125.0,126.345795
125.0,127.892006
125.0,126.08162
125.0,125.31169
125.0,123.557785
125.0,121.32961
125.0,120.7986
125.0,114.06068
125.0,109.34999
125.0,108.86429
125.0,105.496925
125.0,107.929085
125.0,108.73901
125.0,108.62441
125.0,103.47191
125.0,100.93667
125.0,100.144196
125.0,107.96558
124.0,108.531044
123.0,108.39387
122.0,105.26141
121.0,108.15968
120.0,106.78229
119.0,107.31567
118.0,112.90724
117.0,116.278015
116.0,114.04476
115.0,116.02582
114.0,116.41326
113.0,116.90221
112.0,118.263405
111.0,118.46161
110.0,117.90853
109.0,118.95715
108.0,120.95372
107.0,122.53908
106.0,122.7037
105.0,118.707726
104.0,115.635
103.0,117.23729
102.0,118.197365
101.0,117.53003
100.0,108.20048
99.0,108.73122
98.0,105.992004
97.0,108.36611
96.0,108.81249
95.0,107.64153
94.0,102.74491
93.0,106.9483
92.0,107.741776
91.0,106.41327
90.0,101.40886
89.0,91.64971
88.0,96.17012
87.0,99.80824
86.0,94.5966
85.0,93.10328
84.0,88.09548
83.0,87.447205
82.0,96.16778
81.0,98.09547
80.0,106.35605
79.0,112.77998
78.0,118.818886
77.0,119.780045
76.0,119.71946
75.0,117.6083
74.0,113.87438
73.0,113.001854
72.0,111.63848
71.0,105.860016
70.0,95.75637
69.0,93.60597
68.0,89.16383
67.0,85.13904
66.0,87.80175
65.0,83.954
64.0,82.94046
63.0,98.04557
62.0,90.22716
61.0,88.844925
60.0,75.64868
59.0,66.87908
58.0,62.297733
57.0,62.787994
56.0,56.434593
55.0,53.53017
54.0,53.44241
53.0,50.725937
52.0,55.187828
51.0,55.426476
50.0,56.219616
49.0,68.026306
48.0,80.59591
47.0,85.47199
46.0,86.5565
45.0,88.2863
44.0,79.473595
43.0,84.23815
42.0,77.72878
41.0,76.85914
40.0,77.37839
39.0,71.87808
38.0,71.545135
37.0,72.233894
36.0,69.74335
35.0,65.93105
34.0,68.3388
33.0,79.78121
32.0,65.3807
31.0,55.279327
30.0,51.848583
29.0,45.372086
28.0,47.293922
27.0,44.503445
26.0,37.034622
25.0,30.066845
24.0,31.007748
23.0,26.259666
22.0,23.399986
21.0,20.338882
20.0,17.98538
19.0,16.424889
18.0,17.713715
17.0,16.434778
16.0,15.526286
15.0,15.375428
14.0,12.755845
105.0,120.6944
104.0,120.86518
103.0,120.30578
102.0,118.196655
101.0,118.94186
100.0,118.080734
99.0,117.661934
125.0,93.244965
125.0,99.07159
125.0,100.137764
125.0,106.14856
125.0,110.475494
125.0,106.30507
125.0,112.75362
125.0,117.81543
125.0,116.55704
125.0,116.94772
125.0,115.80351
125.0,114.51046
125.0,115.152954
125.0,109.3512
125.0,106.41994
125.0,109.213165
125.0,94.40363
125.0,89.56071
125.0,96.05218
125.0,95.66166
125.0,90.47549
125.0,88.54156
125.0,98.17255
125.0,95.748146
125.0,95.38064
125.0,95.905624
125.0,94.35816
125.0,89.36983
125.0,91.17735
125.0,93.14294
125.0,91.50103
125.0,102.15334
125.0,102.10089
125.0,111.42658
125.0,114.506195
125.0,115.49598
125.0,114.03968
125.0,116.21536
125.0,115.6588
125.0,112.05543
125.0,108.64657
125.0,107.79822
125.0,103.89835
125.0,101.032326
125.0,96.92035
125.0,105.745384
125.0,98.112625
125.0,104.383286
125.0,112.641945
125.0,114.89372
125.0,113.98118
125.0,114.71703
125.0,117.23501
125.0,118.441795
125.0,116.8667
125.0,117.53593
125.0,115.858665
125.0,116.559555
125.0,115.605064
125.0,115.21062
125.0,111.47715
125.0,111.833405
125.0,112.009514
125.0,107.827835
124.0,108.55869
123.0,99.79752
122.0,96.26749
121.0,98.93029
120.0,97.9236
119.0,98.082954
118.0,95.13859
117.0,86.22547
116.0,81.91664
115.0,86.80685
114.0,86.240326
113.0,95.95617
112.0,97.826904
111.0,97.32997
110.0,106.14998
109.0,105.00925
108.0,100.36616
107.0,100.98823
106.0,104.1972
105.0,107.212234
104.0,107.07005
103.0,108.0438
102.0,104.059456
101.0,94.697136
100.0,93.838844
99.0,86.48545
98.0,80.71725
97.0,75.16844
96.0,80.69179
95.0,71.552
94.0,71.59871
93.0,67.29531
92.0,72.6555
91.0,74.40344
90.0,73.30138
89.0,71.7565
88.0,74.24252
87.0,72.49306
86.0,76.30269
85.0,81.03528
84.0,81.573784
83.0,75.91414
82.0,81.0528
81.0,77.50156
80.0,77.57912
79.0,79.47605
78.0,74.67175
77.0,81.96477
76.0,80.70306
75.0,78.04485
74.0,77.98552
73.0,80.7636
72.0,89.176994
71.0,86.052315
70.0,85.12404
69.0,82.95475
68.0,74.94465
67.0,66.57727
66.0,68.483406
65.0,63.590027
64.0,65.22729
63.0,66.35403
62.0,66.981544
61.0,66.54463
60.0,63.12157
59.0,58.359867
58.0,55.0612
57.0,57.394703
56.0,53.9793
55.0,50.022728
54.0,48.87043
125.0,87.83992
125.0,85.98944
125.0,84.33883
125.0,86.56686
125.0,82.36273
125.0,84.99077
125.0,85.7559
125.0,93.85239
125.0,98.71968
125.0,99.0634
125.0,107.81372
125.0,113.64206
125.0,112.51757
125.0,114.1018
125.0,115.08784
125.0,118.25454
125.0,116.91128
125.0,117.301956
125.0,118.649994
125.0,119.08807
125.0,118.639015
125.0,119.704346
125.0,119.13116
125.0,119.056015
125.0,117.65472
125.0,116.58455
125.0,113.83205
125.0,111.569244
125.0,112.30837
125.0,111.77548
125.0,111.469086
125.0,109.1547
125.0,109.29862
125.0,110.88491
125.0,109.739685
125.0,107.88266
125.0,95.83314
125.0,94.81583
125.0,97.80483
125.0,94.23505
125.0,99.53453
125.0,106.08221
125.0,101.069984
125.0,92.451454
125.0,88.20481
125.0,91.9908
125.0,89.51108
124.0,90.426285
123.0,90.118935
122.0,90.52251
121.0,85.8297
120.0,90.87698
119.0,94.59552
118.0,95.68966
117.0,91.435455
116.0,88.686005
115.0,92.751045
114.0,93.071335
113.0,103.28682
112.0,101.590965
111.0,102.836235
110.0,103.38013
109.0,99.302055
108.0,99.83885
107.0,100.57742
106.0,98.821724
105.0,90.80406
104.0,97.793365
103.0,103.88862
102.0,100.21503
101.0,106.58885
100.0,104.50531
99.0,108.09012
98.0,107.8021
97.0,107.4955
96.0,99.543015
95.0,102.2926
94.0,101.77003
93.0,104.3595
92.0,107.59319
91.0,106.26922
90.0,107.606026
89.0,108.329315
88.0,106.19832
87.0,101.194275
86.0,94.513084
85.0,92.69323
84.0,90.60494
83.0,88.24263
82.0,79.97618
81.0,76.0708
80.0,75.153465
79.0,67.36214
78.0,65.82338
77.0,64.79025
76.0,70.012146
75.0,66.57712
74.0,75.68707
73.0,74.63421
72.0,66.38877
71.0,61.665775
70.0,55.763897
69.0,57.944973
68.0,57.576447
67.0,53.352497
66.0,45.19597
65.0,50.419437
64.0,46.72374
63.0,49.430183
62.0,51.471584
61.0,51.371193
60.0,51.5882
59.0,54.209515
58.0,52.94575
57.0,61.650993
56.0,57.36359
55.0,55.904156
54.0,59.665066
53.0,67.31771
125.0,121.91747
125.0,120.76777
125.0,119.73524
125.0,121.41707
125.0,121.53771
125.0,122.22504
125.0,117.86583
125.0,117.56698
125.0,119.09045
125.0,116.93318
125.0,115.4663
125.0,115.94618
125.0,118.05361
125.0,116.52474
125.0,116.05841
125.0,114.636055
125.0,115.892044
125.0,118.074394
125.0,116.01072
125.0,115.20573
125.0,116.67011
125.0,116.75884
125.0,117.43805
125.0,118.94995
125.0,116.97858
125.0,118.35865
124.0,121.01032
123.0,119.97432
122.0,120.775024
121.0,121.8655
120.0,122.09981
119.0,121.37125
118.0,120.47432
117.0,120.76447
116.0,122.17114
115.0,123.61256
114.0,119.11162
113.0,118.28084
112.0,119.609474
111.0,117.64808
110.0,114.092575
109.0,114.14709
108.0,112.648506
107.0,111.99845
125.0,111.69859
125.0,114.07583
125.0,109.80023
125.0,120.81627
125.0,123.048195
125.0,121.262314
125.0,124.79973
125.0,125.06979
125.0,122.93082
125.0,122.897446
125.0,123.09604
125.0,123.1369
125.0,123.604515
125.0,123.08625
125.0,125.02633
125.0,125.38385
125.0,126.435745
125.0,124.89497
125.0,124.98135
125.0,125.98336
125.0,128.56862
125.0,127.45179
125.0,127.177505
125.0,127.44994
125.0,126.14392
125.0,121.871574
125.0,118.877266
125.0,120.73948
125.0,118.502686
125.0,119.23428
125.0,121.547356
125.0,118.86435
125.0,115.55643
125.0,119.29435
125.0,120.54345
125.0,118.79567
125.0,115.79484
125.0,112.43268
125.0,111.1654
125.0,109.28566
125.0,109.55608
125.0,109.60204
125.0,106.34182
125.0,95.14149
125.0,93.97814
125.0,88.99756
125.0,84.38092
125.0,79.96418
125.0,85.69774
125.0,83.31822
125.0,87.02158
125.0,95.63744
125.0,96.72444
125.0,98.35887
125.0,97.46023
125.0,104.23445
125.0,112.40684
125.0,116.39959
125.0,120.17987
125.0,122.85339
125.0,124.48756
125.0,123.788795
125.0,121.75795
125.0,122.194916
125.0,122.47846
125.0,121.41341
125.0,119.988686
125.0,117.55239
125.0,117.43962
125.0,119.032486
125.0,119.67513
125.0,121.29562
124.0,119.38607
123.0,114.41982
122.0,114.89161
121.0,112.488754
120.0,109.328575
119.0,109.200455
118.0,109.996506
117.0,109.881454
116.0,111.52511
115.0,111.55692
114.0,111.58703
113.0,113.202576
112.0,110.10926
111.0,114.772995
110.0,112.695854
109.0,111.74387
108.0,114.276375
107.0,110.26112
106.0,111.554306
105.0,109.92397
104.0,110.814255
125.0,123.6813
125.0,124.64282
125.0,125.067055
125.0,125.01074
125.0,125.60442
125.0,124.72499
125.0,124.548035
125.0,123.19141
125.0,121.28175
125.0,119.88163
125.0,119.57277
125.0,119.71944
125.0,121.325874
125.0,122.89705
125.0,122.097374
125.0,122.01551
125.0,121.29525
125.0,119.31678
125.0,121.904594
125.0,122.01359
125.0,122.12285
125.0,121.47828
125.0,120.55979
125.0,120.183624
125.0,124.227585
125.0,125.02852
125.0,125.8809
125.0,125.05669
125.0,126.087204
125.0,125.43334
125.0,125.37234
125.0,124.987045
125.0,123.07439
125.0,125.02587
125.0,126.989395
125.0,125.447525
125.0,125.1395
125.0,124.7879
125.0,124.16438
125.0,123.369965
125.0,123.25882
125.0,122.45261
125.0,124.51226
125.0,120.38618
125.0,118.71003
125.0,118.38304
125.0,117.93643
125.0,118.72602
125.0,119.371254
125.0,119.22906
125.0,118.28795
125.0,119.501274
125.0,119.26813
125.0,118.8382
125.0,118.917145
125.0,117.3556
125.0,116.49856
125.0,116.627686
125.0,117.99397
125.0,120.76748
125.0,118.8143
125.0,120.29523
125.0,121.060135
125.0,119.761856
125.0,118.70328
125.0,117.520584
125.0,118.028145
125.0,119.77592
125.0,121.05576
125.0,121.056984
125.0,121.07656
125.0,122.30739
125.0,122.904144
125.0,124.148926
125.0,123.76308
125.0,125.44463
125.0,126.19342
125.0,126.2535
125.0,127.90877
125.0,127.529175
125.0,127.67108
125.0,126.62555
125.0,126.82033
125.0,122.843765
125.0,121.20132
125.0,117.28939
125.0,114.71977
125.0,116.36431
124.0,114.50889
125.0,112.98055
125.0,110.270645
125.0,108.11295
125.0,111.67175
125.0,111.17706
125.0,111.447395
125.0,107.895294
125.0,106.16637
125.0,99.780495
125.0,106.152466
125.0,103.1333
125.0,103.98614
125.0,104.75554
125.0,102.36798
125.0,97.42067
125.0,98.2619
125.0,90.133095
125.0,90.54682
125.0,94.056076
125.0,99.217255
125.0,100.74729
125.0,98.581184
125.0,98.02266
125.0,91.463554
125.0,91.338
125.0,99.54941
125.0,104.11143
125.0,106.92764
125.0,100.5455
125.0,105.0146
125.0,103.49607
125.0,96.98976
125.0,93.85831
125.0,101.20135
125.0,102.6276
125.0,102.01193
125.0,97.80457
125.0,99.46408
125.0,100.70556
125.0,99.839905
125.0,97.0413
125.0,102.52308
125.0,103.32655
125.0,103.74247
125.0,111.160324
125.0,113.9297
125.0,112.3695
125.0,112.64401
125.0,112.49544
125.0,112.118225
125.0,112.229164
125.0,113.86879
125.0,113.40116
125.0,114.94042
125.0,118.113594
125.0,116.13401
125.0,116.52176
125.0,116.04261
125.0,114.41311
125.0,114.066505
125.0,112.85879
125.0,109.85114
125.0,111.53648
125.0,114.1744
125.0,113.982254
125.0,113.83802
125.0,111.018906
125.0,108.609764
125.0,112.026825
125.0,110.59608
125.0,108.91614
125.0,110.22376
125.0,110.33151
125.0,109.01902
125.0,113.73377
125.0,116.572014
125.0,112.56064
125.0,110.43646
125.0,104.224106
125.0,98.01233
125.0,92.99407
125.0,84.18727
125.0,83.906715
125.0,89.28644
125.0,93.136925
125.0,91.0267
125.0,87.051506
125.0,87.20516
125.0,84.855156
125.0,79.81605
125.0,78.637085
125.0,77.06433
125.0,75.27193
125.0,78.44273
125.0,73.21352
125.0,78.29371
125.0,76.39171
125.0,79.62514
125.0,80.689186
125.0,81.365326
125.0,81.15689
125.0,75.03555
125.0,81.00676
125.0,81.6144
125.0,87.18948
125.0,96.65563
125.0,93.20854
125.0,98.39963
125.0,92.0504
125.0,86.417015
125.0,86.319115
125.0,88.29984
125.0,98.4739
125.0,103.291504
125.0,107.42454
125.0,107.914665
125.0,103.83304
125.0,105.67713
125.0,110.42505
124.0,109.40685
123.0,112.18895
122.0,111.453674
121.0,104.37757
120.0,105.67317
119.0,98.56203
118.0,102.14278
117.0,106.2318
116.0,105.030655
115.0,91.38688
114.0,83.37032
113.0,84.38995
112.0,76.91925
111.0,82.54573
110.0,76.49185
109.0,78.88338
108.0,84.822586
107.0,78.40661
106.0,86.09341
105.0,85.23807
104.0,77.87422
103.0,76.83795
102.0,87.268234
101.0,86.91638
100.0,89.91955
99.0,95.37266
98.0,96.35263
97.0,91.33433
96.0,93.467735
95.0,95.01038
94.0,100.725075
93.0,97.203156
92.0,94.43865
91.0,94.23095
90.0,92.86977
89.0,87.06068
88.0,84.966644
87.0,79.72321
86.0,81.57563
85.0,68.52632
84.0,60.632698
83.0,62.437424
82.0,67.92576
81.0,67.87208
80.0,64.994316
79.0,59.500263
78.0,66.491806
77.0,63.83563
76.0,65.93528
75.0,65.68323
74.0,58.203423
73.0,50.74966
72.0,54.785587
71.0,50.702274
70.0,53.93227
69.0,49.875576
68.0,49.32861
67.0,46.6675
66.0,42.56841
65.0,43.087635
64.0,45.01763
63.0,43.854126
62.0,41.33028
61.0,36.55188
60.0,33.65625
59.0,34.940483
58.0,32.36513
57.0,31.766449
56.0,29.784472
55.0,30.806866
54.0,30.942303
53.0,36.660194
52.0,40.5218
51.0,40.240482
50.0,40.895382
49.0,38.462578
48.0,36.630245
47.0,41.850563
46.0,42.29935
45.0,40.129776
44.0,36.76769
43.0,37.843
42.0,36.522408
41.0,37.275887
40.0,39.34383
39.0,38.155994
38.0,35.244495
37.0,34.971832
36.0,35.56394
35.0,38.74092
34.0,42.71686
33.0,43.838436
32.0,38.075287
31.0,35.11204
30.0,32.9393
29.0,32.061375
28.0,29.043713
27.0,29.546116
125.0,116.22163
125.0,119.216064
125.0,122.349625
125.0,122.055405
125.0,120.34508
125.0,118.58362
125.0,120.42336
125.0,122.8877
125.0,118.859634
125.0,118.70699
125.0,117.52762
125.0,114.807594
125.0,113.370544
125.0,112.16645
125.0,113.36646
125.0,112.44716
125.0,113.74413
125.0,112.71156
125.0,114.64905
125.0,111.7462
125.0,110.935814
125.0,107.9568
125.0,107.13815
125.0,106.21092
125.0,107.30249
125.0,102.408585
125.0,100.43511
125.0,100.3285
125.0,102.875435
125.0,102.681496
125.0,102.95185
125.0,105.40675
125.0,109.06194
125.0,112.99277
125.0,115.22327
125.0,116.11986
125.0,115.79324
125.0,117.894714
125.0,119.31085
125.0,118.833824
125.0,119.125595
125.0,118.331245
125.0,118.344284
125.0,116.88682
125.0,117.61234
125.0,119.2808
125.0,120.9492
125.0,123.71515
125.0,124.12176
125.0,123.15512
125.0,123.25086
125.0,119.54137
125.0,117.35665
125.0,111.57547
125.0,113.81067
125.0,109.16408
125.0,102.657005
125.0,103.26557
125.0,101.38384
125.0,105.93955
125.0,106.10073
125.0,108.72439
125.0,110.468636
124.0,109.79513
123.0,107.41707
122.0,104.109344
121.0,104.14829
120.0,98.41615
119.0,94.644104
118.0,93.41784
117.0,94.47189
116.0,91.978584
115.0,92.117004
114.0,94.93948
113.0,93.63725
112.0,100.342445
111.0,100.895546
110.0,106.411705
109.0,101.20415
108.0,98.801315
107.0,101.19079
106.0,101.58465
105.0,92.857735
104.0,87.5633
103.0,92.70757
102.0,87.33161
101.0,88.66755
100.0,92.92983
99.0,100.10514
98.0,103.510506
97.0,103.34358
96.0,103.43357
95.0,99.2208
94.0,92.74287
93.0,93.00766
92.0,89.70492
91.0,91.83354
90.0,89.11248
89.0,91.41975
88.0,90.581795
87.0,84.6427
86.0,85.00065
85.0,84.17315
84.0,87.49051
83.0,89.595314
82.0,91.187004
81.0,88.27368
80.0,97.623985
79.0,97.79512
78.0,92.372734
77.0,93.58291
76.0,96.07076
75.0,91.83197
74.0,92.84758
125.0,128.54913
125.0,128.83865
125.0,123.91771
125.0,121.705315
125.0,119.49383
125.0,119.447495
125.0,114.039276
125.0,112.36635
125.0,110.38931
125.0,107.910255
125.0,108.76256
125.0,111.867256
125.0,111.87964
125.0,106.84304
125.0,106.11354
125.0,98.87058
125.0,93.266945
125.0,96.53817
125.0,99.20764
125.0,101.50774
125.0,102.89674
125.0,112.58065
125.0,114.14033
125.0,112.40875
125.0,113.05932
125.0,113.947136
125.0,110.703125
125.0,102.3118
125.0,103.19879
125.0,102.26104
125.0,106.21511
125.0,104.38267
125.0,99.98133
125.0,99.17598
125.0,93.05543
125.0,83.81605
125.0,78.25334
125.0,84.33326
125.0,95.50328
125.0,93.28868
125.0,116.67172
125.0,117.876236
125.0,117.95437
125.0,116.75971
125.0,111.794914
125.0,111.15056
125.0,112.59494
125.0,108.182175
125.0,112.0463
125.0,110.82058
125.0,108.17985
125.0,107.47631
125.0,104.91342
125.0,104.49273
125.0,102.502174
125.0,94.9146
125.0,92.89697
125.0,99.23783
125.0,104.67938
125.0,104.655556
125.0,109.619415
125.0,108.73092
125.0,106.79572
125.0,112.248184
125.0,114.80887
125.0,114.07312
125.0,116.87843
125.0,121.62332
125.0,116.89387
125.0,119.699776
125.0,120.25035
125.0,123.32499
125.0,120.49516
125.0,120.668144
125.0,122.576485
125.0,119.56192
125.0,121.17068
125.0,120.62931
125.0,120.12034
125.0,119.781845
125.0,115.21737
125.0,108.082146
125.0,106.75698
125.0,108.571846
125.0,105.93246
125.0,100.86225
125.0,103.33606
125.0,102.49585
125.0,107.60726
125.0,112.07825
125.0,112.43286
125.0,115.83395
125.0,115.94131
125.0,116.88038
125.0,117.68475
125.0,119.66547
125.0,120.96933
125.0,123.43744
125.0,120.71848
125.0,123.42357
125.0,120.4151
125.0,119.55746
125.0,119.317
125.0,119.15874
125.0,120.758835
125.0,116.471886
125.0,115.46404
125.0,116.71857
125.0,110.57389
125.0,108.55479
125.0,108.06999
125.0,104.59905
125.0,105.37764
125.0,98.44847
125.0,96.80131
125.0,89.29312
125.0,89.31338
125.0,87.20907
125.0,88.95416
125.0,98.59752
125.0,102.09578
125.0,104.51632
125.0,110.70435
125.0,112.13358
125.0,112.38584
125.0,114.14089
125.0,113.08017
125.0,115.079346
125.0,115.57388
125.0,116.937065
124.0,115.357925
123.0,112.91073
122.0,114.050606
121.0,115.86816
120.0,114.25681
119.0,114.931015
118.0,111.06437
117.0,113.4035
116.0,111.026634
115.0,114.58596
114.0,115.62961
113.0,115.55768
112.0,111.86151
111.0,110.03675
110.0,109.08106
109.0,104.47856
108.0,99.236824
107.0,98.614716
106.0,101.63065
105.0,105.233154
104.0,112.02841
103.0,108.71953
102.0,108.28472
101.0,108.41582
100.0,102.71081
99.0,104.27087
98.0,94.53368
97.0,95.168846
96.0,90.11439
95.0,88.361176
94.0,92.5876
93.0,83.44368
92.0,82.70071
91.0,81.85317
90.0,82.13723
89.0,86.9947
88.0,83.62157
87.0,83.83828
86.0,77.60032
85.0,80.60278
84.0,82.17488
83.0,78.885506
82.0,77.91054
81.0,82.18183
80.0,79.318054
79.0,79.475266
78.0,78.91417
77.0,77.967186
76.0,82.42248
75.0,78.44187
74.0,72.34017
73.0,75.019806
72.0,67.06276
71.0,66.885635
70.0,66.40334
69.0,64.32125
68.0,54.5584
67.0,55.698654
66.0,56.014366
65.0,59.302258
64.0,67.72853
63.0,63.19537
62.0,60.1589
61.0,55.485752
60.0,50.744415
59.0,49.584984
58.0,55.423534
57.0,58.587105
56.0,60.835373
55.0,62.98884
54.0,62.217354
53.0,61.013226
52.0,53.814083
51.0,56.186596
50.0,51.233223
49.0,54.810253
48.0,48.136593
47.0,47.417164
46.0,46.519154
45.0,42.786728
44.0,43.286312
43.0,41.606544
42.0,38.659492
41.0,37.26152
40.0,39.054386
125.0,118.05268
125.0,119.62356
125.0,118.16803
125.0,119.81635
125.0,119.13517
125.0,118.250946
125.0,119.91566
125.0,120.03873
125.0,120.68791
125.0,120.48189
125.0,121.72364
125.0,122.15451
125.0,121.7859
125.0,121.35068
125.0,122.43067
125.0,120.23529
125.0,120.61161
125.0,118.95561
125.0,118.28956
125.0,118.12348
125.0,118.8483
125.0,118.073975
125.0,115.4491
125.0,114.903076
125.0,115.13551
125.0,113.89244
125.0,113.4163
125.0,112.48942
125.0,114.165375
125.0,114.09248
125.0,112.87976
125.0,114.01508
125.0,113.3879
125.0,115.20586
125.0,113.79674
125.0,113.73177
125.0,114.53662
125.0,113.05869
125.0,113.38173
125.0,111.70426
125.0,114.643295
125.0,115.74836
125.0,117.81795
125.0,116.42243
125.0,116.94352
125.0,117.24596
125.0,117.1
125.0,116.42207
125.0,114.92219
125.0,113.53383
125.0,112.97131
125.0,110.3025
125.0,107.991776
125.0,104.254005
125.0,103.91839
125.0,101.69196
125.0,97.85843
125.0,98.75873
125.0,100.817444
124.0,100.81575
123.0,96.98169
122.0,103.240685
121.0,105.134514
120.0,109.053314
119.0,107.63343
118.0,107.41577
117.0,110.86347
116.0,103.271645
115.0,103.144936
114.0,102.55162
113.0,103.940155
112.0,100.56922
111.0,101.207054
110.0,103.29114
109.0,106.40079
108.0,110.354256
107.0,109.6696
106.0,109.175064
105.0,110.17947
104.0,112.24074
103.0,112.94865
102.0,108.80039
101.0,108.60325
100.0,108.1673
99.0,106.30543
98.0,106.629944
97.0,109.97514
96.0,113.69975
95.0,113.025024
94.0,112.34426
93.0,112.3104
92.0,113.93045
91.0,116.37831
90.0,116.39081
89.0,112.76782
88.0,107.49052
87.0,107.458275
86.0,98.80585
85.0,98.59653
84.0,95.463295
83.0,84.95629
82.0,79.76836
81.0,77.805626
80.0,77.518326
79.0,72.076454
78.0,72.38039
77.0,71.80328
76.0,67.83542
75.0,60.877033
74.0,64.72186
73.0,58.25024
72.0,58.69297
71.0,65.82103
70.0,67.09575
69.0,73.61262
68.0,76.23027
67.0,81.563484
66.0,88.115105
65.0,81.22181
64.0,82.60065
63.0,83.26109
62.0,84.36971
61.0,93.068146
60.0,94.69828
59.0,90.82506
58.0,84.13681
57.0,90.97304
56.0,80.19607
55.0,75.63386
54.0,67.98525
53.0,62.17135
52.0,58.61518
51.0,55.08453
50.0,58.477596
49.0,50.245136
48.0,47.591305
47.0,48.7436
46.0,44.546074
45.0,41.13949
44.0,44.50012
43.0,39.06555
42.0,39.131046
41.0,47.72222
40.0,49.281128
125.0,123.81374
125.0,123.54726
125.0,124.62193
125.0,120.65607
125.0,120.02958
125.0,116.16367
125.0,111.61552
125.0,110.13473
125.0,107.319405
125.0,102.933784
125.0,106.795586
125.0,106.53082
125.0,104.49799
125.0,101.64349
125.0,103.53982
125.0,101.58199
125.0,102.655106
125.0,103.89754
125.0,106.55246
125.0,108.22236
125.0,109.5776
125.0,112.3902
125.0,116.90904
125.0,121.55285
125.0,119.32793
125.0,120.424416
125.0,119.85245
125.0,116.72075
125.0,123.6667
125.0,122.951485
125.0,123.295975
125.0,123.89337
125.0,124.30032
125.0,126.960945
125.0,127.413345
125.0,122.9365
125.0,118.80393
125.0,117.883675
125.0,118.15974
125.0,116.64255
125.0,114.0406
125.0,114.3454
125.0,111.228455
125.0,112.71373
125.0,115.12069
125.0,112.82432
125.0,114.567085
125.0,114.77698
125.0,114.70786
125.0,113.90211
125.0,113.90584
125.0,114.406975
125.0,115.56931
125.0,118.217026
125.0,120.28541
125.0,116.929535
125.0,119.14096
125.0,120.62956
125.0,119.427704
125.0,117.26715
125.0,117.766136
125.0,119.09268
125.0,118.371155
125.0,117.035095
125.0,112.53106
125.0,115.225494
125.0,114.46852
125.0,111.20194
125.0,113.76512
125.0,113.36059
125.0,108.484535
125.0,110.86199
125.0,106.69137
125.0,110.58394
125.0,106.85063
125.0,104.89219
125.0,103.960495
125.0,104.64398
125.0,105.01403
125.0,105.82045
125.0,113.808
125.0,113.69015
125.0,119.07888
125.0,116.99936
125.0,119.98409
125.0,119.906944
125.0,117.432465
125.0,113.41104
125.0,109.86845
125.0,110.01938
125.0,111.23234
125.0,103.021034
125.0,97.869705
124.0,85.944046
123.0,80.158554
122.0,79.11692
121.0,79.02888
120.0,73.45624
119.0,81.96407
118.0,89.39616
117.0,87.292854
116.0,86.43151
115.0,83.899956
114.0,92.045235
113.0,92.13
112.0,102.83356
111.0,106.13503
110.0,109.065735
109.0,105.14886
108.0,110.92371
107.0,113.00532
106.0,112.98897
105.0,115.59171
104.0,115.539795
103.0,115.5195
102.0,115.07481
101.0,113.97674
100.0,109.994675
99.0,111.5335
98.0,104.91844
97.0,100.474495
96.0,95.44252
95.0,89.13648
94.0,75.000046
93.0,62.3211
92.0,57.33386
91.0,56.238644
90.0,59.980946
89.0,62.646038
88.0,66.991875
87.0,68.46279
86.0,73.23994
85.0,73.49673
84.0,70.259384
83.0,71.19766
82.0,74.07031
81.0,73.29073
80.0,64.518005
79.0,64.93209
78.0,57.691067
77.0,58.054264
76.0,63.89868
75.0,73.03052
74.0,77.574875
73.0,88.47452
72.0,86.69491
71.0,84.69946
70.0,83.50622
69.0,83.58876
68.0,83.98313
67.0,83.18611
66.0,77.72758
65.0,73.72245
64.0,72.2717
63.0,62.685192
62.0,63.209816
61.0,66.86155
60.0,73.06731
59.0,73.1804
58.0,71.522575
57.0,71.82448
56.0,75.05112
55.0,68.69767
54.0,62.863148
53.0,59.244774
52.0,55.96858
51.0,56.827995
50.0,55.078197
49.0,55.773384
48.0,50.839027
47.0,51.997856
46.0,51.208847
45.0,50.301373
44.0,47.166817
43.0,47.91663
42.0,48.78957
41.0,49.058483
40.0,45.159245
39.0,44.631435
38.0,44.04153
37.0,42.58966
36.0,43.40578
35.0,38.078007
34.0,38.411217
33.0,36.12622
32.0,34.963238
31.0,30.897282
30.0,30.687727
29.0,25.674765
28.0,26.866919
27.0,27.919344
26.0,26.884863
25.0,23.755957
24.0,25.347103
23.0,24.028946
22.0,22.877686
21.0,25.301256
20.0,25.385536
19.0,24.534948
18.0,22.07048
17.0,23.822891
16.0,24.102024
15.0,20.439972
125.0,111.60843
125.0,111.85706
125.0,112.94719
125.0,114.27918
125.0,115.12863
125.0,118.08329
125.0,119.7118
125.0,120.48401
125.0,118.40587
125.0,119.08869
125.0,119.498886
125.0,119.46374
125.0,119.608086
125.0,120.43465
125.0,120.06756
125.0,119.80297
125.0,120.407555
125.0,120.3899
125.0,120.82905
125.0,121.96071
125.0,122.267044
125.0,121.603584
125.0,120.97878
125.0,119.924934
125.0,120.03191
125.0,118.202614
125.0,117.75273
125.0,117.169975
125.0,117.05722
125.0,119.93944
125.0,120.811134
125.0,120.140144
125.0,120.43589
125.0,122.21502
125.0,122.06659
125.0,121.975266
125.0,121.773575
125.0,122.832886
125.0,119.59267
125.0,119.07127
125.0,118.3852
125.0,118.82609
125.0,118.6403
125.0,117.78589
125.0,113.610664
125.0,113.07346
125.0,113.9176
125.0,114.76829
125.0,115.04977
125.0,115.566315
125.0,115.711334
125.0,115.50256
125.0,116.86605
125.0,114.4918
125.0,114.54003
125.0,111.43595
125.0,111.7741
125.0,110.900826
125.0,111.0693
125.0,113.36534
125.0,116.25294
125.0,116.977646
125.0,117.8078
125.0,117.53329
125.0,116.37838
125.0,116.130035
125.0,117.06105
125.0,116.100746
125.0,114.166
125.0,112.58087
125.0,111.99463
125.0,111.02599
125.0,112.341644
125.0,111.694145
125.0,111.77732
125.0,112.51814
125.0,114.55015
125.0,113.91407
125.0,115.13976
125.0,116.111404
125.0,116.40627
125.0,114.75325
125.0,114.797806
125.0,114.3739
125.0,113.98781
125.0,111.33198
125.0,112.02907
125.0,109.885796
125.0,110.59177
125.0,112.527084
125.0,112.6543
125.0,110.66724
125.0,108.46578
125.0,109.50164
125.0,105.75979
125.0,110.09119
125.0,111.90964
125.0,111.80559
125.0,112.0239
125.0,111.088135
125.0,108.48508
125.0,108.56859
125.0,111.01604
125.0,114.75708
125.0,116.80347
125.0,118.568504
125.0,119.02297
125.0,117.00692
125.0,117.469635
125.0,117.19536
125.0,117.42184
125.0,115.93746
125.0,116.436806
125.0,116.2779
125.0,116.90908
125.0,118.51516
125.0,118.9546
125.0,119.02186
125.0,119.8461
125.0,118.79728
125.0,116.79605
125.0,114.58584
125.0,115.24492
125.0,113.56483
125.0,112.39714
125.0,112.62958
125.0,114.3877
125.0,113.64025
125.0,114.24557
125.0,114.42401
125.0,112.91877
125.0,115.629166
125.0,116.359146
125.0,115.815956
125.0,117.01488
125.0,117.23294
125.0,116.66324
125.0,113.791046
125.0,113.080536
125.0,110.219376
125.0,111.69232
125.0,110.109146
125.0,110.92185
125.0,107.740105
125.0,108.80936
125.0,111.24793
125.0,109.298164
125.0,111.14327
125.0,111.60432
125.0,109.24267
125.0,108.45815
125.0,107.76447
125.0,106.55906
125.0,102.96625
125.0,103.67392
125.0,103.48773
125.0,103.417465
125.0,103.85508
125.0,104.84576
125.0,101.63268
125.0,102.73193
125.0,104.38983
125.0,102.71025
125.0,97.79555
125.0,97.301
125.0,96.97819
125.0,96.77923
125.0,95.93555
125.0,90.08763
125.0,85.41198
125.0,86.765656
125.0,85.091606
125.0,85.811386
125.0,76.419586
125.0,76.59196
125.0,77.36195
125.0,76.142914
125.0,78.776886
125.0,84.92217
125.0,85.3983
125.0,89.22002
125.0,88.36566
125.0,88.6211
125.0,90.8524
125.0,93.50233
125.0,92.201256
125.0,90.924164
125.0,88.45402
125.0,89.18359
125.0,89.62428
125.0,93.137596
125.0,89.99803
125.0,85.70301
125.0,88.709114
125.0,86.46563
125.0,90.097244
125.0,91.07674
125.0,88.74513
125.0,85.38277
125.0,87.09224
125.0,84.98859
125.0,79.39201
125.0,72.06739
125.0,67.1976
125.0,66.99728
125.0,66.4375
125.0,74.073074
125.0,74.410545
125.0,77.95044
125.0,79.4992
125.0,85.143616
125.0,91.02297
125.0,89.81871
125.0,89.492256
125.0,92.887184
125.0,90.08697
125.0,87.265396
125.0,83.16333
125.0,80.109825
125.0,77.220924
125.0,80.42235
125.0,74.44184
125.0,69.94815
125.0,70.5101
124.0,71.575615
123.0,74.96947
122.0,76.62928
121.0,76.85508
120.0,83.89203
119.0,83.96346
118.0,83.324875
117.0,73.97345
116.0,76.21244
115.0,79.92876
114.0,80.824326
113.0,86.89565
112.0,90.79145
111.0,83.9088
110.0,80.01512
109.0,87.52521
108.0,89.22235
107.0,88.15827
106.0,85.06748
105.0,83.086914
104.0,81.40193
103.0,82.778435
102.0,77.43478
101.0,72.09413
100.0,66.67216
99.0,66.409744
98.0,60.4138
97.0,56.952564
96.0,57.335293
95.0,55.65153
94.0,57.80244
93.0,61.105118
92.0,57.448166
91.0,56.522575
90.0,58.196846
89.0,51.97249
88.0,48.487705
87.0,48.404846
86.0,47.94368
85.0,45.959442
84.0,48.830284
83.0,47.829865
82.0,46.54917
81.0,47.52522
80.0,41.27002
79.0,43.952606
78.0,46.42291
77.0,45.85961
76.0,47.955772
75.0,47.880527
74.0,50.48995
73.0,54.070847
72.0,56.815983
71.0,59.062542
70.0,65.1826
69.0,63.519424
68.0,60.497433
67.0,60.72197
66.0,60.297733
65.0,56.14054
64.0,58.911503
63.0,60.304718
62.0,61.149982
61.0,53.21319
60.0,53.917057
59.0,51.508312
58.0,47.091766
57.0,42.07709
56.0,37.472343
55.0,36.913204
54.0,36.854973
53.0,34.420925
52.0,30.3492
51.0,31.265614
50.0,27.141445
49.0,25.8299
48.0,24.259176
47.0,24.141857
46.0,24.91405
45.0,25.3886
44.0,23.287298
43.0,25.182623
42.0,26.621624
41.0,28.815695
40.0,27.93105
39.0,28.792624
38.0,29.460915
37.0,29.058233
36.0,30.604176
35.0,30.431013
34.0,32.609085
33.0,32.649452
32.0,32.360947
31.0,30.103245
30.0,27.891808
29.0,23.289291
28.0,22.308628
27.0,20.642824
26.0,21.134377
25.0,21.112309
24.0,18.333036
23.0,17.438364
22.0,16.89547
21.0,15.199356
20.0,16.09315
19.0,15.838781
18.0,12.557458
17.0,11.724527
16.0,12.31826
15.0,12.665681
14.0,13.923754
13.0,14.243735
12.0,14.668834
125.0,110.702515
125.0,109.32951
125.0,108.868286
125.0,109.40738
125.0,108.95383
125.0,110.49962
125.0,112.61217
125.0,113.80531
125.0,112.376305
125.0,112.56216
125.0,112.76442
125.0,114.404785
125.0,116.41725
125.0,118.30736
125.0,118.92282
125.0,116.414566
125.0,115.07548
125.0,114.36471
125.0,112.79375
125.0,114.62784
125.0,112.62121
125.0,112.57529
125.0,112.714325
125.0,110.61579
125.0,108.02285
125.0,107.896484
125.0,104.522545
125.0,104.12654
125.0,109.37075
125.0,107.44994
124.0,101.31716
123.0,99.156715
122.0,104.12383
125.0,122.681015
125.0,121.071014
125.0,121.594536
125.0,121.03783
125.0,121.6079
125.0,122.153114
125.0,121.98951
125.0,121.833595
125.0,122.693855
125.0,123.850006
125.0,124.78474
125.0,124.09176
125.0,124.35408
125.0,123.92574
125.0,123.37685
125.0,122.31642
125.0,121.87186
125.0,121.32242
125.0,119.98364
125.0,118.499176
125.0,118.218155
125.0,118.06399
125.0,119.27444
125.0,118.38485
125.0,117.26596
125.0,118.36831
125.0,118.71426
125.0,118.94677
125.0,117.72319
125.0,117.943634
125.0,119.59423
125.0,119.59097
125.0,119.9604
125.0,118.68604
125.0,116.76109
125.0,117.361626
125.0,117.544014
125.0,118.0126
125.0,116.99495
125.0,116.17488
125.0,115.78553
125.0,113.75379
125.0,114.47471
125.0,114.97673
125.0,114.8076
125.0,113.697105
125.0,113.7169
125.0,113.14737
125.0,111.6579
125.0,111.75214
125.0,110.49473
125.0,111.85217
125.0,113.934525
125.0,115.197464
125.0,116.37106
125.0,119.002754
125.0,119.36425
125.0,118.70337
125.0,118.90373
125.0,119.75991
125.0,122.04314
125.0,123.08881
125.0,124.18166
125.0,123.180534
125.0,120.83762
125.0,119.846504
125.0,120.41391
125.0,120.93978
125.0,119.97071
125.0,118.884926
125.0,117.18694
125.0,114.70187
125.0,117.04578
125.0,118.32296
125.0,116.77953
125.0,115.1324
125.0,115.28982
125.0,115.64174
124.0,115.91508
123.0,116.693695
122.0,117.135025
121.0,117.55583
120.0,120.24312
119.0,120.218544
118.0,119.924034
117.0,119.301506
116.0,117.253624
115.0,115.5739
114.0,117.99648
113.0,119.12928
112.0,120.21547
111.0,120.86904
110.0,120.14185
109.0,119.69337
108.0,118.140656
107.0,115.3206
106.0,114.52208
105.0,114.94595
104.0,115.23887
103.0,112.203514
102.0,109.9245
101.0,104.38231
100.0,105.23739
99.0,99.06195
98.0,95.01243
97.0,89.00627
96.0,87.26349
95.0,87.341225
94.0,85.09819
93.0,85.95585
92.0,84.7758
91.0,90.384315
90.0,89.45472
89.0,91.187065
88.0,86.82192
87.0,87.17554
125.0,107.304344
125.0,106.87868
125.0,107.11212
125.0,113.2057
125.0,115.01146
125.0,114.94015
125.0,110.17998
125.0,110.69583
125.0,113.80691
125.0,115.40032
125.0,116.58343
125.0,118.30331
125.0,122.288925
125.0,121.77618
125.0,123.23039
125.0,122.47264
125.0,120.001945
125.0,117.049225
125.0,116.85222
125.0,115.17372
125.0,114.431
125.0,109.06025
125.0,110.17327
125.0,102.43563
125.0,101.14423
125.0,94.21835
125.0,89.22643
125.0,84.51025
125.0,76.72467
125.0,78.26954
125.0,75.78747
125.0,73.55324
125.0,82.17027
125.0,90.22754
125.0,96.7983
125.0,101.326294
125.0,98.22576
125.0,103.066124
125.0,100.783
125.0,105.49899
125.0,105.09079
125.0,107.09637
125.0,106.81259
125.0,107.83634
125.0,111.50581
125.0,113.41548
125.0,113.976006
125.0,113.513916
125.0,115.72091
125.0,116.20838
125.0,115.96768
125.0,114.47264
125.0,117.39261
125.0,118.109955
125.0,117.57884
125.0,119.076546
125.0,117.663025
125.0,119.79803
125.0,114.633865
125.0,115.265625
125.0,115.67294
125.0,116.025536
125.0,116.987
125.0,117.46292
125.0,115.19343
125.0,111.19724
125.0,111.02355
125.0,110.5803
125.0,96.696106
125.0,90.69503
125.0,73.528824
125.0,72.74281
125.0,72.25759
125.0,74.05014
125.0,72.24534
125.0,76.75465
125.0,71.65569
125.0,72.36052
125.0,73.826546
125.0,79.28371
125.0,80.31891
125.0,87.98592
125.0,97.457596
125.0,94.12835
125.0,97.46796
125.0,100.589485
125.0,107.45301
125.0,109.16137
125.0,111.92308
125.0,117.25005
125.0,119.470764
125.0,124.402306
125.0,124.819786
125.0,127.07254
125.0,123.16402
125.0,122.94351
125.0,121.99247
125.0,119.07711
125.0,117.55952
125.0,115.74716
125.0,109.54403
125.0,109.64368
125.0,107.67426
125.0,105.19551
125.0,97.45121
125.0,94.0067
125.0,90.88945
125.0,90.84523
125.0,91.98859
125.0,94.27108
125.0,94.6091
125.0,90.085175
125.0,89.19787
125.0,77.98463
125.0,83.944954
125.0,81.67421
125.0,85.21495
125.0,94.82861
125.0,100.8172
125.0,108.25446
124.0,109.08341
123.0,108.4935
122.0,103.58506
121.0,97.77096
120.0,97.45902
119.0,92.198456
118.0,85.05045
117.0,76.952896
116.0,76.25121
115.0,70.913155
114.0,68.45765
113.0,60.96503
112.0,62.625034
111.0,68.3913
110.0,58.327286
109.0,60.80366
108.0,65.573265
107.0,69.49388
106.0,77.329765
105.0,79.00646
104.0,89.084755
103.0,87.13426
102.0,83.6616
101.0,81.454216
100.0,79.305504
99.0,81.32278
98.0,77.534195
97.0,86.82025
96.0,81.36517
95.0,79.4256
94.0,73.01851
93.0,69.66376
92.0,71.60583
91.0,72.303276
90.0,78.40101
89.0,67.355316
88.0,70.67823
87.0,69.85965
86.0,73.33185
85.0,66.53094
84.0,70.80632
83.0,75.57753
82.0,75.777054
81.0,78.123146
80.0,81.009964
79.0,80.119156
78.0,82.60259
77.0,82.44587
76.0,84.33072
75.0,89.55613
74.0,94.89654
73.0,89.93589
72.0,89.73624
71.0,81.14157
70.0,77.95855
69.0,81.04913
68.0,78.596886
67.0,86.577545
66.0,81.63833
65.0,74.53555
64.0,64.27743
63.0,63.07049
62.0,64.96858
61.0,60.865894
60.0,54.025017
59.0,55.17474
58.0,55.6751
57.0,52.98856
125.0,122.441086
125.0,121.71989
125.0,123.684715
125.0,122.89784
125.0,123.05361
125.0,123.27909
125.0,122.6653
125.0,122.37102
125.0,123.750755
125.0,123.677734
125.0,122.8198
125.0,123.384735
125.0,122.49311
125.0,122.735306
125.0,122.2785
125.0,122.82521
125.0,121.82122
125.0,122.294876
125.0,121.119415
125.0,121.29603
125.0,122.0955
125.0,120.82928
125.0,118.57306
125.0,117.447014
125.0,119.25871
125.0,118.26388
125.0,117.52916
125.0,117.0907
125.0,116.40368
125.0,118.37091
125.0,119.2348
125.0,119.09675
125.0,120.35026
125.0,120.37818
125.0,119.33739
125.0,119.66552
125.0,119.78856
125.0,119.000305
125.0,119.75389
125.0,119.17054
125.0,120.025826
125.0,122.64522
125.0,121.9697
125.0,122.539696
125.0,122.3801
125.0,122.60538
125.0,122.41428
125.0,123.21476
125.0,124.038155
125.0,123.42688
125.0,125.02045
125.0,123.69582
125.0,122.26928
125.0,121.97148
125.0,121.02102
125.0,118.797966
125.0,117.62622
125.0,115.98345
125.0,116.08794
125.0,116.42688
125.0,114.666466
125.0,114.35691
125.0,113.90896
125.0,112.72869
125.0,112.34383
125.0,113.83208
125.0,113.604805
125.0,114.59812
125.0,114.46561
125.0,114.005356
125.0,113.05184
125.0,113.225914
125.0,112.651085
125.0,112.525635
125.0,114.0074
125.0,113.173645
125.0,112.17823
125.0,113.850945
125.0,115.04441
125.0,114.1989
125.0,116.49823
125.0,117.95506
125.0,116.86269
125.0,116.23223
125.0,114.049515
125.0,111.859215
125.0,112.00614
125.0,109.597244
125.0,110.16941
125.0,111.23555
125.0,109.01117
125.0,111.32098
125.0,109.95525
125.0,110.25667
125.0,110.04668
125.0,111.84287
125.0,110.593445
125.0,111.54975
125.0,113.7403
125.0,113.86907
125.0,114.27816
125.0,115.63303
125.0,115.090546
125.0,113.26722
125.0,112.34259
125.0,110.436745
125.0,110.075165
125.0,109.08841
125.0,108.96698
125.0,111.64849
125.0,112.90168
125.0,110.58075
125.0,109.12491
125.0,107.228226
125.0,107.7529
125.0,108.16425
125.0,110.59999
125.0,111.14486
125.0,113.78339
124.0,114.926735
123.0,113.20614
122.0,113.22806
121.0,113.65791
120.0,117.16045
119.0,115.227974
118.0,113.15689
117.0,114.23653
116.0,113.030174
125.0,112.97699
125.0,114.9647
125.0,117.206116
125.0,114.484276
125.0,112.82285
125.0,112.57606
125.0,113.27211
125.0,113.9261
125.0,115.03996
125.0,114.693054
125.0,112.22764
125.0,114.00569
125.0,114.88212
125.0,116.33893
125.0,114.86911
125.0,116.62884
125.0,114.88411
125.0,114.66211
125.0,118.75988
125.0,119.92095
125.0,123.1645
125.0,124.89909
125.0,128.49818
125.0,129.42865
125.0,130.02562
125.0,130.72527
125.0,130.25835
125.0,129.99123
125.0,129.90787
125.0,128.30258
125.0,126.36951
125.0,128.0832
125.0,129.20564
125.0,127.64718
125.0,123.82788
125.0,123.67346
125.0,121.08436
125.0,119.09491
125.0,116.66365
125.0,116.78619
125.0,112.91605
125.0,112.25252
125.0,112.400475
125.0,112.22823
125.0,109.45541
125.0,109.09893
125.0,111.03054
125.0,111.05376
125.0,112.518425
125.0,115.89105
125.0,117.740715
125.0,117.84913
125.0,122.30549
125.0,123.68007
125.0,122.61615
125.0,124.472755
125.0,124.13964
125.0,123.59213
125.0,123.15605
125.0,124.86925
125.0,125.37117
125.0,123.683304
125.0,122.628204
125.0,120.69071
125.0,118.494576
125.0,119.54382
125.0,115.46952
125.0,112.19076
125.0,111.37584
125.0,111.41045
125.0,108.29325
125.0,105.43103
125.0,104.13007
125.0,104.59049
125.0,106.5594
125.0,103.200386
125.0,108.576706
125.0,106.71928
125.0,106.05564
125.0,109.61637
125.0,111.81013
125.0,107.928856
125.0,113.181076
125.0,115.80956
125.0,117.126816
125.0,119.68597
125.0,120.28106
125.0,119.68213
125.0,121.75465
125.0,121.49232
125.0,124.53256
125.0,124.80987
125.0,123.93999
125.0,125.321495
125.0,121.718605
125.0,120.13508
125.0,118.38671
125.0,117.77296
125.0,117.884674
125.0,117.862526
125.0,117.82221
125.0,117.22291
125.0,118.06335
125.0,117.81149
125.0,118.29769
125.0,115.36394
125.0,117.53385
125.0,115.092674
125.0,112.01418
125.0,111.80601
125.0,112.23266
125.0,110.73845
125.0,110.68045
125.0,114.13107
125.0,114.44627
125.0,112.1578
125.0,109.618286
125.0,105.82105
125.0,108.12134
125.0,100.21602
125.0,97.39606
125.0,94.653275
125.0,90.25171
125.0,89.164696
125.0,84.85908
125.0,80.148766
125.0,86.74966
124.0,88.17302
123.0,82.67471
122.0,86.7456
121.0,83.34165
120.0,83.60343
119.0,83.9965
118.0,86.929344
117.0,90.14573
116.0,92.3255
115.0,92.90494
114.0,90.828995
113.0,84.45084
112.0,89.04166
111.0,87.78525
110.0,92.12293
109.0,94.501015
108.0,93.93107
107.0,100.73194
106.0,99.57581
105.0,94.713295
104.0,94.11476
103.0,96.57869
102.0,102.441216
101.0,105.01551
100.0,94.986046
99.0,89.75521
98.0,101.61975
97.0,105.59822
96.0,104.697784
95.0,111.38374
94.0,112.25904
93.0,115.384155
92.0,113.79465
91.0,103.36631
90.0,106.493484
89.0,108.01037
88.0,111.990685
87.0,114.30884
86.0,115.08417
85.0,107.567375
84.0,106.71104
83.0,98.84704
82.0,92.60322
81.0,84.60236
80.0,81.87122
79.0,81.39207
78.0,75.49804
77.0,73.431335
76.0,69.628105
75.0,68.655846
74.0,74.91637
73.0,77.753174
72.0,77.52818
71.0,68.89448
70.0,64.924255
69.0,58.674454
68.0,57.895977
67.0,56.990524
66.0,49.703453
65.0,48.96336
64.0,49.700935
63.0,51.859814
62.0,51.207592
61.0,53.69368
60.0,59.613197
59.0,65.5613
58.0,61.850636
57.0,64.95341
56.0,63.24032
55.0,61.362057
54.0,59.433548
53.0,52.319824
52.0,47.992886
51.0,42.197968
50.0,39.98702
49.0,40.528904
48.0,38.776722
47.0,38.570187
46.0,37.408825
45.0,36.336014
44.0,43.539436
43.0,46.537617
42.0,47.13101
41.0,47.407078
40.0,51.68657
39.0,49.385338
38.0,49.411766
37.0,48.92832
36.0,48.00716
35.0,52.393726
34.0,52.636505
33.0,49.2651
32.0,47.76886
31.0,44.311695
30.0,42.42122
29.0,42.80414
28.0,40.98427
27.0,40.21321
26.0,41.088604
25.0,37.938797
24.0,33.422554
23.0,31.769316
22.0,26.368563
21.0,24.224148
20.0,21.421566
19.0,19.446795
18.0,18.251585
125.0,113.278404
125.0,115.04587
125.0,116.47554
125.0,116.518875
125.0,116.85052
125.0,117.370995
125.0,119.73407
125.0,118.59024
125.0,115.693634
125.0,114.41208
125.0,116.40819
125.0,114.39564
125.0,116.20741
125.0,115.20762
125.0,115.983826
125.0,115.609024
125.0,112.654755
125.0,112.00405
125.0,111.46417
125.0,109.897934
125.0,111.26351
125.0,109.97553
125.0,104.89505
125.0,107.20588
125.0,111.04844
125.0,109.625084
125.0,108.80468
125.0,107.35719
125.0,110.631996
125.0,113.97448
125.0,112.9659
125.0,116.97181
125.0,118.057076
125.0,115.42881
125.0,115.60465
125.0,113.204414
125.0,112.29887
125.0,108.29335
125.0,110.338234
125.0,104.60324
125.0,100.71552
125.0,102.23417
125.0,104.22372
125.0,107.4526
125.0,111.651566
125.0,115.44851
125.0,115.254234
125.0,118.18363
125.0,120.67924
125.0,123.965034
125.0,125.33324
125.0,125.556274
125.0,124.97737
125.0,123.91304
125.0,123.77249
125.0,121.45867
125.0,121.57036
125.0,123.07317
125.0,123.116066
125.0,121.01417
125.0,122.21917
125.0,121.52059
125.0,120.67417
125.0,119.678696
125.0,119.48435
125.0,120.50458
125.0,116.87303
125.0,113.81034
125.0,110.9013
125.0,102.91835
125.0,97.57511
125.0,87.585754
125.0,77.918755
125.0,78.35446
125.0,81.12552
125.0,78.26177
125.0,81.48654
125.0,82.50361
125.0,90.843155
125.0,97.10823
125.0,100.00392
125.0,97.9776
125.0,103.115685
125.0,107.88488
125.0,105.6866
125.0,107.493645
125.0,106.71971
125.0,111.24713
125.0,114.109344
125.0,116.148384
125.0,115.203125
125.0,112.51862
125.0,112.25686
125.0,111.83422
125.0,113.19165
125.0,114.433105
125.0,113.79108
125.0,109.07064
125.0,106.22862
125.0,102.553185
125.0,101.36186
125.0,98.83433
125.0,95.62579
125.0,99.601425
125.0,100.607994
125.0,99.622826
125.0,100.1159
125.0,104.18285
125.0,108.27934
125.0,111.31783
125.0,104.47509
125.0,105.68065
125.0,109.90066
125.0,109.51537
125.0,112.26811
125.0,112.31295
125.0,108.3964
125.0,111.51432
125.0,110.36558
125.0,115.10166
125.0,110.09003
125.0,108.47301
125.0,111.61729
125.0,112.76209
125.0,112.98716
125.0,113.36296
125.0,117.45314
125.0,115.51861
124.0,113.72846
123.0,112.74085
122.0,112.63079
121.0,109.46671
120.0,109.981316
119.0,105.26812
118.0,100.96279
117.0,110.07102
116.0,111.199356
115.0,106.62243
114.0,104.95188
113.0,107.11544
112.0,94.68522
111.0,95.82847
110.0,92.942116
109.0,89.86343
108.0,94.78543
107.0,95.4894
106.0,85.92334
105.0,90.93539
125.0,110.57801
125.0,109.78987
125.0,101.68006
125.0,97.12859
125.0,101.32992
125.0,107.241005
125.0,108.34014
125.0,112.417305
125.0,114.98596
125.0,115.205124
125.0,113.96494
125.0,116.07811
125.0,112.08177
125.0,112.356415
125.0,111.368706
125.0,112.440384
125.0,111.89095
125.0,116.41536
125.0,118.21286
125.0,115.19257
125.0,115.82385
125.0,118.02422
125.0,117.22513
125.0,117.96929
125.0,115.948586
125.0,115.75445
125.0,114.87071
125.0,108.891846
125.0,109.618935
125.0,107.42568
125.0,107.70467
125.0,105.175835
125.0,107.011314
125.0,105.630615
125.0,107.815735
125.0,101.38679
125.0,103.0959
125.0,110.241455
125.0,111.42963
125.0,108.30612
125.0,104.90524
125.0,106.247
125.0,103.82635
125.0,94.21352
125.0,99.27114
125.0,103.13927
125.0,108.88435
125.0,107.62035
125.0,107.67154
125.0,104.832535
125.0,107.599655
125.0,110.1661
125.0,111.57762
125.0,115.27598
125.0,110.967964
125.0,110.845604
125.0,109.71299
125.0,111.782936
125.0,114.06772
125.0,116.041885
125.0,117.4774
125.0,117.58578
125.0,119.11028
125.0,117.44576
125.0,110.1919
125.0,109.742195
125.0,111.81656
125.0,114.28713
125.0,117.24903
125.0,118.682335
125.0,114.82508
125.0,111.55381
125.0,110.74043
125.0,104.05228
125.0,105.84867
124.0,110.25123
123.0,112.30085
122.0,112.53823
121.0,117.19965
120.0,118.86243
119.0,119.75705
118.0,123.057236
117.0,124.416885
116.0,122.16586
115.0,118.85886
114.0,117.990685
113.0,118.24861
112.0,119.02533
111.0,116.97383
110.0,118.11243
109.0,116.74232
108.0,115.853134
107.0,113.86295
106.0,109.69063
105.0,104.09149
104.0,97.27905
103.0,92.06139
102.0,91.906364
101.0,97.72171
100.0,99.136604
99.0,94.98076
98.0,93.82547
97.0,86.56264
96.0,97.21169
95.0,89.70468
94.0,90.39643
93.0,82.27694
92.0,73.33914
91.0,76.036026
90.0,81.04754
89.0,78.65371
88.0,79.029106
87.0,81.600945
86.0,72.46497
85.0,67.837135
84.0,71.07474
83.0,63.665398
82.0,69.24876
81.0,65.36121
80.0,62.9855
79.0,62.987545
125.0,120.44421
125.0,121.74615
125.0,122.625114
125.0,120.68094
125.0,120.064255
125.0,120.895096
125.0,122.33401
125.0,122.93119
125.0,120.52677
125.0,120.60785
125.0,121.76777
125.0,121.42865
125.0,119.25733
125.0,120.22506
125.0,119.880325
125.0,118.618385
125.0,117.44043
125.0,118.40893
125.0,119.76143
125.0,121.791794
125.0,124.529434
125.0,124.893715
125.0,125.44605
125.0,126.52789
125.0,126.51273
125.0,126.176056
125.0,125.51874
125.0,127.59398
125.0,126.64565
125.0,124.96484
125.0,124.34848
125.0,123.097694
125.0,123.01194
125.0,123.469505
125.0,121.96436
124.0,122.30367
123.0,120.40435
122.0,117.87384
121.0,115.44452
120.0,115.56628
119.0,116.363014
118.0,115.481285
117.0,113.91225
116.0,114.42693
115.0,113.18061
114.0,111.64533
113.0,108.0252
112.0,107.6411
111.0,108.1581
110.0,111.968994
109.0,113.30081
108.0,112.31869
107.0,111.5535
106.0,111.22626
105.0,110.62521
104.0,110.84458
103.0,113.014366
102.0,114.06633
101.0,113.05372
100.0,113.13133
99.0,114.154106
98.0,111.57828
97.0,113.20528
96.0,113.01748
95.0,114.57713
94.0,115.33264
93.0,115.57622
92.0,113.70558
91.0,112.95817
90.0,114.04077
89.0,112.73685
88.0,115.42682
87.0,114.358986
125.0,125.77815
125.0,123.50572
125.0,123.20406
125.0,124.40022
125.0,123.44769
125.0,123.48231
125.0,121.76862
125.0,121.923065
125.0,122.52123
125.0,124.23987
125.0,125.45706
125.0,122.85789
125.0,123.20564
125.0,122.31557
125.0,124.06006
125.0,123.49377
125.0,123.734276
125.0,123.35631
125.0,122.851006
125.0,123.44739
125.0,120.1358
125.0,119.53102
125.0,119.26527
125.0,120.2778
125.0,120.60417
125.0,122.135475
125.0,121.24341
125.0,120.874664
125.0,118.79447
125.0,120.24138
125.0,119.79194
125.0,118.512695
125.0,117.63398
125.0,120.10295
125.0,119.57278
125.0,118.64953
125.0,117.6526
125.0,116.7
125.0,117.77
125.0,119.41112
125.0,120.41753
125.0,118.15648
125.0,117.38869
125.0,115.73498
125.0,115.864105
125.0,115.84295
125.0,116.14084
125.0,114.0235
125.0,114.48723
125.0,118.00911
125.0,115.64363
125.0,115.53975
125.0,115.79593
125.0,114.89402
125.0,117.18594
125.0,118.90883
125.0,118.28138
125.0,118.7662
125.0,117.30362
125.0,118.66287
125.0,116.80781
125.0,116.873856
125.0,117.40241
125.0,118.986176
125.0,115.39399
125.0,113.81645
125.0,116.13297
125.0,116.19194
125.0,117.432915
125.0,116.78978
125.0,116.63892
125.0,118.184456
125.0,119.55976
125.0,118.506584
125.0,118.39248
125.0,117.444565
125.0,119.62496
125.0,118.75838
125.0,119.0689
125.0,120.14988
125.0,121.239296
125.0,120.151146
125.0,120.87516
125.0,118.55617
125.0,119.458244
125.0,119.203514
125.0,119.621864
125.0,120.205956
125.0,120.695496
125.0,120.79002
125.0,120.08544
125.0,120.26975
125.0,119.98556
125.0,117.886
125.0,115.85581
125.0,114.99484
125.0,113.69562
125.0,114.39069
125.0,113.899155
125.0,113.99883
125.0,113.25727
125.0,112.565384
125.0,116.082306
125.0,115.017166
125.0,113.586815
125.0,111.41539
125.0,110.42546
125.0,108.514084
125.0,107.10004
125.0,105.95286
125.0,107.82019
125.0,106.49466
125.0,103.02489
125.0,101.277115
125.0,103.13413
125.0,103.88562
125.0,106.458206
125.0,107.3677
125.0,110.058304
125.0,114.15345
125.0,115.00585
125.0,114.34705
125.0,115.33438
125.0,114.93254
125.0,115.56498
125.0,114.435356
125.0,111.70078
125.0,113.7089
125.0,114.08207
125.0,112.679924
125.0,114.61049
125.0,114.48325
125.0,116.77891
125.0,116.74897
125.0,114.90927
125.0,113.04159
124.0,111.901886
123.0,108.76075
122.0,104.96936
121.0,107.64546
120.0,108.24855
119.0,106.1071
118.0,107.57454
117.0,107.1878
116.0,105.43364
115.0,105.79798
114.0,102.7252
113.0,106.54026
112.0,108.4218
111.0,110.758835
110.0,113.03521
109.0,114.55785
108.0,114.75081
107.0,115.01948
106.0,114.95858
105.0,113.95172
104.0,112.76801
103.0,112.6083
102.0,108.68602
101.0,106.61939
100.0,104.01904
99.0,100.362595
125.0,123.5038
125.0,121.18081
125.0,119.17753
125.0,120.16407
125.0,118.58346
125.0,117.67011
125.0,119.81357
125.0,121.168274
125.0,120.49124
125.0,122.26807
125.0,123.79495
125.0,123.233505
125.0,123.3118
125.0,124.235664
125.0,123.30993
125.0,123.28655
125.0,122.68947
125.0,122.38045
125.0,123.34523
125.0,122.713875
125.0,120.87727
125.0,121.31541
125.0,120.62169
125.0,118.98484
125.0,117.54097
125.0,118.73007
125.0,120.03451
125.0,119.66778
125.0,119.065315
125.0,117.75696
125.0,117.49126
125.0,115.10741
125.0,116.740486
125.0,113.38166
125.0,111.10822
125.0,109.030945
125.0,112.23104
125.0,113.761604
125.0,114.24925
125.0,113.69776
125.0,114.496864
125.0,113.77747
125.0,113.60264
125.0,116.137566
125.0,115.11504
125.0,114.68405
125.0,113.6371
125.0,115.09161
125.0,115.68486
125.0,116.04289
125.0,114.97944
125.0,116.09605
125.0,115.576416
125.0,116.15657
125.0,115.018745
125.0,118.38696
125.0,118.93453
125.0,118.54565
125.0,116.64015
125.0,113.9894
125.0,113.48556
125.0,112.383835
125.0,113.52677
125.0,108.3593
125.0,104.15864
125.0,101.3862
125.0,106.551254
125.0,107.61786
125.0,109.18966
125.0,111.423676
125.0,112.46342
125.0,115.78801
125.0,112.16249
125.0,116.12615
125.0,115.80889
125.0,115.88002
125.0,117.014626
125.0,116.448364
125.0,117.71745
125.0,116.02781
125.0,115.12833
125.0,115.01603
125.0,116.64779
125.0,117.25633
125.0,117.498924
125.0,119.1233
125.0,119.70313
125.0,121.11741
125.0,120.58168
125.0,119.6802
125.0,120.56207
125.0,119.28279
125.0,117.67356
125.0,115.98482
125.0,111.41243
125.0,109.4776
125.0,111.27373
125.0,107.852844
125.0,110.4426
125.0,112.59786
125.0,110.76206
125.0,111.63825
125.0,109.87232
125.0,111.29694
124.0,110.60973
123.0,106.82133
122.0,102.79123
121.0,97.81382
120.0,98.35152
119.0,94.84113
118.0,94.44664
117.0,96.458565
116.0,97.95526
115.0,98.79994
114.0,98.67788
113.0,100.698296
112.0,105.0517
111.0,106.87335
110.0,104.68205
109.0,104.78193
108.0,109.6698
107.0,110.73038
106.0,110.31749
105.0,108.354385
104.0,106.521645
103.0,104.33059
102.0,103.1185
101.0,102.856094
100.0,99.5893
99.0,92.0396
98.0,84.40313
97.0,81.6878
96.0,74.85255
95.0,75.65244
94.0,72.24943
93.0,63.163513
92.0,53.771072
91.0,51.17326
90.0,50.95647
89.0,46.593723
88.0,45.11727
87.0,46.637638
86.0,53.60644
85.0,60.103916
84.0,59.766533
83.0,61.650246
82.0,62.782593
81.0,62.094673
80.0,66.83478
79.0,66.200874
78.0,74.6844
77.0,78.796974
76.0,74.98876
75.0,78.03327
74.0,72.43881
73.0,75.25272
72.0,76.16357
71.0,77.96963
70.0,77.966095
69.0,67.56763
68.0,50.770023
67.0,47.721474
66.0,43.87393
65.0,46.509468
64.0,45.801773
63.0,46.375298
62.0,43.087498
61.0,42.957047
60.0,45.360645
59.0,45.403168
58.0,40.770782
57.0,41.722828
56.0,44.05562
55.0,47.437016
54.0,48.01522
53.0,45.676445
52.0,46.519962
51.0,44.92347
50.0,40.78081
49.0,41.97708
48.0,45.22312
47.0,45.81254
46.0,43.092617
45.0,48.56334
44.0,45.932274
43.0,46.225044
42.0,43.149143
41.0,40.548344
40.0,39.519554
39.0,44.991577
38.0,43.33578
37.0,41.942562
125.0,121.85915
125.0,124.77704
125.0,124.85653
125.0,127.55433
125.0,128.76012
125.0,128.43506
125.0,129.31653
124.0,129.97833
123.0,129.72083
122.0,128.75464
121.0,127.08969
120.0,126.44696
119.0,126.60255
118.0,126.32195
117.0,124.354324
116.0,124.55403
115.0,123.27246
114.0,121.64714
113.0,121.541115
112.0,118.89515
111.0,120.185104
110.0,119.800896
109.0,117.28186
108.0,112.29874
107.0,107.18711
106.0,102.462204
105.0,105.40534
104.0,102.40857
103.0,96.025444
102.0,97.34962
101.0,92.050224
100.0,90.861336
99.0,83.70388
98.0,89.337685
97.0,91.55698
96.0,91.41172
95.0,90.30623
125.0,118.53378
125.0,118.047554
125.0,119.852844
125.0,120.71334
125.0,120.12693
125.0,120.62999
125.0,121.13259
125.0,119.330826
125.0,119.07731
125.0,120.76194
125.0,121.75737
125.0,122.31955
125.0,122.28578
125.0,121.97676
125.0,122.89445
125.0,122.53084
125.0,121.35508
125.0,120.91501
125.0,119.660385
125.0,118.70128
125.0,116.22386
125.0,114.99417
125.0,115.33145
125.0,116.402275
125.0,117.844185
125.0,119.383
124.0,120.89933
123.0,120.14016
122.0,121.043785
121.0,121.49425
120.0,119.737976
119.0,120.3953
118.0,122.01749
117.0,120.47747
116.0,119.53681
115.0,118.97101
114.0,117.17157
113.0,116.96066
112.0,116.50331
111.0,118.5938
110.0,119.35211
109.0,119.13533
108.0,118.27238
107.0,118.52656
106.0,117.47406
105.0,118.03337
104.0,117.409195
103.0,116.34212
102.0,115.31964
101.0,114.47578
100.0,113.58789
99.0,111.88338
98.0,112.034676
97.0,113.25105
96.0,115.4498
95.0,118.15188
94.0,117.923904
93.0,118.50958
92.0,119.676254
91.0,119.06854
90.0,117.261894
89.0,118.03389
88.0,118.93834
87.0,116.87534
86.0,117.41709
85.0,115.6201
84.0,114.629845
83.0,114.80908
82.0,113.38582
81.0,111.99652
80.0,111.02522
79.0,108.043816
78.0,105.26162
77.0,103.33263
76.0,98.636826
75.0,96.78031
74.0,97.95055
73.0,92.83293
72.0,92.62556
71.0,91.4841
70.0,90.851685
69.0,85.13183
68.0,78.59944
67.0,77.99359
66.0,73.888275
65.0,75.64693
64.0,71.14681
63.0,69.31345
62.0,71.09906
61.0,71.123856
60.0,68.93634
59.0,68.5951
58.0,70.82432
57.0,73.11732
56.0,71.5246
55.0,68.50189
54.0,69.988235
53.0,70.482956
125.0,119.05319
125.0,118.95292
125.0,122.31931
125.0,122.67635
125.0,121.84467
125.0,120.51164
125.0,123.32104
125.0,124.281555
125.0,125.25758
125.0,124.23555
125.0,122.96582
125.0,123.22388
125.0,119.70729
125.0,121.49241
125.0,120.6801
125.0,119.92205
125.0,119.61997
125.0,120.51205
125.0,119.7101
125.0,117.70839
125.0,116.4195
125.0,114.91667
125.0,115.384895
125.0,112.78244
125.0,113.42346
125.0,112.45452
125.0,110.30848
125.0,114.33258
125.0,113.278625
125.0,114.97565
125.0,115.779076
125.0,118.40312
125.0,120.376076
125.0,118.95359
125.0,119.72277
125.0,119.60681
125.0,121.277725
125.0,120.765434
125.0,120.520134
125.0,119.559906
125.0,119.61801
125.0,120.1115
125.0,118.52451
125.0,116.373474
125.0,115.357216
125.0,112.59802
125.0,111.09007
125.0,109.313576
125.0,111.71831
125.0,112.486206
124.0,109.40962
123.0,105.02397
122.0,106.3233
121.0,107.67225
120.0,104.44551
119.0,111.89163
118.0,107.32808
117.0,110.86516
116.0,114.073135
115.0,112.50544
114.0,113.54903
113.0,114.431435
112.0,115.4907
111.0,114.20066
110.0,112.30005
109.0,115.3881
108.0,116.29794
107.0,114.37453
106.0,115.388145
105.0,115.88887
104.0,116.856094
103.0,117.64635
102.0,114.82162
101.0,111.92446
100.0,110.75954
99.0,101.024994
98.0,92.897064
97.0,84.73739
96.0,97.59377
95.0,97.129265
94.0,100.18174
93.0,100.45135
92.0,104.669266
125.0,130.99446
125.0,131.37523
125.0,130.19206
125.0,130.40337
125.0,131.22728
125.0,126.998604
125.0,125.95886
125.0,125.54097
125.0,121.84119
125.0,121.87926
125.0,116.46577
125.0,114.87844
125.0,109.83535
125.0,106.21053
125.0,103.92403
125.0,95.33253
125.0,97.48037
125.0,99.552666
125.0,98.06597
125.0,101.93605
125.0,101.5845
125.0,102.648224
125.0,108.79557
125.0,112.02337
125.0,110.781815
125.0,114.6417
125.0,119.98618
125.0,124.13894
125.0,126.88299
125.0,126.50834
125.0,128.21667
125.0,127.02784
125.0,126.127304
125.0,125.97674
125.0,127.57522
125.0,128.48253
125.0,129.0475
125.0,130.12119
125.0,130.56172
125.0,133.42474
125.0,133.51935
125.0,131.27867
125.0,129.37006
125.0,129.08134
125.0,125.38444
125.0,122.81721
125.0,123.66066
125.0,123.8435
125.0,122.06432
125.0,121.32578
125.0,117.07935
125.0,112.69818
125.0,111.895775
125.0,114.94046
125.0,111.86592
125.0,112.798996
125.0,113.797646
125.0,107.41294
125.0,108.19424
125.0,97.26298
125.0,101.783325
125.0,106.65672
125.0,101.56185
125.0,106.517975
125.0,112.9311
125.0,111.61265
125.0,107.69952
125.0,110.16936
125.0,114.93476
125.0,114.83226
125.0,115.056046
125.0,114.222115
125.0,112.352234
125.0,114.061554
125.0,114.22602
125.0,115.802246
125.0,118.86554
125.0,120.7458
125.0,122.930824
125.0,124.99876
125.0,124.04699
125.0,124.29737
125.0,121.60956
125.0,121.42614
125.0,119.58043
125.0,122.01713
125.0,122.48069
125.0,118.636795
125.0,117.03684
125.0,116.34946
125.0,118.92447
125.0,117.14886
125.0,110.66293
125.0,113.419914
125.0,110.26657
125.0,107.29536
125.0,108.03221
125.0,101.97104
125.0,104.76259
125.0,106.24802
125.0,107.93763
125.0,100.71213
125.0,103.29831
125.0,102.612816
125.0,89.81948
125.0,90.57277
125.0,95.15416
125.0,101.39441
125.0,104.01031
125.0,105.062065
125.0,103.76711
125.0,102.09625
125.0,93.14793
125.0,98.2352
125.0,100.674995
125.0,100.67567
125.0,105.02084
125.0,99.76582
125.0,104.13235
125.0,102.62599
125.0,99.40495
125.0,100.29863
125.0,95.685455
125.0,104.16643
125.0,107.95026
125.0,107.119736
125.0,109.37924
125.0,109.19059
125.0,111.03119
125.0,112.10181
125.0,113.74864
125.0,114.146034
125.0,117.439575
125.0,118.238335
125.0,116.624146
125.0,114.70275
125.0,115.10516
125.0,114.30567
125.0,115.10981
124.0,110.57747
123.0,109.033455
122.0,110.29759
121.0,108.836
120.0,107.26216
119.0,106.999016
118.0,109.11592
117.0,109.59037
116.0,107.054955
115.0,109.57017
114.0,108.65802
113.0,102.03439
112.0,101.218796
111.0,104.79294
110.0,100.81877
109.0,100.810234
108.0,101.99604
107.0,98.299126
106.0,102.87599
105.0,101.76963
104.0,103.91141
103.0,107.791756
102.0,109.05517
101.0,108.32123
100.0,109.76901
99.0,107.32191
98.0,105.17476
97.0,100.94506
96.0,100.5702
95.0,103.626976
94.0,96.615875
93.0,91.25812
92.0,91.99222
91.0,94.88971
90.0,86.866165
89.0,88.702774
88.0,81.0302
87.0,72.87924
86.0,63.56553
85.0,60.568043
84.0,65.15109
83.0,57.264095
82.0,60.553135
81.0,59.725677
80.0,64.12133
79.0,69.057434
78.0,75.13876
77.0,70.7928
76.0,73.09481
75.0,66.04115
74.0,67.10291
73.0,70.17812
72.0,66.327156
71.0,68.583984
70.0,71.69947
69.0,66.71673
68.0,63.329628
67.0,58.449905
66.0,59.033516
65.0,61.9556
64.0,59.838757
63.0,60.370296
62.0,59.88918
61.0,57.886066
60.0,58.40691
59.0,61.69778
58.0,59.337276
57.0,57.55763
56.0,57.940304
55.0,54.136124
54.0,51.75101
53.0,46.50978
52.0,45.79065
51.0,35.277985
50.0,35.295574
49.0,38.50182
48.0,41.350464
47.0,36.136448
46.0,30.316622
45.0,29.363499
44.0,27.704765
43.0,26.771557
42.0,25.7838
41.0,28.597366
40.0,30.02629
39.0,31.048298
38.0,33.070633
37.0,34.698566
36.0,36.922363
35.0,39.40787
34.0,38.78509
33.0,40.460014
32.0,36.383312
31.0,36.055714
30.0,36.855682
29.0,35.169025
28.0,34.846027
27.0,32.678413
26.0,31.115383
25.0,25.415249
24.0,21.188498
23.0,18.35372
22.0,17.482103
21.0,14.292078
20.0,12.990154
19.0,11.887177
18.0,11.598412
17.0,12.358005
16.0,11.41478
125.0,124.44636
125.0,125.26965
125.0,127.15457
125.0,124.467606
125.0,125.6537
125.0,125.129074
125.0,124.2882
125.0,123.44074
125.0,121.91179
125.0,120.23245
125.0,118.820984
125.0,118.49473
125.0,115.12229
125.0,115.48159
125.0,114.74
125.0,112.33164
125.0,114.13577
125.0,114.696304
125.0,115.90206
125.0,117.23327
125.0,116.787155
125.0,116.23602
125.0,116.38263
125.0,114.66109
125.0,113.03985
125.0,112.63156
125.0,113.26527
125.0,114.336815
125.0,114.41336
125.0,116.06156
125.0,113.87029
125.0,113.67195
125.0,114.2817
125.0,112.26491
125.0,112.12275
125.0,113.44533
125.0,114.63558
125.0,115.70804
125.0,113.821686
125.0,113.20099
125.0,112.377754
125.0,112.93639
125.0,112.37795
125.0,110.3253
125.0,110.61648
125.0,106.08215
125.0,118.07232
125.0,121.12183
125.0,120.32373
125.0,121.1818
125.0,119.86399
125.0,122.4268
125.0,119.180916
125.0,118.691345
125.0,117.36669
125.0,116.514694
125.0,115.03104
125.0,115.006424
125.0,114.440025
125.0,112.75799
125.0,112.47743
125.0,112.30449
124.0,111.337685
123.0,110.09616
122.0,108.83337
121.0,108.99803
120.0,110.53735
119.0,111.14191
118.0,110.14469
117.0,111.04668
116.0,113.02927
115.0,113.96336
114.0,115.2415
113.0,115.7525
112.0,114.45108
111.0,115.16844
110.0,115.552956
109.0,115.85432
108.0,115.37673
107.0,114.61531
106.0,113.79504
105.0,114.17088
104.0,111.28772
103.0,111.53016
102.0,110.25625
101.0,112.06058
100.0,111.3949
99.0,110.61536
98.0,111.013405
97.0,109.66207
96.0,108.68951
95.0,107.33048
94.0,105.93212
93.0,105.31045
92.0,105.063156
91.0,107.5667
90.0,111.12205
89.0,111.67271
88.0,110.58597
87.0,110.375534
86.0,111.25512
85.0,111.79678
84.0,116.25951
83.0,117.15994
82.0,116.24063
81.0,114.094475
80.0,110.45978
79.0,107.18585
78.0,102.82547
77.0,99.40475
76.0,100.9528
75.0,94.82557
125.0,114.821815
125.0,113.627205
125.0,111.19407
125.0,111.26269
125.0,112.243805
125.0,114.7216
125.0,110.00806
125.0,109.24832
125.0,110.2123
125.0,113.25883
125.0,115.44252
125.0,116.10205
125.0,116.62931
125.0,120.537605
125.0,122.11921
125.0,123.59766
125.0,126.17352
125.0,126.83025
125.0,130.072
125.0,130.9439
125.0,131.84271
125.0,133.68283
125.0,134.10179
125.0,133.39253
125.0,130.22865
125.0,129.71188
125.0,129.15643
125.0,127.66367
125.0,123.9611
125.0,124.48384
125.0,122.35028
125.0,120.49655
125.0,118.59415
125.0,115.61075
125.0,116.29734
125.0,116.34874
125.0,114.81745
125.0,112.96365
125.0,111.91459
125.0,111.85248
125.0,111.833115
125.0,112.40991
125.0,114.54395
125.0,116.54818
125.0,118.09389
125.0,116.75914
125.0,118.36176
125.0,118.51852
125.0,120.11715
125.0,117.844826
125.0,115.748924
125.0,115.54409
125.0,115.7224
125.0,116.76311
125.0,116.12124
125.0,113.94515
125.0,112.43353
125.0,114.03626
125.0,113.953514
125.0,116.81897
125.0,115.889206
125.0,114.75004
125.0,116.65473
125.0,113.36585
125.0,113.19427
125.0,113.64276
125.0,116.1139
124.0,117.2398
123.0,116.08921
122.0,115.82804
121.0,114.521866
120.0,114.56775
119.0,116.15584
118.0,115.35091
117.0,115.40864
116.0,116.15468
115.0,113.37175
114.0,113.6825
113.0,114.05806
112.0,117.224236
111.0,119.15037
110.0,121.42096
109.0,120.24317
108.0,119.74436
107.0,121.78368
106.0,119.0867
105.0,116.74913
104.0,117.16263
103.0,117.70204
102.0,119.586494
101.0,118.39988
100.0,117.69533
99.0,117.07471
98.0,113.61266
97.0,109.08709
96.0,109.666756
95.0,106.98341
94.0,100.555305
93.0,94.716484
92.0,90.87943
91.0,85.205986
90.0,85.65098
89.0,85.91515
88.0,84.06937
87.0,78.81653
86.0,88.546104
85.0,84.93665
84.0,84.261734
83.0,81.62552
82.0,89.02913
81.0,88.75326
80.0,93.22678
79.0,84.82684
78.0,82.740105
77.0,78.15718
76.0,71.992035
75.0,69.761375
74.0,60.766613
73.0,59.889664
72.0,72.7399
71.0,78.74503
70.0,78.75288
69.0,80.161224
68.0,77.491936
67.0,68.68182
66.0,78.34802
65.0,83.35031
64.0,80.415924
63.0,88.40524
62.0,95.47197
61.0,94.428604
60.0,97.23244
59.0,101.69165
58.0,103.88665
57.0,104.4189
56.0,102.72806
55.0,94.02251
54.0,86.2631
53.0,84.756966
52.0,89.75239
51.0,84.46156
50.0,84.96846
49.0,84.80625
48.0,83.43977
47.0,80.69227
46.0,81.017876
45.0,79.04663
44.0,74.06552
43.0,57.566166
42.0,48.593662
41.0,43.396233
40.0,43.97197
39.0,38.833267
38.0,35.82219
37.0,34.65565
36.0,31.417831
35.0,33.768436
34.0,30.541048
33.0,31.356995
32.0,33.99382
31.0,35.14786
30.0,33.247345
29.0,33.14906
28.0,33.503506
27.0,35.90905
26.0,33.497097
25.0,30.750633
24.0,27.267519
23.0,28.186117
22.0,29.988789
21.0,28.194315
20.0,25.120504
19.0,26.16126
18.0,23.330864
125.0,117.84029
125.0,117.97597
125.0,117.057625
125.0,115.24267
125.0,114.88321
125.0,114.25065
125.0,116.36055
125.0,116.21844
125.0,116.32954
125.0,115.869385
125.0,114.44882
125.0,116.15218
125.0,117.21087
125.0,113.95808
125.0,113.791695
125.0,112.818535
125.0,115.15729
125.0,113.87669
125.0,108.67719
125.0,112.8337
125.0,101.74163
125.0,103.1154
125.0,107.64315
125.0,106.17718
125.0,112.35722
125.0,117.79076
125.0,118.92193
125.0,118.74727
125.0,118.94021
125.0,116.485115
125.0,115.94503
125.0,118.85217
125.0,118.18389
125.0,114.339035
125.0,116.231995
125.0,117.59164
125.0,118.21396
125.0,115.47668
125.0,112.65169
125.0,109.17171
125.0,103.75748
125.0,103.59878
125.0,98.26811
125.0,96.55274
125.0,100.06784
125.0,98.70373
125.0,106.610634
125.0,101.289474
125.0,98.34231
125.0,104.93005
125.0,95.445915
125.0,98.558464
125.0,106.20281
125.0,105.279724
125.0,108.65429
125.0,111.90455
125.0,114.08306
125.0,109.97624
125.0,109.82403
125.0,106.66177
125.0,109.38702
125.0,117.0006
125.0,117.452
125.0,116.88093
125.0,117.89989
125.0,118.63371
125.0,120.228096
125.0,119.84789
125.0,120.8412
125.0,119.06001
125.0,118.51675
125.0,118.78034
125.0,115.50437
125.0,115.93345
125.0,118.81728
125.0,119.269806
124.0,119.28174
123.0,116.56902
122.0,116.35693
121.0,117.76797
120.0,116.591866
119.0,115.83485
118.0,119.019264
117.0,114.884605
116.0,114.821144
115.0,112.431274
114.0,114.67279
113.0,109.138794
112.0,107.6621
111.0,102.09335
110.0,95.68122
109.0,97.47735
108.0,100.1703
107.0,103.14705
106.0,96.28174
105.0,92.03302
104.0,98.35827
103.0,96.15014
102.0,86.25634
101.0,81.68543
100.0,79.643196
99.0,78.86861
98.0,75.8329
97.0,73.14179
96.0,78.8463
95.0,81.3377
94.0,83.431015
93.0,78.36832
92.0,76.0056
91.0,89.67378
90.0,94.16601
89.0,94.7816
88.0,103.73937
87.0,105.48143
86.0,103.88059
85.0,99.267136
84.0,108.14499
83.0,105.91719
82.0,102.26607
81.0,103.53755
80.0,101.21956
79.0,96.967476
78.0,98.2518
77.0,100.12845
76.0,96.33071
75.0,98.24999
74.0,95.62846
73.0,88.34941
72.0,80.53057
71.0,76.613365
70.0,73.07721
69.0,71.143234
68.0,66.501
67.0,62.026245
66.0,60.720524
65.0,62.01162
64.0,60.395317
63.0,58.870792
62.0,55.26903
61.0,64.23167
60.0,61.211025
59.0,55.977314
58.0,50.205593
57.0,49.32227
56.0,50.53346
55.0,44.56671
54.0,44.139378
53.0,47.436783
52.0,51.59475
51.0,54.001797
50.0,53.568558
49.0,54.579727
48.0,53.377426
125.0,104.52426
125.0,109.98042
125.0,111.37527
125.0,111.81787
125.0,113.03174
125.0,113.68201
125.0,113.26999
125.0,113.83802
125.0,115.66485
125.0,117.13921
125.0,112.23846
125.0,110.674355
125.0,111.90875
125.0,110.15942
125.0,111.052536
125.0,106.58866
125.0,103.835556
125.0,94.38449
125.0,94.10592
125.0,99.629395
125.0,102.452286
125.0,111.82469
125.0,115.01687
125.0,109.5761
125.0,103.35532
125.0,99.64477
125.0,101.71236
125.0,107.583176
125.0,105.96744
125.0,108.46337
125.0,113.844765
125.0,117.49156
125.0,118.72028
125.0,120.081566
125.0,123.25444
125.0,121.76769
125.0,122.25374
125.0,122.02711
125.0,124.20421
125.0,125.64014
125.0,119.518135
125.0,117.24906
125.0,117.76319
125.0,117.71091
125.0,116.486664
125.0,109.40417
125.0,101.84407
125.0,92.01458
125.0,96.49924
125.0,96.97553
125.0,94.18614
125.0,100.93063
125.0,102.108284
122.0,124.17544
121.0,124.47784
120.0,124.89836
119.0,119.93595
118.0,118.14831
117.0,118.16984
116.0,117.026726
115.0,118.89133
114.0,118.79397
113.0,118.12032
112.0,114.90075
111.0,117.93832
110.0,115.74127
109.0,115.44527
108.0,117.14117
107.0,117.788414
106.0,114.89395
105.0,115.31819
104.0,115.58884
103.0,113.20757
102.0,115.202034
101.0,111.33046
100.0,108.31185
99.0,100.89409
98.0,93.87422
97.0,88.5491
96.0,92.32446
95.0,89.19737
94.0,95.28657
93.0,93.847115
92.0,94.757324
91.0,94.33883
90.0,100.64887
89.0,97.24037
88.0,94.231735
87.0,98.206764
86.0,99.947266
85.0,96.78729
84.0,99.588295
83.0,99.12792
82.0,101.739
81.0,107.146255
80.0,106.284744
79.0,100.950714
78.0,99.467285
77.0,98.7505
76.0,103.98113
75.0,105.0421
74.0,113.42923
73.0,114.36173
72.0,113.68765
71.0,109.48901
70.0,102.71552
69.0,97.70134
68.0,99.83958
67.0,97.94896
66.0,100.06021
65.0,100.61214
64.0,111.311104
63.0,103.29914
62.0,97.346085
61.0,89.38528
60.0,91.013695
59.0,94.70978
58.0,88.56075
57.0,97.73322
56.0,94.403305
55.0,99.74695
54.0,102.664894
53.0,98.126015
52.0,98.93105
51.0,100.84707
50.0,99.965576
49.0,95.92104
48.0,101.857475
47.0,97.285324
46.0,91.79797
45.0,94.17043
44.0,100.53316
43.0,103.56621
42.0,98.8431
41.0,91.94627
40.0,84.66284
39.0,82.786255
38.0,82.48044
37.0,76.00594
36.0,72.09381
35.0,71.00653
34.0,75.19979
33.0,62.391815
32.0,57.134075
31.0,45.13526
30.0,38.37661
29.0,37.351913
28.0,37.656193
27.0,37.30793
26.0,28.580572
25.0,27.331818
24.0,24.826956
23.0,22.968166
22.0,22.45928
125.0,109.23548
125.0,110.43038
125.0,113.04789
125.0,114.023186
125.0,114.34856
125.0,109.39597
125.0,112.67427
125.0,113.42999
125.0,113.60979
125.0,115.05922
125.0,119.075424
125.0,120.39142
125.0,121.459816
125.0,120.77401
125.0,120.227745
125.0,121.0015
125.0,120.68972
125.0,122.145485
125.0,122.914536
125.0,126.270546
125.0,125.29552
125.0,125.88032
125.0,127.49667
125.0,125.134705
125.0,126.05916
125.0,125.50299
125.0,124.918396
125.0,122.55701
125.0,121.06899
125.0,119.71713
125.0,119.43493
125.0,120.302986
125.0,119.75636
125.0,120.71321
125.0,121.83506
125.0,118.82147
125.0,118.87782
125.0,118.94132
125.0,117.4913
125.0,116.76269
125.0,118.259
125.0,117.59124
125.0,116.85802
125.0,118.14795
125.0,114.10642
125.0,110.55992
125.0,107.65829
125.0,106.073364
125.0,108.468544
125.0,111.41661
125.0,110.637344
125.0,113.33134
125.0,113.24039
125.0,111.81565
125.0,114.26237
125.0,116.21844
125.0,113.54648
125.0,110.953354
125.0,110.953064
125.0,107.44547
125.0,106.0327
125.0,102.43579
125.0,99.539
125.0,102.842804
125.0,106.573944
125.0,109.174545
125.0,110.91811
125.0,112.263214
125.0,112.94227
125.0,114.6306
125.0,110.596725
125.0,104.28544
125.0,95.44667
125.0,91.12523
125.0,86.929726
125.0,79.64429
125.0,75.59153
125.0,72.875916
125.0,79.98822
125.0,74.45006
125.0,76.108986
125.0,82.947945
125.0,92.73639
125.0,98.848305
125.0,96.280945
125.0,97.338936
125.0,102.361435
125.0,98.07447
125.0,106.13158
125.0,107.297386
125.0,104.96052
124.0,99.55338
123.0,101.545074
122.0,107.434135
121.0,109.61882
120.0,112.12739
119.0,113.383125
118.0,121.019745
117.0,118.952255
116.0,117.70624
115.0,114.33239
114.0,99.132034
113.0,93.71788
112.0,89.92127
111.0,90.48248
110.0,89.36534
109.0,92.727
108.0,80.60008
107.0,84.18735
106.0,81.10182
105.0,81.36398
104.0,90.1018
103.0,95.2979
102.0,99.664
101.0,94.45876
100.0,97.061554
99.0,98.62365
98.0,94.93283
97.0,88.62959
96.0,85.947075
95.0,83.5769
94.0,89.21913
93.0,87.626335
92.0,87.21783
91.0,82.57409
90.0,86.15012
89.0,93.74229
88.0,103.25908
87.0,95.841194
86.0,84.71604
85.0,89.846375
84.0,80.94453
83.0,87.96131
82.0,80.9549
81.0,85.21258
80.0,83.60093
125.0,104.20542
125.0,108.1728
124.0,110.55463
123.0,113.032326
122.0,115.032295
121.0,114.51078
120.0,114.47486
119.0,110.016594
118.0,110.86645
117.0,109.25303
116.0,108.0542
115.0,107.61225
114.0,106.864296
113.0,102.31294
112.0,107.570274
111.0,103.68082
110.0,106.394585
109.0,107.027084
108.0,106.08836
107.0,107.98884
106.0,107.667305
105.0,108.44185
104.0,107.18631
103.0,108.676186
102.0,110.27401
101.0,109.2472
100.0,109.078026
99.0,105.974846
98.0,104.78861
125.0,115.08421
125.0,113.156425
125.0,113.42315
125.0,112.724625
125.0,114.431984
125.0,117.76719
125.0,117.79242
125.0,118.447014
125.0,114.60542
125.0,115.42115
125.0,115.77879
125.0,113.23607
125.0,114.20251
125.0,115.48575
125.0,115.49075
125.0,117.19051
125.0,118.792244
124.0,117.41162
123.0,118.20505
122.0,119.22907
121.0,116.89364
120.0,118.183914
119.0,117.39052
118.0,117.10674
117.0,116.45599
116.0,113.16516
115.0,110.834045
114.0,105.340225
113.0,101.22269
112.0,96.13843
111.0,92.737434
110.0,91.06307
109.0,87.24335
108.0,85.35106
107.0,86.988
106.0,89.72969
105.0,85.76887
104.0,91.868034
103.0,90.875404
102.0,92.62905
101.0,97.82522
100.0,95.86338
99.0,98.87076
98.0,101.664406
97.0,99.239204
96.0,103.54748
95.0,96.45266
94.0,95.56805
93.0,91.67327
92.0,96.63609
91.0,100.27943
90.0,101.05357
89.0,102.40152
88.0,105.343025
87.0,108.98952
86.0,106.19876
85.0,108.598915
84.0,105.96507
83.0,99.946304
82.0,97.99252
81.0,99.54068
80.0,100.84637
79.0,104.600395
78.0,103.08187
77.0,104.0839
76.0,103.64595
75.0,98.50486
74.0,104.580185
73.0,106.18177
72.0,104.23695
71.0,109.159515
70.0,107.3183
69.0,103.61021
68.0,97.94666
67.0,96.24026
66.0,91.90948
65.0,86.63804
64.0,82.189545
63.0,73.39257
62.0,67.43185
61.0,70.34405
60.0,64.82756
59.0,61.26094
58.0,61.578766
57.0,55.00264
56.0,54.012695
55.0,56.325054
54.0,57.17051
53.0,54.77084
52.0,58.489437
51.0,61.02075
50.0,65.39218
49.0,61.71199
48.0,62.705627
47.0,65.02757
46.0,66.83552
45.0,66.70685
44.0,59.207806
43.0,56.890358
42.0,58.268234
41.0,55.08715
40.0,55.091545
39.0,56.99592
38.0,57.616356
37.0,56.686783
36.0,55.363655
35.0,57.138145
34.0,59.62102
33.0,50.4238
32.0,42.57169
31.0,41.13327
30.0,36.346542
29.0,34.611164
28.0,36.15218
27.0,33.721523
26.0,31.36767
25.0,32.05793
24.0,31.761524
23.0,32.647537
22.0,35.39887
21.0,35.22397
20.0,35.441227
19.0,31.438246
18.0,28.028675
17.0,25.67885
16.0,23.399458
15.0,22.001766
14.0,21.34274
13.0,19.5827
12.0,20.520811
11.0,17.413784
10.0,13.972825
9.0,12.602451
125.0,115.013725
125.0,116.113525
125.0,116.537254
125.0,118.219055
125.0,120.20595
125.0,120.3758
125.0,120.36649
125.0,121.61276
125.0,124.17109
125.0,125.02336
125.0,125.76467
125.0,124.34127
125.0,126.12976
125.0,124.942085
125.0,125.5397
125.0,126.05268
125.0,124.67659
125.0,123.30969
125.0,122.2381
125.0,119.61125
125.0,119.251076
125.0,118.98971
125.0,116.35693
125.0,114.05132
125.0,116.21841
125.0,115.99258
125.0,110.05301
125.0,112.32667
125.0,113.03736
125.0,106.46688
125.0,110.7431
125.0,109.817825
125.0,111.23407
125.0,114.7313
125.0,115.23259
125.0,116.51465
125.0,116.02142
125.0,118.02116
125.0,119.73644
125.0,120.98993
125.0,120.43508
125.0,119.028755
125.0,122.674324
125.0,124.58348
125.0,126.146194
125.0,125.235794
125.0,126.56313
125.0,125.85346
125.0,123.69627
125.0,122.40522
125.0,122.15834
125.0,121.33197
125.0,119.74769
125.0,118.5431
125.0,117.730934
125.0,117.835754
125.0,114.86007
125.0,112.35937
125.0,112.98304
125.0,106.54563
125.0,110.692505
125.0,113.97694
125.0,113.36565
125.0,110.15778
125.0,107.41039
125.0,107.57714
125.0,109.68204
125.0,106.57135
125.0,104.05821
125.0,110.60733
125.0,111.91783
125.0,109.03502
125.0,113.35502
125.0,116.84942
125.0,116.83405
125.0,117.096855
125.0,117.79644
125.0,116.677925
125.0,113.408516
125.0,111.89326
125.0,112.40669
125.0,112.66183
125.0,113.18156
125.0,115.32626
125.0,112.17421
125.0,114.20292
125.0,115.13029
125.0,114.836
125.0,112.430595
125.0,108.29631
125.0,101.46747
125.0,102.42666
125.0,94.56301
125.0,94.78415
125.0,93.42904
125.0,88.16624
125.0,90.16332
125.0,92.71314
125.0,91.93288
125.0,93.89288
125.0,91.90434
125.0,94.98592
125.0,102.12243
125.0,103.89153
125.0,103.24826
125.0,105.60446
125.0,103.72385
125.0,102.93139
125.0,101.62507
125.0,99.5392
125.0,99.2598
125.0,96.40419
125.0,99.17845
125.0,96.96614
125.0,87.28269
125.0,93.922455
125.0,91.37167
125.0,91.52001
125.0,87.65393
125.0,89.55214
125.0,87.377075
125.0,87.95729
125.0,87.95368
125.0,92.282036
125.0,93.768845
125.0,92.876205
125.0,92.77739
125.0,90.5155
125.0,89.00164
125.0,90.25269
125.0,90.73018
125.0,91.21095
125.0,91.43505
124.0,90.65347
123.0,88.30006
122.0,91.69022
121.0,88.48346
120.0,91.77227
119.0,91.39327
118.0,90.34633
117.0,87.85208
116.0,84.81174
115.0,84.60519
114.0,77.62547
113.0,76.693275
112.0,82.16227
111.0,77.723274
110.0,67.676285
109.0,66.682755
108.0,76.02934
107.0,75.219536
106.0,73.79908
105.0,76.375275
104.0,76.54292
103.0,80.53131
102.0,74.341255
101.0,71.01983
100.0,60.46447
99.0,59.32166
98.0,60.52203
97.0,66.43516
96.0,62.44556
95.0,63.37967
94.0,63.729996
93.0,61.88367
92.0,66.3489
91.0,66.21282
90.0,63.692688
89.0,60.707413
88.0,57.354763
87.0,57.859325
86.0,59.004974
85.0,58.293114
84.0,54.790577
83.0,54.069687
82.0,53.66251
81.0,53.69514
80.0,51.982937
79.0,51.04992
78.0,49.59064
77.0,49.98732
76.0,50.910084
75.0,52.41435
74.0,49.94533
73.0,52.594894
72.0,53.81729
71.0,53.790936
70.0,52.87676
69.0,53.855934
68.0,52.04601
67.0,51.91045
66.0,53.070164
65.0,51.841156
64.0,51.87308
63.0,50.68436
62.0,51.657936
61.0,50.989887
60.0,47.913795
59.0,47.837166
58.0,46.886364
57.0,42.98612
56.0,44.77143
55.0,40.899345
54.0,36.5686
53.0,35.885746
52.0,36.002865
51.0,34.942936
50.0,36.479603
49.0,36.51583
48.0,33.39131
47.0,29.975876
46.0,31.565775
45.0,28.77342
44.0,28.916288
43.0,27.438671
42.0,23.673664
41.0,23.940287
40.0,20.896494
39.0,21.433882
38.0,21.496408
37.0,19.60884
36.0,19.70096
35.0,18.04872
34.0,20.271933
33.0,20.82103
32.0,23.493267
31.0,24.398214
30.0,24.934372
29.0,26.08218
28.0,30.744314
27.0,31.156536
26.0,31.943775
25.0,26.58159
24.0,25.546562
23.0,23.044031
22.0,21.854553
21.0,22.12542
20.0,21.39632
19.0,18.504913
18.0,18.46263
17.0,18.543276
16.0,18.647991
15.0,17.98968
14.0,17.723095
13.0,18.06056
12.0,17.360973
11.0,17.453413
10.0,15.799343
125.0,110.42357
125.0,110.216545
125.0,108.375824
125.0,109.60765
125.0,108.19968
125.0,108.01369
125.0,110.7218
125.0,109.96489
125.0,109.4839
125.0,111.059006
125.0,109.532906
125.0,110.706154
125.0,113.22252
125.0,112.371994
125.0,114.53666
125.0,114.57076
125.0,112.52939
125.0,112.120346
125.0,114.66952
125.0,114.557724
125.0,113.37184
125.0,114.06529
125.0,113.14604
125.0,113.968376
125.0,111.03571
125.0,108.76987
125.0,111.246414
125.0,111.28022
125.0,110.44116
125.0,110.64105
125.0,111.31499
125.0,110.478386
125.0,113.71093
125.0,115.83739
125.0,112.35093
125.0,107.798805
125.0,108.981346
125.0,109.96682
125.0,113.79065
125.0,113.20662
125.0,108.73219
125.0,101.16193
124.0,101.146454
123.0,96.89871
122.0,102.12155
121.0,100.13711
120.0,102.97739
119.0,105.09189
118.0,108.82301
117.0,110.115616
116.0,109.50239
115.0,112.284996
114.0,111.70349
113.0,112.86346
112.0,116.49727
111.0,116.35246
110.0,117.419785
109.0,117.43265
108.0,119.09933
107.0,120.66682
106.0,120.7999
105.0,118.232925
104.0,119.927956
103.0,122.69492
102.0,120.38881
101.0,117.11975
100.0,113.7987
99.0,113.02613
98.0,114.96279
97.0,115.49042
96.0,110.054054
95.0,101.7242
94.0,99.23889
93.0,93.1221
92.0,95.606766
91.0,100.41366
90.0,95.30408
89.0,90.123215
88.0,88.21231
87.0,83.72261
86.0,81.266014
85.0,75.923325
84.0,75.18202
83.0,73.25421
82.0,81.883026
81.0,77.050835
80.0,77.30065
79.0,76.60609
78.0,78.089874
77.0,82.74978
76.0,86.71711
75.0,94.28994
74.0,98.9066
125.0,115.84747
125.0,115.201126
125.0,115.86997
125.0,119.567566
125.0,123.084694
125.0,123.39572
125.0,124.424
125.0,125.69823
125.0,123.70593
125.0,125.67517
125.0,121.0599
125.0,122.49982
125.0,120.66651
125.0,116.48543
125.0,117.20439
125.0,119.0721
125.0,117.73121
125.0,117.4208
125.0,112.793526
125.0,114.253075
125.0,111.83823
125.0,110.41877
125.0,110.16249
125.0,110.8381
125.0,110.77746
125.0,113.73091
125.0,114.69456
125.0,110.99241
125.0,110.813835
125.0,111.97466
125.0,113.31256
125.0,112.47299
125.0,115.93246
125.0,117.38065
125.0,116.75767
125.0,115.16185
125.0,115.476105
125.0,116.45837
125.0,112.82675
125.0,115.307846
125.0,117.71014
125.0,116.050575
125.0,116.63676
125.0,115.52275
125.0,116.76139
125.0,119.11542
125.0,130.42842
125.0,130.27985
125.0,130.3167
125.0,132.36984
125.0,132.62811
125.0,129.92152
125.0,125.639694
125.0,126.09282
125.0,124.22061
125.0,122.045364
125.0,116.52446
125.0,111.82592
125.0,109.40346
125.0,108.66617
125.0,113.05039
125.0,110.286285
125.0,111.5684
125.0,105.71865
125.0,98.142235
125.0,91.546265
125.0,93.92074
125.0,95.67745
125.0,100.649155
125.0,92.9473
125.0,93.741875
125.0,92.3984
125.0,95.2376
125.0,96.29965
125.0,96.15597
125.0,86.589615
125.0,89.24507
125.0,99.26252
125.0,104.95918
125.0,112.14768
125.0,113.45879
125.0,114.26882
125.0,110.3964
125.0,111.21091
125.0,113.57646
125.0,116.916695
125.0,113.16561
125.0,109.16123
125.0,109.30326
125.0,110.997986
125.0,113.72595
125.0,113.500435
125.0,117.22617
125.0,116.21816
125.0,117.307655
125.0,115.29652
125.0,116.56383
125.0,113.68262
125.0,114.785576
125.0,111.30405
125.0,111.913376
125.0,108.85984
125.0,108.15679
125.0,103.28028
125.0,107.67619
125.0,102.43107
124.0,97.970764
123.0,95.360756
122.0,93.54736
121.0,100.70763
120.0,103.39589
119.0,100.82591
118.0,102.21077
117.0,98.60337
116.0,108.21737
115.0,113.08777
114.0,107.85227
113.0,109.93222
112.0,113.11045
111.0,112.492035
110.0,113.99195
109.0,115.71717
108.0,116.7148
107.0,116.98767
106.0,115.636894
105.0,115.01199
104.0,114.89687
103.0,114.079216
102.0,113.230934
101.0,110.14741
100.0,103.86929
99.0,99.150444
98.0,99.32628
121.0,109.70208
120.0,107.58204
119.0,107.15893
118.0,106.608246
117.0,105.95516
116.0,106.228745
115.0,102.96403
114.0,108.25038
113.0,107.33698
112.0,108.09918
111.0,109.60704
110.0,111.301834
109.0,114.73826
108.0,115.34432
107.0,116.782684
106.0,115.774124
105.0,117.8943
104.0,117.08925
103.0,117.94837
102.0,115.49101
101.0,114.02308
100.0,113.1001
99.0,112.74459
98.0,112.890114
97.0,111.78132
96.0,113.24213
95.0,111.2706
94.0,109.57608
93.0,102.34238
92.0,101.58474
91.0,106.30291
90.0,105.08562
89.0,99.23434
88.0,99.86389
87.0,96.0755
86.0,97.25273
85.0,97.51191
84.0,101.45342
83.0,95.183395
82.0,98.32236
81.0,99.234795
80.0,101.843666
79.0,109.42189
78.0,107.22398
77.0,105.917175
76.0,98.61441
75.0,98.04567
74.0,96.80923
125.0,99.95342
125.0,92.15554
125.0,91.51439
125.0,97.4055
125.0,100.499115
125.0,89.42338
125.0,91.65738
125.0,98.50892
125.0,93.47929
125.0,99.80593
125.0,88.62327
125.0,81.15936
125.0,86.23638
125.0,92.32024
125.0,88.61372
125.0,92.87893
125.0,88.5077
125.0,97.49643
125.0,90.556305
125.0,77.65674
125.0,75.39562
125.0,73.02224
125.0,77.04241
125.0,81.13056
125.0,79.114
125.0,86.78467
125.0,86.43073
125.0,87.71642
125.0,97.185356
125.0,100.24341
125.0,102.165306
125.0,104.07667
125.0,105.64996
125.0,108.91451
125.0,108.18464
124.0,108.40376
123.0,113.418724
122.0,115.175804
121.0,116.23303
120.0,118.40832
119.0,117.78212
118.0,117.79134
117.0,118.933014
116.0,117.830925
115.0,116.64652
114.0,116.96187
113.0,112.37075
112.0,113.12137
111.0,110.65762
110.0,89.80358
109.0,81.74712
108.0,69.82354
107.0,76.99614
106.0,72.77293
105.0,70.32314
104.0,70.22572
103.0,57.139
102.0,59.32061
101.0,65.365036
100.0,68.40708
99.0,61.942253
98.0,56.14748
97.0,60.222958
96.0,74.428894
95.0,80.31839
94.0,79.84006
93.0,89.36909
92.0,86.027306
91.0,83.31185
90.0,80.04869
89.0,79.78631
88.0,77.77863
87.0,70.47356
86.0,73.579926
85.0,71.03141
84.0,77.13359
83.0,71.30284
82.0,76.860954
81.0,78.770706
80.0,78.22633
79.0,78.13954
78.0,78.37224
77.0,82.63254
76.0,84.49675
75.0,79.87322
74.0,81.547745
73.0,81.434044
72.0,76.06865
71.0,78.17475
70.0,81.17583
69.0,74.78149
68.0,68.8689
67.0,62.75314
66.0,67.20422
65.0,70.63943
64.0,71.106125
63.0,66.817696
62.0,60.400852
61.0,59.13783
60.0,59.433174
59.0,54.34005
58.0,53.362846
57.0,45.983486
56.0,46.17426
55.0,48.419792
54.0,48.438507
53.0,46.02748
52.0,44.582603
51.0,42.09273
50.0,41.48841
125.0,91.70608
125.0,104.78131
125.0,106.48221
125.0,105.7956
125.0,107.40174
125.0,113.12146
125.0,115.523575
125.0,116.85814
125.0,117.61788
125.0,115.130295
125.0,114.340385
125.0,114.07858
125.0,114.59363
125.0,115.42676
125.0,116.957596
125.0,117.84814
125.0,116.32925
125.0,116.4698
125.0,117.22885
125.0,119.60483
125.0,120.69626
125.0,120.01115
125.0,120.69481
125.0,117.80589
125.0,119.7382
125.0,114.50562
125.0,110.04772
125.0,101.99457
125.0,95.709526
125.0,82.88348
125.0,88.879295
125.0,88.25397
125.0,94.035515
125.0,95.89141
125.0,92.36397
125.0,99.185814
125.0,95.307785
125.0,106.31218
125.0,96.35377
125.0,89.704285
125.0,86.91706
125.0,89.24598
125.0,92.36585
125.0,93.906265
125.0,104.35748
125.0,103.79503
125.0,107.03937
125.0,110.94339
125.0,106.5101
125.0,109.85416
125.0,112.19665
125.0,112.15101
125.0,111.72755
125.0,109.69668
125.0,111.403275
125.0,101.12652
125.0,98.55789
125.0,96.60238
125.0,88.479095
125.0,84.63034
125.0,80.89409
125.0,80.04899
125.0,87.18287
125.0,90.200806
125.0,83.00397
125.0,92.445854
125.0,90.16818
125.0,96.10955
125.0,89.24241
125.0,90.86449
125.0,83.92938
125.0,82.47554
125.0,91.63042
125.0,95.84681
125.0,100.26687
125.0,94.0486
125.0,100.60439
125.0,102.675865
125.0,99.7568
125.0,100.30838
125.0,108.10953
125.0,110.44705
125.0,111.76675
125.0,109.08528
125.0,108.32316
125.0,103.24525
125.0,101.42395
125.0,95.62687
125.0,89.444855
125.0,87.2367
124.0,88.25844
123.0,90.4556
122.0,96.307
121.0,100.9004
120.0,104.78752
119.0,104.86487
118.0,110.59539
117.0,111.05081
116.0,109.934875
115.0,108.566414
114.0,103.043564
113.0,105.05381
112.0,106.64228
111.0,106.745056
110.0,107.583755
109.0,105.0942
108.0,105.22917
107.0,97.93445
106.0,96.7187
105.0,95.179405
104.0,95.10121
103.0,93.75931
102.0,88.77107
101.0,84.31066
100.0,80.83136
99.0,71.496956
98.0,73.36338
97.0,71.00879
96.0,69.44056
95.0,71.04927
94.0,73.18613
93.0,69.488686
92.0,64.28709
91.0,69.83647
90.0,61.977528
89.0,59.458687
88.0,60.566856
87.0,62.676437
86.0,65.470566
85.0,63.95273
84.0,67.3829
83.0,71.899895
82.0,66.87792
81.0,64.9809
80.0,62.537006
79.0,66.59456
78.0,65.65145
77.0,58.938816
76.0,64.15202
75.0,64.08966
74.0,66.025536
73.0,63.353294
72.0,57.593792
71.0,61.25524
70.0,61.064
69.0,56.762405
68.0,56.96614
67.0,56.617847
66.0,56.061127
65.0,51.36921
64.0,46.077007
63.0,42.271183
62.0,40.70753
61.0,40.189964
60.0,37.090225
59.0,38.67819
58.0,43.801556
57.0,49.065865
56.0,51.305836
55.0,47.8625
54.0,46.598972
53.0,41.054684
52.0,30.041214
51.0,28.849571
50.0,33.786285
49.0,39.772247
48.0,42.395695
47.0,39.290035
46.0,41.558308
45.0,38.653275
44.0,41.08075
43.0,39.399426
42.0,41.296978
41.0,39.854965
40.0,37.767067
39.0,36.534985
38.0,34.01596
37.0,34.421776
36.0,33.058556
35.0,32.247524
34.0,27.782436
33.0,27.215715
32.0,26.500658
125.0,112.42469
125.0,113.27005
125.0,115.88268
125.0,117.17344
125.0,119.46379
125.0,115.231094
125.0,117.29399
125.0,117.77832
125.0,114.24858
125.0,115.41636
125.0,114.601814
125.0,114.61269
125.0,112.948746
125.0,112.997734
125.0,108.99899
125.0,107.51031
125.0,110.67549
125.0,112.42062
125.0,114.93844
125.0,118.12957
125.0,117.58726
125.0,117.303444
125.0,118.24521
125.0,117.27051
125.0,117.82948
125.0,117.21676
125.0,118.127655
125.0,117.267395
125.0,116.2164
125.0,117.343056
125.0,118.51373
125.0,118.3728
125.0,118.14425
125.0,115.72514
125.0,120.796555
125.0,118.01493
125.0,115.969666
125.0,115.82399
125.0,115.87009
125.0,116.40135
125.0,112.51222
125.0,107.78001
125.0,104.77045
125.0,106.84456
125.0,103.66251
125.0,100.743324
125.0,93.3876
125.0,98.15369
125.0,103.788506
125.0,108.76904
125.0,107.43467
125.0,106.07295
125.0,108.143654
125.0,105.78787
125.0,107.57984
125.0,106.67264
124.0,107.74658
123.0,100.56709
122.0,104.36123
121.0,109.09723
120.0,111.12917
119.0,108.28051
118.0,107.88474
117.0,106.801
116.0,109.03863
115.0,109.124016
114.0,107.37493
113.0,110.13327
112.0,108.52639
111.0,106.23412
110.0,107.72176
109.0,108.85885
108.0,108.09519
107.0,108.29383
106.0,104.99336
105.0,104.816124
104.0,106.752525
103.0,106.87933
102.0,100.44155
101.0,106.07685
100.0,105.29213
99.0,103.95295
98.0,104.7278
125.0,125.89036
125.0,125.646484
125.0,124.75709
125.0,122.939026
125.0,124.27525
125.0,122.75987
125.0,121.62672
125.0,119.83697
125.0,119.65321
125.0,118.96208
125.0,118.26413
125.0,118.97246
125.0,118.99436
125.0,117.03886
125.0,114.68723
125.0,113.24597
125.0,113.94966
125.0,113.95511
124.0,114.89589
123.0,117.18386
122.0,115.167496
121.0,114.662796
120.0,115.9316
119.0,112.6427
118.0,116.162575
117.0,117.92525
116.0,118.49444
115.0,118.58034
114.0,119.97096
113.0,120.04859
112.0,119.866035
111.0,120.250824
110.0,119.73707
109.0,120.75451
108.0,120.60846
107.0,120.87391
106.0,121.15949
105.0,119.785866
104.0,120.11204
103.0,121.59012
102.0,121.95853
101.0,122.2317
100.0,122.48715
99.0,118.28522
98.0,116.66363
97.0,112.30721
96.0,112.74481
95.0,112.130516
94.0,110.16311
93.0,110.8157
92.0,108.87092
91.0,106.953064
90.0,105.28367
89.0,103.40027
88.0,104.5933
87.0,103.60592
86.0,100.794495
85.0,102.618835
84.0,103.217285
83.0,102.957245
82.0,100.470894
81.0,98.83181
80.0,100.51148
79.0,102.03839
78.0,100.25896
77.0,98.711494
76.0,95.95394
75.0,93.68365
74.0,95.56374
73.0,105.653175
72.0,105.151184
71.0,100.00493
70.0,99.8873
69.0,94.92926
68.0,98.048035
67.0,94.58745
66.0,97.92241
65.0,90.69765
64.0,85.48681
63.0,83.64012
62.0,86.20137
61.0,85.87478
60.0,84.45412
59.0,88.90181
58.0,87.06222
57.0,85.01524
56.0,81.20034
55.0,76.779015
54.0,65.706085
53.0,66.57259
52.0,62.46004
51.0,60.845585
50.0,63.193493
49.0,55.286266
48.0,57.891384
47.0,59.558014
46.0,54.637394
45.0,53.731224
44.0,58.44319
43.0,62.974728
42.0,64.25509
41.0,57.42789
40.0,59.375504
39.0,52.39182
38.0,56.731747
37.0,60.068306
36.0,55.473255
35.0,47.672115
34.0,45.05936
33.0,48.25961
32.0,46.7484
31.0,42.752552
30.0,42.548122
29.0,40.379528
28.0,35.696228
27.0,33.415974
26.0,31.126953
25.0,26.611227
24.0,24.296057
23.0,23.3557
22.0,24.23843
21.0,21.130142
20.0,19.981989
19.0,18.363937
18.0,17.149223
17.0,16.637375
16.0,15.802776
15.0,16.293337
14.0,17.401989
13.0,15.473464
12.0,14.548159
11.0,12.222841
10.0,13.068395
125.0,118.50508
125.0,116.923645
125.0,118.93181
125.0,121.37718
125.0,121.87179
125.0,121.13469
125.0,121.188515
125.0,120.82529
125.0,121.798355
124.0,119.98395
123.0,116.268585
122.0,117.19032
121.0,119.211845
120.0,119.824715
119.0,118.576355
118.0,117.49514
117.0,117.45116
116.0,116.65171
115.0,115.821175
114.0,118.25419
113.0,119.330025
112.0,117.95711
111.0,118.573456
110.0,115.23293
109.0,114.93481
108.0,118.53583
107.0,121.09437
106.0,124.059425
105.0,123.40561
104.0,121.598
103.0,122.03807
102.0,123.63327
101.0,120.688675
100.0,120.620094
99.0,119.04555
98.0,118.7312
97.0,118.478546
96.0,117.509346
95.0,116.69148
94.0,114.49264
93.0,115.49739
92.0,116.3277
91.0,115.78684
90.0,110.17699
89.0,106.312195
88.0,106.2861
87.0,96.18836
86.0,91.59592
85.0,93.12087
84.0,98.183365
83.0,95.99231
82.0,92.89717
81.0,95.151405
80.0,91.25454
79.0,94.9126
78.0,97.65727
77.0,103.82627
76.0,103.29052
75.0,98.35314
74.0,100.73682
73.0,105.750984
72.0,102.87634
71.0,98.50019
70.0,103.84161
69.0,98.94595
68.0,99.88608
67.0,99.471535
66.0,109.08767
65.0,104.729935
64.0,103.88697
63.0,110.60836
62.0,114.14609
61.0,113.134346
60.0,107.645294
59.0,106.490234
58.0,100.790184
57.0,94.21762
56.0,92.95608
55.0,94.81209
54.0,94.71033
53.0,92.026764
52.0,76.567764
51.0,74.29384
50.0,68.04489
49.0,66.01894
48.0,62.991173
47.0,65.47822
46.0,59.0148
45.0,58.497993
44.0,60.1107
43.0,57.594845
42.0,57.220745
41.0,54.035625
40.0,55.618237
39.0,58.70408
38.0,62.574276
37.0,58.593063
36.0,61.31611
35.0,63.397907
34.0,57.93416
33.0,57.6862
32.0,55.934517
31.0,47.906376
30.0,48.24791
29.0,45.626232
28.0,45.02397
27.0,45.34612
26.0,40.83668
25.0,39.548916
24.0,41.67832
23.0,42.314766
22.0,36.372597
21.0,36.229237
20.0,36.036022
19.0,36.79107
18.0,32.514816
17.0,29.930033
16.0,26.46511
15.0,25.239138
114.0,113.42412
113.0,114.36816
112.0,113.27606
111.0,112.31453
110.0,110.12319
109.0,109.76329
108.0,106.92569
107.0,107.4473
100.0,102.91741
99.0,107.55082
98.0,105.13755
97.0,107.51195
96.0,102.735886
95.0,103.31759
94.0,100.53478
93.0,94.90308
92.0,88.30911
91.0,99.897675
90.0,98.0036
89.0,105.271866
88.0,110.21782
87.0,111.371185
86.0,112.76805
85.0,113.67708
84.0,114.06147
83.0,110.54953
82.0,112.32551
81.0,113.37504
80.0,111.27884
79.0,112.05121
78.0,107.263885
77.0,105.88114
76.0,97.06618
75.0,95.91877
74.0,93.67963
73.0,94.466736
72.0,98.03058
71.0,100.21071
70.0,93.55264
69.0,97.0534
68.0,103.569824
67.0,102.10333
66.0,102.69826
65.0,102.12422
64.0,100.55394
63.0,103.21685
62.0,99.62935
61.0,99.13043
60.0,96.534706
59.0,96.629326
58.0,101.17578
57.0,103.48454
56.0,106.69759
55.0,97.87878
54.0,103.10394
53.0,99.728516
52.0,99.3172
51.0,89.76371
50.0,87.56251
49.0,83.809875
48.0,76.66393
47.0,71.890366
46.0,71.47975
45.0,72.28392
44.0,69.35976
43.0,67.3484
42.0,78.262634
41.0,59.837677
40.0,49.93524
39.0,42.985115
38.0,41.958603
37.0,37.24639
36.0,37.538773
35.0,34.26869
34.0,35.386898
33.0,34.240158
32.0,32.635128
31.0,32.6187
30.0,32.981052
29.0,34.78359
28.0,34.848267
27.0,33.63544
26.0,36.080532
25.0,30.487885
24.0,31.549833
23.0,28.855558
22.0,27.3708
21.0,25.927723
20.0,24.862398
19.0,22.536129
18.0,21.124277
17.0,20.356556
16.0,18.31844
15.0,18.645805
14.0,18.967937
13.0,20.719334
12.0,19.228724
11.0,15.044201
10.0,10.262593
9.0,8.049254
125.0,89.11006
125.0,87.51121
125.0,78.32025
125.0,80.95707
125.0,81.987816
125.0,78.19437
125.0,75.97052
125.0,81.03537
125.0,87.54521
125.0,95.5103
125.0,103.97909
125.0,101.76953
125.0,109.29349
125.0,110.2143
125.0,114.78177
125.0,116.66269
125.0,114.1215
125.0,113.708115
125.0,112.80267
125.0,114.923546
125.0,113.849144
125.0,115.364105
125.0,111.06735
125.0,111.56694
125.0,110.43129
125.0,110.57367
125.0,108.97937
125.0,105.44554
125.0,97.139854
125.0,97.60398
125.0,94.57
125.0,94.650566
125.0,94.36428
125.0,96.83343
125.0,100.465614
125.0,101.712296
125.0,97.59887
125.0,99.59966
125.0,101.20767
125.0,98.76158
124.0,102.92753
123.0,102.68899
122.0,100.52017
121.0,100.705376
120.0,110.216644
119.0,110.90627
118.0,110.32529
117.0,108.97719
116.0,109.45519
115.0,109.61549
114.0,106.65311
113.0,106.16237
112.0,106.13876
111.0,107.47909
110.0,110.37967
109.0,108.72321
108.0,110.2591
107.0,105.80023
106.0,105.350334
105.0,102.78634
104.0,105.40808
103.0,108.16587
102.0,108.65984
101.0,108.77221
100.0,107.374176
99.0,97.13749
98.0,94.39483
97.0,96.014305
96.0,87.1865
95.0,87.61684
94.0,96.03701
93.0,95.78837
92.0,101.56962
91.0,89.47176
90.0,85.65517
89.0,80.38141
88.0,77.46763
87.0,78.74898
86.0,79.71144
85.0,81.51515
84.0,75.58342
83.0,68.900024
82.0,71.14444
81.0,69.13187
80.0,71.51004
79.0,69.45854
78.0,75.09844
77.0,74.49931
76.0,76.5183
75.0,84.89873
74.0,88.91092
73.0,91.24279
72.0,89.89291
71.0,89.54214
70.0,82.37202
69.0,79.4289
68.0,79.261086
67.0,78.51606
66.0,79.96458
65.0,77.6611
64.0,81.973236
63.0,79.40214
62.0,80.679665
61.0,73.39024
60.0,67.589165
59.0,65.69231
58.0,60.00274
57.0,66.40827
56.0,60.13703
55.0,63.531445
54.0,66.133514
53.0,68.77758
52.0,74.00234
51.0,68.9254
50.0,73.085335
49.0,72.25369
48.0,67.175026
47.0,68.06257
46.0,67.46852
45.0,64.44872
44.0,62.446377
43.0,58.850487
42.0,60.61378
41.0,59.442753
40.0,55.94299
39.0,57.057335
38.0,56.820408
37.0,49.14791
36.0,49.22218
35.0,40.196056
34.0,36.88578
33.0,40.66182
32.0,39.789597
31.0,37.007896
30.0,32.410957
29.0,26.490137
28.0,25.702063
27.0,28.036036
26.0,26.27052
25.0,23.280775
24.0,23.422651
23.0,23.954348
22.0,22.710386
21.0,19.742908
20.0,21.324516
19.0,20.288694
18.0,18.099207
17.0,16.53189
16.0,15.599712
15.0,13.207168
14.0,12.978681
13.0,12.018088
12.0,11.341587
11.0,11.543188
10.0,12.092835
9.0,11.324696
125.0,66.371605
125.0,63.74793
125.0,67.0376
125.0,70.37866
125.0,76.83425
125.0,86.552086
125.0,90.85589
125.0,97.471886
125.0,102.41975
125.0,107.506615
125.0,108.68171
125.0,109.05961
125.0,110.29986
125.0,116.225426
125.0,120.56089
125.0,123.96943
125.0,123.588005
125.0,126.57431
125.0,125.76455
125.0,128.3692
125.0,129.36021
125.0,127.978874
125.0,128.64697
125.0,126.507866
125.0,127.61204
125.0,125.78112
125.0,125.22891
125.0,125.22294
125.0,124.93172
125.0,123.674866
125.0,126.80598
125.0,127.3534
125.0,126.37856
125.0,127.58905
125.0,123.37934
125.0,122.50797
125.0,115.944664
125.0,116.04804
125.0,117.10397
125.0,115.00063
125.0,105.82631
125.0,100.72937
125.0,96.048096
125.0,96.740685
125.0,97.73048
125.0,89.530334
125.0,87.572556
125.0,89.42975
125.0,90.935135
125.0,91.126434
125.0,95.27023
125.0,95.61325
125.0,102.84169
125.0,101.18943
125.0,94.12919
125.0,94.73286
125.0,103.16551
125.0,106.08218
125.0,104.093025
125.0,103.49007
125.0,110.24671
125.0,109.77239
125.0,110.17101
125.0,106.712456
125.0,97.94687
125.0,100.88714
125.0,101.32462
125.0,108.46387
125.0,109.1356
125.0,110.89413
125.0,108.941185
125.0,110.00642
125.0,107.856705
125.0,107.64227
125.0,110.032974
125.0,109.92778
125.0,109.14547
125.0,109.174614
125.0,113.09334
125.0,113.8844
125.0,114.74254
125.0,113.65105
125.0,116.036514
125.0,113.40855
125.0,109.32394
125.0,111.45855
125.0,109.817894
125.0,107.64263
125.0,105.883415
125.0,106.68537
125.0,107.647804
125.0,99.91662
125.0,103.60562
124.0,99.44248
123.0,97.58244
122.0,104.98083
121.0,105.64772
120.0,106.65267
119.0,107.916046
118.0,107.00735
117.0,108.144394
116.0,108.07013
115.0,106.70438
114.0,106.57623
113.0,106.618454
112.0,107.59278
111.0,107.86077
110.0,109.4094
109.0,109.81928
108.0,108.97852
107.0,107.41059
125.0,126.11309
125.0,127.673965
125.0,129.63486
125.0,130.65117
125.0,127.00379
125.0,125.745026
125.0,129.65091
125.0,126.1488
125.0,122.19072
125.0,123.66417
125.0,123.94562
125.0,121.26729
125.0,118.14625
125.0,115.354866
125.0,113.574646
125.0,115.56912
125.0,116.18894
125.0,113.60981
125.0,114.29126
125.0,116.44807
125.0,113.293564
125.0,119.86687
125.0,119.27337
124.0,119.45219
123.0,119.83765
122.0,116.7528
121.0,118.65054
120.0,116.373604
119.0,115.63651
118.0,116.33881
117.0,117.79128
125.0,111.56539
125.0,112.389915
125.0,112.727325
125.0,117.118034
125.0,114.82597
125.0,114.81362
125.0,116.1369
125.0,115.39835
125.0,117.860596
125.0,116.08373
125.0,117.871796
125.0,117.59791
125.0,116.05135
125.0,117.45847
125.0,118.53313
125.0,116.44044
125.0,114.40517
125.0,116.38337
125.0,114.86653
125.0,114.60448
125.0,114.69236
125.0,111.18652
125.0,109.975815
125.0,110.87899
125.0,108.696846
125.0,110.80364
125.0,104.74501
125.0,102.817276
125.0,100.36433
125.0,95.998535
125.0,97.64625
125.0,93.55294
125.0,93.865166
125.0,95.88108
125.0,93.95682
125.0,97.39182
125.0,102.17279
125.0,99.09656
124.0,100.23335
123.0,102.86521
122.0,101.81515
121.0,101.20216
125.0,111.83586
125.0,112.89189
125.0,110.100365
125.0,108.23328
125.0,112.7804
125.0,111.28411
125.0,112.34159
125.0,113.77334
125.0,114.325935
125.0,113.709206
125.0,110.58993
125.0,109.23869
125.0,105.773994
125.0,105.129715
125.0,105.13449
125.0,111.459305
125.0,106.13844
125.0,110.32231
125.0,110.067085
125.0,111.33497
125.0,112.1988
125.0,115.05111
125.0,116.74442
125.0,116.0444
125.0,116.47741
125.0,116.22344
125.0,114.29381
125.0,113.99706
125.0,113.12667
125.0,113.41571
125.0,112.743195
125.0,104.21639
125.0,105.58579
125.0,101.03613
125.0,105.65085
125.0,97.96731
125.0,104.44561
125.0,109.72299
125.0,109.453354
124.0,110.42502
123.0,107.24312
122.0,108.20239
121.0,105.695885
120.0,103.38251
119.0,103.48233
118.0,105.35998
117.0,101.253845
116.0,101.50535
115.0,102.27437
114.0,102.83347
113.0,98.15309
112.0,102.19546
111.0,100.63998
110.0,104.17649
109.0,104.480865
108.0,103.45217
107.0,105.07511
106.0,105.3152
105.0,101.47443
104.0,101.191025
103.0,101.932594
102.0,104.96455
101.0,109.525955
100.0,110.75697
99.0,112.20369
98.0,111.404564
97.0,111.43304
96.0,112.20149
95.0,110.14089
94.0,110.44489
93.0,109.840515
92.0,109.85671
91.0,110.98228
90.0,109.91238
89.0,111.921875
88.0,111.043274
87.0,110.00026
86.0,111.306915
85.0,108.96303
84.0,108.43992
83.0,105.3631
82.0,101.55982
81.0,94.421814
80.0,94.6032
79.0,96.85306
78.0,93.41367
77.0,86.68659
76.0,81.46447
75.0,72.20828
74.0,60.53754
73.0,59.14283
72.0,58.812454
71.0,62.734245
70.0,62.537945
69.0,59.196724
68.0,51.009544
67.0,53.64666
66.0,54.6137
65.0,53.732655
64.0,50.599545
63.0,52.828266
62.0,60.886765
125.0,118.70151
125.0,118.39957
125.0,119.0114
125.0,119.539894
125.0,119.64852
125.0,118.92818
125.0,119.84777
125.0,119.98012
125.0,121.44974
125.0,120.65549
125.0,121.69183
125.0,121.95614
125.0,123.24541
125.0,123.23976
125.0,122.94223
125.0,123.42616
125.0,123.418175
125.0,122.39809
125.0,123.49792
125.0,123.20145
125.0,123.11579
125.0,121.46657
125.0,120.38722
125.0,121.17218
125.0,121.21837
125.0,121.371124
125.0,120.91589
125.0,121.50537
125.0,123.44285
125.0,122.08177
125.0,120.25879
125.0,120.302284
125.0,120.762856
125.0,122.04096
125.0,123.02695
125.0,122.00294
125.0,123.15289
125.0,121.63527
125.0,122.6707
125.0,123.38012
125.0,124.67829
125.0,125.15187
125.0,123.672585
125.0,125.053
125.0,125.44227
125.0,125.41996
125.0,123.122314
125.0,122.14086
125.0,123.02781
125.0,123.33862
125.0,123.75643
125.0,121.29103
125.0,122.00309
125.0,122.944176
125.0,123.57092
125.0,124.4656
125.0,125.18926
125.0,124.73609
125.0,126.25527
125.0,124.337585
125.0,124.367615
125.0,122.975204
125.0,124.747375
125.0,123.305626
125.0,122.687706
125.0,122.13501
125.0,122.17657
125.0,121.1488
125.0,118.95342
125.0,118.15248
125.0,117.95668
125.0,118.295364
125.0,117.89711
125.0,118.1926
125.0,120.11266
125.0,117.60988
125.0,116.97464
125.0,117.34469
125.0,119.01746
125.0,118.46232
125.0,119.9505
125.0,119.18338
125.0,118.73194
125.0,118.42975
125.0,118.37054
125.0,118.881775
125.0,119.01436
125.0,117.64353
125.0,117.06644
125.0,113.82232
125.0,113.99463
125.0,113.60401
125.0,114.63898
125.0,113.80766
125.0,113.76225
125.0,114.67598
125.0,113.75364
125.0,113.51058
125.0,109.871635
125.0,109.969444
125.0,111.9869
125.0,115.29091
125.0,116.127365
125.0,117.65013
125.0,119.93617
125.0,119.79418
125.0,121.37833
125.0,120.47522
125.0,119.66983
125.0,118.40199
125.0,118.0899
125.0,117.94456
125.0,119.185745
125.0,121.26853
125.0,120.66531
125.0,120.39162
125.0,119.75526
125.0,119.46986
125.0,117.339035
125.0,115.9814
125.0,115.30278
125.0,113.98979
125.0,113.6183
125.0,114.80444
125.0,115.622246
125.0,117.24055
125.0,113.69861
125.0,113.3852
125.0,113.06486
125.0,114.04207
125.0,113.037315
125.0,114.75986
125.0,112.59166
125.0,113.60762
125.0,112.89487
125.0,109.45293
125.0,108.432724
125.0,104.84343
125.0,102.729965
125.0,103.61568
125.0,104.2907
125.0,105.33287
125.0,108.97959
125.0,111.79731
125.0,112.84812
125.0,111.18617
125.0,104.780426
125.0,103.67162
125.0,103.63459
125.0,107.04523
125.0,102.39364
125.0,94.76128
125.0,93.20957
125.0,88.82276
125.0,88.60966
125.0,89.7218
125.0,93.49524
125.0,92.815094
125.0,97.397835
125.0,103.13861
125.0,111.0226
125.0,115.85601
125.0,117.19756
125.0,117.59459
125.0,120.75666
125.0,124.905716
125.0,123.85737
125.0,123.9562
125.0,126.953514
124.0,127.907875
123.0,127.05633
122.0,124.29602
121.0,122.17396
120.0,124.421585
119.0,125.07787
118.0,128.55972
117.0,126.43553
116.0,127.23018
115.0,125.335205
114.0,124.703865
113.0,122.58817
112.0,120.47664
111.0,118.0164
110.0,117.42044
109.0,116.09029
108.0,112.17892
107.0,111.643295
106.0,114.02958
105.0,112.75761
104.0,109.9618
103.0,104.3195
102.0,103.547554
101.0,103.57513
100.0,106.33025
99.0,104.2716
98.0,110.82255
97.0,110.564865
96.0,113.48468
95.0,114.3749
94.0,112.22783
93.0,103.278564
92.0,99.15917
91.0,98.65119
90.0,106.73408
89.0,105.980896
88.0,103.720825
87.0,99.12956
86.0,101.91962
85.0,94.281006
84.0,99.4726
83.0,104.600655
82.0,97.18668
81.0,102.99799
80.0,102.69715
79.0,103.755066
78.0,94.69871
77.0,100.02717
76.0,105.1628
75.0,103.37989
74.0,98.8098
73.0,100.42744
72.0,99.509544
71.0,97.94161
70.0,101.075836
69.0,92.32179
68.0,97.83242
67.0,89.69864
66.0,89.45637
65.0,79.28302
64.0,77.65816
63.0,73.396034
62.0,86.78115
61.0,93.36358
60.0,89.92023
59.0,89.76085
58.0,86.823845
57.0,86.488785
56.0,92.33965
55.0,89.12943
54.0,89.85476
53.0,94.83438
52.0,83.792336
51.0,87.04065
50.0,87.74805
49.0,86.71256
48.0,85.78014
47.0,83.39694
46.0,83.23876
45.0,71.7596
44.0,58.973476
43.0,62.093132
42.0,62.424442
41.0,52.831776
40.0,43.652363
39.0,40.903065
38.0,40.614326
37.0,44.50414
36.0,46.003216
125.0,119.09356
125.0,120.72547
125.0,120.46697
125.0,121.1679
125.0,121.218666
125.0,122.038345
125.0,118.93487
125.0,118.9989
125.0,119.18823
125.0,117.51115
125.0,115.945114
125.0,115.815125
125.0,114.541534
125.0,114.86739
125.0,115.73815
125.0,116.00514
125.0,117.97133
125.0,118.7601
125.0,118.58764
125.0,120.22604
125.0,119.16837
125.0,120.35899
125.0,119.559944
125.0,119.54141
125.0,120.062126
125.0,122.75995
125.0,122.36935
125.0,122.929184
125.0,123.98327
125.0,124.08789
125.0,123.95697
125.0,124.635765
125.0,124.479416
125.0,122.39271
125.0,124.90591
125.0,125.98313
125.0,123.86308
125.0,122.522095
125.0,121.555984
125.0,122.307175
125.0,121.9581
125.0,120.377686
125.0,122.172005
125.0,122.13253
125.0,122.76409
125.0,123.31431
125.0,123.65656
125.0,122.45684
125.0,122.74264
125.0,123.378174
125.0,121.968
125.0,121.87388
125.0,118.938515
125.0,120.9715
125.0,120.183105
125.0,122.35183
125.0,119.62706
125.0,117.662544
125.0,118.67655
125.0,121.086205
125.0,121.4311
125.0,122.69654
125.0,122.126366
125.0,121.37638
125.0,122.12577
125.0,120.27929
125.0,117.87439
125.0,117.61058
125.0,115.918304
125.0,117.354645
125.0,117.77509
125.0,115.49797
125.0,117.75244
125.0,118.297
125.0,118.22944
125.0,117.72465
125.0,117.076004
125.0,116.425026
125.0,116.02414
125.0,119.004166
125.0,120.342995
125.0,118.29557
125.0,118.611946
125.0,119.3108
125.0,120.60443
125.0,121.65096
125.0,119.48078
125.0,119.02124
125.0,118.21541
125.0,118.20253
125.0,117.729294
125.0,117.99912
125.0,119.304695
125.0,118.84705
125.0,117.73737
125.0,117.220024
125.0,117.42591
125.0,118.14566
125.0,118.031136
125.0,118.944756
125.0,118.40696
125.0,118.373405
125.0,119.15495
125.0,119.903305
125.0,119.082146
125.0,115.92944
125.0,114.25633
125.0,114.63607
125.0,113.98362
125.0,116.41393
125.0,116.822235
125.0,113.58742
125.0,117.66044
125.0,117.18824
125.0,117.71471
125.0,113.55303
125.0,113.660194
125.0,112.94775
125.0,111.46732
125.0,111.9049
125.0,107.73593
125.0,106.48142
125.0,109.89573
125.0,111.08071
125.0,109.87081
125.0,108.72986
125.0,108.15356
125.0,107.87245
125.0,106.107574
125.0,105.4449
125.0,102.9933
125.0,104.63395
125.0,99.45378
125.0,98.78242
125.0,95.68505
125.0,99.263405
125.0,101.41926
125.0,99.41968
125.0,99.032974
125.0,107.15364
125.0,111.270836
125.0,113.436516
125.0,117.60866
125.0,118.34065
125.0,117.93883
124.0,116.011986
123.0,118.32676
122.0,119.64171
121.0,119.83169
120.0,120.02933
119.0,118.95551
118.0,119.17125
117.0,116.595764
116.0,114.832306
115.0,115.45422
114.0,114.87422
113.0,113.44267
112.0,111.04646
111.0,108.362724
110.0,105.791824
109.0,104.81512
108.0,104.50957
107.0,93.81228
106.0,89.71244
105.0,89.09137
104.0,92.09966
103.0,94.949745
102.0,84.38423
101.0,88.16631
100.0,89.58485
99.0,86.6712
98.0,95.30077
97.0,104.206245
96.0,102.29843
95.0,99.69838
94.0,92.43209
93.0,88.6644
92.0,92.55314
91.0,92.95579
90.0,88.0587
89.0,90.286934
88.0,99.476715
87.0,103.694374
86.0,103.624855
85.0,108.919395
84.0,108.56058
83.0,106.33449
82.0,99.62918
81.0,98.618484
110.0,125.29606
109.0,124.36514
108.0,124.271996
107.0,122.809456
106.0,123.07858
105.0,122.990486
104.0,124.25276
103.0,124.9824
102.0,125.32936
101.0,124.21815
100.0,124.23297
99.0,123.017494
98.0,122.553925
97.0,124.125015
96.0,124.274216
95.0,123.20484
94.0,124.03528
93.0,123.41072
92.0,122.063255
91.0,122.01826
90.0,122.12945
89.0,122.527145
88.0,122.39111
87.0,121.645874
86.0,121.85227
85.0,121.65251
84.0,122.69384
83.0,121.56356
82.0,120.824776
81.0,120.28764
80.0,117.899704
79.0,117.81158
78.0,116.91691
77.0,115.69437
76.0,114.56006
75.0,113.786255
74.0,114.78592
73.0,117.04721
72.0,118.99776
71.0,117.97134
70.0,119.73354
69.0,120.207306
68.0,120.990326
67.0,123.10395
66.0,122.64654
65.0,122.611336
64.0,123.75911
63.0,122.404106
62.0,121.49528
61.0,120.85369
60.0,119.75733
59.0,119.351074
58.0,119.15105
57.0,115.64584
56.0,113.69851
55.0,112.600914
54.0,110.08722
53.0,107.99864
52.0,107.29739
51.0,105.97161
50.0,101.84492
49.0,100.98477
48.0,95.8511
47.0,94.36525
46.0,91.25553
45.0,91.114815
44.0,85.73905
43.0,88.18374
42.0,85.58448
41.0,84.57635
40.0,86.659424
39.0,82.530304
38.0,84.79841
37.0,82.16286
36.0,81.900154
35.0,84.731186
34.0,87.91326
33.0,81.222435
32.0,71.01639
31.0,68.018196
30.0,63.903572
29.0,62.644913
28.0,61.295017
27.0,57.353966
26.0,50.57878
25.0,38.435356
24.0,35.02936
23.0,33.043407
22.0,30.156597
21.0,29.833614
20.0,28.699305
19.0,25.801405
18.0,26.222425
17.0,28.176546
16.0,28.522789
15.0,25.044952
14.0,22.05993
13.0,22.18608
12.0,19.644592
11.0,19.905697
10.0,18.668562
125.0,119.7282
125.0,119.80852
125.0,117.188255
125.0,115.20702
125.0,117.16713
124.0,114.78683
123.0,115.28807
122.0,111.63501
121.0,106.59458
120.0,103.33589
119.0,104.0267
118.0,96.69467
117.0,103.38001
116.0,109.69623
115.0,108.041306
114.0,104.526726
113.0,107.753044
112.0,104.93683
111.0,107.20983
110.0,107.78522
109.0,113.63729
108.0,113.43842
107.0,115.8726
106.0,117.066536
105.0,117.729004
104.0,121.93471
103.0,122.703285
102.0,120.05085
101.0,121.79139
100.0,120.058205
99.0,116.759964
98.0,112.13583
97.0,99.68092
96.0,94.528175
95.0,85.314415
94.0,80.141136
93.0,80.085526
92.0,74.25328
91.0,70.74998
90.0,62.0927
89.0,59.825615
88.0,60.37921
87.0,61.433765
86.0,65.43121
85.0,68.245926
84.0,69.10716
83.0,77.26117
82.0,73.19662
81.0,75.49388
80.0,80.8142
79.0,88.342926
78.0,87.84694
77.0,90.92479
76.0,94.7463
75.0,104.74135
74.0,111.46928
73.0,113.427055
72.0,110.83407
71.0,107.7173
70.0,114.86206
69.0,114.298386
68.0,118.81947
67.0,114.41823
66.0,110.512314
65.0,104.327255
64.0,101.55264
63.0,102.282455
62.0,95.56201
61.0,90.44318
60.0,89.24698
59.0,93.449135
58.0,94.65446
57.0,87.16355
56.0,73.725945
55.0,67.36511
54.0,60.667118
53.0,67.98679
52.0,63.21969
51.0,66.05449
125.0,119.7728
125.0,120.830025
125.0,120.88048
125.0,121.24158
125.0,119.836945
125.0,118.18515
125.0,117.24505
125.0,119.5998
125.0,120.19918
125.0,122.3372
125.0,123.14498
125.0,123.32109
125.0,123.90833
125.0,124.826065
125.0,124.600075
125.0,112.28467
125.0,107.14645
125.0,105.4204
125.0,106.34915
125.0,101.34923
125.0,98.80771
125.0,99.08167
125.0,102.03103
125.0,100.70352
125.0,110.691216
125.0,107.23622
125.0,103.43925
125.0,105.6367
125.0,100.727554
125.0,102.861855
125.0,97.89126
125.0,96.76998
125.0,100.946884
125.0,104.271706
125.0,108.156815
125.0,108.64698
125.0,109.1891
125.0,105.49111
125.0,108.39247
125.0,105.907936
125.0,109.72769
125.0,111.427574
125.0,113.08902
125.0,112.94127
125.0,114.90307
125.0,111.50648
125.0,109.32843
125.0,113.73954
125.0,111.1234
125.0,102.79444
125.0,106.11742
125.0,109.18287
125.0,111.088264
125.0,107.30301
125.0,109.053055
125.0,102.59041
125.0,87.16777
125.0,93.86201
125.0,91.36462
125.0,96.82014
125.0,104.112335
125.0,97.929214
125.0,99.87097
125.0,99.123795
125.0,99.18843
125.0,103.81146
125.0,108.43753
125.0,105.651146
125.0,105.90026
125.0,107.56224
125.0,103.10502
125.0,102.61752
125.0,104.013954
125.0,109.40652
125.0,109.60083
125.0,109.96621
125.0,112.7424
125.0,113.04847
125.0,112.0613
125.0,106.67681
125.0,110.15043
125.0,113.59753
125.0,117.37115
125.0,117.0415
125.0,117.70832
125.0,112.39918
125.0,110.93151
125.0,110.45567
125.0,110.82787
125.0,111.43025
125.0,112.781906
125.0,108.39156
124.0,106.22447
123.0,102.42729
122.0,98.08365
121.0,98.37143
120.0,96.09958
119.0,89.1334
118.0,77.928444
117.0,76.553116
116.0,75.53658
115.0,71.33335
114.0,68.440125
113.0,70.10031
112.0,65.19922
111.0,69.44328
110.0,66.63627
109.0,66.27902
108.0,68.91169
107.0,67.01059
106.0,78.70609
105.0,93.76166
104.0,97.962685
103.0,101.24301
102.0,99.10546
101.0,95.83991
100.0,99.751305
99.0,103.00446
98.0,110.112526
97.0,103.36913
96.0,99.947685
95.0,97.56421
94.0,95.174644
93.0,98.16607
92.0,98.19627
91.0,100.394356
90.0,106.802605
89.0,103.2446
88.0,105.84374
87.0,103.63259
86.0,105.49345
85.0,98.77272
84.0,100.922195
83.0,103.462074
82.0,105.04256
81.0,102.93003
80.0,103.75856
79.0,102.12242
125.0,107.59827
125.0,111.80828
125.0,110.84258
125.0,112.03756
125.0,113.17784
125.0,115.299866
125.0,119.60067
125.0,116.91547
125.0,119.27172
125.0,116.58857
125.0,118.36382
125.0,116.56682
125.0,119.34621
125.0,117.39316
125.0,119.42296
125.0,121.0777
125.0,118.671
125.0,116.77616
125.0,118.23944
125.0,119.910164
125.0,116.33092
125.0,114.992
125.0,114.59717
125.0,114.30912
125.0,114.61174
125.0,112.46019
125.0,111.66277
125.0,110.23678
125.0,111.67169
125.0,106.90176
125.0,109.04126
125.0,113.05345
125.0,114.18714
125.0,116.71794
125.0,110.66549
125.0,109.83315
125.0,110.19907
125.0,105.30151
125.0,110.34452
125.0,109.555336
125.0,111.47162
125.0,113.50032
125.0,113.37767
125.0,116.430725
125.0,115.66024
125.0,116.99287
125.0,119.25618
125.0,120.26788
125.0,120.9982
125.0,119.71112
125.0,117.95092
125.0,118.99191
125.0,119.85527
125.0,118.4187
125.0,119.73413
125.0,120.57589
125.0,119.14298
125.0,117.471344
125.0,121.94331
125.0,118.0034
125.0,119.123764
125.0,118.87235
125.0,118.88299
125.0,118.764755
125.0,116.87097
125.0,112.74945
125.0,107.713806
125.0,111.79275
125.0,112.91433
125.0,114.76932
125.0,114.56209
125.0,115.09056
125.0,115.1542
125.0,113.13228
125.0,112.86103
125.0,115.45955
125.0,116.61261
125.0,118.3276
125.0,116.94677
125.0,113.185326
125.0,108.953445
125.0,112.68894
125.0,111.89871
125.0,111.44042
125.0,108.68694
125.0,115.248764
125.0,111.8454
125.0,114.1172
125.0,115.46567
125.0,114.75007
125.0,115.11596
125.0,106.72162
125.0,109.81576
125.0,114.06476
125.0,112.550476
125.0,107.477104
125.0,101.20175
125.0,104.64755
125.0,101.80555
125.0,96.04234
125.0,97.91048
125.0,102.093254
125.0,103.13759
125.0,102.43296
125.0,103.083015
125.0,106.03469
125.0,114.59361
125.0,116.83104
125.0,119.32962
125.0,114.984886
125.0,110.85478
125.0,114.01309
125.0,114.13682
125.0,112.43174
125.0,111.782814
125.0,114.389206
125.0,116.26539
125.0,117.84543
125.0,116.97509
125.0,117.71031
125.0,116.03174
125.0,111.43094
125.0,108.947075
125.0,102.0643
125.0,95.665764
125.0,96.68385
125.0,95.583435
125.0,86.10799
125.0,82.84563
125.0,83.83195
125.0,82.54252
125.0,87.0124
125.0,92.445274
125.0,94.35812
125.0,98.4502
125.0,93.26593
125.0,102.87962
125.0,104.50059
125.0,108.89596
125.0,107.42092
125.0,101.83106
125.0,107.951546
125.0,107.66282
125.0,104.7207
125.0,100.03282
125.0,103.40665
125.0,108.42796
124.0,108.03208
123.0,109.362976
122.0,112.25426
121.0,110.31722
120.0,111.490295
119.0,111.68838
118.0,113.32108
117.0,113.69161
116.0,111.76084
115.0,110.21271
114.0,100.27871
113.0,95.03097
112.0,99.49187
111.0,90.86341
110.0,94.14486
109.0,92.0173
108.0,99.95281
107.0,98.57052
106.0,95.71283
105.0,99.941055
104.0,99.56736
103.0,93.32897
102.0,88.74964
101.0,84.86492
100.0,83.969574
99.0,80.18585
98.0,83.372826
97.0,85.15478
96.0,82.77493
95.0,84.657814
94.0,88.704834
93.0,87.163574
92.0,86.411865
125.0,127.08998
125.0,126.354
125.0,124.730095
125.0,124.210434
125.0,114.98421
125.0,109.00958
125.0,97.53682
125.0,92.80518
125.0,93.95713
125.0,100.72716
125.0,98.12588
125.0,91.280594
125.0,91.41125
125.0,82.0375
125.0,80.38209
125.0,81.36414
125.0,78.35313
125.0,81.06007
125.0,80.06381
125.0,85.0386
125.0,89.403534
125.0,100.36168
125.0,103.809456
125.0,105.530525
124.0,110.786415
123.0,113.843834
122.0,114.76149
121.0,114.28539
120.0,115.2864
119.0,116.82233
118.0,118.131805
117.0,118.536316
116.0,118.243454
115.0,117.9128
114.0,113.02173
113.0,107.5476
112.0,108.71867
111.0,103.52584
110.0,108.44674
109.0,112.15442
108.0,108.26575
107.0,106.331474
106.0,110.351654
105.0,98.97966
104.0,92.61156
103.0,84.34334
102.0,82.59004
101.0,80.174484
100.0,76.94502
99.0,88.84545
98.0,95.42571
97.0,106.29191
96.0,109.88172
95.0,109.4776
94.0,108.94526
93.0,111.443436
92.0,113.74652
91.0,113.90317
90.0,113.604164
89.0,115.72354
88.0,115.08746
87.0,115.4054
86.0,114.99601
85.0,114.92735
84.0,113.32042
83.0,107.120865
82.0,107.568924
81.0,104.52947
80.0,100.148155
79.0,98.53544
78.0,90.753204
77.0,90.61761
76.0,92.01803
75.0,85.165
74.0,72.58777
73.0,66.07703
72.0,66.08995
71.0,57.595715
70.0,60.925102
69.0,54.696827
68.0,54.071224
67.0,63.28202
66.0,73.38166
65.0,73.535
64.0,75.53548
63.0,76.572685
62.0,86.83535
61.0,86.057014
60.0,87.51094
59.0,91.00727
58.0,87.96007
57.0,91.013306
56.0,93.25499
55.0,89.86871
54.0,86.74808
53.0,78.853195
52.0,75.840256
51.0,73.32396
50.0,67.693634
49.0,66.49604
48.0,48.041126
47.0,35.848442
46.0,31.912006
45.0,30.953955
44.0,31.666428
43.0,32.98305
42.0,34.82755
41.0,33.715496
40.0,33.267826
39.0,36.116127
38.0,36.44188
37.0,41.042683
36.0,40.136524
35.0,41.52255
34.0,42.389523
33.0,43.82597
32.0,43.915398
31.0,40.817585
30.0,37.61311
29.0,34.433994
28.0,33.708508
27.0,33.063553
26.0,27.968285
25.0,23.898836
24.0,26.364119
23.0,25.316727
22.0,24.384409
21.0,23.714306
20.0,21.504766
19.0,17.787561
18.0,16.028341
17.0,12.980331
16.0,12.99075
15.0,12.428196
14.0,11.557898
13.0,10.590108
12.0,11.271011
11.0,10.90522
10.0,9.980882
9.0,10.072331
8.0,10.445165
125.0,90.02129
125.0,85.619484
125.0,81.5753
125.0,80.5133
125.0,72.91736
125.0,75.80502
125.0,82.2404
125.0,85.34628
125.0,88.50659
125.0,88.903625
125.0,94.63812
125.0,93.13111
125.0,100.92739
125.0,100.35058
125.0,108.120834
125.0,104.33282
125.0,104.98758
125.0,105.54128
125.0,105.863594
125.0,103.64651
125.0,115.81447
125.0,120.94108
125.0,122.26532
125.0,120.09763
125.0,121.55507
125.0,124.09788
125.0,122.876686
125.0,120.79387
125.0,119.39463
125.0,117.08756
125.0,116.355484
125.0,114.91528
125.0,112.51001
125.0,109.44756
125.0,105.78044
125.0,105.650696
125.0,108.3942
125.0,110.44658
125.0,111.011955
125.0,107.75667
125.0,107.11689
125.0,106.221054
125.0,107.80081
125.0,112.03329
125.0,114.81981
125.0,118.208725
125.0,119.83437
125.0,119.866035
125.0,119.06534
125.0,120.877716
125.0,121.32771
125.0,122.11027
125.0,125.2795
125.0,126.77957
125.0,123.36504
125.0,121.30434
125.0,121.68435
125.0,119.97751
125.0,122.38464
125.0,121.64261
125.0,120.367966
125.0,119.84534
125.0,115.69113
125.0,114.638855
125.0,114.82851
125.0,112.93064
125.0,114.26626
125.0,115.84448
125.0,115.012665
125.0,112.64717
125.0,111.49498
125.0,110.4135
125.0,108.66102
125.0,108.15187
125.0,108.66217
125.0,111.58809
125.0,111.50715
125.0,110.91196
125.0,110.6889
125.0,111.40685
125.0,112.89444
125.0,113.36738
125.0,114.360756
125.0,113.25065
125.0,112.80233
125.0,113.024864
125.0,113.420975
125.0,113.66843
125.0,113.446075
125.0,112.94324
125.0,111.27937
125.0,108.72747
125.0,112.88034
125.0,110.14819
125.0,111.67958
125.0,112.68044
125.0,114.87071
125.0,115.70046
125.0,118.87809
125.0,119.18701
125.0,121.172165
125.0,124.46561
125.0,124.47993
125.0,123.67696
125.0,123.72726
125.0,124.64658
125.0,124.405495
125.0,125.70839
125.0,125.01904
125.0,125.85616
125.0,125.99362
125.0,126.418144
125.0,124.457924
125.0,125.27239
125.0,124.59602
125.0,125.098946
125.0,124.025665
125.0,123.53376
125.0,124.50771
125.0,125.259026
125.0,125.458984
125.0,123.0678
125.0,121.93483
125.0,121.26234
125.0,124.89063
125.0,124.94176
125.0,124.82562
125.0,123.40767
125.0,122.99972
125.0,117.85749
125.0,118.41648
125.0,118.027695
125.0,117.61335
125.0,116.791595
125.0,117.145035
125.0,116.0797
125.0,117.54268
125.0,116.306145
125.0,118.024864
125.0,119.31561
125.0,119.38282
125.0,119.39755
125.0,117.61947
125.0,116.78633
125.0,115.6463
125.0,117.755165
125.0,117.54291
125.0,117.12588
125.0,118.378555
125.0,120.7795
125.0,120.90145
125.0,120.567375
125.0,120.511955
125.0,121.84887
125.0,123.94059
125.0,121.71141
125.0,122.50475
125.0,119.27476
125.0,118.54731
125.0,115.64521
125.0,114.48983
125.0,113.83329
125.0,114.77938
125.0,114.54312
125.0,115.70993
125.0,114.67756
125.0,115.749535
125.0,113.29847
125.0,114.833374
125.0,114.05553
125.0,113.92899
125.0,113.2587
125.0,112.4356
125.0,108.22033
125.0,110.53898
125.0,110.85775
125.0,112.084946
125.0,112.8638
125.0,116.188774
125.0,118.91397
125.0,118.92123
125.0,117.89448
125.0,119.66447
125.0,121.17422
125.0,121.47797
125.0,121.21115
125.0,121.2692
125.0,118.65257
125.0,123.23911
125.0,123.57267
125.0,121.20145
125.0,120.44944
125.0,120.791565
125.0,119.55044
125.0,115.696396
125.0,114.01027
125.0,115.73417
125.0,113.774155
125.0,111.91877
125.0,112.07078
125.0,113.395134
125.0,114.454575
125.0,113.2964
125.0,110.709274
125.0,112.640656
125.0,109.001434
125.0,108.12138
125.0,105.390366
125.0,111.1028
125.0,113.06574
125.0,111.872
125.0,112.61126
125.0,116.06658
125.0,118.53034
125.0,122.03688
125.0,121.36559
125.0,120.59892
125.0,120.257965
125.0,122.61602
125.0,122.101585
125.0,120.614075
125.0,120.5864
125.0,122.04257
125.0,119.95504
125.0,113.60929
125.0,113.98373
125.0,113.442764
125.0,112.512634
125.0,107.57168
125.0,109.03439
125.0,106.07094
125.0,103.43482
125.0,100.66701
125.0,98.852196
125.0,95.12156
125.0,88.368385
125.0,88.27781
125.0,88.10943
125.0,87.39503
125.0,87.02831
125.0,76.72585
125.0,73.226845
125.0,81.942
125.0,80.61195
125.0,85.28536
125.0,87.2068
124.0,88.30245
123.0,95.20545
122.0,89.66272
121.0,93.36762
120.0,96.11598
119.0,100.850006
118.0,107.46768
117.0,110.70296
116.0,109.94621
115.0,113.428566
114.0,116.84395
113.0,117.761055
112.0,118.56721
111.0,117.67507
110.0,116.10352
109.0,116.50312
108.0,118.95278
107.0,115.72216
125.0,122.02231
125.0,123.62148
125.0,123.42434
125.0,122.712425
125.0,122.637566
125.0,122.19796
125.0,121.67545
125.0,121.51913
125.0,122.349976
125.0,123.76689
125.0,122.25201
125.0,123.70984
125.0,123.157616
125.0,123.30373
125.0,122.71616
125.0,122.261314
125.0,122.2183
125.0,123.226105
125.0,123.16484
125.0,123.09755
125.0,122.28731
124.0,122.08795
123.0,123.49577
122.0,122.69238
121.0,121.59497
120.0,120.62318
119.0,121.13371
118.0,119.35802
117.0,120.01691
116.0,116.11867
115.0,115.22295
114.0,115.10018
113.0,115.84532
112.0,113.04334
111.0,112.82655
110.0,111.950874
109.0,108.257866
108.0,107.76563
107.0,109.010284
106.0,109.4536
105.0,108.69492
104.0,109.55674
103.0,108.205956
102.0,108.72421
101.0,109.285416
100.0,110.659134
99.0,107.50008
98.0,107.83512
97.0,108.868515
96.0,109.104996
95.0,112.28982
94.0,113.11087
93.0,113.48703
92.0,115.48229
91.0,115.755554
90.0,113.43899
89.0,114.80933
88.0,114.12402
87.0,115.45853
86.0,114.01095
85.0,115.58011
84.0,117.78988
83.0,117.52984
82.0,116.72834
81.0,117.033844
80.0,117.179054
79.0,115.87284
78.0,116.066345
77.0,115.461845
76.0,113.41461
75.0,112.98016
74.0,110.15349
73.0,108.800804
72.0,110.49389
71.0,110.55596
70.0,109.79431
69.0,109.996445
68.0,108.72484
67.0,105.51774
66.0,102.443306
65.0,104.367294
64.0,101.894455
63.0,98.43078
62.0,101.32151
61.0,99.77862
60.0,95.38767
59.0,88.80103
58.0,79.01071
57.0,75.39676
56.0,67.80339
55.0,69.735146
54.0,68.21986
53.0,61.812542
52.0,63.645065
51.0,61.19848
50.0,65.44
49.0,64.53868
48.0,56.00542
47.0,47.15992
46.0,42.6162
45.0,44.972187
44.0,40.128696
43.0,55.629696
42.0,63.615402
41.0,67.85828
40.0,68.24543
39.0,72.23407
38.0,75.1813
37.0,67.329315
36.0,66.54173
35.0,61.518127
34.0,63.97943
33.0,63.877583
32.0,53.059303
31.0,53.30339
30.0,63.025154
29.0,69.07282
28.0,60.523167
27.0,55.21034
26.0,60.403355
25.0,64.85875
24.0,59.741768
23.0,49.08268
22.0,48.517056
21.0,42.7632
20.0,37.715126
19.0,33.82167
18.0,26.970882
17.0,24.679289
16.0,22.226908
96.0,112.321205
95.0,109.10209
94.0,113.14378
93.0,115.76986
92.0,118.46487
91.0,116.481094
90.0,117.94721
89.0,119.62228
88.0,118.14012
87.0,115.35156
86.0,115.02998
85.0,114.42743
84.0,115.04767
83.0,112.945206
82.0,112.785095
81.0,110.62609
80.0,109.01342
79.0,102.272
78.0,94.64731
77.0,97.146545
76.0,97.701035
75.0,98.66286
74.0,96.64017
73.0,93.42591
72.0,92.74683
71.0,94.200935
70.0,89.369286
69.0,88.83226
68.0,94.1707
125.0,124.647545
125.0,123.720146
125.0,124.51436
125.0,122.59664
125.0,122.30187
125.0,122.76554
125.0,118.274635
125.0,115.97878
125.0,117.338264
125.0,118.48924
125.0,116.21126
125.0,116.49574
125.0,115.29586
125.0,115.6265
125.0,115.62593
125.0,115.48143
125.0,118.70042
125.0,118.424515
125.0,121.75593
125.0,120.19903
125.0,119.26687
125.0,120.6994
125.0,124.3903
125.0,119.462105
125.0,118.95021
125.0,116.587234
125.0,116.44026
125.0,116.57724
125.0,112.5374
125.0,114.07025
125.0,113.87568
125.0,108.42172
125.0,107.45753
124.0,108.83177
123.0,103.407135
122.0,107.73122
121.0,104.83661
120.0,101.311516
119.0,101.492966
118.0,99.02023
117.0,98.92216
116.0,106.503075
115.0,109.61958
114.0,110.29971
113.0,110.783936
112.0,111.65143
111.0,112.58571
110.0,112.8597
109.0,113.32262
108.0,114.70704
107.0,113.6626
106.0,114.582565
105.0,115.80015
104.0,117.40627
103.0,117.1371
102.0,118.36829
101.0,118.95933
100.0,120.986725
99.0,120.23214
98.0,120.116165
97.0,122.17174
96.0,119.40899
95.0,120.15656
94.0,115.98113
93.0,111.70983
92.0,101.06089
91.0,92.24714
90.0,78.82121
89.0,72.45814
88.0,70.101715
87.0,77.448944
86.0,79.89744
85.0,79.39982
84.0,75.74971
83.0,75.487404
82.0,74.36201
81.0,76.08781
80.0,77.87524
79.0,83.3958
78.0,86.35419
77.0,88.83914
76.0,88.63964
75.0,95.796875
74.0,98.29783
73.0,99.39221
72.0,100.65228
71.0,101.890465
70.0,103.0134
69.0,100.19867
68.0,95.42214
67.0,98.96081
66.0,98.32181
65.0,102.35148
64.0,97.47578
63.0,94.71451
62.0,96.10287
61.0,97.461754
60.0,97.80028
59.0,94.433784
58.0,96.43896
57.0,97.69968
56.0,89.98259
55.0,90.15707
54.0,88.71531
53.0,90.20659
52.0,91.13927
51.0,77.16808
50.0,78.68988
49.0,82.66546
48.0,79.34174
47.0,74.82854
46.0,73.300575
45.0,73.89083
44.0,70.918915
43.0,66.483154
42.0,65.458435
41.0,55.144363
40.0,52.371353
39.0,53.384758
38.0,50.01537
37.0,51.396027
36.0,53.8302
35.0,59.15104
34.0,53.54584
33.0,64.10861
32.0,66.03575
31.0,63.04045
30.0,58.319366
29.0,54.183666
28.0,52.978775
27.0,50.309887
26.0,46.38014
25.0,47.078575
24.0,44.21895
23.0,41.26245
22.0,37.91492
21.0,32.469936
20.0,35.81505
19.0,32.19312
18.0,28.181276
17.0,26.024155
16.0,23.214664
15.0,21.408354
14.0,19.124287
13.0,19.811695
12.0,17.823858
11.0,15.837347
10.0,15.532171
9.0,14.1796
8.0,12.211653
125.0,110.15602
125.0,116.15672
125.0,118.135376
125.0,115.74583
125.0,113.49891
125.0,113.03339
125.0,111.699585
125.0,112.69109
125.0,111.51323
125.0,110.24437
125.0,111.45003
125.0,115.123604
125.0,114.342155
125.0,112.45378
125.0,108.969055
125.0,100.90533
125.0,95.94065
125.0,99.37877
125.0,103.20669
125.0,107.44118
125.0,109.10603
125.0,104.504456
125.0,100.70345
125.0,101.54356
125.0,99.34228
125.0,103.62393
125.0,109.669846
125.0,111.89254
125.0,115.6367
125.0,119.562584
125.0,114.24826
125.0,119.78991
125.0,119.3397
125.0,116.3939
125.0,111.20826
125.0,118.39257
125.0,122.17512
125.0,122.18031
125.0,123.53599
125.0,123.33695
125.0,120.43031
125.0,122.22743
125.0,118.945206
125.0,117.84736
125.0,110.41697
125.0,103.07999
125.0,96.88234
125.0,100.75911
125.0,104.45488
125.0,111.95298
125.0,113.9948
125.0,113.64779
125.0,114.83624
125.0,116.12032
125.0,115.50432
125.0,115.82272
125.0,115.98121
125.0,114.904144
125.0,116.41937
125.0,116.420334
125.0,116.357056
125.0,116.37881
125.0,117.53499
125.0,118.12301
125.0,119.79063
125.0,120.99575
125.0,121.18214
125.0,121.27097
125.0,121.37044
125.0,121.903755
125.0,121.868706
125.0,121.91057
125.0,119.54321
125.0,120.467064
125.0,119.50678
125.0,120.218834
125.0,118.609535
125.0,117.70676
125.0,118.20279
125.0,118.31366
125.0,118.08845
125.0,116.36465
125.0,116.42151
125.0,118.27128
125.0,119.92484
125.0,118.638824
125.0,119.3706
125.0,117.830505
125.0,118.56722
125.0,116.761925
125.0,114.20183
125.0,112.53877
125.0,112.90745
125.0,115.05084
125.0,115.026634
125.0,113.38073
125.0,112.81488
125.0,112.11129
125.0,111.841446
125.0,112.98518
125.0,114.665726
125.0,117.95866
125.0,115.83479
125.0,118.22456
125.0,118.14142
125.0,119.84108
125.0,120.50992
125.0,118.00475
125.0,118.106964
125.0,117.227684
125.0,115.33652
125.0,112.016815
125.0,111.98441
125.0,112.34018
125.0,111.889336
125.0,111.7543
125.0,112.50166
125.0,111.96775
125.0,116.29611
125.0,113.57655
125.0,113.63177
125.0,112.8223
125.0,111.77231
125.0,112.89033
125.0,111.93832
125.0,109.20078
125.0,107.18711
125.0,101.99119
125.0,108.01221
125.0,106.94977
125.0,108.1892
125.0,110.03248
125.0,112.11442
125.0,110.31159
125.0,111.36689
125.0,113.21295
125.0,114.21516
125.0,112.02543
125.0,111.135086
125.0,108.86226
125.0,106.42859
125.0,105.61725
125.0,100.29268
125.0,103.69855
125.0,106.55602
125.0,102.49911
125.0,95.02873
125.0,93.30236
125.0,97.74769
125.0,96.521866
125.0,92.01368
125.0,86.220955
125.0,80.92391
125.0,87.06861
125.0,92.62549
125.0,99.69032
125.0,100.40606
125.0,100.805916
125.0,102.14097
125.0,105.48619
125.0,104.11121
125.0,109.37931
125.0,111.89388
125.0,107.74165
125.0,113.70351
125.0,113.02078
125.0,112.9879
125.0,113.19781
125.0,114.280815
125.0,112.72414
125.0,113.70616
125.0,114.63048
124.0,112.693596
123.0,110.974884
122.0,113.41025
121.0,113.38406
120.0,111.630554
119.0,102.09433
118.0,98.05695
117.0,95.319695
116.0,86.775276
115.0,89.96848
114.0,83.35314
113.0,77.90523
112.0,79.492584
111.0,88.24724
110.0,83.54846
109.0,84.14847
108.0,84.39522
107.0,89.86009
106.0,93.10492
105.0,99.12824
104.0,100.89601
103.0,104.98343
102.0,107.88596
101.0,111.783195
100.0,113.41688
99.0,115.11459
98.0,116.73856
97.0,118.3155
96.0,118.99729
95.0,117.32299
94.0,114.79664
93.0,112.28305
92.0,109.6628
91.0,110.34929
90.0,108.80222
89.0,105.67305
88.0,103.67808
87.0,93.3785
86.0,83.14328
85.0,86.20124
84.0,71.55142
83.0,65.90621
125.0,114.94153
125.0,116.75782
125.0,117.727905
125.0,117.236206
125.0,118.03088
125.0,117.84481
125.0,120.40843
125.0,117.1603
125.0,118.98931
125.0,119.68364
125.0,123.489815
125.0,123.35373
125.0,122.874084
125.0,124.11802
125.0,121.675964
125.0,122.926285
125.0,120.27759
125.0,117.676865
125.0,115.56792
125.0,116.7041
125.0,116.570274
125.0,114.70525
125.0,117.75773
125.0,120.85826
125.0,124.24389
125.0,124.16439
125.0,125.11021
125.0,124.78565
125.0,123.13383
125.0,123.846924
125.0,125.68982
125.0,127.30062
125.0,128.43657
125.0,128.08038
125.0,127.241295
125.0,126.10062
125.0,127.932816
125.0,127.0706
125.0,127.31336
125.0,124.844505
125.0,122.646965
125.0,120.479805
125.0,115.25338
125.0,113.721054
125.0,109.50435
125.0,107.61676
125.0,102.706276
125.0,102.65679
125.0,98.0108
125.0,88.314804
125.0,88.25235
125.0,88.694496
125.0,90.01341
125.0,90.75756
125.0,93.17586
125.0,90.283936
125.0,95.357124
125.0,97.59244
125.0,97.52947
125.0,100.78148
125.0,101.77898
125.0,100.77593
125.0,103.71563
125.0,96.25275
124.0,105.75107
123.0,106.97125
122.0,111.70369
121.0,116.67861
120.0,113.03813
119.0,115.99774
118.0,118.10272
117.0,117.9984
116.0,116.75758
115.0,115.29951
114.0,115.94584
113.0,121.89438
112.0,119.148315
111.0,118.63927
110.0,114.88675
109.0,111.85272
125.0,129.00127
125.0,127.222496
125.0,126.488205
125.0,125.99423
125.0,124.51608
125.0,124.56033
125.0,124.05286
125.0,123.28476
125.0,122.13545
125.0,122.70485
125.0,123.840675
125.0,123.575035
125.0,123.27021
125.0,123.107254
125.0,124.06359
125.0,123.360504
125.0,123.17153
125.0,125.602234
125.0,126.17469
125.0,126.04232
125.0,124.68609
125.0,124.38056
125.0,125.21942
125.0,124.625725
125.0,124.708015
125.0,124.8877
125.0,126.44227
125.0,125.80815
125.0,125.227806
125.0,124.99769
125.0,124.32403
125.0,124.73963
125.0,124.10291
125.0,123.52793
125.0,124.504425
125.0,123.89313
125.0,123.11166
125.0,123.363785
125.0,122.149734
125.0,124.17448
125.0,126.8511
125.0,127.93915
125.0,127.62171
125.0,128.5954
125.0,128.35219
125.0,127.81101
125.0,127.04197
125.0,127.35547
125.0,128.09737
125.0,127.62797
125.0,127.606285
125.0,126.89723
125.0,125.02794
125.0,124.482925
125.0,125.338776
125.0,124.65377
125.0,124.87318
125.0,123.7298
125.0,123.16516
125.0,122.291145
125.0,121.9404
125.0,121.64001
125.0,122.27413
125.0,120.87617
125.0,121.52825
125.0,121.166084
125.0,121.79192
125.0,122.31792
125.0,120.984825
125.0,121.93547
125.0,122.38403
125.0,122.25047
125.0,121.67496
125.0,120.59386
125.0,117.80513
125.0,117.286415
125.0,115.95694
125.0,116.49227
125.0,116.09633
125.0,118.75681
125.0,122.564926
125.0,123.826805
125.0,123.15371
125.0,122.54058
125.0,122.895355
125.0,122.43957
125.0,121.647316
125.0,120.860115
125.0,122.28912
125.0,121.66823
125.0,123.08012
125.0,122.48177
125.0,122.33137
125.0,122.102425
125.0,122.59508
125.0,122.582306
125.0,123.523895
125.0,123.51132
125.0,122.46761
125.0,123.410065
125.0,122.75611
125.0,122.05017
125.0,121.79843
125.0,121.411766
125.0,119.271095
125.0,117.9115
125.0,116.91652
125.0,115.555595
125.0,113.698685
125.0,114.3294
125.0,115.53063
125.0,116.99267
125.0,116.58812
125.0,117.091965
125.0,114.61001
125.0,113.866455
125.0,114.858696
125.0,116.419785
125.0,116.976616
125.0,116.92584
125.0,117.623055
125.0,118.57361
125.0,117.926575
125.0,116.4577
125.0,117.28664
125.0,115.38797
125.0,113.50775
125.0,111.718864
125.0,114.08857
125.0,114.18537
125.0,114.86896
125.0,114.88275
125.0,116.39181
125.0,116.43719
125.0,118.229614
125.0,120.421776
125.0,120.687805
125.0,122.28393
125.0,121.74557
125.0,122.59818
125.0,121.96624
125.0,124.32325
125.0,122.47442
124.0,121.9304
123.0,119.018715
122.0,117.452324
121.0,117.17463
120.0,118.38551
119.0,117.1635
118.0,119.09206
117.0,118.053375
116.0,116.65168
115.0,115.56418
114.0,112.11962
113.0,110.90539
112.0,108.21827
111.0,101.88693
110.0,100.72535
109.0,99.13253
108.0,95.92785
107.0,95.654686
106.0,95.976
105.0,97.04346
104.0,97.307076
103.0,98.605774
102.0,99.068245
101.0,99.084694
100.0,96.71992
99.0,97.36975
98.0,98.86201
97.0,93.11195
96.0,94.05692
95.0,90.24336
94.0,88.6163
93.0,83.38515
92.0,79.07921
91.0,77.72739
90.0,78.37562
89.0,81.862854
88.0,82.919136
87.0,87.01183
86.0,88.88669
85.0,91.65803
84.0,93.724945
83.0,93.96965
82.0,89.35046
81.0,87.89668
80.0,87.2327
125.0,118.6486
125.0,117.81748
125.0,119.05733
125.0,118.230545
125.0,115.80581
125.0,112.86408
125.0,114.739006
125.0,116.141075
125.0,120.07254
125.0,123.450615
125.0,122.79868
125.0,119.75697
125.0,120.22198
125.0,119.71629
125.0,117.54996
125.0,113.828255
125.0,113.158264
125.0,109.92538
125.0,110.30891
125.0,111.60726
125.0,113.82691
125.0,117.27556
125.0,113.07383
125.0,111.33869
125.0,111.74556
125.0,114.474045
125.0,114.33317
125.0,114.11306
125.0,112.77873
125.0,116.47573
125.0,117.64535
125.0,117.69553
125.0,119.06767
125.0,119.97146
125.0,125.070435
125.0,128.28378
125.0,128.44646
125.0,128.32573
125.0,128.69208
125.0,128.33018
125.0,127.03617
125.0,124.644516
125.0,128.35431
125.0,127.28705
125.0,125.95128
125.0,123.73357
125.0,120.32849
125.0,122.276344
125.0,119.303246
125.0,119.64834
125.0,121.77742
125.0,121.82816
125.0,117.803604
125.0,114.34423
125.0,114.76069
125.0,114.63309
125.0,112.71418
125.0,111.65831
125.0,101.66758
125.0,100.486374
125.0,102.65092
125.0,88.48863
125.0,79.72253
125.0,86.085594
125.0,92.97358
125.0,89.33362
125.0,92.74428
125.0,102.18604
125.0,102.71851
125.0,110.846825
125.0,113.3008
125.0,113.83915
125.0,117.827614
125.0,121.86073
125.0,119.11138
125.0,117.8116
125.0,109.98567
125.0,114.099846
125.0,110.709114
125.0,114.23757
125.0,118.47844
125.0,115.73527
125.0,113.19559
125.0,113.10345
125.0,113.895386
125.0,116.47223
125.0,117.50818
125.0,116.37435
125.0,116.15005
125.0,111.700874
125.0,107.89982
125.0,100.42835
125.0,98.90214
125.0,98.64755
125.0,99.944855
125.0,106.7936
125.0,109.570305
125.0,113.01452
125.0,113.04249
125.0,116.62581
125.0,117.75969
125.0,115.72783
125.0,116.58816
125.0,114.429016
125.0,111.51332
125.0,112.87453
125.0,110.42614
125.0,112.12037
124.0,112.674194
123.0,114.32398
122.0,113.6422
125.0,119.47828
125.0,120.248055
125.0,120.39649
125.0,124.45607
125.0,123.346375
125.0,121.51841
125.0,121.89629
125.0,121.27761
125.0,119.001114
125.0,116.90485
125.0,114.58703
125.0,113.2776
125.0,113.406075
125.0,111.93237
125.0,110.00117
125.0,110.67249
125.0,110.09014
125.0,111.15164
125.0,110.844406
125.0,112.071594
125.0,111.63213
125.0,112.7158
125.0,113.74118
125.0,112.59496
125.0,113.040855
125.0,113.87082
125.0,113.78788
125.0,115.0526
125.0,116.53337
125.0,118.28918
125.0,117.16037
125.0,119.721054
125.0,119.37917
125.0,122.46142
125.0,120.25435
125.0,119.88051
125.0,119.08246
125.0,118.40665
125.0,115.12157
124.0,113.5044
123.0,110.8033
122.0,112.079765
121.0,108.97658
125.0,98.358635
125.0,97.45774
125.0,102.132935
125.0,102.212585
125.0,96.79096
125.0,105.73692
125.0,105.966484
124.0,104.229675
123.0,104.7506
122.0,109.62883
121.0,112.09786
120.0,114.53423
119.0,114.572266
118.0,115.9144
117.0,119.149284
116.0,119.04229
115.0,113.77123
114.0,107.93162
113.0,108.351685
112.0,112.01316
111.0,110.271545
110.0,110.033
109.0,108.66107
108.0,107.06197
107.0,109.81256
106.0,109.62979
105.0,104.58121
104.0,107.61738
103.0,104.95929
102.0,103.684586
101.0,105.93952
100.0,107.81114
99.0,106.57428
98.0,107.62285
97.0,108.750755
96.0,113.094025
95.0,117.0788
94.0,117.39047
93.0,116.77658
92.0,116.40807
91.0,116.54749
90.0,110.13748
89.0,111.05698
88.0,116.49382
87.0,115.64535
86.0,112.648056
85.0,98.3809
84.0,91.39911
83.0,92.22607
82.0,92.044754
81.0,83.19079
80.0,83.78617
79.0,74.287994
78.0,76.678825
77.0,89.69168
76.0,92.35671
75.0,83.630585
74.0,76.24544
73.0,75.54949
72.0,82.38473
71.0,84.895676
70.0,84.16553
69.0,83.58126
68.0,87.3119
67.0,87.88621
66.0,92.02406
65.0,92.26452
64.0,99.132935
63.0,99.5777
62.0,90.48446
61.0,89.25444
60.0,79.069664
59.0,80.13069
58.0,86.741455
57.0,85.14618
56.0,83.29276
55.0,79.29602
54.0,71.54253
53.0,75.856514
52.0,70.25155
51.0,80.65532
50.0,86.64561
49.0,76.19602
48.0,71.43657
47.0,78.78716
46.0,77.477936
45.0,71.45597
44.0,56.77529
43.0,59.422333
42.0,52.729992
41.0,48.504337
40.0,50.224457
125.0,116.12527
125.0,118.59571
125.0,120.11916
125.0,120.79592
125.0,123.15132
125.0,122.87699
125.0,121.4008
125.0,121.61025
125.0,120.4585
125.0,120.09541
125.0,121.19388
125.0,124.36583
125.0,124.74608
125.0,126.0477
125.0,125.85606
125.0,128.08708
125.0,125.62503
125.0,123.581696
125.0,124.75093
125.0,123.73523
125.0,125.84433
125.0,124.329315
125.0,119.98828
125.0,121.104034
125.0,121.09519
125.0,121.766045
125.0,121.79491
125.0,121.33755
125.0,118.160866
125.0,116.91745
125.0,117.52651
125.0,116.43188
125.0,117.50433
125.0,115.42912
125.0,115.908005
125.0,115.14861
125.0,113.225075
125.0,110.30089
125.0,111.19705
125.0,110.07241
125.0,111.33162
125.0,114.82984
125.0,115.13213
125.0,116.80571
125.0,116.02829
125.0,115.73412
125.0,114.486
125.0,112.891815
125.0,115.00523
125.0,114.35283
125.0,116.353806
125.0,116.28988
125.0,115.88138
125.0,118.24094
125.0,117.785545
125.0,118.30279
125.0,120.420525
125.0,119.36257
125.0,118.11588
125.0,118.90982
125.0,117.47775
125.0,117.49937
125.0,119.844765
125.0,117.505554
125.0,119.64572
125.0,116.29626
125.0,114.360985
125.0,113.99086
125.0,113.84871
125.0,110.567215
124.0,109.395424
123.0,108.249504
122.0,109.49617
121.0,109.551956
120.0,108.90229
119.0,104.73219
118.0,104.569214
117.0,103.52417
116.0,102.09989
115.0,100.77489
114.0,98.85804
113.0,100.63351
112.0,101.59301
111.0,105.52905
110.0,104.489685
109.0,104.87505
108.0,110.50844
107.0,108.11617
106.0,107.78432
105.0,106.22507
104.0,105.86942
103.0,102.604095
102.0,107.71031
101.0,110.30045
100.0,108.6951
99.0,107.3229
98.0,108.733795
97.0,108.83998
96.0,105.85856
95.0,103.20088
94.0,93.62491
93.0,91.740486
92.0,94.86045
91.0,97.14683
90.0,96.00804
89.0,94.12869
88.0,89.881714
87.0,95.40599
86.0,94.98669
85.0,100.70215
84.0,92.51557
83.0,94.61003
82.0,94.81869
81.0,97.47108
80.0,99.98025
79.0,102.28149
78.0,103.937416
77.0,111.3077
76.0,103.28753
75.0,103.05577
74.0,105.83808
73.0,107.89678
72.0,109.60065
71.0,104.215164
70.0,96.19466
69.0,95.53049
68.0,93.75982
67.0,93.718285
66.0,89.823654
65.0,83.8623
64.0,75.07861
63.0,65.158134
62.0,60.463017
61.0,60.38318
60.0,60.906185
59.0,61.61653
58.0,52.98662
57.0,50.938957
56.0,50.93035
55.0,50.238365
54.0,47.185375
53.0,47.780468
52.0,49.596813
51.0,54.92144
50.0,61.970047
49.0,61.845207
48.0,63.699284
47.0,73.50061
46.0,70.90119
45.0,76.99697
44.0,81.22861
43.0,84.45831
42.0,79.8684
41.0,77.50813
40.0,91.04382
39.0,88.57908
125.0,115.33998
125.0,115.09165
125.0,114.33543
125.0,113.52738
125.0,115.39491
125.0,115.962425
125.0,115.88316
125.0,117.21671
125.0,119.73036
125.0,121.57092
125.0,121.35765
125.0,122.53312
125.0,121.95354
125.0,121.44412
125.0,120.66842
125.0,122.21343
125.0,125.2584
125.0,123.410706
125.0,123.80161
125.0,122.16379
125.0,121.398094
125.0,119.70175
125.0,119.35433
125.0,118.897194
125.0,120.55602
125.0,120.86477
125.0,121.06157
125.0,121.56448
125.0,121.63346
125.0,120.52189
125.0,121.63187
125.0,121.47587
125.0,123.41061
125.0,123.438675
125.0,122.42131
125.0,121.27995
125.0,121.48616
125.0,122.28493
125.0,120.34378
125.0,122.45995
125.0,119.4352
124.0,118.92609
123.0,115.29876
122.0,114.86482
121.0,113.510345
120.0,114.68934
119.0,114.663376
118.0,112.98156
117.0,113.481544
116.0,110.463715
115.0,107.693504
114.0,103.49127
113.0,104.81628
112.0,106.13724
111.0,107.32508
110.0,109.496155
109.0,109.74751
108.0,111.30243
107.0,113.15536
106.0,115.149086
105.0,118.33409
104.0,117.858475
103.0,119.356224
102.0,121.248055
101.0,120.12849
100.0,119.52817
99.0,118.748344
98.0,118.862206
97.0,120.35541
96.0,121.54519
95.0,120.347626
94.0,118.835106
93.0,114.4962
92.0,112.62988
91.0,111.10669
90.0,109.279785
89.0,108.85119
88.0,105.71611
87.0,104.77677
86.0,105.5077
85.0,102.6182
84.0,95.54655
83.0,93.870544
82.0,99.395775
81.0,98.86718
80.0,107.66182
79.0,102.40602
78.0,103.07321
77.0,100.52634
76.0,104.38151
75.0,106.98718
74.0,108.90679
73.0,109.86557
72.0,109.94413
71.0,108.99643
70.0,105.76833
69.0,105.370544
68.0,109.63841
67.0,111.54929
66.0,107.418846
65.0,106.41152
64.0,103.99405
63.0,97.12117
62.0,93.51472
61.0,96.22956
60.0,89.18413
59.0,89.24626
58.0,81.5185
57.0,77.78364
56.0,84.23407
55.0,83.32429
54.0,78.7209
53.0,71.67964
52.0,75.718765
51.0,70.06992
50.0,74.34585
49.0,70.7515
48.0,69.76938
47.0,64.94448
46.0,64.223724
45.0,62.407368
44.0,67.87815
43.0,64.92569
42.0,62.553757
41.0,58.965755
40.0,49.900314
39.0,48.855694
38.0,54.728012
37.0,55.50225
36.0,52.092796
35.0,54.49798
34.0,52.17658
33.0,50.44109
32.0,44.770203
31.0,43.007103
30.0,38.695755
29.0,34.74847
28.0,30.49159
27.0,29.924952
26.0,29.880762
25.0,27.167297
24.0,26.033123
23.0,22.7005
22.0,21.486837
21.0,19.046324
20.0,17.590899
19.0,17.994217
18.0,16.828875
17.0,14.2427225
16.0,11.029595
15.0,9.992746
14.0,8.541664
13.0,5.252368
12.0,4.4137173
11.0,3.0943472
10.0,2.1240842
125.0,125.87245
125.0,124.65412
125.0,125.07917
125.0,125.21769
125.0,122.59612
125.0,120.848526
125.0,121.00727
125.0,120.821945
125.0,120.329
125.0,122.28228
125.0,121.41034
125.0,122.31508
125.0,122.43358
125.0,122.3061
125.0,122.29455
125.0,123.0524
125.0,122.7182
125.0,121.12355
125.0,120.35001
125.0,120.555275
125.0,121.71387
125.0,121.6547
125.0,122.980225
125.0,122.35415
125.0,120.45095
125.0,122.40292
125.0,121.07803
125.0,121.98111
125.0,122.54192
125.0,124.283676
125.0,124.24855
125.0,122.62722
125.0,123.79123
125.0,124.571884
125.0,123.96319
125.0,123.62807
125.0,123.56234
125.0,123.254814
125.0,122.94799
125.0,122.03993
125.0,120.80972
125.0,120.60935
125.0,122.180435
125.0,123.09802
125.0,123.78049
125.0,123.73731
125.0,122.88266
125.0,118.297646
125.0,120.016
125.0,118.54249
125.0,118.42629
125.0,117.94692
125.0,118.589165
125.0,119.32251
125.0,118.71112
125.0,117.7188
125.0,115.50102
125.0,114.920166
125.0,114.49417
125.0,116.27585
125.0,116.865166
125.0,115.133286
125.0,114.907295
125.0,117.4284
125.0,118.72504
125.0,118.36286
125.0,117.44717
125.0,116.83498
125.0,118.9004
125.0,116.16933
125.0,116.96913
125.0,117.13854
125.0,119.45342
125.0,118.53837
125.0,119.59817
125.0,117.84991
125.0,119.53808
125.0,116.49178
125.0,119.001366
125.0,118.62903
125.0,117.02949
125.0,117.87755
125.0,116.81243
125.0,117.38444
125.0,118.366615
125.0,118.28414
125.0,118.474846
125.0,117.57151
125.0,117.95373
125.0,117.171814
125.0,109.52907
125.0,110.39173
125.0,109.35544
125.0,110.16889
125.0,111.119194
125.0,110.48365
125.0,112.200806
125.0,110.64213
125.0,111.46737
125.0,113.50546
124.0,118.140045
123.0,118.220665
122.0,117.668625
121.0,116.831055
120.0,115.684456
119.0,115.49925
118.0,114.49511
117.0,115.65922
116.0,114.8404
115.0,104.90168
114.0,103.66411
113.0,93.45012
112.0,91.25098
111.0,83.812096
110.0,93.95461
109.0,91.71788
108.0,92.91048
107.0,93.13754
106.0,100.35739
105.0,103.82056
104.0,104.27203
103.0,102.08433
102.0,100.20781
101.0,98.83722
100.0,100.27586
99.0,96.7871
98.0,95.63318
97.0,97.68771
96.0,97.35147
95.0,101.6225
94.0,108.003944
93.0,108.398926
92.0,109.07816
91.0,108.88779
90.0,105.716225
89.0,100.77413
88.0,102.063576
125.0,119.24272
125.0,121.480446
125.0,122.01173
125.0,120.59575
125.0,120.10553
125.0,119.574104
125.0,121.01885
125.0,122.02633
125.0,121.082016
125.0,121.10041
125.0,121.23848
125.0,122.108925
125.0,123.43691
125.0,122.96292
125.0,122.47124
125.0,120.987274
125.0,116.502464
125.0,115.95971
125.0,116.63999
125.0,117.41134
125.0,116.748566
125.0,115.83794
125.0,112.7405
125.0,113.84035
125.0,116.20432
125.0,115.50601
125.0,114.08372
125.0,115.72396
125.0,117.378395
125.0,119.31868
125.0,118.93586
125.0,117.42603
125.0,118.42537
125.0,119.997185
125.0,120.26431
125.0,120.123634
125.0,119.87917
125.0,123.26061
125.0,122.99146
125.0,123.09957
125.0,121.63257
125.0,119.471085
125.0,120.270004
125.0,118.957275
125.0,118.74584
125.0,115.82723
125.0,113.39416
125.0,112.00855
125.0,113.3657
125.0,113.26693
125.0,112.588974
125.0,115.57902
125.0,113.678955
125.0,114.41112
125.0,116.72606
125.0,116.69324
125.0,116.35611
125.0,115.34995
125.0,117.335815
125.0,118.95622
125.0,118.28918
125.0,120.90406
125.0,120.3271
125.0,121.4505
125.0,121.05348
125.0,120.0277
125.0,119.28772
125.0,121.071335
125.0,119.92447
125.0,121.06799
125.0,117.61629
125.0,116.96113
125.0,117.8788
125.0,120.461876
125.0,120.577194
125.0,119.170616
125.0,118.492195
125.0,119.07997
125.0,118.46232
125.0,118.020134
125.0,118.6281
125.0,119.33965
125.0,116.89022
125.0,117.35124
125.0,119.012024
125.0,117.76153
125.0,116.976204
125.0,115.58615
125.0,114.82574
125.0,114.685425
125.0,112.964386
125.0,112.93753
125.0,110.24362
125.0,112.123436
125.0,109.885254
125.0,107.97095
125.0,105.837364
125.0,107.195984
125.0,105.60166
125.0,109.34936
125.0,109.11204
125.0,106.8689
125.0,109.29992
125.0,111.98982
125.0,113.973274
125.0,112.50762
125.0,113.70247
125.0,114.058525
125.0,113.135056
125.0,109.86156
125.0,110.905685
125.0,111.72028
125.0,110.45295
125.0,108.87494
125.0,110.72777
125.0,111.44232
125.0,112.22431
125.0,113.93062
125.0,114.39469
125.0,115.0082
125.0,113.4909
125.0,113.72938
125.0,113.013596
125.0,110.81864
125.0,106.6164
125.0,106.741714
125.0,102.418365
125.0,102.33004
125.0,103.0783
125.0,101.37232
125.0,98.263466
125.0,95.56567
125.0,93.688095
125.0,93.22015
125.0,94.926056
125.0,94.066574
125.0,91.750275
125.0,88.21239
125.0,85.06696
125.0,84.0093
125.0,84.57773
125.0,92.02324
125.0,96.51397
125.0,93.83928
125.0,96.51067
125.0,100.8905
125.0,105.97433
125.0,108.98065
125.0,114.15715
125.0,115.21689
125.0,114.75665
125.0,117.49018
125.0,120.21677
125.0,116.25496
125.0,113.64025
125.0,113.50007
125.0,111.93033
125.0,112.907684
125.0,112.49553
125.0,111.224335
124.0,108.25332
123.0,104.51735
122.0,104.05186
121.0,101.01134
120.0,96.22498
119.0,99.35523
118.0,98.53885
117.0,94.556786
116.0,87.72452
115.0,84.09682
114.0,80.28819
113.0,81.94604
112.0,76.657
111.0,71.21579
110.0,70.4167
109.0,67.37355
108.0,72.24573
107.0,73.32768
106.0,74.03847
105.0,78.314995
104.0,81.2119
103.0,80.281136
102.0,81.09317
101.0,80.6877
100.0,74.71494
99.0,74.33256
98.0,74.034195
97.0,72.23266
96.0,71.06237
95.0,73.58592
94.0,71.67413
93.0,73.965805
92.0,78.79559
91.0,81.30449
90.0,78.945526
89.0,85.535286
125.0,123.665306
125.0,124.61257
125.0,123.252
125.0,122.20102
125.0,119.32329
125.0,118.05341
125.0,118.78661
125.0,119.373924
125.0,119.05454
125.0,114.24069
125.0,112.002335
125.0,112.22208
125.0,113.0905
125.0,111.311485
125.0,105.86087
125.0,109.50161
125.0,112.2907
125.0,109.367226
125.0,105.54758
125.0,109.775345
125.0,112.20665
125.0,109.27548
125.0,113.870026
125.0,113.854126
125.0,114.085724
125.0,117.05295
125.0,118.57647
125.0,118.22921
125.0,119.04092
125.0,118.83183
125.0,116.968735
125.0,117.28126
125.0,113.18963
125.0,114.91264
125.0,110.357834
125.0,114.989555
125.0,112.25507
125.0,114.98224
125.0,113.796646
125.0,113.42876
125.0,114.05476
125.0,112.54587
125.0,114.278114
125.0,118.85073
125.0,118.2322
125.0,119.189575
125.0,119.2502
125.0,118.04891
125.0,121.13046
125.0,122.74273
125.0,122.72454
125.0,122.81698
125.0,122.96391
124.0,121.85342
123.0,120.83108
122.0,120.42265
121.0,118.09159
120.0,118.408585
119.0,117.624695
118.0,118.109055
117.0,119.93892
116.0,119.788
115.0,118.10075
114.0,117.88303
113.0,112.533485
112.0,108.93407
111.0,105.65205
110.0,106.43851
109.0,102.52569
108.0,101.31731
107.0,94.66359
106.0,85.88653
105.0,77.95531
104.0,91.92436
103.0,91.99713
102.0,92.59881
101.0,92.06218
100.0,95.08579
99.0,97.68755
98.0,92.69408
97.0,93.939705
96.0,86.74727
95.0,91.69032
94.0,89.20758
93.0,85.93864
92.0,79.12302
91.0,74.15472
90.0,78.63529
89.0,73.19682
88.0,77.34237
87.0,81.37669
86.0,91.114174
85.0,83.597916
84.0,89.454865
83.0,95.81017
82.0,94.17548
81.0,97.8845
80.0,95.37899
79.0,101.31463
78.0,97.91341
77.0,91.488495
76.0,87.33707
75.0,91.21045
74.0,96.71125
73.0,100.238815
72.0,101.51011
71.0,100.818375
70.0,97.27859
69.0,95.84986
68.0,87.78245
67.0,86.919235
66.0,77.476204
65.0,78.72027
64.0,79.04008
63.0,67.55347
62.0,66.07598
61.0,61.97233
60.0,57.547874
59.0,49.923206
58.0,57.745396
57.0,49.136906
56.0,51.76795
55.0,52.820324
54.0,54.13738
53.0,55.71991
52.0,55.79176
51.0,51.01852
50.0,52.758224
49.0,58.049805
48.0,59.15138
47.0,53.37534
46.0,51.926346
45.0,50.598198
44.0,49.441936
43.0,53.232105
42.0,50.781635
41.0,49.107246
40.0,43.833515
39.0,39.77452
38.0,37.616093
37.0,36.52641
36.0,38.949287
35.0,35.908432
34.0,31.544153
33.0,28.77486
32.0,28.242924
31.0,27.754038
30.0,27.39185
29.0,24.771002
28.0,24.094444
27.0,22.362875
26.0,22.114777
25.0,20.599459
24.0,18.965475
23.0,17.903488
22.0,17.830246
21.0,15.50169
20.0,16.82049
19.0,17.01692
18.0,17.721693
17.0,16.2946
16.0,18.328316
15.0,15.227185
14.0,15.270175
13.0,14.799058
12.0,13.316726
11.0,12.194844
10.0,9.166384
9.0,8.92728
8.0,7.247757
125.0,111.06382
125.0,109.48739
125.0,111.27
125.0,113.30191
125.0,113.48963
125.0,111.71801
125.0,112.14641
125.0,111.59091
125.0,111.81901
125.0,111.67575
125.0,112.943565
125.0,111.665016
125.0,107.23479
124.0,106.01746
123.0,110.65812
122.0,113.04454
121.0,111.28087
120.0,110.93198
119.0,110.79417
118.0,108.98458
117.0,110.07693
116.0,106.32854
115.0,104.4851
114.0,105.822334
113.0,99.69622
112.0,102.77085
111.0,100.78229
110.0,99.469536
109.0,100.332726
108.0,104.13814
107.0,105.237366
106.0,103.88302
105.0,104.22708
104.0,106.837105
103.0,106.93594
102.0,108.50447
101.0,110.218056
100.0,103.0016
99.0,107.251976
98.0,103.23643
97.0,100.05688
96.0,102.134735
95.0,95.36884
94.0,99.44632
93.0,100.25202
92.0,100.420135
91.0,97.65909
90.0,101.22112
89.0,99.80995
88.0,98.58618
87.0,102.105286
86.0,100.38924
85.0,102.396545
84.0,100.84861
83.0,98.804115
82.0,100.15864
81.0,99.609024
80.0,98.49629
79.0,99.200676
78.0,101.39572
77.0,105.92455
76.0,99.576675
75.0,92.43564
74.0,94.00447
73.0,88.55797
72.0,86.58335
71.0,84.93973
70.0,75.6379
69.0,75.041626
68.0,74.984245
67.0,68.76131
66.0,68.8609
65.0,70.347946
64.0,70.471115
63.0,70.30683
62.0,66.73322
61.0,66.858986
60.0,76.95936
59.0,72.577446
58.0,76.285446
57.0,74.57909
56.0,72.520996
55.0,67.86447
54.0,70.96135
53.0,73.95383
52.0,73.4786
125.0,121.03753
125.0,120.15019
125.0,117.63926
125.0,117.919044
125.0,116.49773
125.0,117.40313
125.0,115.992874
125.0,115.0054
125.0,113.983315
125.0,113.41846
125.0,112.365074
125.0,110.827126
125.0,113.571
125.0,114.95317
125.0,115.08001
125.0,118.26457
125.0,119.18088
125.0,117.969505
125.0,117.2638
125.0,120.406906
125.0,121.69689
125.0,120.29557
125.0,120.83945
125.0,120.34248
125.0,120.63603
125.0,121.78764
125.0,121.53257
125.0,121.8508
125.0,124.12401
125.0,123.4299
125.0,122.99987
125.0,122.865685
125.0,123.41547
125.0,125.59898
125.0,125.60901
125.0,126.0146
125.0,126.01866
125.0,125.13323
125.0,124.15575
125.0,123.334854
125.0,122.91448
125.0,122.63809
125.0,124.04044
125.0,123.197624
125.0,123.12023
125.0,122.51362
125.0,122.80814
125.0,122.935394
125.0,122.71317
125.0,123.11433
125.0,123.637566
125.0,124.13613
125.0,123.19111
125.0,122.4019
125.0,121.40591
125.0,122.10954
125.0,121.1158
125.0,121.14887
125.0,120.56806
125.0,119.72496
125.0,118.37011
125.0,119.13685
125.0,119.74087
125.0,119.21593
125.0,119.98776
125.0,120.56692
125.0,121.782326
125.0,121.6064
125.0,122.20738
125.0,120.47974
125.0,119.725845
125.0,122.629906
125.0,120.53815
125.0,120.27608
125.0,120.65916
125.0,120.143265
125.0,118.43487
125.0,118.354324
125.0,116.754074
125.0,116.88432
125.0,117.51241
125.0,115.84975
125.0,116.12618
125.0,114.24314
125.0,114.39284
125.0,115.03831
125.0,114.24347
125.0,113.9871
125.0,115.82471
125.0,115.935356
125.0,113.44521
125.0,112.75058
125.0,113.16926
125.0,113.699234
125.0,116.3994
125.0,117.001465
125.0,115.6603
125.0,116.775795
125.0,118.53401
125.0,116.29413
125.0,115.88997
125.0,120.319275
125.0,119.924194
125.0,120.20272
125.0,118.92186
125.0,120.78317
125.0,120.11002
125.0,120.24226
125.0,120.87791
125.0,119.40122
125.0,119.99347
125.0,119.167496
125.0,118.61456
125.0,119.8198
125.0,120.5255
125.0,120.854324
125.0,119.995224
125.0,120.06737
125.0,120.69993
125.0,118.65839
125.0,119.31388
125.0,118.030716
125.0,117.41208
125.0,115.78434
125.0,115.97776
125.0,113.32195
125.0,112.38527
125.0,114.256485
125.0,113.68785
125.0,111.00219
125.0,110.753136
125.0,111.32673
125.0,112.08141
125.0,108.74845
125.0,106.32584
125.0,110.52383
125.0,108.54979
125.0,108.29604
125.0,111.27654
125.0,110.664246
125.0,111.18459
125.0,111.3209
125.0,107.81362
125.0,109.56317
125.0,112.06842
125.0,113.540436
125.0,111.787254
125.0,110.78754
125.0,110.805336
125.0,109.51006
125.0,110.90064
125.0,110.39064
125.0,111.19353
125.0,108.38806
125.0,109.556335
125.0,106.619286
125.0,106.2234
125.0,107.70244
125.0,104.0454
125.0,101.3063
125.0,101.84952
125.0,94.539215
125.0,95.999504
125.0,95.32077
125.0,95.355034
125.0,99.8502
125.0,95.78381
125.0,98.05836
125.0,94.9282
125.0,100.256035
125.0,102.65072
125.0,103.59448
125.0,107.82665
125.0,110.87357
125.0,116.4495
125.0,117.04657
125.0,116.504776
125.0,119.39297
125.0,120.25687
125.0,122.888695
125.0,124.184975
125.0,125.36152
125.0,125.240715
125.0,125.7727
125.0,124.33353
125.0,124.164635
125.0,121.35618
125.0,121.39319
125.0,118.371124
125.0,114.9846
125.0,113.12597
125.0,106.50314
125.0,103.493
125.0,98.78219
125.0,87.92854
125.0,80.84085
125.0,77.178925
125.0,75.37142
125.0,68.380905
125.0,70.89009
125.0,63.887455
125.0,61.015106
125.0,54.795483
125.0,52.69273
125.0,53.866196
125.0,54.699337
125.0,56.96133
124.0,69.39217
123.0,68.47278
122.0,78.81019
121.0,83.75979
120.0,84.82654
119.0,92.12757
118.0,93.134865
117.0,85.05701
116.0,89.22019
115.0,93.74046
114.0,98.47428
113.0,94.53321
112.0,96.274574
111.0,94.2785
110.0,92.78051
109.0,95.11583
108.0,99.19892
107.0,100.53703
106.0,102.9423
105.0,104.4028
104.0,98.045135
103.0,102.127556
102.0,101.06736
101.0,95.45103
100.0,93.64767
99.0,87.98501
98.0,85.023766
97.0,89.19864
96.0,86.95714
95.0,84.66312
94.0,87.00787
93.0,74.65112
92.0,73.00589
91.0,70.66101
90.0,62.881752
89.0,59.273056
88.0,60.295204
87.0,52.954277
86.0,56.232727
85.0,60.76671
84.0,68.074776
83.0,59.92191
82.0,56.690144
81.0,56.29951
80.0,54.071198
79.0,57.361927
78.0,52.664585
77.0,56.738003
76.0,59.00097
75.0,60.5287
74.0,57.6839
73.0,61.946472
72.0,61.589832
71.0,61.37707
70.0,60.75476
69.0,60.648872
68.0,56.181194
67.0,57.699337
66.0,59.346657
65.0,59.25998
64.0,65.69317
63.0,57.901188
62.0,55.35823
61.0,53.438885
60.0,50.22942
59.0,46.130264
58.0,48.58675
57.0,49.13682
56.0,52.6892
125.0,116.86246
125.0,115.31531
125.0,114.72631
125.0,114.320076
125.0,114.88466
125.0,114.19673
125.0,117.056595
125.0,117.548805
125.0,118.864334
125.0,119.8655
125.0,120.15679
125.0,116.744446
125.0,114.33452
125.0,114.57141
125.0,111.75682
125.0,112.00644
125.0,112.27066
125.0,114.63272
125.0,113.64991
125.0,115.70701
125.0,115.11833
125.0,116.74778
125.0,116.13757
125.0,114.95968
125.0,114.88133
125.0,114.05114
125.0,112.420265
125.0,112.82571
125.0,109.3559
125.0,109.28973
125.0,108.80949
125.0,108.85556
125.0,106.06976
125.0,105.73416
125.0,105.851746
125.0,106.02869
125.0,107.12096
125.0,110.10555
125.0,109.14234
125.0,121.54171
125.0,122.40903
125.0,121.962234
125.0,119.70174
125.0,118.12342
125.0,109.29642
125.0,98.322075
125.0,100.38176
125.0,95.10685
125.0,102.7537
125.0,99.732635
125.0,99.99997
125.0,94.87609
125.0,97.8792
125.0,92.46346
125.0,94.97315
125.0,100.56878
125.0,95.744705
125.0,93.944
125.0,103.63901
125.0,107.80349
125.0,107.40121
125.0,110.080864
125.0,114.049286
125.0,116.098816
125.0,116.78636
125.0,119.234566
125.0,119.97508
125.0,120.003395
125.0,122.042206
125.0,120.83822
125.0,120.24899
125.0,118.61732
125.0,120.75043
125.0,120.09749
125.0,117.15316
125.0,112.164444
125.0,103.864075
125.0,107.54174
125.0,109.31341
125.0,110.54321
125.0,110.018135
125.0,106.22052
125.0,104.74098
125.0,97.98542
125.0,99.73674
125.0,105.57282
125.0,104.38704
125.0,104.93539
125.0,108.93382
125.0,109.69582
125.0,111.107864
125.0,115.03828
125.0,114.76127
125.0,116.26241
125.0,114.675674
124.0,114.8251
123.0,116.150085
122.0,114.44389
121.0,115.30823
120.0,115.15344
119.0,114.10842
118.0,111.42267
117.0,111.59077
116.0,109.23463
115.0,106.93559
114.0,97.40463
113.0,97.270966
112.0,87.57046
111.0,76.11656
110.0,79.353966
109.0,77.67884
108.0,71.70604
107.0,81.84557
106.0,89.987625
105.0,87.262344
104.0,88.41013
103.0,90.42492
102.0,91.200005
101.0,93.90033
100.0,90.54694
99.0,88.89057
98.0,91.2851
97.0,94.27642
96.0,98.25322
95.0,95.72812
94.0,90.92386
93.0,94.28677
92.0,92.59422
91.0,93.87153
90.0,96.38371
89.0,97.140305
88.0,98.183495
87.0,97.83261
86.0,96.90017
85.0,95.52487
84.0,92.96656
83.0,93.09282
82.0,90.46904
81.0,89.171104
80.0,85.8913
79.0,76.98965
78.0,70.76132
77.0,68.71672
76.0,74.09593
75.0,77.61292
74.0,84.54173
73.0,83.812004
72.0,78.42703
71.0,70.84584
70.0,64.78974
69.0,60.283386
68.0,57.655384
67.0,47.316425
66.0,50.14839
65.0,41.51544
64.0,41.155247
63.0,45.345917
62.0,42.834003
61.0,43.820107
60.0,45.49754
59.0,47.38506
58.0,62.761173
57.0,65.34618
56.0,68.9906
55.0,69.43016
54.0,70.61305
53.0,71.42752
52.0,68.38324
51.0,71.72926
50.0,73.05185
49.0,61.96271
48.0,51.696396
125.0,123.4524
125.0,122.33888
125.0,122.54757
125.0,122.61653
125.0,120.42544
125.0,120.32326
125.0,121.336754
125.0,122.23893
125.0,122.52855
125.0,122.48569
125.0,122.57738
125.0,121.769615
125.0,122.76489
125.0,122.10533
125.0,121.94242
125.0,121.24652
125.0,121.89
125.0,122.236855
125.0,123.58103
125.0,124.697716
125.0,124.729996
125.0,125.157
125.0,126.87239
125.0,126.791176
125.0,128.52853
125.0,128.19778
125.0,126.00352
125.0,126.34612
125.0,125.11136
125.0,125.22067
125.0,124.67877
125.0,122.29461
125.0,120.35054
125.0,120.26546
125.0,117.639725
125.0,118.73635
125.0,118.42314
125.0,117.912674
125.0,118.25595
125.0,115.4668
125.0,116.5485
125.0,115.99649
125.0,116.089294
125.0,115.14644
125.0,113.577934
125.0,113.53009
125.0,114.62509
125.0,116.248825
125.0,118.81127
125.0,119.5054
125.0,117.518906
125.0,117.53397
125.0,118.17852
125.0,118.18432
125.0,117.93568
125.0,119.76738
125.0,118.292145
125.0,119.607185
125.0,118.11554
125.0,118.11123
125.0,120.129234
125.0,119.57184
125.0,120.09739
125.0,118.630875
125.0,118.0615
125.0,118.552216
125.0,118.29082
125.0,117.49465
125.0,118.23894
125.0,117.05505
125.0,117.01167
125.0,117.22692
125.0,118.366714
125.0,118.088165
125.0,117.570694
125.0,117.09238
125.0,117.83787
125.0,119.34329
125.0,121.463005
125.0,122.917656
125.0,120.82974
125.0,121.277756
125.0,120.572105
125.0,120.70735
125.0,122.112686
125.0,122.158905
125.0,121.28187
125.0,119.780685
125.0,119.92571
125.0,117.62582
125.0,119.11287
125.0,120.38212
125.0,121.37416
125.0,118.77644
125.0,118.126076
125.0,117.59438
125.0,117.242226
125.0,116.35966
125.0,117.35425
125.0,114.72693
125.0,113.344986
125.0,110.448784
125.0,112.006256
125.0,111.6701
125.0,112.25587
125.0,109.16374
125.0,111.0518
125.0,112.274445
125.0,115.509575
125.0,115.86388
125.0,116.23333
125.0,115.73573
125.0,115.813614
125.0,115.3811
125.0,114.300705
125.0,116.21926
125.0,115.328514
125.0,113.649315
125.0,111.60135
125.0,113.524414
125.0,115.80987
125.0,116.944885
125.0,119.73781
125.0,117.884865
125.0,119.27313
125.0,120.61828
125.0,122.00997
125.0,121.21178
125.0,122.30503
125.0,119.63605
125.0,118.45474
125.0,118.09079
125.0,118.07077
125.0,116.50038
125.0,117.096756
125.0,112.597176
125.0,110.38777
125.0,110.60202
125.0,111.997345
125.0,106.83065
125.0,107.77046
125.0,103.62478
125.0,100.53162
125.0,95.07078
125.0,92.862656
125.0,99.38874
125.0,96.85517
125.0,93.46903
125.0,86.18385
125.0,90.0061
125.0,98.8489
125.0,102.084625
125.0,103.21604
124.0,101.96271
123.0,105.60719
122.0,105.28609
121.0,107.367325
120.0,101.9774
119.0,104.78873
118.0,106.565956
117.0,101.045876
116.0,101.915535
115.0,98.834015
114.0,87.565796
113.0,87.29734
112.0,88.65862
111.0,83.11079
110.0,84.41768
109.0,88.268715
108.0,86.90129
107.0,91.89739
106.0,93.1722
105.0,95.47519
104.0,96.215034
103.0,96.56421
102.0,101.38872
101.0,99.652336
100.0,94.77028
99.0,87.28687
98.0,91.61917
97.0,96.93731
96.0,101.933266
95.0,106.99607
94.0,110.130684
93.0,109.35461
92.0,103.517555
91.0,105.37019
90.0,102.01008
89.0,107.40906
88.0,103.37787
87.0,98.71926
86.0,97.01077
85.0,88.987885
84.0,81.76467
83.0,79.195465
82.0,77.64382
125.0,111.42711
125.0,113.74839
125.0,113.90703
125.0,113.848206
125.0,114.63133
125.0,114.971405
125.0,116.00489
125.0,115.009865
125.0,114.11458
125.0,112.02475
125.0,111.23977
125.0,111.58855
125.0,110.711494
125.0,111.84962
125.0,112.06166
125.0,109.82588
125.0,111.36705
125.0,112.11136
125.0,113.304054
125.0,114.09289
125.0,116.861694
125.0,114.31196
125.0,111.63808
125.0,111.17625
125.0,112.93359
125.0,112.23627
125.0,112.634575
125.0,112.10191
125.0,112.98341
125.0,111.39224
125.0,110.39428
125.0,110.42172
124.0,106.85723
123.0,107.548225
122.0,109.24867
121.0,108.66993
120.0,111.49228
119.0,111.96685
118.0,109.19811
117.0,101.37663
116.0,98.07801
115.0,101.71408
114.0,97.12281
113.0,98.63663
112.0,97.28535
111.0,94.479706
110.0,90.02167
109.0,93.00673
108.0,90.915215
107.0,92.41802
106.0,92.228836
105.0,91.12664
104.0,88.339966
103.0,88.00984
102.0,83.05347
101.0,85.40677
100.0,89.65863
99.0,93.357635
98.0,98.86176
97.0,101.95265
96.0,105.10234
95.0,114.04259
94.0,111.14673
93.0,112.55963
92.0,116.04535
91.0,116.368095
90.0,117.87919
89.0,120.228806
88.0,116.774216
87.0,117.27368
86.0,115.16189
85.0,117.69401
84.0,118.032074
83.0,113.8053
82.0,114.244644
81.0,112.28964
80.0,102.86786
79.0,101.72949
78.0,95.42157
77.0,79.86174
76.0,72.20024
75.0,71.56299
74.0,66.75297
73.0,75.18814
72.0,76.23068
71.0,76.829216
70.0,75.51204
69.0,74.289856
68.0,72.91343
67.0,73.94035
66.0,75.26037
65.0,84.305214
64.0,79.664116
63.0,85.277504
62.0,89.33989
61.0,97.60446
60.0,99.59104
59.0,100.30127
58.0,99.04456
57.0,102.191086
56.0,95.34697
55.0,102.03192
54.0,103.19143
53.0,96.34371
52.0,98.96489
51.0,97.21119
50.0,89.67523
49.0,90.00368
48.0,88.40789
47.0,71.56941
46.0,53.01611
45.0,43.73106
44.0,36.911324
125.0,120.07586
125.0,120.56445
125.0,123.22429
125.0,121.999725
125.0,121.758385
125.0,121.66248
125.0,121.69502
125.0,121.31484
125.0,122.221504
125.0,122.35668
125.0,122.18539
125.0,122.72307
125.0,121.75756
125.0,121.42187
125.0,120.84938
125.0,122.09683
125.0,122.99829
125.0,121.752266
125.0,121.07005
125.0,119.92318
125.0,122.47036
125.0,121.05727
125.0,119.729576
125.0,119.53894
125.0,116.35889
125.0,116.092415
125.0,115.20103
125.0,114.297966
125.0,114.64684
125.0,115.91536
125.0,115.13702
125.0,117.69384
125.0,120.25881
125.0,120.08849
125.0,120.40505
125.0,121.98288
125.0,123.49009
125.0,124.0099
125.0,123.80302
125.0,124.5267
125.0,125.57252
125.0,125.61451
125.0,125.8854
125.0,126.6049
125.0,127.32936
125.0,125.097466
125.0,124.760284
125.0,122.59792
125.0,119.325554
125.0,119.37078
125.0,118.67679
125.0,118.10433
125.0,116.87858
125.0,112.64314
125.0,110.55803
125.0,109.85581
125.0,108.1813
125.0,107.30728
125.0,106.717834
125.0,106.96489
125.0,105.778046
125.0,106.17884
125.0,108.98674
125.0,108.21887
125.0,110.09533
125.0,110.986694
125.0,112.39133
125.0,116.28901
125.0,117.40377
125.0,119.67825
125.0,119.502686
125.0,119.918274
125.0,122.06388
125.0,123.12561
125.0,125.662476
125.0,125.770775
125.0,125.918465
125.0,124.77139
125.0,122.16305
125.0,122.93383
125.0,122.14935
125.0,120.146095
125.0,116.96562
125.0,111.79734
125.0,109.988785
125.0,110.805084
124.0,108.977104
123.0,106.97616
122.0,103.17489
121.0,101.669235
120.0,101.684074
119.0,101.8871
118.0,102.25906
117.0,98.04719
116.0,98.549
115.0,103.15252
114.0,101.48191
113.0,105.413895
112.0,107.378654
111.0,104.30802
110.0,98.878456
109.0,100.62982
108.0,102.36017
107.0,102.32452
106.0,108.213066
105.0,108.02887
104.0,109.3142
103.0,105.912315
102.0,97.083725
101.0,93.1004
100.0,97.00147
99.0,93.87154
124.0,120.82574
123.0,121.24053
122.0,119.65005
121.0,120.01758
120.0,120.07787
119.0,119.20858
118.0,118.5468
117.0,116.91888
116.0,114.66056
115.0,115.412636
114.0,115.681335
113.0,116.981445
112.0,118.94265
111.0,118.23023
110.0,116.558426
109.0,117.09949
108.0,112.7876
107.0,112.4063
106.0,111.06709
105.0,111.81638
104.0,112.244255
103.0,111.79922
102.0,113.86989
101.0,113.324615
100.0,115.114044
99.0,116.048775
98.0,116.66832
97.0,116.94161
96.0,117.749954
95.0,119.305244
94.0,119.20126
93.0,120.99782
92.0,119.36239
91.0,119.26275
90.0,121.54899
89.0,119.97898
88.0,119.29458
87.0,117.6682
86.0,117.35437
85.0,115.304474
84.0,113.48899
83.0,110.02594
82.0,108.37613
81.0,107.69581
80.0,104.79609
79.0,98.270096
78.0,90.766815
77.0,87.58888
76.0,88.006355
75.0,91.71645
74.0,91.72671
73.0,94.480095
72.0,97.294266
71.0,93.96813
70.0,100.69512
69.0,100.59488
68.0,96.41937
67.0,99.54203
66.0,104.37214
65.0,108.90913
64.0,108.65669
63.0,111.26846
62.0,106.36713
61.0,111.283455
60.0,113.11526
59.0,111.88177
58.0,109.95877
57.0,106.50437
56.0,104.53448
55.0,94.7998
54.0,88.92832
53.0,83.92453
52.0,78.65977
51.0,76.33193
50.0,74.84767
49.0,70.57626
48.0,71.10914
47.0,69.85484
46.0,77.713936
45.0,75.739944
44.0,75.3975
43.0,81.0516
42.0,84.805984
41.0,84.296196
40.0,75.18833
39.0,75.54598
38.0,64.078476
37.0,50.913383
36.0,45.43711
35.0,51.421005
34.0,46.113575
33.0,43.772804
32.0,43.194565
31.0,41.78491
30.0,39.893135
29.0,42.465603
28.0,35.61805
27.0,30.309212
26.0,29.191673
25.0,28.184477
24.0,28.264448
23.0,26.85656
22.0,25.40541
21.0,25.86754
20.0,24.520233
19.0,24.202398
18.0,23.866951
17.0,22.484798
16.0,23.521402
15.0,22.191738
14.0,19.645855
13.0,18.002497
12.0,17.166622
11.0,16.34271
125.0,118.67728
125.0,118.82615
125.0,115.46912
125.0,112.5648
125.0,110.63632
125.0,102.33257
125.0,110.30184
125.0,110.222664
125.0,112.76192
125.0,113.18426
125.0,113.40793
125.0,108.767296
125.0,102.332085
125.0,91.622154
125.0,94.380104
125.0,93.07115
124.0,93.5657
123.0,100.38918
122.0,103.270874
121.0,109.594185
120.0,109.64676
119.0,106.18936
118.0,112.59585
117.0,111.76521
116.0,113.45442
115.0,118.04323
114.0,120.072044
113.0,120.465065
112.0,121.2771
111.0,122.96202
110.0,124.667885
109.0,125.39704
108.0,125.01712
107.0,123.37469
106.0,123.10166
105.0,122.01508
104.0,125.26226
103.0,126.992004
102.0,128.01411
101.0,125.737595
100.0,123.17485
99.0,122.81706
98.0,118.32698
97.0,115.20899
96.0,110.89465
95.0,112.0477
94.0,114.339096
93.0,108.57556
125.0,126.678246
125.0,123.56136
125.0,123.60837
125.0,120.95263
125.0,121.54139
125.0,118.75141
125.0,116.54829
125.0,114.50973
125.0,111.48247
125.0,111.2462
125.0,112.44352
125.0,113.30436
125.0,111.5289
125.0,110.65731
124.0,110.2787
123.0,112.52638
122.0,111.08947
121.0,111.62277
120.0,111.45868
119.0,111.37236
118.0,112.77973
117.0,114.102066
116.0,115.54997
115.0,118.82403
114.0,119.06309
113.0,120.11003
112.0,123.190414
111.0,121.59268
110.0,123.55679
109.0,122.065445
108.0,121.1751
107.0,120.02146
106.0,122.697174
105.0,118.92753
104.0,119.82881
103.0,118.72383
102.0,118.133865
101.0,115.168045
100.0,111.47736
99.0,111.91905
98.0,111.61398
97.0,110.53329
96.0,107.47195
95.0,103.75419
94.0,101.46748
93.0,104.993965
92.0,98.24705
91.0,94.574745
90.0,86.74825
89.0,82.438614
88.0,80.85923
87.0,78.618965
86.0,80.750206
85.0,81.69755
84.0,79.50194
83.0,80.22506
82.0,87.72467
81.0,85.14117
80.0,90.8278
79.0,82.473755
78.0,76.81857
77.0,82.35764
76.0,82.977776
75.0,84.03494
74.0,85.70717
73.0,80.61394
72.0,80.77257
71.0,88.03666
70.0,91.69229
69.0,93.83897
68.0,91.22132
67.0,90.49366
66.0,90.82719
65.0,84.67316
64.0,82.0824
63.0,87.014755
62.0,84.32309
61.0,81.03118
60.0,79.91606
59.0,79.75668
58.0,78.334335
57.0,77.44512
56.0,76.810425
55.0,76.25767
54.0,74.443794
53.0,74.024925
52.0,76.30263
51.0,60.68383
50.0,60.662857
49.0,53.26593
48.0,49.998993
47.0,46.154694
46.0,43.23574
45.0,42.164955
44.0,45.104908
43.0,52.307213
42.0,59.783695
41.0,66.61946
40.0,71.75373
39.0,70.80708
38.0,76.066635
37.0,78.560814
36.0,77.36569
35.0,71.922745
34.0,63.44639
33.0,64.51566
32.0,64.092926
31.0,61.89319
30.0,57.643375
29.0,51.25569
28.0,48.260643
27.0,43.92737
26.0,36.936306
25.0,34.52849
24.0,32.753727
23.0,29.534918
22.0,26.319582
21.0,21.052935
20.0,19.998184
19.0,20.66912
18.0,18.771523
17.0,17.747496
16.0,16.144476
15.0,14.98249
14.0,14.10948
13.0,14.5390005
12.0,13.152965
125.0,114.199905
125.0,115.48376
125.0,111.30195
125.0,107.95404
125.0,110.30661
125.0,109.828224
125.0,109.59989
125.0,115.33993
125.0,112.75197
125.0,112.745895
125.0,111.143295
125.0,111.1555
125.0,115.20688
125.0,117.85369
125.0,120.41745
125.0,119.68582
125.0,121.33013
125.0,120.905136
125.0,120.943016
125.0,118.944954
125.0,116.54267
125.0,117.18929
125.0,115.40639
125.0,113.84016
125.0,113.136955
125.0,113.52277
125.0,112.19021
125.0,110.70144
125.0,109.68754
125.0,109.94072
125.0,108.14156
125.0,104.13221
125.0,106.75592
125.0,95.14668
125.0,93.48168
125.0,91.75011
125.0,90.75589
125.0,97.63672
125.0,94.31225
125.0,95.47944
125.0,121.823654
125.0,121.810715
125.0,119.48788
125.0,119.115555
125.0,120.25892
125.0,120.41985
125.0,117.67727
125.0,117.37245
125.0,118.9421
125.0,119.29222
125.0,119.12501
125.0,118.46094
125.0,117.89023
125.0,119.356575
125.0,116.5485
125.0,114.68485
125.0,113.211395
125.0,112.32403
125.0,114.97014
125.0,115.06318
125.0,112.832016
125.0,112.53697
125.0,115.81091
125.0,117.97757
125.0,117.744316
125.0,116.69829
125.0,116.12137
125.0,118.5585
125.0,119.82534
125.0,119.28762
125.0,119.30154
125.0,122.69665
125.0,124.47813
125.0,124.65331
125.0,123.73284
125.0,125.96023
125.0,122.5312
125.0,122.33274
125.0,122.19915
125.0,123.03104
125.0,123.23508
125.0,120.91721
125.0,119.932556
125.0,120.7439
125.0,119.88345
125.0,117.42658
125.0,118.44458
125.0,119.26363
125.0,117.64712
125.0,117.79007
125.0,117.65141
125.0,117.07544
125.0,117.75983
125.0,115.21465
125.0,114.27001
125.0,115.00407
125.0,114.79687
125.0,113.288185
125.0,113.431496
125.0,113.54597
125.0,110.43465
125.0,113.556885
125.0,111.666954
125.0,110.35461
125.0,108.25352
125.0,110.46103
125.0,108.93566
125.0,108.31397
125.0,111.468216
125.0,110.2586
125.0,113.15739
125.0,113.61148
125.0,115.03369
125.0,116.59892
125.0,118.15181
125.0,115.8472
124.0,119.42109
123.0,120.11119
122.0,119.11645
121.0,118.07116
120.0,114.837456
119.0,114.95956
118.0,111.0818
117.0,104.55456
116.0,107.06872
115.0,110.21535
114.0,110.96649
113.0,110.72137
112.0,112.75972
111.0,111.10821
110.0,113.1196
109.0,117.73374
108.0,117.317856
107.0,114.53975
106.0,112.86152
105.0,111.44964
104.0,113.1615
103.0,107.6616
102.0,103.532326
101.0,97.09837
100.0,98.54778
99.0,95.81212
98.0,94.628174
97.0,96.763405
96.0,95.024536
95.0,91.52077
94.0,91.870316
93.0,86.911736
92.0,88.27094
91.0,94.22373
90.0,94.18227
89.0,92.80619
88.0,93.87325
87.0,98.9067
86.0,99.996025
85.0,98.02238
84.0,99.30186
83.0,108.7284
82.0,110.48141
81.0,106.5598
80.0,113.78472
79.0,113.062935
78.0,109.65178
77.0,105.67736
76.0,98.10009
75.0,96.10009
74.0,83.14819
73.0,77.72003
72.0,75.005714
71.0,75.525055
70.0,75.23035
69.0,68.42795
68.0,77.22272
67.0,79.745415
66.0,84.08209
65.0,85.86701
64.0,88.32658
63.0,90.93139
62.0,83.54439
61.0,83.679794
60.0,83.394875
59.0,84.33443
58.0,83.885574
57.0,81.86735
56.0,71.214836
55.0,67.740204
54.0,60.815784
53.0,64.31792
52.0,71.614426
51.0,75.90095
50.0,78.578545
49.0,73.95186
48.0,63.851646
47.0,63.532852
46.0,58.726654
45.0,55.61349
44.0,45.31801
43.0,45.014427
42.0,44.453083
41.0,43.244915
40.0,43.53858
39.0,35.613777
38.0,36.18669
37.0,32.833042
36.0,32.30832
35.0,29.547789
125.0,119.83451
125.0,120.08488
125.0,120.488655
125.0,118.79643
125.0,119.59318
125.0,119.11133
125.0,116.288086
125.0,118.17598
125.0,118.30911
125.0,116.767654
125.0,116.787994
125.0,118.18554
125.0,118.11463
125.0,116.4274
125.0,116.62393
125.0,114.47341
125.0,114.67672
125.0,113.783585
125.0,110.79521
125.0,109.72287
125.0,107.54056
125.0,108.83441
125.0,110.383415
125.0,108.924934
125.0,108.05266
125.0,112.43533
125.0,114.69357
125.0,114.49846
125.0,117.66705
125.0,117.15388
125.0,117.616234
125.0,119.237564
125.0,121.219315
125.0,120.22158
125.0,122.315384
125.0,122.187355
125.0,121.08913
125.0,122.55504
125.0,122.15659
125.0,121.11542
125.0,122.41056
125.0,122.55685
125.0,118.67221
125.0,117.2462
125.0,116.43551
125.0,115.64852
125.0,115.18424
125.0,114.08465
125.0,111.71341
125.0,111.47107
125.0,110.68665
125.0,110.207565
125.0,105.10493
125.0,105.54134
125.0,101.9283
125.0,105.18002
125.0,103.31706
125.0,97.708786
125.0,99.97612
125.0,101.97858
125.0,100.0704
125.0,101.19893
125.0,105.38756
125.0,102.77855
125.0,105.05491
125.0,104.11274
125.0,105.70399
125.0,108.79614
125.0,109.08411
125.0,106.82778
125.0,107.70244
125.0,107.0557
125.0,107.13426
125.0,105.77279
125.0,105.00096
125.0,104.576706
125.0,105.28896
125.0,103.026024
125.0,106.287285
125.0,108.41119
125.0,108.895744
125.0,107.76486
125.0,104.063286
125.0,102.45482
125.0,102.0709
125.0,102.08969
125.0,97.68862
125.0,98.57004
125.0,96.798645
125.0,105.074814
125.0,94.00884
125.0,104.16515
125.0,103.397606
125.0,99.93481
125.0,100.91885
125.0,100.944275
125.0,98.54219
125.0,102.04438
125.0,102.14496
125.0,101.12787
125.0,103.462975
125.0,103.05997
124.0,101.62151
123.0,102.09751
122.0,95.8142
121.0,90.96466
120.0,84.0835
119.0,91.19987
118.0,88.408226
117.0,94.44808
116.0,93.72447
119.0,124.55742
118.0,124.31129
117.0,123.27814
116.0,121.39757
115.0,122.23922
114.0,122.85194
113.0,123.765045
112.0,125.04992
111.0,123.010155
110.0,124.00903
109.0,123.954216
108.0,123.02995
107.0,122.949745
106.0,122.2452
105.0,121.000534
104.0,119.03794
103.0,119.32693
102.0,120.32531
101.0,118.14008
100.0,117.50296
99.0,116.87523
98.0,115.97613
97.0,114.11813
96.0,111.130455
95.0,110.900826
94.0,113.45425
93.0,115.17802
92.0,115.14316
91.0,113.02533
90.0,114.447754
89.0,115.90631
88.0,115.223625
87.0,113.15811
86.0,111.04279
85.0,112.05902
84.0,114.38481
83.0,115.621635
82.0,116.691345
81.0,116.250435
80.0,116.97983
79.0,114.74223
78.0,114.19864
77.0,113.447136
76.0,112.934906
75.0,111.696014
74.0,107.82723
73.0,106.5649
72.0,107.84996
71.0,104.23689
70.0,101.53022
69.0,95.466896
68.0,94.34546
67.0,91.2028
66.0,88.53825
65.0,88.01752
64.0,89.343636
63.0,89.989395
62.0,86.54106
61.0,82.20803
60.0,80.631996
125.0,113.95036
125.0,114.979675
125.0,118.086105
125.0,117.80014
125.0,118.223015
125.0,120.21973
125.0,121.31893
125.0,121.619484
125.0,122.470795
125.0,121.12349
125.0,118.12677
125.0,119.99414
125.0,121.004
125.0,121.89296
125.0,122.48275
125.0,122.904366
125.0,122.035416
125.0,119.045044
125.0,118.07868
125.0,120.29626
125.0,118.87205
125.0,118.81098
125.0,117.33172
125.0,116.77034
125.0,116.00526
125.0,117.52551
125.0,114.59334
125.0,111.19285
125.0,112.27928
125.0,113.449104
125.0,113.195786
125.0,112.66061
125.0,112.168594
125.0,112.60407
125.0,113.851
125.0,114.16392
125.0,113.41094
125.0,112.77512
125.0,110.28553
125.0,110.47352
125.0,110.03502
125.0,112.06693
125.0,115.65298
125.0,116.971664
125.0,116.5722
125.0,116.50999
125.0,117.22516
125.0,115.38097
125.0,114.72256
125.0,116.5449
125.0,116.127495
125.0,114.601654
125.0,113.88321
125.0,113.77921
125.0,111.518555
125.0,112.4976
125.0,110.3915
125.0,105.080475
125.0,105.93254
125.0,108.01355
125.0,104.50407
125.0,103.53466
125.0,98.679955
125.0,95.63678
125.0,92.59669
125.0,88.85295
125.0,88.89319
125.0,88.31114
125.0,87.35914
125.0,87.98617
125.0,92.37879
125.0,93.60988
125.0,98.816536
125.0,103.47476
125.0,104.470085
125.0,109.66263
125.0,110.461006
125.0,111.2984
125.0,115.943115
125.0,118.58521
125.0,121.46354
125.0,123.7329
125.0,124.54156
125.0,125.64145
125.0,125.78927
125.0,124.4776
125.0,125.40899
125.0,126.99781
125.0,127.96216
125.0,128.52913
125.0,126.96655
124.0,124.11403
123.0,120.26484
122.0,119.13573
121.0,116.3689
120.0,116.33992
119.0,117.31878
118.0,115.90974
117.0,115.74863
116.0,114.14213
115.0,112.85958
114.0,107.276184
113.0,104.37161
112.0,98.51025
111.0,96.38084
110.0,97.16075
109.0,93.48647
108.0,91.552704
107.0,93.710594
106.0,99.2556
105.0,103.834015
104.0,96.91691
103.0,96.83008
102.0,94.910126
101.0,96.48823
100.0,91.797295
125.0,121.000916
125.0,117.267395
125.0,115.41311
125.0,116.30272
125.0,116.902916
125.0,122.50973
125.0,117.82769
124.0,121.043304
123.0,118.601326
122.0,122.24237
121.0,119.364716
120.0,120.44632
119.0,119.858734
118.0,120.6082
117.0,117.62608
116.0,117.400085
115.0,112.061584
114.0,111.65321
113.0,109.193344
112.0,110.20263
111.0,108.88753
110.0,112.058304
109.0,104.95228
108.0,106.649994
107.0,109.14774
106.0,107.08133
105.0,105.98279
104.0,109.93306
125.0,118.47225
125.0,120.6008
125.0,118.95608
125.0,118.76415
125.0,120.17194
125.0,120.140305
125.0,121.32497
125.0,120.43044
125.0,121.996086
125.0,120.36987
125.0,121.69199
125.0,121.10189
125.0,121.614296
125.0,121.42709
125.0,121.18562
125.0,122.42624
125.0,123.68951
125.0,124.34028
125.0,124.32923
125.0,123.921555
125.0,124.127716
125.0,124.418015
125.0,122.44139
125.0,124.570114
125.0,124.105736
125.0,124.4715
124.0,125.250565
123.0,124.65373
122.0,125.91731
121.0,125.6727
120.0,126.42488
119.0,126.98738
118.0,125.070526
117.0,124.415794
116.0,121.72073
115.0,119.18689
114.0,116.99335
113.0,113.42469
112.0,112.35333
111.0,110.94668
110.0,109.88338
109.0,108.08541
125.0,119.34536
125.0,118.81087
125.0,119.15786
125.0,119.330505
124.0,119.73528
123.0,119.93086
122.0,121.02049
121.0,121.60864
120.0,121.881996
119.0,122.764114
118.0,121.28688
117.0,119.60128
116.0,120.4805
115.0,120.46913
114.0,120.81133
113.0,119.11168
112.0,118.39515
111.0,118.12142
110.0,118.40404
109.0,117.6012
108.0,116.65534
107.0,117.35805
106.0,117.240364
105.0,115.83965
104.0,115.35953
103.0,115.29914
102.0,115.84168
101.0,115.94829
100.0,114.645996
99.0,113.636536
98.0,114.42912
97.0,114.1846
96.0,112.91391
95.0,114.71892
94.0,113.534355
93.0,114.13873
92.0,115.98552
91.0,116.19789
90.0,116.68382
89.0,116.001915
88.0,115.80706
87.0,112.79077
86.0,113.29071
85.0,111.94345
84.0,112.236336
125.0,129.08147
125.0,129.77798
125.0,129.93065
125.0,129.66867
125.0,128.03203
125.0,127.94061
125.0,127.27508
125.0,127.58228
125.0,126.76184
125.0,126.83244
125.0,125.36545
125.0,125.26633
125.0,124.57299
125.0,125.06036
125.0,124.68671
125.0,124.95038
125.0,123.55266
125.0,122.51594
125.0,123.324135
125.0,123.496254
125.0,124.28524
125.0,123.25269
125.0,124.31476
125.0,124.19266
125.0,124.22851
125.0,125.03646
125.0,124.49107
125.0,124.78348
125.0,125.621346
125.0,124.038826
125.0,123.48179
125.0,123.624016
125.0,124.36051
125.0,122.99991
125.0,122.50948
125.0,121.88481
125.0,122.31751
125.0,122.27159
125.0,121.79575
125.0,122.26405
125.0,121.23915
125.0,120.571106
125.0,118.21862
125.0,118.13253
125.0,119.00846
125.0,119.68577
125.0,121.13967
125.0,119.19175
125.0,117.79275
125.0,116.43705
125.0,118.131355
125.0,118.96195
125.0,119.92584
125.0,120.38982
125.0,119.871445
125.0,120.33904
125.0,120.62223
125.0,122.09408
125.0,122.71049
125.0,122.39776
125.0,122.60813
125.0,120.90107
125.0,121.4315
125.0,121.89483
125.0,120.52693
125.0,120.61421
125.0,122.71339
125.0,125.77331
125.0,126.443085
125.0,127.267075
125.0,125.23779
125.0,125.5091
125.0,125.779106
125.0,123.8085
125.0,123.961655
125.0,124.684395
125.0,125.79541
125.0,124.36163
125.0,123.24899
125.0,123.256065
125.0,123.54422
125.0,121.88644
125.0,121.579765
125.0,120.609055
125.0,119.09658
125.0,116.74634
125.0,118.26778
125.0,118.358086
125.0,118.252594
125.0,117.62164
125.0,119.252426
125.0,116.65351
125.0,117.4398
125.0,119.4747
125.0,117.340805
125.0,117.165276
125.0,120.35303
125.0,121.64332
125.0,121.57597
125.0,122.76944
125.0,123.00776
125.0,123.16575
125.0,122.60895
125.0,122.335724
125.0,119.77326
125.0,120.198975
125.0,119.069016
125.0,118.04105
125.0,116.786545
125.0,116.480415
125.0,116.43561
125.0,114.755905
125.0,115.412575
125.0,114.87233
125.0,115.80853
125.0,115.561615
125.0,117.470406
125.0,117.76303
125.0,119.02749
125.0,120.63696
125.0,121.91926
125.0,120.07531
125.0,120.92237
125.0,120.18259
125.0,119.0344
125.0,118.172676
125.0,119.13847
125.0,116.65892
125.0,115.42346
125.0,113.52093
125.0,114.69101
125.0,124.0352
125.0,122.29577
125.0,122.476204
125.0,121.695854
125.0,124.06808
125.0,120.47679
125.0,117.66041
125.0,116.573746
125.0,117.321175
125.0,114.2146
125.0,115.85856
125.0,112.767975
125.0,112.757286
125.0,114.13695
125.0,112.34584
125.0,102.103615
125.0,103.29441
125.0,108.17494
125.0,111.15136
125.0,111.40481
125.0,113.854
125.0,114.42731
125.0,115.97345
125.0,119.280495
125.0,121.79592
125.0,122.15216
125.0,120.3971
125.0,116.53275
125.0,115.119064
125.0,110.98447
125.0,113.81366
125.0,114.090126
124.0,114.69368
123.0,111.96347
122.0,112.505844
121.0,112.59297
120.0,108.51146
119.0,112.97186
118.0,111.23895
117.0,112.306694
116.0,115.164246
115.0,113.39262
114.0,109.60542
113.0,111.25434
112.0,105.46559
111.0,104.0776
110.0,109.11825
109.0,108.91014
108.0,112.58528
107.0,105.366234
106.0,103.801315
105.0,103.27204
104.0,110.27875
103.0,109.906624
102.0,115.717636
101.0,114.83873
100.0,112.34744
99.0,103.98627
98.0,104.92643
97.0,108.343315
96.0,114.4605
95.0,115.40497
94.0,112.46131
93.0,109.01647
92.0,107.23628
91.0,104.72267
90.0,103.94164
89.0,105.21691
88.0,108.216965
87.0,111.81195
86.0,113.29206
85.0,113.62162
84.0,109.04866
83.0,107.72529
82.0,104.8963
81.0,105.24077
80.0,105.65222
79.0,99.106285
78.0,99.41103
77.0,92.8536
76.0,92.50979
75.0,99.69396
74.0,99.38487
73.0,103.46623
72.0,104.4954
71.0,101.384094
70.0,97.74575
69.0,94.27969
68.0,91.71672
67.0,99.209885
66.0,104.8607
65.0,105.03344
64.0,95.66223
63.0,93.05972
62.0,89.18391
61.0,86.88882
60.0,80.22214
59.0,78.75601
58.0,82.50736
57.0,80.33035
56.0,72.6059
55.0,67.09996
54.0,59.140316
53.0,60.435013
52.0,55.177387
51.0,59.46906
50.0,57.303413
49.0,50.44907
48.0,45.667686
47.0,45.601086
46.0,46.959408
45.0,49.57078
44.0,47.95673
43.0,46.346687
42.0,45.857773
41.0,46.3588
40.0,48.9204
39.0,48.441086
38.0,46.86861
37.0,44.957302
36.0,48.81279
35.0,47.53235
34.0,45.985558
33.0,42.839073
32.0,41.87719
31.0,43.812824
30.0,44.39234
29.0,43.512596
28.0,42.75474
27.0,45.977837
26.0,41.216568
25.0,37.692013
24.0,35.29302
23.0,34.128147
22.0,29.088692
21.0,30.967012
20.0,28.515764
19.0,28.692284
18.0,30.117624
17.0,28.948978
16.0,27.5446
125.0,120.18808
125.0,120.98438
125.0,121.81725
125.0,118.16265
125.0,117.80499
125.0,116.28888
125.0,117.930984
125.0,115.67006
125.0,111.655304
125.0,113.73364
125.0,111.60437
125.0,114.33802
125.0,110.027245
125.0,102.67588
125.0,108.0502
125.0,108.596375
125.0,109.204475
125.0,111.137146
125.0,109.48063
125.0,109.81671
125.0,109.94404
125.0,112.854996
125.0,114.567604
125.0,115.788765
125.0,115.22832
125.0,116.036354
125.0,118.04077
125.0,118.6055
125.0,119.80403
125.0,120.33221
125.0,121.3618
125.0,119.61807
125.0,115.93363
125.0,114.91198
125.0,116.250015
125.0,115.30672
125.0,113.02597
125.0,115.41558
125.0,114.081856
125.0,115.685005
125.0,113.78429
125.0,115.73531
124.0,114.949684
123.0,115.20582
122.0,118.30308
121.0,118.38087
120.0,117.689575
119.0,119.55254
118.0,120.09611
117.0,117.85673
116.0,117.40796
115.0,114.36776
114.0,109.07126
113.0,99.89644
112.0,97.80737
111.0,101.31588
110.0,100.4725
109.0,108.35931
108.0,113.65729
107.0,113.312614
106.0,113.671715
105.0,110.10502
104.0,105.31128
103.0,107.98876
102.0,109.53521
101.0,110.1251
100.0,108.52518
99.0,108.46906
98.0,108.01592
97.0,106.991295
96.0,102.324005
95.0,97.74172
94.0,102.16006
93.0,104.1077
92.0,108.38377
91.0,107.85093
90.0,107.96066
89.0,108.87707
88.0,106.67183
87.0,107.70685
86.0,108.46106
85.0,104.88776
84.0,90.97527
83.0,84.7222
82.0,76.84461
81.0,75.85665
80.0,67.71496
79.0,69.81856
78.0,71.32463
77.0,69.335266
76.0,70.03402
75.0,62.819965
74.0,56.779507
73.0,57.395878
72.0,58.603813
71.0,55.95189
70.0,57.736465
69.0,60.387722
68.0,59.175293
67.0,61.850815
66.0,64.774155
65.0,62.14503
64.0,69.38699
63.0,70.68187
62.0,69.245316
61.0,71.158936
60.0,70.494514
59.0,75.73097
58.0,72.30965
57.0,70.44581
56.0,71.8494
55.0,70.044365
54.0,65.36641
53.0,70.22042
52.0,70.61837
51.0,73.06953
50.0,66.57225
49.0,50.81442
48.0,43.281635
47.0,44.40404
46.0,40.687534
45.0,38.395462
44.0,38.132034
43.0,39.798496
42.0,40.820374
41.0,41.54907
40.0,46.617016
39.0,50.110817
38.0,50.802902
37.0,49.480434
36.0,49.265625
35.0,50.22791
34.0,48.214886
33.0,48.06314
32.0,46.559177
31.0,46.140842
30.0,45.742073
29.0,44.552055
28.0,44.09761
27.0,41.650093
26.0,41.147217
25.0,37.57319
24.0,30.614172
23.0,26.798834
22.0,22.564013
21.0,20.634369
20.0,16.798542
19.0,13.058529
18.0,11.88287
17.0,10.320226
16.0,10.888934
15.0,10.044125
14.0,11.350056
13.0,12.582523
12.0,11.866415
11.0,11.734628
10.0,12.075607
125.0,121.381546
125.0,119.30859
125.0,118.76141
125.0,118.920395
125.0,119.53517
125.0,117.596436
125.0,114.45605
125.0,106.08122
125.0,102.10971
125.0,101.44239
125.0,97.71814
125.0,98.76651
124.0,97.55006
123.0,103.87926
122.0,112.03039
121.0,113.22711
120.0,114.25082
119.0,113.36531
118.0,115.027405
117.0,115.534424
116.0,118.845955
115.0,118.38325
114.0,120.96893
113.0,120.902084
112.0,120.30812
111.0,119.62764
110.0,119.04817
109.0,115.70712
108.0,114.476616
107.0,113.34696
106.0,109.0677
105.0,101.600624
104.0,102.77668
103.0,106.89879
102.0,110.06999
101.0,113.18225
100.0,102.414215
99.0,93.880196
98.0,90.4786
97.0,82.1653
96.0,80.68811
95.0,90.38668
94.0,95.44417
93.0,89.35495
92.0,91.956985
91.0,91.9888
90.0,94.56242
89.0,96.05583
88.0,99.86434
87.0,97.95343
86.0,102.37371
85.0,100.20898
84.0,106.51636
83.0,103.1482
82.0,96.33497
81.0,100.95059
80.0,104.35002
79.0,108.37676
78.0,104.40086
77.0,100.83843
76.0,97.783714
75.0,104.23583
74.0,108.02171
73.0,103.09667
72.0,102.46026
71.0,91.83931
70.0,92.41924
69.0,84.63006
68.0,75.251465
67.0,68.94236
66.0,71.942444
65.0,69.33559
64.0,77.16551
63.0,65.77963
62.0,65.27439
61.0,68.826164
60.0,71.65561
59.0,66.57849
58.0,59.345234
57.0,52.6974
56.0,52.207073
55.0,49.67584
54.0,60.208275
53.0,51.403336
52.0,49.060726
51.0,52.48031
50.0,44.886055
49.0,44.58442
48.0,42.54508
47.0,47.725994
46.0,50.296944
45.0,51.109768
44.0,51.787407
43.0,50.72841
125.0,112.93685
125.0,110.82376
125.0,112.11685
125.0,113.9778
125.0,117.95729
125.0,118.61283
125.0,119.273834
125.0,117.269005
125.0,117.70046
125.0,123.908295
125.0,125.218735
125.0,125.157745
125.0,121.44136
125.0,119.94129
125.0,118.056335
125.0,118.29819
125.0,119.20127
125.0,118.0222
125.0,117.37635
125.0,115.572426
125.0,117.93941
125.0,116.99973
125.0,114.61839
125.0,114.40939
125.0,114.23602
125.0,113.473755
125.0,114.74582
125.0,115.72323
125.0,111.50301
125.0,110.023346
125.0,109.62351
125.0,109.261795
125.0,111.807144
124.0,111.57146
123.0,115.87209
122.0,116.14673
121.0,117.39675
120.0,117.318375
119.0,119.82173
118.0,121.772285
117.0,122.399826
116.0,123.78157
115.0,122.140335
114.0,118.56036
113.0,119.35485
112.0,118.60869
111.0,116.11443
110.0,119.265144
109.0,115.1243
108.0,113.56713
107.0,118.41957
106.0,111.76521
105.0,112.643425
104.0,111.43088
103.0,109.71938
102.0,110.132454
101.0,102.344696
100.0,104.57657
99.0,106.002106
98.0,104.36905
97.0,106.58723
96.0,106.995384
95.0,109.577286
94.0,109.03324
93.0,109.70477
92.0,110.81054
91.0,112.75921
90.0,109.109634
89.0,110.33811
88.0,106.4364
87.0,102.770676
86.0,107.50804
85.0,105.0913
84.0,100.423744
83.0,104.13836
82.0,102.9836
81.0,96.63626
80.0,101.0712
79.0,92.309364
78.0,89.73999
77.0,93.52036
76.0,77.19671
75.0,83.220634
74.0,82.63728
73.0,86.25165
72.0,84.12979
71.0,71.248344
70.0,73.26321
69.0,78.608864
68.0,75.46062
67.0,82.408745
66.0,82.88114
65.0,90.63676
64.0,90.5964
63.0,91.74276
62.0,92.43062
61.0,93.04551
60.0,87.46841
59.0,88.62376
58.0,86.74887
57.0,91.820465
56.0,95.396164
55.0,92.77984
54.0,86.087296
53.0,87.70706
52.0,81.34028
51.0,65.30284
50.0,59.60303
49.0,59.744476
48.0,51.39172
47.0,52.3321
46.0,49.32023
45.0,49.29538
44.0,48.803707
43.0,54.288544
42.0,53.00497
41.0,48.86196
40.0,49.391075
39.0,47.954044
38.0,47.314713
37.0,48.180996
36.0,45.136955
35.0,47.337463
34.0,49.518898
33.0,47.138176
32.0,46.36053
31.0,43.578087
30.0,46.8888
29.0,47.073856
28.0,50.150745
27.0,52.316727
26.0,53.159863
25.0,51.774338
24.0,51.190666
23.0,48.50586
22.0,42.365124
21.0,38.240906
20.0,31.594433
19.0,30.420269
18.0,26.495655
17.0,24.55213
16.0,24.766254
15.0,22.845718
14.0,22.202518
125.0,117.50199
125.0,117.942444
125.0,118.0908
125.0,118.136116
125.0,117.328735
125.0,117.17647
125.0,119.38193
125.0,119.22538
125.0,120.11581
125.0,119.9242
125.0,120.053795
125.0,119.589676
125.0,116.4592
125.0,116.84293
125.0,116.969536
125.0,119.82872
125.0,118.65263
125.0,117.5812
125.0,119.200806
125.0,117.263535
125.0,117.058815
125.0,116.75397
125.0,116.84999
125.0,118.55794
125.0,121.75059
125.0,120.18822
125.0,117.801636
125.0,119.62945
125.0,117.681244
125.0,115.26462
125.0,114.27758
125.0,115.236145
125.0,116.51149
125.0,116.85467
125.0,117.33853
125.0,116.31278
125.0,118.14408
125.0,117.02299
125.0,116.58739
125.0,116.458954
125.0,116.07103
125.0,115.29226
125.0,112.102516
125.0,111.58414
125.0,109.35142
125.0,109.62964
125.0,112.04498
125.0,112.30329
125.0,113.707344
125.0,115.649574
125.0,114.195755
125.0,116.20133
125.0,116.68492
125.0,120.155945
125.0,121.672935
125.0,120.02628
125.0,116.89263
125.0,119.47314
125.0,116.33231
125.0,113.24147
125.0,113.25501
125.0,111.45536
125.0,110.223206
125.0,107.54424
125.0,103.70534
125.0,101.835945
125.0,102.82414
125.0,93.66478
125.0,94.571014
125.0,97.02806
125.0,98.44758
125.0,96.814865
124.0,95.663
123.0,98.63733
122.0,100.80407
121.0,102.82384
120.0,105.247536
119.0,108.82186
118.0,111.45414
117.0,114.79308
116.0,116.24204
115.0,116.459755
114.0,118.74002
113.0,123.06408
112.0,125.7163
111.0,124.37444
110.0,123.59394
109.0,121.99646
108.0,122.11248
107.0,117.473305
106.0,116.12818
105.0,111.46437
104.0,104.52563
103.0,95.69331
102.0,86.8748
101.0,85.08577
100.0,84.98772
99.0,83.62334
98.0,77.22105
97.0,75.27202
96.0,71.34677
95.0,71.51128
94.0,74.989624
93.0,79.25413
92.0,83.72609
91.0,81.68603
90.0,87.46186
89.0,84.833595
88.0,94.2111
87.0,99.80197
86.0,111.99332
85.0,106.78503
84.0,113.71007
83.0,116.04543
82.0,115.09755
81.0,114.44135
80.0,118.79326
79.0,118.37918
78.0,116.5863
77.0,114.13113
76.0,109.060455
75.0,98.053604
74.0,85.02376
73.0,68.21324
72.0,61.45018
71.0,61.48724
70.0,59.49042
69.0,63.07251
68.0,54.604866
67.0,50.91709
66.0,54.872574
65.0,59.4593
64.0,55.807507
63.0,63.76701
62.0,55.047432
61.0,49.318798
60.0,59.00123
59.0,62.97203
58.0,56.85337
57.0,53.23515
56.0,59.92136
55.0,62.270084
54.0,64.61958
53.0,57.57153
52.0,51.789932
51.0,54.31699
50.0,58.511913
49.0,60.543827
48.0,56.534542
47.0,59.4114
46.0,62.10335
45.0,58.248928
44.0,59.43883
43.0,59.276814
42.0,55.135876
125.0,116.29925
125.0,115.523094
125.0,115.31157
125.0,115.934715
125.0,117.01625
125.0,113.183464
125.0,113.496254
125.0,111.89877
125.0,114.35952
125.0,115.402084
125.0,112.62321
125.0,111.721344
125.0,115.15511
125.0,119.43082
125.0,119.53717
125.0,119.000435
125.0,118.30042
125.0,116.42805
125.0,115.03334
125.0,112.66883
125.0,113.59541
125.0,117.36227
125.0,115.6263
125.0,108.49274
125.0,105.93017
125.0,104.82634
125.0,108.70397
125.0,108.60603
125.0,108.841576
125.0,107.81558
125.0,98.36318
125.0,96.76128
125.0,94.96562
125.0,101.26682
125.0,102.80402
125.0,105.70902
125.0,105.23442
125.0,106.191414
125.0,109.43
125.0,108.28598
125.0,111.57117
125.0,114.052216
125.0,118.62739
125.0,119.97656
125.0,119.32731
125.0,118.46087
125.0,119.2343
125.0,115.80323
125.0,116.68056
125.0,114.467674
125.0,110.97344
125.0,114.18416
125.0,110.07474
125.0,103.00255
125.0,99.58843
125.0,101.13507
125.0,98.968666
125.0,96.711876
125.0,102.0471
125.0,107.21065
125.0,109.265976
125.0,106.978546
125.0,108.623405
125.0,109.86149
125.0,112.26327
125.0,114.21378
125.0,114.19736
125.0,113.720795
125.0,112.26704
125.0,110.36223
125.0,106.01597
125.0,104.948
125.0,101.50669
125.0,86.36826
125.0,79.23151
125.0,70.310646
125.0,71.44881
125.0,68.0191
124.0,70.310196
123.0,68.20365
122.0,65.160805
121.0,72.60284
120.0,69.727005
119.0,73.93127
118.0,80.96621
117.0,87.58521
116.0,91.04761
115.0,95.44756
114.0,104.75005
113.0,112.251465
112.0,116.089066
111.0,114.37426
110.0,116.173935
109.0,114.47903
108.0,115.83961
107.0,114.906525
106.0,115.50756
105.0,112.9174
104.0,114.93937
103.0,112.540985
102.0,110.897514
101.0,109.747116
100.0,108.68748
99.0,99.744705
98.0,91.956535
97.0,88.25644
96.0,87.2505
95.0,80.97649
94.0,79.13476
93.0,79.96152
92.0,79.52034
91.0,74.55493
90.0,60.2012
89.0,56.346184
125.0,124.94904
125.0,123.72196
125.0,122.87594
125.0,121.05761
125.0,119.20997
125.0,117.572365
125.0,116.33512
125.0,116.29606
125.0,115.005745
125.0,116.59194
125.0,114.93317
125.0,114.928314
125.0,114.935394
125.0,111.44532
125.0,112.1819
125.0,110.5878
125.0,113.89953
125.0,114.00845
125.0,112.95592
125.0,112.75775
125.0,115.977394
125.0,115.87858
125.0,113.924675
125.0,114.54817
125.0,114.70722
125.0,114.75447
125.0,116.76015
125.0,118.47519
125.0,118.52792
125.0,118.21966
125.0,119.84029
125.0,120.28696
125.0,119.137924
125.0,117.44861
125.0,116.79183
125.0,116.10747
125.0,113.389114
125.0,112.94923
125.0,112.7684
125.0,114.07297
125.0,113.64507
125.0,114.6348
125.0,112.035164
125.0,109.08467
125.0,108.324524
125.0,107.18204
125.0,111.814674
125.0,112.40304
125.0,111.55264
125.0,112.536964
125.0,113.70086
125.0,114.469986
125.0,114.225464
125.0,115.309975
125.0,116.51335
125.0,117.572
125.0,117.06821
125.0,117.379196
125.0,114.85001
124.0,114.01015
123.0,115.86722
122.0,114.48812
121.0,111.80506
120.0,112.194305
119.0,111.8459
118.0,112.66557
117.0,113.91299
116.0,112.508705
115.0,114.322464
114.0,115.37523
113.0,111.83517
112.0,113.4984
111.0,114.811455
110.0,114.768456
109.0,114.09987
108.0,113.65921
107.0,116.18895
106.0,115.88003
105.0,115.7188
104.0,114.50876
103.0,111.39389
102.0,112.27871
101.0,109.060455
100.0,107.18023
99.0,105.72259
98.0,102.32277
97.0,98.32382
96.0,98.20269
95.0,95.70515
94.0,90.62757
93.0,86.60675
92.0,76.15916
91.0,71.19566
90.0,68.06362
89.0,66.33214
88.0,62.892204
87.0,61.604393
86.0,62.412186
85.0,68.19587
84.0,71.511986
83.0,62.58402
82.0,66.06912
81.0,75.498085
80.0,82.49576
79.0,80.23864
78.0,94.565544
77.0,99.51635
76.0,106.19498
75.0,101.7839
74.0,96.40785
73.0,91.27965
72.0,95.64174
71.0,98.1509
70.0,102.78571
69.0,98.86402
68.0,100.85233
67.0,104.30425
66.0,105.92957
65.0,108.68661
64.0,104.269905
63.0,94.72998
62.0,86.08958
61.0,79.94207
60.0,81.86592
59.0,77.75577
58.0,72.00802
57.0,64.84078
56.0,63.49481
55.0,62.784985
54.0,59.018112
53.0,48.537403
52.0,47.13232
51.0,49.185493
50.0,51.104443
49.0,46.91948
48.0,51.3555
47.0,52.309135
46.0,46.18991
45.0,47.5448
44.0,46.6209
43.0,45.716427
42.0,42.452652
41.0,51.288498
40.0,52.971413
39.0,47.986
38.0,49.313583
37.0,51.752907
36.0,43.719357
35.0,43.86135
34.0,39.764442
33.0,34.707363
32.0,31.733486
31.0,29.750444
30.0,32.261696
29.0,29.592659
28.0,26.549614
27.0,26.504766
26.0,26.488976
25.0,25.712374
24.0,25.196537
23.0,23.38341
22.0,22.253052
21.0,21.261164
20.0,19.019228
19.0,17.841381
18.0,17.655586
17.0,16.688776
16.0,13.123405
15.0,12.931663
125.0,122.07361
125.0,121.66817
125.0,121.81323
125.0,119.81722
125.0,118.82401
125.0,99.53115
125.0,103.30344
125.0,100.429146
125.0,104.258766
125.0,108.39597
125.0,111.05035
125.0,111.46315
125.0,111.871605
125.0,113.03397
125.0,112.528824
125.0,112.8604
125.0,110.92133
125.0,108.41785
125.0,106.1969
125.0,107.2904
125.0,106.10082
125.0,112.14521
125.0,110.88927
125.0,114.09233
125.0,115.55882
125.0,115.4428
125.0,114.265915
125.0,112.42731
125.0,112.97308
125.0,112.96408
125.0,114.599236
125.0,114.95892
125.0,112.30892
125.0,109.95462
125.0,111.22594
125.0,113.510185
125.0,115.035484
125.0,116.20999
125.0,119.125534
125.0,121.289825
125.0,123.34652
125.0,121.45159
125.0,122.15845
125.0,120.60078
125.0,122.30635
125.0,121.756744
125.0,122.53434
125.0,120.874886
125.0,120.864204
125.0,121.070694
125.0,121.028625
125.0,123.40949
125.0,123.039
125.0,122.04478
125.0,119.18159
125.0,118.852936
125.0,118.776924
125.0,116.56717
125.0,115.10315
125.0,112.5168
125.0,110.34887
125.0,107.79903
125.0,108.22544
125.0,103.567
125.0,108.970474
125.0,110.656525
125.0,109.85355
125.0,111.649
125.0,114.36213
125.0,110.93059
125.0,110.91946
125.0,108.40543
125.0,117.03261
125.0,117.63478
125.0,118.4868
125.0,118.18843
125.0,122.38486
125.0,121.63766
125.0,122.19508
125.0,122.31865
125.0,125.10614
125.0,125.632774
125.0,125.249626
125.0,125.39527
125.0,125.58456
125.0,122.95518
125.0,123.14469
125.0,122.25917
125.0,122.455795
125.0,120.53109
125.0,114.6558
125.0,114.86018
124.0,115.62792
123.0,115.09059
122.0,114.55494
121.0,114.03092
120.0,111.05857
119.0,110.87748
118.0,109.554855
117.0,108.15632
116.0,108.95841
115.0,110.4256
114.0,110.13939
113.0,111.40261
112.0,111.18638
111.0,110.41531
110.0,113.12522
109.0,111.84373
108.0,110.99999
107.0,109.53852
106.0,109.63335
105.0,109.53785
104.0,106.29795
103.0,110.97831
102.0,109.48088
101.0,108.2818
100.0,111.50746
99.0,108.21587
98.0,108.278404
97.0,107.057655
125.0,100.23168
125.0,103.38352
125.0,102.84356
125.0,109.328125
125.0,110.39517
125.0,112.83735
125.0,113.21494
125.0,115.337006
125.0,114.71345
125.0,116.745674
125.0,116.61266
125.0,112.46719
125.0,110.00844
125.0,112.58534
125.0,114.181366
125.0,115.91788
125.0,116.59058
125.0,115.6684
125.0,117.21783
125.0,116.144394
125.0,117.82211
125.0,120.522545
125.0,119.37046
125.0,118.80167
125.0,118.08519
125.0,120.63021
125.0,116.308876
125.0,115.66733
125.0,115.569885
125.0,115.62256
125.0,113.636696
125.0,112.78424
125.0,107.44267
125.0,112.875305
125.0,118.47547
124.0,116.38936
123.0,115.40636
122.0,113.73984
121.0,111.45576
120.0,108.42951
119.0,107.3752
118.0,105.939545
117.0,102.597435
116.0,96.54557
115.0,100.01294
114.0,96.45669
113.0,98.734085
112.0,95.92331
111.0,93.72381
110.0,90.856514
109.0,90.66132
108.0,91.08418
107.0,91.47535
106.0,92.38052
105.0,87.10273
104.0,92.50547
103.0,86.7159
102.0,92.218346
101.0,93.230675
100.0,94.8192
99.0,101.97867
98.0,97.633644
97.0,87.798676
96.0,88.54754
95.0,87.61253
94.0,82.01977
93.0,81.9799
92.0,75.63729
91.0,80.12957
90.0,74.62648
89.0,74.28533
88.0,78.06669
87.0,83.1796
86.0,80.73584
85.0,85.58955
84.0,87.87114
83.0,92.98683
125.0,117.918465
125.0,113.74256
125.0,110.25412
125.0,107.757454
125.0,101.73048
125.0,101.495155
125.0,100.332985
125.0,100.45382
125.0,99.07888
125.0,101.78226
125.0,97.322426
125.0,93.24337
125.0,90.95059
125.0,88.51519
125.0,98.0671
125.0,90.16295
125.0,95.48452
125.0,100.17219
125.0,100.001076
125.0,112.33766
125.0,114.36524
125.0,112.68244
125.0,113.41538
125.0,114.10936
125.0,115.129616
125.0,111.226685
125.0,110.4423
125.0,116.69515
125.0,116.39927
125.0,116.851204
125.0,118.16145
125.0,119.08076
125.0,118.4391
125.0,116.37623
125.0,113.7772
125.0,115.18131
125.0,113.80141
125.0,114.03565
125.0,113.05973
125.0,115.310326
125.0,116.74011
125.0,114.04477
125.0,115.11954
125.0,111.394844
125.0,114.77857
125.0,111.404144
125.0,107.31352
125.0,110.71947
125.0,105.553246
125.0,109.55473
125.0,117.49693
125.0,118.70811
125.0,119.24462
125.0,119.73506
125.0,120.2967
125.0,116.541374
125.0,119.22739
125.0,120.35343
125.0,120.48068
125.0,119.00842
125.0,122.17863
125.0,123.45544
125.0,123.537704
125.0,120.91342
125.0,118.3738
125.0,117.13013
125.0,117.193306
125.0,116.28011
125.0,115.62281
125.0,113.97512
125.0,115.262085
125.0,116.59657
125.0,116.11087
125.0,116.231094
125.0,115.166595
125.0,116.044785
125.0,116.948074
125.0,112.82576
125.0,115.124855
125.0,111.77661
125.0,113.92888
125.0,110.10217
125.0,106.48426
125.0,107.88817
125.0,107.80918
125.0,104.34631
125.0,106.89217
125.0,108.05776
125.0,110.579704
125.0,107.08845
125.0,112.25426
125.0,113.81843
125.0,117.20337
125.0,115.68116
125.0,114.076744
125.0,112.7278
125.0,106.639305
125.0,108.70271
125.0,108.38367
125.0,106.98685
125.0,106.39329
125.0,106.70706
125.0,102.13529
125.0,101.82826
125.0,101.43941
125.0,112.68314
125.0,112.68077
125.0,110.627716
125.0,109.138176
125.0,106.984566
125.0,111.126434
125.0,110.70578
125.0,108.51665
125.0,109.99387
125.0,109.518524
125.0,108.93575
125.0,106.56818
125.0,105.11265
125.0,107.68613
125.0,107.25081
125.0,104.44894
125.0,109.01995
125.0,113.18267
125.0,109.930405
125.0,114.2617
125.0,113.68576
125.0,114.43206
125.0,115.60474
125.0,115.599434
125.0,113.61228
125.0,113.73225
125.0,111.24391
125.0,111.39681
125.0,110.18648
125.0,111.235146
125.0,109.775406
125.0,107.47666
125.0,104.01617
125.0,104.93409
125.0,108.567276
125.0,112.73097
125.0,114.5793
125.0,115.20355
125.0,117.11414
125.0,116.276855
125.0,111.355896
125.0,109.75594
125.0,111.738396
125.0,111.40687
125.0,112.70351
125.0,115.18711
125.0,116.49642
125.0,113.514114
125.0,112.2145
125.0,116.239944
125.0,113.52841
125.0,116.182335
125.0,114.76069
125.0,114.17523
125.0,113.461395
125.0,107.83536
125.0,101.657394
125.0,101.154144
125.0,96.11782
125.0,95.82268
125.0,96.1144
125.0,86.699326
125.0,83.57765
125.0,80.24659
125.0,85.35806
125.0,86.61697
125.0,92.78141
125.0,101.01796
125.0,102.48321
125.0,106.617134
125.0,98.39199
125.0,101.58602
125.0,95.57335
125.0,97.092224
125.0,96.17894
125.0,106.47891
125.0,106.40481
125.0,106.7978
125.0,111.58037
125.0,116.42409
125.0,115.264046
125.0,115.4032
125.0,116.192825
125.0,112.63429
125.0,111.29827
125.0,103.06087
125.0,99.105286
125.0,101.983574
125.0,100.96565
125.0,102.39189
125.0,98.63903
125.0,93.65862
125.0,97.57529
125.0,96.10936
125.0,97.60604
125.0,98.86731
125.0,102.72804
125.0,105.54992
125.0,104.9284
125.0,112.93585
125.0,113.43986
125.0,114.50214
125.0,113.135704
125.0,113.247986
125.0,110.66816
125.0,113.16885
125.0,110.3757
125.0,113.87546
125.0,116.87904
125.0,117.14961
125.0,111.620705
125.0,110.016136
125.0,108.948105
125.0,100.736176
125.0,98.37044
125.0,97.54427
125.0,89.126495
125.0,86.12075
125.0,84.53642
125.0,86.074905
125.0,82.07112
125.0,85.123245
125.0,79.589775
125.0,81.989174
125.0,83.83771
124.0,93.249825
123.0,104.39795
122.0,107.61748
121.0,104.82328
120.0,103.37813
119.0,106.43069
118.0,105.29747
117.0,108.817894
116.0,106.70231
115.0,113.59593
114.0,108.512825
113.0,109.893425
112.0,111.28925
111.0,105.34065
110.0,102.1931
109.0,93.10844
108.0,83.05842
107.0,78.86479
106.0,70.86356
105.0,65.07177
104.0,65.554855
103.0,59.12397
102.0,58.796837
101.0,56.504326
100.0,61.037743
99.0,60.44045
98.0,67.37049
97.0,60.199673
96.0,72.23857
95.0,78.09982
94.0,80.72252
93.0,85.86045
92.0,87.8881
91.0,84.744545
90.0,79.712845
89.0,80.10921
88.0,75.52828
87.0,73.42267
86.0,72.16348
85.0,83.09641
84.0,83.285774
83.0,84.78975
82.0,76.09097
81.0,71.07788
80.0,69.65589
79.0,67.39326
78.0,59.401035
77.0,56.885807
76.0,57.166553
75.0,55.43116
74.0,55.597572
73.0,58.377483
72.0,58.653286
71.0,61.188263
70.0,61.233303
69.0,60.04648
68.0,60.6833
67.0,59.70229
66.0,58.32135
65.0,53.569263
64.0,48.671753
63.0,47.36196
62.0,42.190086
61.0,43.6627
60.0,37.72352
59.0,40.458206
58.0,39.816227
57.0,38.669415
56.0,38.460793
55.0,43.486263
54.0,43.1087
53.0,45.216568
52.0,46.447525
51.0,47.83297
50.0,47.287224
49.0,54.726173
48.0,55.85091
47.0,55.44001
46.0,53.92821
45.0,53.847954
44.0,50.789165
43.0,54.143764
42.0,52.539253
41.0,52.071316
40.0,54.53682
39.0,49.47832
38.0,50.477
37.0,49.69307
125.0,87.69625
125.0,87.77088
125.0,92.11027
125.0,92.77718
125.0,98.71862
125.0,97.15207
125.0,95.787704
125.0,106.75947
125.0,113.79235
125.0,117.09472
125.0,122.35354
125.0,121.91055
125.0,122.615715
125.0,124.10468
125.0,127.16381
125.0,133.06265
125.0,134.45882
125.0,135.63676
125.0,131.78201
125.0,129.48282
125.0,131.52484
125.0,128.9662
125.0,126.57838
125.0,122.5133
125.0,118.15712
125.0,116.04803
125.0,112.34434
125.0,104.71504
125.0,108.882355
125.0,93.74539
125.0,92.62412
125.0,92.6419
125.0,93.69106
125.0,95.75201
125.0,95.995995
125.0,89.47293
125.0,92.10047
125.0,100.65365
125.0,103.84537
125.0,99.4275
125.0,104.35122
125.0,101.6739
125.0,98.15677
125.0,104.05335
125.0,106.733986
125.0,112.4961
125.0,112.86688
125.0,117.07493
125.0,116.658195
125.0,114.87702
125.0,113.522934
125.0,111.59403
125.0,115.93435
125.0,114.53423
125.0,111.03478
125.0,113.25405
125.0,113.3427
125.0,112.44523
125.0,114.44735
125.0,109.02274
125.0,107.95483
125.0,108.515854
125.0,111.38904
125.0,107.77438
125.0,104.06303
125.0,105.67777
125.0,103.95556
125.0,107.98543
125.0,101.51201
125.0,95.67404
125.0,94.53201
125.0,100.240135
125.0,99.71136
125.0,101.6893
125.0,103.9835
125.0,100.89412
125.0,101.29723
125.0,100.195816
125.0,99.63117
125.0,94.795296
125.0,93.21723
124.0,85.77871
123.0,95.91594
122.0,101.492165
121.0,103.024506
120.0,103.20927
119.0,107.60822
118.0,108.67292
117.0,113.66879
116.0,113.86917
115.0,116.54275
114.0,111.35532
113.0,109.15597
112.0,103.1655
111.0,102.852875
110.0,109.86335
109.0,110.87358
108.0,112.58457
101.0,128.45177
100.0,128.91835
99.0,128.12865
98.0,129.14313
97.0,129.03973
96.0,128.95683
95.0,128.96002
94.0,125.83983
93.0,124.37984
92.0,122.60883
91.0,120.382225
90.0,118.887405
89.0,107.18977
88.0,99.273415
87.0,93.205246
86.0,91.30891
85.0,81.32205
84.0,87.17222
83.0,89.62578
82.0,86.31412
81.0,91.48668
80.0,100.95951
79.0,101.75065
78.0,103.72564
77.0,110.85766
76.0,111.17164
75.0,111.74761
74.0,109.942
73.0,110.451485
72.0,111.78314
71.0,114.550255
70.0,118.242226
69.0,120.70818
68.0,121.939476
67.0,121.231224
66.0,119.8925
65.0,120.40483
64.0,119.27501
63.0,119.42697
62.0,116.24979
61.0,113.36567
60.0,109.801025
59.0,104.7882
58.0,103.16813
57.0,106.01886
56.0,105.25149
55.0,103.68679
54.0,106.742386
53.0,107.51263
52.0,106.36528
51.0,106.025764
50.0,91.62256
49.0,78.71527
48.0,72.36646
47.0,59.418083
46.0,57.41753
45.0,51.451492
44.0,44.91093
43.0,42.307404
42.0,53.54014
41.0,52.468502
40.0,52.290134
39.0,57.57807
38.0,55.964657
37.0,57.429306
36.0,61.69717
35.0,67.594955
34.0,71.157814
33.0,66.09782
32.0,62.81544
31.0,57.26314
30.0,53.773857
29.0,52.893333
28.0,49.681583
27.0,47.2642
26.0,37.689823
25.0,38.2751
24.0,33.720474
23.0,30.490171
22.0,27.004984
21.0,23.88503
20.0,21.62832
19.0,20.160097
18.0,18.650019
17.0,17.882687
16.0,15.473799
15.0,15.129894
116.0,115.33181
115.0,114.01256
114.0,110.88233
113.0,114.771286
112.0,109.95732
111.0,111.29034
110.0,114.686584
109.0,112.8226
108.0,115.04646
107.0,113.29307
106.0,110.044785
105.0,111.036736
104.0,108.769066
103.0,109.76703
102.0,110.174774
101.0,106.629814
100.0,106.06843
99.0,104.44899
98.0,102.24368
97.0,104.50452
96.0,101.93187
125.0,109.38684
125.0,110.14206
125.0,111.65619
125.0,112.676125
125.0,113.57972
125.0,114.062355
125.0,117.74126
125.0,118.004074
125.0,117.543495
125.0,118.11301
125.0,121.13713
125.0,119.99227
125.0,121.13965
125.0,118.84385
125.0,117.505875
125.0,119.42932
125.0,118.15795
125.0,116.7419
125.0,117.00626
125.0,118.32499
125.0,119.38596
125.0,119.160286
125.0,117.7455
125.0,113.953995
125.0,113.538765
125.0,113.259964
125.0,113.473206
125.0,113.18991
125.0,114.73364
125.0,115.662415
125.0,119.54907
125.0,118.35124
125.0,117.30839
125.0,119.68141
125.0,120.27383
125.0,120.27792
125.0,121.044655
125.0,121.252266
125.0,118.41057
125.0,117.60559
125.0,118.94255
125.0,119.02685
125.0,120.434364
125.0,118.35398
125.0,116.98444
125.0,117.772095
125.0,117.14051
125.0,113.6776
125.0,112.336845
125.0,113.38818
125.0,113.73489
125.0,113.68226
125.0,112.321625
125.0,127.644615
125.0,127.26961
125.0,125.56054
125.0,125.62619
125.0,124.43532
125.0,124.33838
125.0,123.42052
125.0,124.705475
125.0,124.15432
125.0,125.03363
125.0,125.15317
125.0,124.976944
125.0,125.48578
125.0,125.77796
125.0,125.7747
125.0,126.4052
125.0,126.1564
125.0,127.643394
125.0,126.71557
125.0,125.850525
125.0,126.511826
125.0,126.424805
125.0,125.53476
125.0,125.42179
125.0,125.49284
125.0,127.07247
125.0,126.9101
125.0,124.95605
125.0,124.6833
125.0,123.68744
125.0,121.32315
125.0,119.8758
125.0,118.94203
125.0,119.483604
125.0,118.21478
125.0,118.36741
125.0,117.49011
125.0,119.48691
125.0,119.451294
125.0,119.213
125.0,119.301445
125.0,120.29056
125.0,120.84977
125.0,120.11955
125.0,121.17452
125.0,122.45791
125.0,124.29343
125.0,126.35824
125.0,126.00658
125.0,126.35653
125.0,126.712875
125.0,127.11939
125.0,124.7736
125.0,124.781425
125.0,125.86095
125.0,128.53963
125.0,127.9156
125.0,127.05051
125.0,125.64279
125.0,124.96013
125.0,123.93648
125.0,121.348854
125.0,122.48541
125.0,122.68577
125.0,122.67857
125.0,121.8175
125.0,120.541306
125.0,120.669464
125.0,121.579414
124.0,118.93645
123.0,119.60466
122.0,121.05667
121.0,122.4504
120.0,120.75355
119.0,119.790215
118.0,118.93029
117.0,120.30673
116.0,119.84297
115.0,120.321205
114.0,122.58949
113.0,119.07465
112.0,120.8711
111.0,118.86051
110.0,118.35069
109.0,119.827736
108.0,121.29872
107.0,119.22864
106.0,118.73385
105.0,116.68617
104.0,117.50972
103.0,117.3041
102.0,115.02106
101.0,116.59199
100.0,115.5168
99.0,115.06464
98.0,113.82995
97.0,111.484406
96.0,111.37529
95.0,110.72143
94.0,108.45404
93.0,111.34579
92.0,109.84812
91.0,109.636955
90.0,107.08796
89.0,105.262344
88.0,103.90556
87.0,104.9854
86.0,104.35751
85.0,106.116806
84.0,103.975586
83.0,102.517944
82.0,104.63009
81.0,107.26411
80.0,105.33918
79.0,107.63265
78.0,108.93855
77.0,105.36889
76.0,106.60127
75.0,105.60815
74.0,106.08979
73.0,103.23025
72.0,100.02528
71.0,96.057846
70.0,89.88195
69.0,82.72094
68.0,82.143005
67.0,79.75957
66.0,81.40611
65.0,75.8061
64.0,74.887115
63.0,75.761665
62.0,64.10845
61.0,65.55002
60.0,61.7076
59.0,55.904186
58.0,53.2095
57.0,52.727177
56.0,54.50011
55.0,61.483944
54.0,62.736736
53.0,61.02204
52.0,61.986008
51.0,62.11065
50.0,54.505795
49.0,62.036102
48.0,62.30385
47.0,60.0378
46.0,63.632973
45.0,70.579216
44.0,71.72946
43.0,60.931137
42.0,60.74516
41.0,59.5439
40.0,56.874992
39.0,55.441303
38.0,47.409687
37.0,51.10306
36.0,56.00049
35.0,49.550026
34.0,50.800217
33.0,47.446182
32.0,43.7287
31.0,40.732956
30.0,36.286114
29.0,30.520983
28.0,25.672853
27.0,24.39476
26.0,24.315554
25.0,22.40503
24.0,20.565138
125.0,115.77785
125.0,113.890434
125.0,112.01861
125.0,110.0095
125.0,107.19473
125.0,103.603424
125.0,101.811905
125.0,106.06966
125.0,109.50703
125.0,110.225204
125.0,107.9936
125.0,111.76325
125.0,112.326614
125.0,113.60893
125.0,114.78202
125.0,112.06986
125.0,114.484474
125.0,117.41667
125.0,119.49706
125.0,117.66998
125.0,114.525566
125.0,119.766106
125.0,115.61579
125.0,117.50316
125.0,116.89407
125.0,119.67552
125.0,118.022385
125.0,118.79016
125.0,115.46461
125.0,115.63269
125.0,111.6061
125.0,110.86861
125.0,109.16197
125.0,109.037415
125.0,112.43778
125.0,113.01789
125.0,114.414665
125.0,110.718376
125.0,115.57844
125.0,119.23656
125.0,118.42489
125.0,120.52362
125.0,119.68321
124.0,120.85775
123.0,119.78455
122.0,118.36796
121.0,121.75686
120.0,122.609116
119.0,122.95454
118.0,120.12396
117.0,118.41016
116.0,120.11245
115.0,117.48599
114.0,111.05678
113.0,100.6308
112.0,107.875626
111.0,107.22566
110.0,103.87604
109.0,95.07701
108.0,97.22832
107.0,94.478836
106.0,101.154655
105.0,98.60646
104.0,96.69407
103.0,95.805374
102.0,99.86087
101.0,103.27103
100.0,99.76843
99.0,107.5001
98.0,112.41342
97.0,109.17764
96.0,114.78996
95.0,116.031624
94.0,119.129745
93.0,120.62638
92.0,124.441284
91.0,127.76284
90.0,126.49189
89.0,124.08631
88.0,123.716324
87.0,122.77767
86.0,121.356674
85.0,120.0064
84.0,117.14276
83.0,112.34269
82.0,106.986694
81.0,108.39158
80.0,101.10513
79.0,97.39551
78.0,92.2086
77.0,88.1103
76.0,86.03403
75.0,85.716156
74.0,86.660255
73.0,81.31438
72.0,80.94444
71.0,83.46521
70.0,84.94633
69.0,83.12039
68.0,94.16018
67.0,87.73232
66.0,92.17343
65.0,90.64563
64.0,92.472206
63.0,85.812294
62.0,88.54016
61.0,90.67541
60.0,88.47065
59.0,84.46437
58.0,90.89197
57.0,80.45308
56.0,73.55033
55.0,76.63176
54.0,77.85016
53.0,68.39791
52.0,72.525314
51.0,74.27718
50.0,73.203476
49.0,64.31531
48.0,56.376347
47.0,53.285587
46.0,52.448395
45.0,51.895462
44.0,54.575382
43.0,54.459705
42.0,51.823116
41.0,52.836792
40.0,47.21162
39.0,49.781666
38.0,47.989376
37.0,47.152393
36.0,42.898327
35.0,43.57237
34.0,45.65116
33.0,42.47675
32.0,41.46575
31.0,44.627876
30.0,42.589195
29.0,42.207172
28.0,41.34756
27.0,39.293888
26.0,35.49485
25.0,34.44017
24.0,34.903164
23.0,33.876274
22.0,30.9899
21.0,29.299278
20.0,24.830902
19.0,23.235973
18.0,19.993633
17.0,18.887766
16.0,19.0937
15.0,16.104069
14.0,16.430223
13.0,15.71342
12.0,15.82773
11.0,16.80802
10.0,14.420693
9.0,15.322609
8.0,14.095931
7.0,11.953528
125.0,100.44316
125.0,110.71123
125.0,106.546326
125.0,114.38233
125.0,113.563385
125.0,105.54849
125.0,106.23249
125.0,108.37067
125.0,105.52726
125.0,108.712265
125.0,112.67365
125.0,115.95782
125.0,115.97081
125.0,114.71124
125.0,114.92546
125.0,113.53202
125.0,112.70904
125.0,117.05009
125.0,117.30071
125.0,116.96635
125.0,117.61858
125.0,120.672264
125.0,115.96218
125.0,111.078545
125.0,122.14934
125.0,119.370705
125.0,114.46861
125.0,114.25999
125.0,116.964096
125.0,115.89969
125.0,114.93554
125.0,113.3269
125.0,113.1058
125.0,110.52495
125.0,109.37824
125.0,113.993576
125.0,114.74735
125.0,115.98062
125.0,115.45648
125.0,118.42372
125.0,120.2467
125.0,123.926
125.0,123.807396
125.0,124.37654
125.0,124.39601
125.0,126.22724
125.0,127.43668
125.0,129.42346
125.0,130.7387
125.0,129.07974
125.0,128.00316
125.0,127.417564
125.0,126.96344
125.0,126.36554
125.0,121.65538
125.0,117.98111
125.0,112.352554
125.0,110.76715
125.0,112.071625
125.0,108.320015
125.0,103.62574
124.0,100.88199
123.0,101.652916
122.0,98.657814
121.0,97.55512
120.0,103.28983
119.0,102.2719
118.0,99.85622
117.0,103.03196
116.0,104.29231
115.0,107.15264
114.0,111.32262
113.0,113.91138
112.0,112.76724
111.0,116.97652
110.0,118.927246
109.0,121.955925
108.0,122.349
107.0,122.40207
106.0,122.61172
105.0,122.7283
104.0,122.32355
103.0,121.879524
102.0,122.88367
101.0,121.650894
100.0,122.27158
99.0,120.76218
98.0,116.05993
97.0,116.074165
96.0,112.573105
95.0,111.067245
94.0,110.07216
93.0,106.63194
92.0,96.49037
91.0,99.61305
90.0,101.961754
89.0,92.93363
88.0,83.811356
87.0,84.7654
86.0,79.6954
85.0,78.318825
84.0,80.93662
83.0,79.51074
82.0,76.38803
81.0,83.59417
80.0,91.58288
79.0,100.47955
78.0,95.26548
77.0,94.62104
76.0,95.673515
75.0,99.09169
74.0,96.052
73.0,100.711044
72.0,105.13832
71.0,101.9545
70.0,107.35251
69.0,104.53409
68.0,105.60037
67.0,104.106674
66.0,104.696625
65.0,107.5329
64.0,110.23796
63.0,110.93371
62.0,104.72308
61.0,110.018234
60.0,110.9663
59.0,111.58086
58.0,107.760124
57.0,105.22524
56.0,104.6804
55.0,97.175026
54.0,99.86764
53.0,96.71722
52.0,92.505424
51.0,91.643555
50.0,88.194435
49.0,86.894615
48.0,85.176285
47.0,93.614876
46.0,93.628876
45.0,84.73553
44.0,84.74362
43.0,80.23524
42.0,73.38058
41.0,67.20428
40.0,70.03625
39.0,63.13646
38.0,64.44947
37.0,61.02158
36.0,60.036346
125.0,116.17507
125.0,116.8467
125.0,118.53647
125.0,120.07921
125.0,122.87305
125.0,124.971634
125.0,123.899956
125.0,124.05772
125.0,124.853485
125.0,128.01326
125.0,126.32681
125.0,128.03041
125.0,130.59856
125.0,130.37532
125.0,129.93233
125.0,125.268105
125.0,123.28518
125.0,124.058
125.0,123.88474
125.0,123.16178
125.0,120.92554
125.0,119.10894
125.0,119.43291
125.0,120.11332
125.0,120.13316
125.0,120.03183
125.0,115.823326
125.0,112.78019
125.0,112.96051
125.0,111.79464
125.0,111.12591
125.0,109.11889
125.0,108.07634
125.0,106.4479
125.0,105.94569
125.0,102.46248
125.0,101.440315
125.0,104.61941
125.0,105.50476
125.0,108.787125
125.0,105.01194
125.0,109.9711
125.0,113.565216
125.0,116.83639
125.0,118.42574
125.0,116.986404
125.0,115.27221
125.0,116.82499
125.0,120.92756
125.0,123.97013
125.0,123.030914
125.0,121.92777
125.0,120.51503
125.0,124.26956
125.0,120.21161
125.0,121.192795
125.0,117.416794
125.0,112.170395
125.0,114.509674
125.0,113.98504
125.0,116.14943
125.0,111.45116
125.0,113.07405
125.0,110.95488
125.0,112.411316
125.0,110.512085
125.0,111.87587
125.0,115.36927
125.0,117.386406
125.0,119.17192
125.0,119.83126
125.0,120.5478
125.0,123.14746
125.0,121.860954
125.0,122.83248
125.0,122.51007
125.0,120.55963
125.0,118.66014
125.0,118.685745
125.0,115.16347
125.0,111.04402
125.0,111.86669
125.0,106.91461
125.0,111.64545
125.0,102.49328
125.0,107.342224
125.0,101.05077
125.0,93.90469
125.0,95.43241
125.0,102.62425
125.0,101.87592
125.0,96.389915
125.0,96.296005
125.0,98.25903
125.0,103.4538
125.0,106.5922
125.0,110.26621
124.0,111.87934
123.0,109.53845
122.0,109.29377
121.0,113.29921
120.0,113.548775
119.0,116.19126
118.0,114.813576
117.0,116.27874
116.0,113.5691
115.0,112.5037
114.0,107.81337
113.0,98.75769
112.0,95.19967
111.0,94.36369
110.0,103.669426
109.0,109.39383
108.0,112.37416
107.0,111.53836
106.0,113.66476
105.0,111.96704
104.0,100.91981
103.0,106.33325
102.0,109.41405
101.0,101.79097
100.0,105.24057
99.0,100.98415
98.0,104.872086
125.0,103.200424
125.0,108.132416
125.0,112.1237
125.0,113.84832
125.0,113.20239
125.0,116.92478
125.0,120.736824
125.0,121.70304
125.0,121.69422
125.0,123.150665
125.0,123.462
125.0,123.08083
125.0,121.87568
125.0,121.360146
125.0,120.858734
125.0,116.66147
125.0,114.5697
125.0,112.98637
125.0,113.06901
125.0,114.05684
125.0,111.501434
125.0,112.23693
125.0,111.06148
125.0,112.51469
125.0,109.21797
125.0,114.812485
125.0,115.244545
125.0,113.03761
125.0,114.23188
125.0,110.273346
125.0,107.82738
125.0,107.371376
125.0,108.66985
125.0,108.33312
125.0,102.99077
125.0,113.5271
125.0,115.211464
125.0,115.82633
125.0,112.710396
125.0,112.89688
125.0,115.644
125.0,115.52321
125.0,117.3059
125.0,117.14245
125.0,115.33279
125.0,111.04583
125.0,113.60164
125.0,113.72947
125.0,112.46545
125.0,114.35625
125.0,114.16537
125.0,113.92341
125.0,113.945885
125.0,113.114876
125.0,106.505646
125.0,110.964516
125.0,107.05651
125.0,109.95803
125.0,111.35824
125.0,103.318756
125.0,95.19733
125.0,88.9267
125.0,87.483505
125.0,79.70978
125.0,70.197784
125.0,74.29597
125.0,80.93595
125.0,85.168175
125.0,89.02461
125.0,89.22656
125.0,93.51772
125.0,95.68507
125.0,101.9103
125.0,102.212395
125.0,99.41061
125.0,99.981766
125.0,109.64284
125.0,109.75309
125.0,113.74252
125.0,113.539734
125.0,115.86843
125.0,114.43473
125.0,114.19896
125.0,118.09156
125.0,113.85005
125.0,112.44174
125.0,115.694984
125.0,119.74069
125.0,121.73207
125.0,118.40596
125.0,122.06036
125.0,118.69747
125.0,115.008415
125.0,114.91022
125.0,112.27476
125.0,106.72046
125.0,111.691826
125.0,110.45336
125.0,109.3649
125.0,107.134674
125.0,105.047195
125.0,105.76149
125.0,104.47125
125.0,105.96594
125.0,104.80944
125.0,100.86223
125.0,98.124344
125.0,101.21781
125.0,95.81046
125.0,94.06864
125.0,91.41344
125.0,91.45919
125.0,89.624985
124.0,94.397545
123.0,85.101295
122.0,77.45259
121.0,74.06974
120.0,79.25898
119.0,78.41026
118.0,79.98953
117.0,82.40211
116.0,84.864655
115.0,86.17375
114.0,91.6365
113.0,98.69071
112.0,99.8333
111.0,100.40263
110.0,97.949776
109.0,91.04118
108.0,87.88284
107.0,86.21891
106.0,81.505424
105.0,72.82905
104.0,73.73095
103.0,72.36095
102.0,64.32409
101.0,62.837906
100.0,72.31344
99.0,72.82044
98.0,73.73981
97.0,71.87708
96.0,78.93807
95.0,77.654625
94.0,74.41931
93.0,69.85418
92.0,66.33863
91.0,67.66326
90.0,75.77678
89.0,75.13886
88.0,82.82383
87.0,83.18418
86.0,88.56878
85.0,88.325264
84.0,89.39999
83.0,86.926605
82.0,94.15685
81.0,92.486916
80.0,93.735985
79.0,83.25845
78.0,75.434
77.0,71.30054
76.0,71.784096
75.0,66.6864
74.0,66.542656
73.0,74.94147
72.0,73.27205
71.0,75.13268
70.0,77.42784
69.0,70.04886
118.0,113.493286
117.0,119.34392
116.0,120.80809
115.0,121.36021
114.0,123.014305
113.0,126.538414
112.0,126.52649
111.0,125.918015
110.0,128.44054
109.0,127.78273
108.0,127.47
107.0,127.72247
106.0,126.93946
105.0,124.3123
104.0,126.23738
103.0,125.549065
102.0,123.72822
101.0,126.607956
100.0,125.134796
99.0,124.45879
98.0,118.388824
97.0,115.88993
96.0,107.3229
95.0,102.507195
94.0,109.40249
93.0,104.263466
92.0,98.21895
91.0,90.2688
90.0,84.32144
89.0,91.08673
88.0,88.63751
87.0,99.79686
86.0,86.58397
85.0,87.79059
84.0,95.1765
83.0,108.28478
82.0,104.93659
81.0,100.6429
80.0,112.71218
79.0,115.34171
78.0,114.57918
77.0,115.263824
76.0,113.69682
75.0,113.767006
74.0,115.555916
73.0,115.36501
72.0,117.037544
71.0,116.131775
70.0,107.374916
69.0,115.95213
68.0,113.19368
67.0,100.75719
66.0,102.81918
65.0,107.21219
64.0,111.4172
63.0,107.45609
62.0,110.40461
61.0,109.504486
60.0,107.55921
59.0,110.50796
58.0,111.889755
57.0,114.447624
56.0,114.62977
55.0,114.15401
54.0,112.193794
53.0,111.473785
52.0,107.661255
51.0,99.41051
50.0,95.29042
49.0,93.961266
48.0,90.182846
47.0,85.311485
46.0,78.498184
45.0,67.86354
44.0,63.85872
43.0,59.42173
42.0,65.59132
41.0,56.083946
40.0,49.325848
39.0,51.000954
38.0,46.061554
37.0,39.670906
36.0,45.534763
35.0,55.865566
34.0,51.099106
33.0,47.088818
32.0,48.480923
31.0,46.879707
30.0,41.17945
29.0,42.382183
28.0,44.271057
27.0,48.724785
26.0,52.02891
25.0,45.536587
24.0,39.338272
23.0,37.817394
22.0,32.70792
21.0,29.639967
20.0,24.125435
19.0,25.788523
18.0,27.683485
17.0,26.753733
16.0,21.633356
15.0,18.167007
125.0,115.47989
125.0,112.99606
125.0,113.540115
125.0,113.1764
125.0,114.20182
125.0,116.598694
125.0,117.35391
125.0,115.94206
125.0,115.66586
125.0,115.508446
125.0,120.0021
125.0,121.27445
125.0,121.999245
125.0,122.40684
125.0,121.78492
125.0,121.29269
125.0,120.68816
125.0,121.85585
125.0,121.96352
125.0,122.05364
125.0,122.89843
125.0,123.087456
125.0,121.40222
125.0,118.41657
125.0,117.980064
125.0,116.640785
125.0,117.05765
125.0,116.59215
125.0,117.17931
125.0,117.97859
125.0,118.7756
125.0,114.14923
125.0,112.35483
125.0,112.49808
125.0,115.13434
125.0,115.30171
125.0,114.030876
125.0,113.126724
125.0,112.802826
125.0,111.93494
125.0,114.19483
125.0,114.3985
125.0,117.59686
125.0,120.340454
125.0,119.80676
125.0,120.733864
125.0,117.97846
125.0,117.96682
125.0,117.04887
125.0,114.48958
125.0,113.93896
125.0,114.59991
125.0,110.826614
125.0,106.59625
125.0,105.68396
125.0,104.422455
125.0,104.89486
125.0,102.59433
125.0,100.110214
125.0,101.25936
125.0,102.78325
125.0,101.81207
125.0,98.982895
124.0,100.54349
123.0,104.91629
122.0,103.571075
121.0,103.46579
120.0,104.99146
119.0,106.29151
118.0,104.14182
117.0,107.40959
116.0,106.602264
115.0,109.322426
114.0,113.433365
113.0,112.50594
112.0,113.87139
111.0,110.47547
110.0,111.22654
109.0,109.76134
108.0,105.99323
107.0,106.21961
106.0,108.299324
105.0,109.050095
104.0,110.02401
103.0,107.44283
102.0,104.982445
101.0,105.78036
100.0,109.237076
99.0,111.06251
98.0,110.392204
97.0,109.20404
96.0,111.465645
95.0,111.33314
94.0,107.46472
93.0,105.97574
92.0,103.229614
91.0,103.21818
90.0,105.77498
89.0,102.98229
88.0,104.227356
87.0,101.614624
86.0,100.06006
85.0,101.090065
84.0,104.35712
83.0,96.735214
82.0,89.42631
81.0,86.46101
80.0,83.536255
79.0,81.792145
78.0,84.34196
77.0,76.645
76.0,73.94503
75.0,73.664314
74.0,71.1415
73.0,64.85251
72.0,58.783913
71.0,57.852158
70.0,58.3697
69.0,59.93385
68.0,55.06404
125.0,127.41827
125.0,127.38453
125.0,127.22439
125.0,128.80594
125.0,128.50243
125.0,129.76115
125.0,129.47522
125.0,129.71606
125.0,128.82474
125.0,128.02734
125.0,125.93898
125.0,124.61749
125.0,122.94415
125.0,122.8547
125.0,123.483604
125.0,123.23843
125.0,123.662155
125.0,124.06361
125.0,123.5149
125.0,122.745
125.0,122.99077
125.0,124.271126
125.0,124.93203
125.0,124.129005
125.0,123.826866
125.0,124.49747
125.0,124.24403
125.0,123.90699
125.0,123.66511
125.0,124.05109
125.0,124.67892
125.0,124.645226
125.0,122.49289
125.0,123.83071
125.0,116.96606
125.0,115.98101
125.0,116.1537
125.0,114.79559
125.0,114.218094
125.0,113.58795
125.0,115.48224
125.0,116.895096
125.0,119.10677
125.0,118.89763
125.0,119.661804
125.0,121.544266
125.0,121.63875
125.0,122.41284
125.0,121.02386
125.0,120.15159
125.0,119.54574
125.0,117.62854
125.0,118.394516
125.0,118.24332
125.0,119.28928
125.0,120.250786
125.0,120.07414
125.0,119.964874
125.0,119.93828
125.0,117.23917
125.0,118.341705
125.0,117.86342
125.0,119.33642
125.0,119.79737
125.0,119.24963
125.0,118.61977
125.0,118.510086
125.0,119.639984
125.0,120.639206
125.0,119.292
125.0,119.964455
125.0,121.074326
125.0,121.127304
125.0,118.83709
125.0,117.87264
125.0,119.19937
125.0,118.21087
125.0,118.80502
125.0,118.18902
125.0,118.622116
125.0,118.97481
125.0,117.053474
125.0,118.876305
125.0,118.758286
125.0,117.81172
125.0,116.42596
125.0,116.87652
125.0,118.59622
125.0,118.40322
125.0,116.64619
125.0,116.28197
125.0,117.68706
125.0,120.494896
125.0,121.515625
125.0,122.31434
125.0,121.55698
125.0,121.12478
125.0,122.17836
125.0,123.43432
125.0,121.294
125.0,122.3711
125.0,119.50295
125.0,119.80161
125.0,118.58855
125.0,118.68202
125.0,119.14169
125.0,119.12392
125.0,117.69893
125.0,117.60047
125.0,118.68883
125.0,118.909225
125.0,119.2231
125.0,118.34479
125.0,115.701355
125.0,116.71369
125.0,115.5005
125.0,115.42332
125.0,116.30394
125.0,117.19873
125.0,117.2749
125.0,118.04796
125.0,118.05964
125.0,120.433304
125.0,118.322075
125.0,118.12153
125.0,117.68924
125.0,116.65803
125.0,116.14063
125.0,115.70896
125.0,113.78038
125.0,113.181755
125.0,111.37843
125.0,110.72841
125.0,108.04255
125.0,106.79738
125.0,104.56985
125.0,104.351524
125.0,103.248344
125.0,103.288506
125.0,101.85796
125.0,102.22007
125.0,95.71852
125.0,94.96196
125.0,92.90901
125.0,92.548355
125.0,92.19608
125.0,89.88061
125.0,98.00342
125.0,104.8655
125.0,111.63897
125.0,110.60882
125.0,111.47019
125.0,113.75056
124.0,111.519066
123.0,111.65846
122.0,110.51707
121.0,108.85038
120.0,106.698425
119.0,107.17719
118.0,107.41242
117.0,105.45229
116.0,106.29747
115.0,103.25504
114.0,102.505226
113.0,99.4878
112.0,100.43729
111.0,101.91664
110.0,104.8032
109.0,108.10347
108.0,107.671036
107.0,109.70024
106.0,107.62518
105.0,106.899666
104.0,103.98383
103.0,103.187126
102.0,102.218445
101.0,104.93925
100.0,108.21038
99.0,108.7333
98.0,108.34214
97.0,105.024605
96.0,105.19504
95.0,102.78081
94.0,98.99009
93.0,98.90254
92.0,96.68745
91.0,92.03091
90.0,91.626526
89.0,83.92699
88.0,84.77147
87.0,81.3575
86.0,77.47653
85.0,78.77314
84.0,77.810265
83.0,77.27489
82.0,73.85076
81.0,72.70213
80.0,75.49326
79.0,71.34304
78.0,71.86439
77.0,73.715866
76.0,81.71237
75.0,77.68189
74.0,76.27163
73.0,67.319214
72.0,59.78601
71.0,65.66684
70.0,67.831955
69.0,60.33943
68.0,65.230316
67.0,58.079014
66.0,54.0273
65.0,47.596092
64.0,49.879063
63.0,52.272594
62.0,54.272285
61.0,47.428967
60.0,45.754803
59.0,44.183506
58.0,44.48177
57.0,41.95813
56.0,42.70557
55.0,44.466377
54.0,42.537678
53.0,42.357925
52.0,44.36785
51.0,45.418324
50.0,49.53784
49.0,46.227665
48.0,55.53369
47.0,52.673695
46.0,54.49615
45.0,49.74538
44.0,47.308826
43.0,42.998283
42.0,38.453743
41.0,39.679607
40.0,37.80411
39.0,36.80192
38.0,34.719917
37.0,30.65636
36.0,28.677612
35.0,26.25742
34.0,29.373363
33.0,29.54707
32.0,28.998312
31.0,28.14973
30.0,24.368294
29.0,24.227314
28.0,22.584978
27.0,22.00076
26.0,21.801538
25.0,18.475878
24.0,17.725777
23.0,15.99544
22.0,16.169718
21.0,15.264446
20.0,14.533117
125.0,119.43738
125.0,120.12986
125.0,119.16231
125.0,120.350815
125.0,120.79966
125.0,118.75679
125.0,119.27519
125.0,120.8322
125.0,119.85367
125.0,117.16493
125.0,116.69379
125.0,114.79962
125.0,112.56563
125.0,111.15289
125.0,110.158424
125.0,110.963905
125.0,110.0937
125.0,110.75001
125.0,113.77124
125.0,114.123886
125.0,113.80424
125.0,113.02756
124.0,112.74641
123.0,112.14262
122.0,112.32483
121.0,111.491745
120.0,113.386444
119.0,116.69457
118.0,117.46255
117.0,120.2158
116.0,119.36076
115.0,120.87369
114.0,118.199745
113.0,120.07181
112.0,116.75506
111.0,115.48239
110.0,116.9007
109.0,117.76497
108.0,117.45615
107.0,112.662056
106.0,111.85377
105.0,110.36556
104.0,112.52845
103.0,110.50502
102.0,113.56097
101.0,115.11768
100.0,113.317276
99.0,109.58844
98.0,109.442215
97.0,109.94413
96.0,110.12514
95.0,107.413124
94.0,104.630424
93.0,105.62435
92.0,104.914604
91.0,103.91708
90.0,105.03654
89.0,108.17179
88.0,108.96667
87.0,108.175064
86.0,105.104614
85.0,110.431335
84.0,110.2026
83.0,106.21478
82.0,108.89373
81.0,110.300644
80.0,110.71821
79.0,106.471054
78.0,103.68357
77.0,102.00936
76.0,99.513725
75.0,101.87254
74.0,107.348206
73.0,104.75249
72.0,104.32071
71.0,101.55158
70.0,97.73945
69.0,89.1896
68.0,82.17741
67.0,80.68362
66.0,76.560585
65.0,79.36011
64.0,78.438484
63.0,81.31103
62.0,79.55527
61.0,80.09884
60.0,82.55083
59.0,80.60853
58.0,81.787544
57.0,77.92374
56.0,74.30839
55.0,76.75938
54.0,74.55313
53.0,67.98916
52.0,66.44014
51.0,70.48829
50.0,72.21486
49.0,68.35737
48.0,74.40007
47.0,73.77742
46.0,66.489235
45.0,66.021095
44.0,67.2733
43.0,65.174225
42.0,65.96847
41.0,62.91201
40.0,56.565933
39.0,47.443077
38.0,45.866367
37.0,40.492455
36.0,40.172546
35.0,43.50847
34.0,41.94204
33.0,41.289505
32.0,41.093906
31.0,41.378784
30.0,37.33184
29.0,33.572517
28.0,32.610966
27.0,31.162556
26.0,34.98092
25.0,36.468006
24.0,38.404037
23.0,38.105297
22.0,31.1816
21.0,29.154007
20.0,28.428688
19.0,27.268776
18.0,22.52354
17.0,20.295181
16.0,20.489935
15.0,19.164108
14.0,17.290209
13.0,16.297338
12.0,14.511566
11.0,13.004448
125.0,119.725044
125.0,123.94041
125.0,123.47549
125.0,123.93646
125.0,123.44597
125.0,122.74187
125.0,122.39346
125.0,120.11406
125.0,120.59846
125.0,117.118126
125.0,118.35123
125.0,118.41506
125.0,118.50918
125.0,118.2449
125.0,116.976715
125.0,117.92022
125.0,116.90431
125.0,117.335686
125.0,113.566734
125.0,111.6165
125.0,109.199005
125.0,105.31334
125.0,103.48476
125.0,104.66378
125.0,106.459435
125.0,107.23141
125.0,110.738945
125.0,112.59466
125.0,111.13782
125.0,113.5479
125.0,111.58796
125.0,115.87692
125.0,112.10521
125.0,110.272964
125.0,107.529785
125.0,106.687706
125.0,105.06063
125.0,106.767006
125.0,105.95538
125.0,104.00187
125.0,108.58103
125.0,111.854095
125.0,108.29369
125.0,108.850174
125.0,107.22512
125.0,107.178696
125.0,111.132065
125.0,114.56155
125.0,106.00675
125.0,105.38052
125.0,105.63197
125.0,99.271675
125.0,102.41214
125.0,108.651825
125.0,105.58955
125.0,108.94689
125.0,109.77186
125.0,110.55936
125.0,110.19664
125.0,115.94756
125.0,114.23527
125.0,118.50518
125.0,123.340614
125.0,124.12813
125.0,124.026306
125.0,123.30703
125.0,121.15129
125.0,120.181335
125.0,122.04479
125.0,120.13877
125.0,119.295944
125.0,115.56593
125.0,108.344734
125.0,99.84522
125.0,84.52512
125.0,87.70956
125.0,83.21539
125.0,77.66693
125.0,73.766716
125.0,77.39662
125.0,76.30804
125.0,87.38922
125.0,91.10639
125.0,92.84561
125.0,96.346466
125.0,97.148224
125.0,99.36279
125.0,104.085976
125.0,106.97416
125.0,112.8194
125.0,110.68886
125.0,115.46355
125.0,119.189445
125.0,119.46116
125.0,122.24916
125.0,121.55337
125.0,118.42098
125.0,117.72355
125.0,114.47283
125.0,113.83307
125.0,114.421936
125.0,111.96538
125.0,108.32318
125.0,109.95466
125.0,102.35097
125.0,102.79673
125.0,95.528984
125.0,96.61736
125.0,97.63806
125.0,94.868385
125.0,117.54076
125.0,119.15747
125.0,118.918
125.0,118.378555
125.0,117.7581
125.0,115.97652
125.0,116.390335
125.0,116.711235
125.0,119.02835
125.0,120.19195
125.0,119.01495
125.0,119.10984
125.0,119.396645
125.0,119.795784
125.0,119.248955
125.0,120.72832
125.0,120.27294
125.0,119.35555
125.0,118.12526
125.0,117.186646
125.0,118.20974
125.0,118.329155
125.0,120.29949
125.0,120.90977
125.0,120.59952
125.0,119.7327
125.0,119.86272
125.0,121.350784
125.0,121.421425
125.0,119.4885
125.0,119.921906
125.0,122.45185
125.0,120.59091
125.0,120.024635
125.0,119.72586
125.0,118.89166
125.0,118.307724
125.0,119.054756
125.0,119.45979
125.0,119.834816
125.0,118.95225
125.0,117.85782
125.0,119.599266
125.0,121.540924
125.0,120.16813
125.0,120.89085
125.0,119.54841
125.0,119.50514
125.0,119.82445
125.0,118.70475
125.0,117.50785
125.0,118.58053
125.0,117.89861
125.0,116.15115
125.0,116.35051
125.0,115.49509
125.0,113.7938
125.0,111.35278
125.0,112.01026
125.0,112.3629
125.0,112.5907
125.0,113.35102
125.0,110.79596
125.0,107.8503
125.0,107.150734
125.0,106.04137
125.0,107.33084
124.0,106.328804
123.0,103.806564
122.0,103.54215
121.0,103.27553
120.0,98.21008
119.0,98.66672
118.0,98.81963
117.0,100.21762
116.0,102.09866
115.0,101.15576
114.0,102.13516
113.0,105.548134
112.0,106.73278
111.0,101.22554
110.0,103.768654
109.0,105.75079
108.0,104.423004
107.0,106.67812
106.0,104.745056
105.0,104.02757
104.0,102.706894
103.0,104.46905
102.0,101.60902
101.0,100.281395
100.0,103.11354
99.0,101.846985
98.0,100.33579
97.0,103.66296
96.0,108.954
95.0,109.9265
94.0,109.81046
93.0,110.81902
92.0,107.583954
91.0,107.06332
90.0,101.852425
89.0,104.7879
88.0,99.48591
87.0,101.359886
86.0,103.76278
85.0,103.28945
84.0,106.992775
83.0,106.90489
82.0,104.45229
81.0,99.291916
80.0,96.8781
79.0,92.72589
78.0,93.96345
77.0,93.95218
76.0,89.846016
75.0,85.32903
74.0,80.92826
73.0,72.29501
72.0,65.52063
71.0,67.77967
70.0,65.610985
69.0,74.36762
68.0,67.18279
67.0,69.01055
66.0,67.50255
65.0,62.84581
64.0,69.27309
63.0,70.88059
62.0,61.907516
61.0,59.978783
60.0,59.12034
59.0,66.520706
58.0,72.58542
57.0,71.01488
56.0,64.55062
55.0,69.705086
54.0,71.84353
53.0,69.35689
52.0,65.32476
51.0,58.06148
50.0,57.767704
49.0,56.341663
48.0,57.31079
47.0,50.840744
46.0,51.908096
45.0,43.8113
44.0,43.073338
125.0,110.48268
125.0,114.01441
125.0,116.98227
125.0,114.03955
125.0,114.12602
125.0,113.57973
125.0,109.998825
125.0,111.467926
125.0,112.327835
125.0,108.74337
125.0,110.63812
125.0,111.127846
125.0,117.09174
125.0,114.27178
125.0,116.029625
125.0,115.07849
124.0,116.37563
123.0,116.0685
122.0,116.73443
121.0,116.26072
120.0,115.170654
119.0,112.99982
118.0,114.70888
117.0,113.53795
116.0,116.02405
115.0,115.119156
114.0,116.21396
113.0,114.93474
112.0,116.32705
111.0,113.20148
110.0,111.79479
109.0,113.80961
108.0,115.65705
107.0,116.599495
106.0,113.19504
105.0,108.23163
104.0,109.84164
103.0,103.81327
102.0,99.88723
101.0,99.9985
100.0,103.71516
99.0,106.965355
98.0,113.25707
97.0,113.9841
96.0,112.22751
95.0,104.828125
94.0,100.75512
93.0,88.97809
92.0,95.70044
91.0,98.1644
90.0,93.83008
89.0,88.601036
88.0,91.842094
87.0,95.47181
86.0,97.922066
85.0,92.4071
84.0,90.19246
83.0,82.61345
82.0,87.9327
81.0,88.57193
80.0,92.20488
79.0,94.471115
78.0,101.98677
77.0,101.48675
76.0,99.30106
75.0,92.915306
74.0,92.75221
73.0,88.838715
72.0,93.08956
71.0,94.87739
70.0,88.3563
69.0,81.635635
68.0,80.142204
67.0,82.67073
66.0,75.3356
65.0,78.36414
64.0,72.50827
63.0,69.36033
62.0,74.04683
61.0,80.11481
60.0,69.546165
59.0,68.88042
58.0,66.71803
57.0,60.209114
56.0,59.69181
55.0,65.03294
54.0,59.929474
53.0,64.635
52.0,68.46635
51.0,70.90745
50.0,71.51761
49.0,71.74828
48.0,74.909546
47.0,72.30089
46.0,71.80289
45.0,66.64986
44.0,63.994354
43.0,62.74011
42.0,59.55322
41.0,60.01639
40.0,54.334305
39.0,54.45309
38.0,52.632786
37.0,51.776207
36.0,49.696297
35.0,49.855648
34.0,49.02079
33.0,50.123283
32.0,43.48964
31.0,40.387566
30.0,34.046124
29.0,34.228928
28.0,29.676352
27.0,28.208185
26.0,30.062452
25.0,30.380722
24.0,28.687473
23.0,29.133812
22.0,25.307589
21.0,24.178005
20.0,23.253878
19.0,22.760393
18.0,22.1151
17.0,22.09876
16.0,21.769323
15.0,19.62258
14.0,18.53732
13.0,19.482601
125.0,120.94914
125.0,122.578476
125.0,123.92368
125.0,122.955
125.0,124.890236
125.0,124.88169
125.0,123.9754
125.0,121.74753
125.0,123.517944
125.0,120.948326
125.0,119.3483
125.0,118.74791
125.0,116.453964
125.0,114.53737
125.0,112.72431
125.0,111.16781
125.0,112.86815
125.0,111.98244
125.0,112.74203
125.0,115.00785
125.0,118.468636
125.0,118.370514
125.0,119.706116
125.0,118.729256
125.0,114.78022
125.0,114.35001
125.0,115.95489
125.0,117.996704
125.0,119.10197
125.0,119.562126
125.0,119.97507
125.0,117.87284
125.0,117.16351
125.0,114.40266
125.0,113.791695
125.0,112.79324
125.0,110.778114
125.0,108.632126
125.0,106.69945
125.0,106.13614
125.0,103.4583
125.0,106.39798
125.0,110.26814
125.0,108.41967
125.0,111.47927
125.0,107.92344
125.0,110.77919
125.0,109.56002
125.0,110.44078
125.0,112.886536
125.0,114.56492
125.0,119.64136
125.0,122.794785
125.0,121.795555
125.0,122.28431
125.0,122.06416
125.0,124.522026
125.0,123.1224
125.0,125.10184
125.0,123.17302
125.0,123.35978
125.0,121.0196
125.0,116.35805
125.0,114.49138
125.0,112.729774
125.0,110.78171
125.0,110.502754
125.0,109.512276
125.0,106.76521
125.0,111.155655
125.0,111.33601
125.0,109.874214
125.0,109.025856
125.0,109.43643
125.0,106.95932
125.0,109.484634
125.0,104.34389
125.0,104.92278
125.0,109.43099
125.0,110.3576
125.0,107.22014
125.0,103.24668
125.0,106.74779
125.0,109.57072
125.0,113.74929
124.0,114.98292
123.0,116.33332
122.0,111.56635
121.0,114.4556
120.0,112.11645
119.0,110.04202
118.0,107.38039
117.0,106.8357
116.0,105.61708
115.0,103.27327
114.0,101.24223
113.0,92.62725
112.0,89.18947
111.0,88.77685
110.0,93.63107
109.0,96.061745
108.0,91.95165
107.0,91.826454
106.0,94.88911
105.0,96.58222
104.0,106.59878
103.0,105.48485
102.0,111.33147
101.0,110.31842
100.0,108.94805
99.0,112.04326
98.0,113.73888
97.0,113.907684
96.0,117.091515
95.0,117.0524
94.0,111.06027
93.0,113.64367
92.0,105.55925
91.0,106.7045
90.0,99.11623
89.0,101.627
88.0,90.83355
87.0,84.080635
86.0,77.61781
85.0,77.22485
84.0,72.22015
83.0,70.326645
82.0,76.641365
81.0,73.6423
80.0,65.99934
79.0,73.02855
78.0,70.951805
77.0,69.814865
76.0,71.28084
75.0,70.39954
74.0,83.553276
73.0,94.75384
72.0,98.2709
71.0,89.87818
70.0,84.62866
69.0,89.39139
68.0,97.17734
67.0,102.92201
66.0,107.39691
65.0,110.9963
64.0,105.97167
63.0,105.57214
62.0,100.99044
61.0,100.10772
60.0,92.96534
59.0,89.42344
58.0,79.37062
57.0,83.99657
56.0,82.864784
55.0,86.27059
54.0,86.17831
53.0,85.35724
52.0,87.78759
51.0,80.46835
50.0,73.71286
49.0,74.24073
48.0,78.5619
47.0,75.43615
46.0,73.63307
45.0,68.52305
44.0,77.298035
43.0,77.323265
42.0,74.621414
41.0,67.0574
40.0,59.18237
39.0,57.664104
38.0,59.384857
37.0,55.056416
36.0,45.855473
35.0,45.600132
34.0,46.31834
33.0,43.669533
32.0,42.59813
31.0,38.643852
30.0,32.983505
29.0,30.529123
28.0,27.990755
27.0,26.117285
26.0,22.659067
25.0,21.549013
24.0,21.266407
23.0,22.461792
22.0,22.10863
21.0,23.8382
20.0,22.02113
19.0,22.510307
18.0,22.245426
17.0,22.176762
16.0,21.113195
15.0,22.450745
14.0,23.59026
125.0,116.189384
125.0,119.544655
125.0,122.57543
125.0,119.93018
125.0,116.51718
125.0,117.98084
125.0,121.53848
125.0,121.56025
125.0,120.84019
125.0,120.8959
125.0,120.03303
125.0,120.94123
125.0,118.26104
125.0,119.64279
125.0,117.80923
125.0,121.000305
125.0,117.82312
125.0,115.39098
125.0,111.483894
125.0,106.993904
125.0,110.10405
125.0,111.07377
125.0,108.31205
125.0,111.681526
125.0,103.8099
125.0,107.6423
125.0,107.74241
125.0,114.02911
125.0,116.67943
125.0,117.30651
125.0,117.55758
125.0,122.22346
125.0,116.51826
125.0,115.93928
125.0,119.29794
125.0,122.66002
125.0,124.9252
125.0,122.43564
125.0,120.058815
125.0,121.904274
125.0,119.9611
125.0,118.28766
125.0,119.29076
125.0,121.47185
125.0,119.20763
125.0,118.874054
125.0,117.06359
125.0,111.62987
125.0,113.7166
125.0,109.81928
125.0,115.37469
125.0,113.9261
125.0,114.807785
125.0,112.79446
125.0,113.48273
125.0,113.46782
125.0,111.95727
125.0,117.62494
125.0,119.13571
125.0,120.72732
125.0,120.19159
125.0,122.59012
125.0,119.82656
125.0,116.7436
125.0,115.98752
125.0,113.83403
125.0,112.09294
125.0,112.98862
125.0,111.79513
125.0,112.31883
125.0,108.32668
125.0,105.958405
125.0,104.00474
125.0,108.158936
125.0,109.958244
125.0,110.21562
125.0,110.66417
125.0,111.6141
125.0,113.68545
125.0,112.86179
125.0,117.228065
125.0,119.80175
125.0,120.30297
125.0,120.257256
125.0,120.08108
125.0,118.64106
125.0,117.988754
125.0,119.32219
125.0,118.82002
125.0,121.262276
125.0,120.74786
125.0,117.490585
125.0,117.4954
125.0,115.33644
125.0,116.05036
125.0,112.80187
125.0,113.626495
125.0,110.04142
125.0,106.94471
125.0,108.42898
125.0,100.26964
125.0,98.12521
125.0,95.365814
125.0,92.21523
125.0,97.99742
125.0,103.18973
125.0,104.699486
125.0,107.636925
125.0,102.69457
125.0,109.570335
125.0,110.07609
125.0,108.38195
125.0,102.26818
125.0,103.21408
125.0,102.05376
125.0,104.51202
125.0,99.25422
125.0,101.0701
125.0,104.37029
125.0,109.182785
125.0,115.83823
125.0,115.47941
125.0,118.515724
125.0,119.50117
125.0,120.69897
125.0,119.90626
125.0,122.52196
125.0,121.098885
124.0,123.656075
123.0,121.61664
122.0,121.41855
121.0,120.91022
120.0,121.84562
119.0,121.14795
118.0,121.8578
117.0,118.81153
116.0,116.72551
115.0,117.01039
114.0,117.51159
113.0,115.47943
112.0,113.62071
111.0,108.68321
110.0,109.224106
109.0,106.3531
108.0,100.17423
107.0,98.199425
106.0,90.19746
105.0,81.23078
104.0,78.75247
103.0,79.89768
102.0,83.71651
101.0,81.50635
100.0,88.23113
99.0,87.0384
98.0,87.0496
97.0,93.98378
96.0,93.83184
95.0,83.93377
94.0,92.61017
93.0,87.85645
92.0,81.63948
91.0,77.441345
90.0,78.64135
89.0,73.15785
88.0,69.45148
87.0,71.55591
86.0,75.527596
85.0,68.414925
84.0,73.66581
83.0,72.92484
82.0,59.416878
81.0,55.263454
80.0,57.99075
79.0,58.47541
78.0,60.652653
77.0,58.05842
76.0,56.055172
75.0,57.411663
74.0,53.30809
73.0,54.28353
72.0,52.61743
71.0,52.14414
70.0,53.357605
69.0,49.936615
68.0,48.913956
67.0,49.93857
66.0,47.878242
65.0,53.193336
64.0,51.78164
63.0,55.876076
62.0,56.677044
61.0,55.056763
60.0,55.272396
59.0,54.633022
58.0,55.395966
57.0,52.99943
56.0,54.440342
55.0,54.85061
54.0,52.190594
53.0,53.06856
52.0,50.956394
51.0,44.68073
50.0,45.877995
49.0,46.024532
48.0,43.299118
47.0,39.592014
46.0,36.83105
45.0,42.593475
44.0,40.548077
43.0,38.68449
42.0,36.87414
41.0,39.8434
40.0,42.57312
39.0,41.45777
38.0,41.009323
125.0,123.28124
125.0,124.18714
125.0,122.383286
125.0,119.26611
125.0,118.72385
125.0,119.81828
125.0,119.346
125.0,119.59601
125.0,119.021706
125.0,118.19581
125.0,117.62858
125.0,117.39072
125.0,115.31108
125.0,116.07828
125.0,114.33627
125.0,112.3627
125.0,113.65385
125.0,114.14077
124.0,114.95252
123.0,114.56978
125.0,120.82858
125.0,121.19823
125.0,119.90457
125.0,119.932884
125.0,118.23319
125.0,119.63325
125.0,120.166306
125.0,122.74254
125.0,123.37701
125.0,125.00067
125.0,125.71336
125.0,124.228516
125.0,123.63891
125.0,123.22154
125.0,123.42488
125.0,125.404625
125.0,124.837524
125.0,122.6731
125.0,122.63585
125.0,122.8876
125.0,123.96149
125.0,122.86455
125.0,121.650955
125.0,119.859665
125.0,119.94372
125.0,119.73829
125.0,119.33343
125.0,119.05975
125.0,117.92199
125.0,117.61204
125.0,117.265274
125.0,120.00117
125.0,119.52584
125.0,119.57986
125.0,119.60675
125.0,120.58392
125.0,121.56894
125.0,123.47791
125.0,124.56505
125.0,123.96656
125.0,123.41567
125.0,120.87235
125.0,119.49929
125.0,120.11214
125.0,120.66913
125.0,122.72785
125.0,122.86782
125.0,122.35594
125.0,122.62528
125.0,122.33986
125.0,120.9894
125.0,121.32988
125.0,122.425446
125.0,121.928276
125.0,121.995445
125.0,121.707146
125.0,123.00814
125.0,119.41906
125.0,119.30719
125.0,118.78032
125.0,119.343796
125.0,121.93898
125.0,122.198105
125.0,121.99429
125.0,122.0529
125.0,122.40406
125.0,123.25659
125.0,122.046936
125.0,122.10263
125.0,122.48346
125.0,122.712296
125.0,121.69213
125.0,123.0574
125.0,120.8811
125.0,117.0254
125.0,116.63941
125.0,117.302444
125.0,116.53766
125.0,117.14587
125.0,116.161964
125.0,116.2821
125.0,117.24937
125.0,117.55726
125.0,116.33031
125.0,115.87887
125.0,115.98166
125.0,116.14339
125.0,114.03002
125.0,116.57244
125.0,115.35797
125.0,115.25283
125.0,116.76157
125.0,116.847206
125.0,117.48897
125.0,117.20438
125.0,118.922104
125.0,118.98256
125.0,118.91673
125.0,121.86955
125.0,122.95549
125.0,124.41726
125.0,123.76154
125.0,125.1577
125.0,123.85449
125.0,121.001945
125.0,120.98604
125.0,120.89036
125.0,118.01394
125.0,116.14177
125.0,115.92626
125.0,117.761826
125.0,117.29875
125.0,117.51117
125.0,118.412994
125.0,118.93517
125.0,116.530754
125.0,117.71304
125.0,116.349594
125.0,116.818405
125.0,118.094635
125.0,119.16863
125.0,119.49332
125.0,118.45576
125.0,118.02732
125.0,117.48842
125.0,118.97777
125.0,117.56301
125.0,113.182976
125.0,114.31326
125.0,113.800835
125.0,112.0167
125.0,108.55838
125.0,109.562965
125.0,108.2811
125.0,104.16554
125.0,105.42598
125.0,103.58831
125.0,98.24711
125.0,92.10116
125.0,93.63351
125.0,88.36552
125.0,91.38232
125.0,94.464485
125.0,97.78753
125.0,96.49912
125.0,96.71842
125.0,100.11237
125.0,104.40936
125.0,103.8406
125.0,107.26554
125.0,111.016716
125.0,114.16132
125.0,113.326706
125.0,112.71035
125.0,114.14211
125.0,114.30485
125.0,114.87754
125.0,108.64586
125.0,106.90644
125.0,105.71899
125.0,104.22694
125.0,107.904755
125.0,108.78773
125.0,106.41009
125.0,104.289536
125.0,105.65733
125.0,107.86102
125.0,105.006645
125.0,105.69238
125.0,107.03868
125.0,104.75852
125.0,107.323296
125.0,107.91249
125.0,111.06669
125.0,109.38509
125.0,104.62692
125.0,105.337685
125.0,106.55493
125.0,105.527275
125.0,105.72927
125.0,110.96024
125.0,108.28477
125.0,106.1421
125.0,106.86932
125.0,100.36571
125.0,100.10995
125.0,99.507416
125.0,89.68235
124.0,86.048584
123.0,87.589645
122.0,89.847755
121.0,92.08495
120.0,87.23463
119.0,88.22716
118.0,90.6667
117.0,94.18636
116.0,98.1332
115.0,92.25782
114.0,92.29011
113.0,86.73298
112.0,84.89363
111.0,87.287735
110.0,87.87054
109.0,86.72767
108.0,78.08458
107.0,73.81371
106.0,74.643
105.0,76.84593
104.0,72.5298
103.0,73.35087
102.0,77.55685
101.0,70.719406
100.0,60.539864
99.0,64.45621
98.0,59.45544
97.0,61.903946
96.0,51.283665
95.0,54.941574
94.0,54.73862
93.0,54.042095
92.0,56.62702
91.0,59.39302
90.0,57.492607
89.0,54.85372
88.0,62.348976
87.0,66.72067
86.0,70.3906
85.0,68.18825
84.0,67.957664
83.0,58.58714
82.0,52.09905
81.0,61.651356
125.0,123.984146
125.0,123.22712
125.0,122.11978
125.0,121.14627
125.0,121.99692
125.0,122.29974
125.0,121.493454
125.0,120.046
125.0,119.89314
125.0,121.77302
125.0,119.78417
125.0,119.63243
125.0,121.01412
125.0,119.82331
125.0,121.34402
125.0,121.45414
125.0,121.26196
125.0,120.138855
125.0,119.64899
125.0,119.955666
125.0,121.51183
125.0,121.73661
125.0,121.819275
125.0,120.99591
125.0,120.41987
125.0,119.89036
125.0,121.16839
125.0,120.10037
125.0,119.94776
125.0,121.454666
125.0,120.34924
125.0,116.74473
125.0,115.82128
125.0,114.85541
125.0,112.09522
125.0,113.4598
125.0,112.99008
125.0,111.95424
125.0,111.7093
125.0,113.19681
125.0,113.812065
125.0,114.647934
125.0,113.89159
125.0,114.94067
125.0,115.89412
125.0,115.3932
125.0,117.454666
125.0,115.93657
124.0,116.11108
123.0,116.60279
122.0,116.19095
121.0,117.237434
120.0,116.9162
119.0,114.850006
118.0,114.57456
117.0,117.06031
116.0,117.45249
115.0,117.45495
114.0,117.92555
113.0,114.76696
112.0,112.625534
111.0,111.10747
110.0,111.286
109.0,113.57571
108.0,112.23292
107.0,113.73545
106.0,114.65458
105.0,115.56001
104.0,116.92025
103.0,117.379974
102.0,117.63496
101.0,119.209816
100.0,118.18643
99.0,117.49593
98.0,117.66428
97.0,116.28008
96.0,116.40341
95.0,114.65293
94.0,114.41377
125.0,123.5139
125.0,124.38404
125.0,123.46437
125.0,122.83294
125.0,121.90527
125.0,122.88652
125.0,123.86684
125.0,124.175644
125.0,123.89817
125.0,124.46529
125.0,124.877106
125.0,123.951805
125.0,125.13553
125.0,124.50559
125.0,125.480965
125.0,125.672356
125.0,123.93009
125.0,123.07446
125.0,122.192215
125.0,121.99936
125.0,121.56322
125.0,120.87939
125.0,120.38761
125.0,120.668274
125.0,120.16728
125.0,119.73333
125.0,118.66868
125.0,116.89862
125.0,118.29632
122.0,115.8018
121.0,117.095726
120.0,118.03582
119.0,118.508575
118.0,118.35147
117.0,118.908165
116.0,117.83073
115.0,117.67595
114.0,117.37394
113.0,117.43178
112.0,118.3601
111.0,120.22646
110.0,118.65506
109.0,118.93616
108.0,118.42297
107.0,118.78401
106.0,119.86307
105.0,118.82026
104.0,120.575226
103.0,121.510956
102.0,119.87133
101.0,120.983795
100.0,119.34867
99.0,117.2442
98.0,116.14018
97.0,115.813416
96.0,115.92843
95.0,113.90252
94.0,113.3265
93.0,113.914345
92.0,112.74711
91.0,113.14568
90.0,113.12992
89.0,115.8319
88.0,117.35288
87.0,118.157845
86.0,116.25336
85.0,115.95235
84.0,115.31979
83.0,113.48065
82.0,112.149574
81.0,114.27275
80.0,110.15674
79.0,108.159195
78.0,107.947235
77.0,103.871475
76.0,107.58878
75.0,107.18243
74.0,110.14862
73.0,111.23069
72.0,108.59971
71.0,109.69666
70.0,105.92258
69.0,99.51514
68.0,96.99795
67.0,98.97317
66.0,95.7813
65.0,93.18963
64.0,96.59593
63.0,94.36636
62.0,100.815605
61.0,99.585266
60.0,101.089035
59.0,99.54581
58.0,95.37075
57.0,103.2558
56.0,97.95498
55.0,95.4928
54.0,93.928535
53.0,86.92832
52.0,82.06366
51.0,80.80162
50.0,74.57781
49.0,72.88238
48.0,71.03666
47.0,65.123825
46.0,65.98364
45.0,65.04925
44.0,65.08438
43.0,65.787674
42.0,56.53465
41.0,59.705208
40.0,59.120632
39.0,56.782314
38.0,60.957096
37.0,56.820915
36.0,50.86662
35.0,56.747192
34.0,52.486336
33.0,49.008537
125.0,124.45344
125.0,125.605255
125.0,125.991165
125.0,126.52603
125.0,126.248314
125.0,125.59222
125.0,126.86135
125.0,127.176704
125.0,126.53071
125.0,125.54769
125.0,125.050766
125.0,124.45558
125.0,122.603676
125.0,121.89192
125.0,121.0002
125.0,121.820244
125.0,122.977875
125.0,124.21346
125.0,124.443306
125.0,125.52576
125.0,124.33375
125.0,124.655594
125.0,125.35153
125.0,124.33348
125.0,124.01729
125.0,123.37639
125.0,122.57108
125.0,122.63808
125.0,122.53866
125.0,123.4547
125.0,123.09677
125.0,123.87034
125.0,123.62407
125.0,125.63877
125.0,126.37621
125.0,127.01183
125.0,127.677605
125.0,126.412766
125.0,126.491486
125.0,125.63744
125.0,125.79766
125.0,123.322044
125.0,122.336655
125.0,120.73731
125.0,119.92535
125.0,121.68927
125.0,122.78259
125.0,122.22741
125.0,123.85474
125.0,125.00591
125.0,124.685005
125.0,124.89597
125.0,126.55246
125.0,126.77793
125.0,126.33152
125.0,125.876144
125.0,126.95558
125.0,126.53171
125.0,124.49416
125.0,124.940384
125.0,124.67699
125.0,125.18589
125.0,123.75853
125.0,124.592094
125.0,125.957664
125.0,126.4956
124.0,126.1902
123.0,124.699905
122.0,122.92954
121.0,122.36631
120.0,123.18486
119.0,121.916405
118.0,120.95777
117.0,120.02032
116.0,120.53361
115.0,121.25453
114.0,121.80895
113.0,120.089615
112.0,119.93308
111.0,120.077614
110.0,117.560104
109.0,118.057014
108.0,118.24382
107.0,118.074455
106.0,116.52594
105.0,114.57014
104.0,115.08981
125.0,107.92658
125.0,110.70081
125.0,104.144005
125.0,99.405624
125.0,100.30689
125.0,111.510925
125.0,109.9626
125.0,114.414894
125.0,114.509796
125.0,118.23631
125.0,118.92217
125.0,115.7724
125.0,119.687096
125.0,121.88948
125.0,121.57274
125.0,121.9062
125.0,121.47996
125.0,119.09883
125.0,119.87224
125.0,117.21601
125.0,117.40009
125.0,115.60835
125.0,112.03394
125.0,108.43116
125.0,107.88553
125.0,108.77797
125.0,101.430305
125.0,103.50272
125.0,98.67836
125.0,107.940155
125.0,119.47866
125.0,119.83506
125.0,120.42455
125.0,120.33398
125.0,120.66028
125.0,121.831055
125.0,122.4772
125.0,120.56141
125.0,120.53702
125.0,120.15794
125.0,118.55706
125.0,118.687965
125.0,120.31438
125.0,117.27107
125.0,117.656654
125.0,114.580536
125.0,115.76522
125.0,115.32744
125.0,115.91289
125.0,117.4362
125.0,116.49104
125.0,116.57632
125.0,116.290436
125.0,115.21698
125.0,114.89635
125.0,116.08503
125.0,114.92921
125.0,116.69377
125.0,115.58112
125.0,117.79989
125.0,115.964134
125.0,116.2652
125.0,117.61713
125.0,119.95838
125.0,122.01607
125.0,121.99837
125.0,121.416855
125.0,119.46089
124.0,117.19638
123.0,116.82342
122.0,115.59698
121.0,115.325836
120.0,115.91975
119.0,114.03848
118.0,114.01823
117.0,109.3901
116.0,111.15215
115.0,111.95839
114.0,112.63174
113.0,112.813225
112.0,113.72553
111.0,115.49006
110.0,114.25768
109.0,114.630394
108.0,115.28459
107.0,115.315315
106.0,112.90305
105.0,112.406975
104.0,111.81259
103.0,112.78416
102.0,110.16629
101.0,113.91378
100.0,113.839615
99.0,114.52517
98.0,112.26128
97.0,113.18406
96.0,114.41497
95.0,110.142235
94.0,105.998924
93.0,105.42525
92.0,104.241005
91.0,101.8578
90.0,101.35653
89.0,103.06049
88.0,102.338264
87.0,97.960655
86.0,99.24544
85.0,101.74654
84.0,96.185234
83.0,100.32314
82.0,102.88727
81.0,105.168816
80.0,104.157455
79.0,108.26696
78.0,105.21083
77.0,102.32116
76.0,98.36257
75.0,102.33929
74.0,97.67053
73.0,103.37474
72.0,106.55642
71.0,112.80653
70.0,111.25785
69.0,109.806404
125.0,120.22371
125.0,119.400055
125.0,118.03389
125.0,117.672806
125.0,118.44037
125.0,117.021675
125.0,117.38796
125.0,117.18546
125.0,119.24455
125.0,120.51653
125.0,118.942696
125.0,117.416855
125.0,115.83459
125.0,114.57325
125.0,112.17376
125.0,111.43009
125.0,111.73424
125.0,112.249565
125.0,109.52903
125.0,110.413284
125.0,111.412544
125.0,112.9668
125.0,114.20873
125.0,113.177475
125.0,112.02574
125.0,112.80761
125.0,115.57233
125.0,114.607025
125.0,116.29145
125.0,113.470795
125.0,114.53157
125.0,113.94721
125.0,113.006546
125.0,112.61662
125.0,113.25346
125.0,112.81199
125.0,110.003716
125.0,111.35204
125.0,111.27861
125.0,112.40392
125.0,109.87961
125.0,109.75588
125.0,108.59172
125.0,104.21638
125.0,109.51629
125.0,109.03881
125.0,110.72505
125.0,113.53213
125.0,114.347015
125.0,115.3342
125.0,117.18523
125.0,117.260376
125.0,119.07067
125.0,119.861176
125.0,120.64673
125.0,123.44228
125.0,124.62974
125.0,126.83909
125.0,127.03214
125.0,124.70357
125.0,127.21613
125.0,124.40006
125.0,122.698685
125.0,121.27521
125.0,119.394
125.0,117.76533
125.0,117.52068
125.0,116.98236
125.0,115.02775
125.0,114.026825
125.0,113.82178
125.0,113.12648
125.0,114.14223
125.0,114.072464
125.0,115.826866
125.0,113.58852
125.0,110.94178
125.0,112.548454
125.0,112.75547
125.0,112.85228
125.0,113.828545
125.0,109.15459
125.0,108.66565
125.0,112.94945
125.0,114.73506
125.0,124.35376
125.0,126.49098
125.0,126.600685
125.0,126.9864
125.0,127.49536
125.0,127.272354
125.0,126.26512
125.0,124.02665
124.0,122.661835
123.0,122.65615
122.0,121.755455
125.0,116.34836
125.0,118.46765
125.0,119.256996
125.0,116.635506
125.0,115.74208
125.0,114.86935
125.0,114.9942
125.0,113.86154
125.0,109.19517
125.0,109.02028
125.0,111.03443
125.0,113.204994
125.0,112.87052
125.0,111.273476
125.0,113.725685
125.0,115.26858
125.0,118.816605
125.0,117.22576
125.0,116.63738
125.0,116.502625
125.0,114.68635
125.0,118.02188
125.0,116.72498
125.0,116.018326
125.0,114.01416
125.0,110.32227
125.0,107.40295
125.0,103.76654
125.0,98.21015
125.0,99.63516
125.0,99.931984
125.0,93.44749
125.0,87.10219
125.0,87.01119
125.0,80.869995
125.0,86.35966
125.0,87.91899
125.0,90.55695
125.0,85.592514
125.0,89.48585
125.0,91.491844
125.0,91.72135
125.0,87.12824
125.0,82.50501
125.0,83.60182
125.0,89.85644
125.0,105.0159
125.0,106.96194
125.0,111.966774
125.0,114.366806
125.0,115.9743
125.0,118.96696
125.0,121.909546
125.0,122.02614
125.0,122.62552
125.0,121.84562
125.0,120.636116
124.0,121.939735
123.0,121.193306
122.0,121.28588
121.0,121.508224
120.0,121.10152
119.0,118.456055
118.0,116.42186
117.0,106.11868
116.0,106.44471
115.0,109.928345
114.0,111.00376
113.0,106.32058
112.0,104.8605
111.0,109.855896
110.0,107.55484
109.0,104.72015
108.0,93.562645
107.0,92.735374
106.0,92.43072
105.0,102.06722
104.0,104.12841
103.0,108.494095
102.0,98.76304
101.0,99.39618
100.0,101.932594
99.0,101.418396
98.0,107.07056
97.0,107.415665
96.0,106.219635
95.0,98.7181
94.0,98.93293
93.0,100.691086
92.0,102.39006
91.0,100.614494
90.0,106.05539
89.0,101.751915
88.0,88.46076
87.0,73.26495
86.0,70.985886
85.0,79.71981
84.0,76.09459
83.0,81.54847
82.0,82.447014
81.0,89.26908
80.0,88.93117
79.0,92.8382
78.0,84.40525
77.0,84.18798
76.0,81.04395
75.0,85.403275
74.0,87.57417
73.0,95.327034
72.0,95.00697
71.0,88.67293
70.0,88.65717
69.0,87.3124
68.0,89.82825
67.0,83.97443
66.0,72.28198
65.0,67.97352
64.0,74.13129
63.0,75.42085
62.0,77.48084
61.0,84.35187
60.0,84.038826
59.0,81.15682
58.0,65.598564
57.0,51.450676
56.0,53.602276
55.0,52.881077
54.0,53.70615
53.0,58.557827
52.0,54.10253
51.0,59.596127
50.0,56.393085
49.0,63.64419
125.0,114.6972
125.0,114.77899
125.0,112.40094
125.0,111.09257
125.0,110.820045
125.0,106.713135
125.0,107.27885
125.0,105.60111
125.0,105.06926
125.0,104.16937
125.0,104.35312
125.0,98.76483
125.0,90.14627
125.0,86.76292
125.0,86.57988
125.0,80.83505
125.0,76.510735
125.0,73.66355
125.0,76.91503
125.0,79.89541
125.0,90.170006
125.0,91.42606
125.0,103.92246
125.0,106.692474
125.0,106.89955
125.0,108.75489
125.0,108.58882
125.0,112.82434
125.0,117.44754
125.0,117.18031
125.0,118.52574
125.0,121.29162
125.0,121.42173
125.0,120.68743
125.0,122.12909
125.0,122.59221
125.0,127.52558
125.0,128.25523
125.0,128.034
125.0,128.00478
125.0,124.104454
125.0,124.69868
125.0,122.30666
125.0,123.62777
125.0,120.43118
125.0,117.771515
125.0,117.63527
125.0,114.51783
125.0,115.16505
125.0,113.5928
125.0,113.20493
125.0,110.099144
125.0,112.94659
125.0,109.32908
125.0,101.08766
125.0,99.51892
125.0,96.05325
125.0,84.726105
125.0,86.050545
125.0,81.01384
125.0,81.062
125.0,86.082855
125.0,84.10483
125.0,86.460014
125.0,86.95215
125.0,85.51015
125.0,86.42288
125.0,89.15748
125.0,78.89426
125.0,76.21642
125.0,70.56172
125.0,68.59745
124.0,66.91361
123.0,67.33102
122.0,71.97301
121.0,78.43511
120.0,83.72627
119.0,83.80475
118.0,79.30456
117.0,78.470764
116.0,75.541
115.0,79.4562
114.0,85.394035
113.0,80.687775
112.0,85.1683
111.0,90.16969
110.0,92.78659
109.0,93.02109
108.0,100.40731
107.0,100.82432
106.0,102.216225
105.0,107.07731
104.0,114.25394
103.0,107.36053
102.0,112.260925
101.0,113.03197
100.0,112.2002
99.0,113.30196
98.0,110.90379
97.0,113.02532
96.0,108.40648
95.0,106.78988
94.0,107.37384
93.0,104.736946
92.0,102.58072
91.0,93.95723
90.0,91.4918
89.0,102.55891
88.0,93.396034
87.0,89.79497
86.0,91.446884
125.0,115.204056
125.0,115.34861
125.0,114.8558
125.0,111.6075
125.0,112.94227
125.0,112.17407
125.0,113.886536
125.0,113.7487
125.0,112.493195
125.0,117.418526
125.0,117.87684
125.0,117.307
125.0,116.76676
125.0,115.94629
125.0,116.31975
125.0,116.35395
125.0,115.92484
125.0,119.61033
125.0,118.97219
125.0,120.65892
124.0,121.22105
123.0,119.94632
122.0,121.79167
121.0,120.26053
120.0,119.72868
119.0,118.15245
118.0,119.6059
117.0,117.48101
116.0,118.07207
115.0,114.906364
114.0,116.464485
113.0,112.247475
112.0,111.127304
111.0,106.37843
110.0,103.91033
109.0,101.463104
108.0,93.745766
107.0,90.16455
106.0,88.14605
105.0,86.033195
104.0,83.30712
103.0,81.93702
102.0,87.43934
101.0,94.28802
100.0,95.11929
99.0,96.48957
98.0,100.65367
97.0,104.73037
96.0,105.81193
95.0,111.80841
94.0,114.02928
93.0,115.82803
92.0,117.73356
91.0,118.076195
90.0,115.902214
89.0,115.65218
88.0,115.74031
87.0,116.19026
86.0,117.515114
85.0,117.680565
84.0,117.50917
83.0,114.08036
82.0,115.7357
81.0,113.73136
80.0,107.19569
79.0,101.525314
78.0,95.97966
77.0,96.63647
76.0,98.626854
75.0,91.62738
74.0,87.17042
73.0,89.99087
72.0,92.92477
71.0,96.39876
70.0,106.03495
69.0,103.24472
68.0,103.48749
67.0,107.08117
66.0,97.64632
65.0,106.57724
64.0,104.10056
63.0,103.56582
62.0,107.45599
61.0,106.095695
60.0,108.23035
59.0,107.44174
58.0,111.62757
57.0,113.0872
56.0,113.38582
55.0,107.19011
54.0,103.88975
53.0,97.96654
52.0,99.50841
51.0,96.0033
50.0,86.29479
49.0,82.85292
48.0,82.750015
47.0,72.78314
46.0,68.33895
45.0,62.301277
44.0,61.46817
43.0,57.819695
42.0,50.247784
41.0,49.267933
40.0,50.62924
39.0,42.366585
38.0,37.84494
37.0,33.596157
36.0,31.61465
35.0,31.826063
34.0,29.590576
33.0,29.154509
32.0,30.380547
31.0,31.045456
30.0,32.564896
29.0,33.97052
28.0,36.95815
27.0,34.92441
26.0,35.107597
25.0,34.836647
24.0,32.162266
23.0,25.725014
22.0,25.322538
21.0,23.152277
20.0,21.768805
19.0,19.239809
18.0,19.85769
17.0,19.043644
16.0,17.394491
15.0,14.983831
14.0,15.078275
13.0,15.023869
12.0,14.970672
11.0,14.1303625
10.0,12.460446
9.0,11.3554945
124.0,120.82217
123.0,120.55024
122.0,120.93126
121.0,121.57829
120.0,120.627426
119.0,120.79091
118.0,120.01727
117.0,120.21272
116.0,120.65831
115.0,119.33529
114.0,121.90825
113.0,122.3613
112.0,121.45962
111.0,122.25862
110.0,122.23062
109.0,122.83183
108.0,121.19242
107.0,122.29796
106.0,121.19437
105.0,121.68308
104.0,120.36251
103.0,121.64283
102.0,120.13153
101.0,119.18587
100.0,116.49952
99.0,116.316444
98.0,116.68114
97.0,116.55111
96.0,113.45549
95.0,114.31809
94.0,115.208984
93.0,116.63135
92.0,117.16772
91.0,116.26352
90.0,116.63652
89.0,116.8541
88.0,114.88674
87.0,115.78824
86.0,113.628746
85.0,112.67373
84.0,114.29758
83.0,113.55611
82.0,114.48186
81.0,113.67918
80.0,113.2871
79.0,114.50111
78.0,113.35189
77.0,114.30498
76.0,114.50394
75.0,114.40437
74.0,114.14539
73.0,115.35602
72.0,112.91803
71.0,111.035095
70.0,109.75406
69.0,111.946335
68.0,111.9034
67.0,111.595924
66.0,109.40243
65.0,109.00334
64.0,108.02955
63.0,107.83759
62.0,105.73621
61.0,100.733246
60.0,102.41917
59.0,101.73313
58.0,98.886116
57.0,95.05836
56.0,89.60992
55.0,83.07966
54.0,79.26365
53.0,72.50846
52.0,74.46902
51.0,67.13389
50.0,68.16035
49.0,69.816475
48.0,73.30851
47.0,75.179146
46.0,70.74672
45.0,71.512985
44.0,71.04708
43.0,70.33681
42.0,70.59261
41.0,71.60592
40.0,77.15786
39.0,81.61603
38.0,84.47597
37.0,83.73557
36.0,76.16759
35.0,75.22328
34.0,80.55474
33.0,70.583565
32.0,65.30806
31.0,61.764553
30.0,57.39635
29.0,61.680695
28.0,57.02876
27.0,47.25533
26.0,36.85416
25.0,31.840696
24.0,29.341421
125.0,103.582375
125.0,101.828224
125.0,97.833824
125.0,95.73967
125.0,99.25013
125.0,96.215385
125.0,94.46201
125.0,101.43883
125.0,103.058136
125.0,103.37582
125.0,107.70339
125.0,110.82723
125.0,115.00817
125.0,117.61184
125.0,119.41655
125.0,121.773315
125.0,121.727394
125.0,122.703766
125.0,122.43957
125.0,122.586555
125.0,121.94849
125.0,121.72755
125.0,120.40885
125.0,116.6668
125.0,120.59084
125.0,120.39428
125.0,118.41332
125.0,118.37097
125.0,120.32838
125.0,117.87786
125.0,120.15007
125.0,118.42941
125.0,117.72408
125.0,118.9446
125.0,119.76814
125.0,119.77791
124.0,119.121864
123.0,120.40668
122.0,120.11755
121.0,118.20919
120.0,112.29286
119.0,110.45036
118.0,104.43744
117.0,105.78879
116.0,106.27598
115.0,111.330666
114.0,114.20307
113.0,110.693146
112.0,106.33213
111.0,99.03896
110.0,90.101715
109.0,97.50209
108.0,96.47161
107.0,95.40484
106.0,94.143425
105.0,100.1835
104.0,100.42253
103.0,107.19316
102.0,112.497246
101.0,111.33696
100.0,114.07102
99.0,112.130844
98.0,115.99737
97.0,117.989456
96.0,118.133446
95.0,117.43024
94.0,119.81171
93.0,120.199
92.0,118.320175
91.0,117.56836
90.0,116.047005
89.0,117.1269
88.0,116.09566
87.0,114.71029
86.0,112.32044
85.0,108.5069
84.0,111.5705
83.0,105.8575
82.0,102.212234
81.0,101.550934
80.0,94.92999
79.0,91.26661
78.0,81.69457
77.0,83.07185
76.0,89.2191
75.0,101.19315
74.0,102.02412
73.0,110.080956
72.0,109.465385
71.0,109.45319
70.0,105.038475
69.0,107.13311
68.0,114.66782
67.0,111.26947
66.0,107.72217
65.0,100.95031
64.0,99.52711
63.0,95.874405
62.0,89.11265
61.0,81.11905
60.0,88.69978
59.0,84.76546
58.0,82.72372
57.0,83.34344
56.0,86.57304
55.0,86.068596
54.0,86.44905
53.0,78.70146
52.0,81.08886
51.0,85.25641
50.0,84.1616
49.0,80.58802
48.0,76.24294
47.0,71.90788
46.0,68.78909
45.0,73.21064
44.0,68.215
43.0,68.143394
42.0,62.90607
41.0,58.512783
40.0,54.120335
39.0,48.985916
38.0,44.70186
37.0,37.0147
36.0,33.17693
35.0,30.656416
34.0,30.18837
33.0,30.925144
32.0,32.992603
31.0,32.76656
30.0,34.570087
29.0,34.751194
28.0,35.045353
27.0,36.33062
26.0,36.9177
25.0,38.5329
24.0,40.168167
23.0,34.296135
22.0,35.158985
21.0,34.013756
20.0,31.932257
19.0,28.51634
18.0,27.966898
17.0,25.138206
16.0,22.21333
15.0,22.395428
14.0,21.374428
13.0,19.527475
12.0,16.69651
11.0,14.639376
10.0,10.591691
9.0,8.566918
125.0,117.23841
125.0,116.3282
125.0,113.89492
125.0,113.491234
125.0,107.51857
125.0,107.264206
125.0,99.04144
124.0,89.406525
123.0,93.50975
122.0,92.676735
121.0,90.56156
120.0,90.78331
119.0,95.59328
118.0,96.87034
117.0,108.22186
116.0,102.87952
115.0,106.291954
114.0,109.639175
113.0,114.74823
112.0,116.75531
111.0,117.53233
110.0,116.22776
109.0,117.1586
108.0,120.107216
107.0,122.122505
106.0,123.22891
105.0,123.26359
104.0,124.83443
103.0,126.20529
102.0,129.64015
101.0,130.3357
100.0,125.48506
99.0,127.39166
98.0,125.97073
97.0,121.572624
96.0,119.95785
95.0,120.4863
94.0,114.82414
93.0,113.96879
92.0,115.29263
91.0,113.92217
90.0,111.92959
89.0,109.13034
88.0,111.9239
87.0,115.73429
86.0,116.236946
85.0,117.79598
84.0,118.1157
83.0,115.98111
82.0,113.88723
81.0,112.53407
80.0,114.359344
79.0,109.89306
78.0,110.19335
77.0,115.762535
76.0,113.41962
75.0,112.49871
74.0,111.68656
73.0,108.16545
72.0,107.91761
71.0,106.97586
70.0,101.32381
69.0,103.651855
68.0,108.38021
67.0,105.42866
66.0,106.04777
65.0,109.82105
64.0,103.60781
63.0,98.66374
62.0,100.14258
61.0,97.323074
60.0,94.61643
59.0,90.49315
58.0,89.929825
57.0,84.83586
56.0,82.17818
55.0,81.376915
54.0,85.3909
53.0,66.018364
52.0,61.766327
51.0,66.90449
50.0,67.23641
49.0,67.12603
48.0,63.254833
47.0,64.024864
46.0,64.28516
45.0,64.788895
44.0,70.21758
43.0,71.278015
42.0,72.8845
41.0,72.51271
40.0,65.323
39.0,68.251854
38.0,68.50181
37.0,70.17056
36.0,68.910126
35.0,64.32014
34.0,58.37134
33.0,56.461613
32.0,59.466145
31.0,56.217426
30.0,50.188572
29.0,39.901466
28.0,39.031685
27.0,31.958315
26.0,28.144575
25.0,26.477415
24.0,25.858608
23.0,23.278162
22.0,23.583624
21.0,21.574265
20.0,18.66195
19.0,19.80676
18.0,18.222227
17.0,14.44958
16.0,14.553603
15.0,15.069416
14.0,14.563758
13.0,16.353354
12.0,18.267271
11.0,18.006447
10.0,18.14496
9.0,15.1373205
8.0,12.83809
7.0,11.341313
125.0,123.992935
125.0,123.91932
125.0,124.32859
125.0,125.93082
125.0,126.31473
125.0,125.67572
125.0,126.14902
125.0,125.33647
125.0,127.49748
125.0,127.04968
125.0,125.608696
125.0,126.32217
125.0,124.56358
125.0,126.93308
125.0,126.30233
125.0,125.53307
125.0,125.074
125.0,124.07201
125.0,124.57798
125.0,125.25041
125.0,125.48431
125.0,124.61881
125.0,124.24873
125.0,123.11106
125.0,122.81252
125.0,122.763336
125.0,121.43061
125.0,121.482864
125.0,120.5952
125.0,120.59618
125.0,120.0621
125.0,120.49512
125.0,120.60824
125.0,121.01314
125.0,120.12988
125.0,119.129135
125.0,119.06477
125.0,119.82389
125.0,122.51497
125.0,124.18741
125.0,124.684044
125.0,124.94576
125.0,124.205284
125.0,125.42981
125.0,126.30582
125.0,125.60147
125.0,125.154045
125.0,123.10645
125.0,121.51326
125.0,121.24671
125.0,120.33077
125.0,119.2543
125.0,117.81205
125.0,118.19816
125.0,117.99111
125.0,117.01988
125.0,115.259476
125.0,115.496155
125.0,115.06026
125.0,114.25022
125.0,114.86519
125.0,116.12733
125.0,115.38494
125.0,115.4351
125.0,114.613884
125.0,113.84293
125.0,113.00145
125.0,112.92142
125.0,112.56431
125.0,114.693886
125.0,116.33652
125.0,118.9183
125.0,120.00118
125.0,119.849655
125.0,122.75928
125.0,122.83845
125.0,123.84903
125.0,123.90316
125.0,123.12905
125.0,121.90569
125.0,123.19401
125.0,121.89996
125.0,121.1477
125.0,120.65381
125.0,121.13109
125.0,118.458664
125.0,117.03328
125.0,114.68522
125.0,115.23469
125.0,114.872284
124.0,114.35041
123.0,114.88421
122.0,113.328865
121.0,112.39253
120.0,114.55376
119.0,111.97425
118.0,111.15825
117.0,111.806435
116.0,111.21742
115.0,110.2935
114.0,111.36159
113.0,112.974976
112.0,111.75857
111.0,111.3196
110.0,111.84394
109.0,110.56021
108.0,110.97174
107.0,111.531
106.0,111.40096
105.0,109.67105
104.0,108.75587
103.0,105.51163
102.0,106.61308
101.0,105.158035
100.0,106.895996
99.0,105.31789
98.0,106.56697
97.0,107.62101
96.0,103.12955
95.0,101.778046
94.0,100.470505
93.0,106.07212
92.0,103.52949
91.0,100.95673
90.0,106.3227
89.0,108.00757
88.0,108.41445
87.0,109.99324
86.0,108.900734
85.0,107.41219
84.0,103.594925
83.0,101.71055
82.0,97.246994
81.0,96.86861
80.0,89.84413
79.0,84.2372
78.0,79.612305
77.0,77.338936
76.0,73.026535
75.0,67.845184
74.0,62.85905
73.0,59.995495
72.0,57.25563
71.0,56.40244
70.0,60.336037
69.0,61.29916
68.0,63.466774
67.0,66.05786
66.0,67.96698
65.0,64.492546
64.0,69.88098
63.0,79.984634
62.0,81.47164
61.0,74.184944
60.0,77.169044
59.0,70.9825
58.0,75.55006
125.0,122.831245
125.0,126.85932
125.0,125.96087
125.0,125.79083
125.0,127.88513
125.0,126.152176
125.0,124.22093
125.0,123.12424
125.0,120.29265
125.0,116.678185
125.0,120.98145
125.0,125.65927
125.0,124.37892
125.0,118.536415
125.0,120.10949
125.0,119.10296
125.0,118.399536
125.0,116.930695
125.0,116.30231
125.0,109.049446
125.0,110.760216
125.0,100.365135
125.0,96.75052
125.0,97.18304
125.0,96.76592
125.0,96.46945
125.0,95.36541
125.0,96.5166
125.0,93.003456
125.0,95.958015
125.0,91.53257
125.0,97.59158
125.0,98.12819
125.0,94.87266
125.0,97.87388
125.0,95.63129
125.0,84.90314
125.0,95.18199
125.0,93.42301
125.0,93.77524
125.0,102.60474
125.0,112.18389
125.0,114.2197
125.0,114.342125
125.0,114.99041
125.0,117.46068
125.0,118.98651
125.0,120.04916
125.0,120.11003
125.0,117.15224
125.0,118.42525
125.0,118.209984
125.0,118.03862
125.0,116.926704
125.0,116.66433
125.0,117.20541
125.0,112.37616
125.0,105.4035
125.0,96.3391
125.0,88.0282
125.0,87.55652
125.0,91.29847
125.0,96.24088
125.0,98.96321
125.0,102.3081
125.0,96.88587
125.0,87.174736
125.0,86.69818
125.0,88.65159
125.0,104.41438
125.0,107.90655
125.0,112.72051
125.0,111.92821
125.0,110.54585
125.0,109.07885
125.0,110.55198
125.0,110.52532
125.0,111.120926
125.0,112.49634
125.0,112.10619
125.0,111.54395
125.0,112.847244
125.0,111.63509
125.0,108.18319
125.0,109.62321
125.0,105.71461
125.0,104.0498
125.0,98.998726
124.0,95.91115
123.0,104.01102
122.0,103.562454
121.0,97.006996
120.0,105.73022
119.0,103.834526
118.0,106.840645
117.0,100.08664
116.0,102.12905
115.0,103.1157
114.0,101.71588
113.0,104.39665
112.0,107.596436
111.0,110.14315
110.0,111.1394
109.0,110.932014
108.0,112.25178
107.0,112.82904
106.0,111.87347
105.0,107.13071
104.0,100.28938
103.0,99.32371
102.0,98.11952
101.0,97.21278
100.0,100.13667
99.0,101.77898
98.0,104.25394
97.0,102.67085
96.0,103.03088
95.0,104.24607
94.0,105.31644
93.0,109.68407
92.0,109.61951
91.0,103.503586
90.0,95.77144
89.0,90.0883
88.0,79.21868
87.0,77.67879
86.0,76.17349
85.0,69.39613
84.0,74.30363
125.0,124.01874
125.0,123.32735
125.0,122.75448
125.0,122.21766
125.0,118.96838
125.0,119.73016
125.0,119.94591
125.0,120.58976
125.0,121.0828
125.0,120.108765
125.0,119.72423
125.0,119.17987
125.0,118.53596
125.0,119.09972
125.0,119.088715
125.0,118.739
125.0,119.68545
125.0,117.55302
125.0,116.23063
125.0,116.20286
125.0,117.8554
125.0,118.60147
125.0,118.52411
125.0,117.305565
125.0,115.67741
125.0,117.42511
125.0,116.61303
125.0,118.21874
125.0,118.05651
125.0,120.70837
125.0,119.60907
125.0,118.517334
125.0,116.779495
125.0,116.35351
125.0,115.0329
125.0,116.102165
125.0,115.37676
125.0,115.72726
125.0,117.79352
125.0,116.63603
125.0,113.35166
125.0,113.70609
125.0,112.54881
125.0,112.483986
125.0,108.87852
125.0,116.58066
125.0,119.553734
125.0,116.09979
125.0,117.54813
125.0,116.93524
125.0,119.46203
125.0,119.46755
125.0,118.50007
125.0,118.68484
125.0,117.966866
125.0,121.92658
125.0,122.34155
125.0,122.92993
125.0,121.63423
125.0,121.74563
125.0,117.51005
125.0,115.87955
125.0,113.7597
124.0,111.34407
123.0,110.43598
122.0,106.178215
121.0,103.65452
120.0,100.7401
119.0,99.8138
118.0,107.35478
117.0,106.651955
116.0,104.792114
115.0,112.3702
114.0,111.59099
113.0,114.07318
112.0,115.59131
111.0,115.995575
110.0,115.93459
109.0,115.3036
108.0,117.172935
107.0,114.865074
106.0,117.53709
105.0,114.87738
104.0,108.78222
103.0,109.23368
102.0,109.251945
125.0,99.505295
125.0,98.04817
125.0,92.5983
125.0,97.038605
125.0,98.60093
125.0,97.4618
125.0,102.92805
125.0,111.20095
125.0,114.00266
125.0,116.45113
125.0,118.3765
125.0,118.17408
125.0,121.658005
125.0,122.293655
125.0,124.048134
125.0,123.126175
125.0,120.45604
125.0,121.30868
125.0,122.750946
125.0,119.61558
125.0,121.02806
125.0,123.10886
125.0,122.53493
125.0,122.93594
125.0,122.24254
125.0,123.0419
125.0,120.67797
124.0,121.90041
123.0,117.326744
122.0,107.96647
121.0,100.87571
120.0,90.79803
119.0,89.171234
118.0,90.32796
117.0,98.05626
116.0,96.23668
115.0,100.057556
114.0,101.921295
113.0,110.22057
112.0,113.939735
111.0,115.0055
110.0,113.88728
109.0,113.06181
108.0,115.81021
107.0,117.60802
106.0,119.37225
105.0,118.65381
104.0,119.261566
103.0,119.68274
102.0,116.290115
101.0,118.32221
100.0,119.98326
99.0,120.35547
98.0,117.90805
97.0,116.44055
96.0,120.06884
95.0,116.33682
94.0,118.05864
93.0,118.37721
92.0,116.60414
91.0,111.67359
90.0,110.23035
89.0,106.990616
88.0,105.13498
87.0,97.313255
86.0,97.50404
85.0,97.150444
84.0,93.532295
83.0,100.925415
82.0,101.00432
105.0,124.18643
104.0,124.83072
103.0,124.53796
102.0,125.03771
101.0,125.65924
100.0,124.88626
99.0,122.93515
98.0,121.717026
97.0,122.46093
96.0,124.09569
95.0,122.881004
94.0,122.77515
93.0,120.3528
92.0,120.389275
91.0,122.7279
90.0,122.8904
89.0,122.62102
88.0,118.78322
87.0,116.87465
125.0,126.79273
125.0,128.35172
125.0,128.65915
125.0,117.66261
125.0,116.4768
125.0,114.73485
125.0,114.27361
125.0,116.755554
125.0,118.70877
125.0,117.57456
125.0,118.28289
125.0,117.54581
125.0,118.77068
125.0,120.7662
125.0,122.19346
125.0,122.27009
125.0,121.84547
125.0,123.91039
125.0,124.202614
125.0,124.398224
125.0,124.875206
125.0,124.82871
125.0,125.79605
125.0,125.868454
125.0,125.145134
125.0,125.58867
125.0,125.35842
125.0,123.41876
125.0,123.02792
125.0,125.539276
125.0,126.083015
125.0,124.82468
125.0,124.94502
125.0,124.62787
125.0,122.26216
125.0,120.4487
125.0,118.834694
125.0,120.63294
125.0,121.15301
125.0,120.63618
125.0,120.1982
125.0,118.37462
125.0,118.8982
125.0,118.794586
125.0,119.42522
125.0,120.275024
125.0,118.983795
125.0,120.0692
125.0,121.61819
125.0,124.14347
125.0,123.42636
125.0,124.2654
125.0,124.61905
125.0,121.97073
125.0,123.576614
125.0,123.00417
125.0,122.15494
125.0,122.48853
125.0,121.94677
125.0,121.30222
125.0,121.393974
125.0,120.82577
125.0,121.53872
125.0,122.20947
125.0,119.9779
125.0,118.53266
125.0,117.9112
125.0,119.05932
125.0,119.19192
125.0,117.71169
125.0,115.337845
125.0,115.52199
125.0,118.03463
125.0,117.92358
125.0,118.31319
125.0,119.25253
125.0,117.95317
125.0,117.24835
125.0,118.471344
125.0,119.48738
125.0,119.4364
125.0,120.42104
125.0,120.414505
124.0,116.431885
123.0,116.30523
122.0,115.62654
121.0,114.50564
120.0,114.18515
119.0,116.31516
118.0,117.29699
117.0,116.71044
116.0,116.22508
115.0,116.06195
114.0,117.420265
113.0,116.52274
112.0,114.58778
111.0,113.88064
110.0,114.54497
109.0,116.47997
108.0,113.59241
107.0,112.086044
106.0,111.694244
105.0,112.096825
104.0,112.31252
103.0,110.58551
102.0,110.209595
101.0,107.88798
100.0,106.32524
99.0,103.2585
98.0,102.084076
97.0,96.87454
96.0,93.45612
95.0,91.01207
94.0,91.31144
93.0,90.61632
92.0,96.28489
91.0,95.24701
90.0,92.838196
89.0,92.61029
88.0,98.16503
87.0,93.81549
86.0,94.89071
85.0,95.54433
84.0,100.294426
83.0,101.66286
82.0,102.39765
81.0,101.29015
80.0,102.19854
79.0,101.06336
78.0,102.244896
77.0,101.12745
76.0,99.699165
75.0,96.967575
74.0,95.54407
125.0,116.575874
125.0,113.75129
125.0,114.71139
125.0,114.28184
125.0,113.91928
125.0,114.45076
125.0,112.73749
125.0,115.52177
125.0,111.108696
125.0,110.18703
125.0,111.665855
125.0,111.2954
125.0,108.910545
125.0,108.771545
125.0,108.51122
125.0,108.68671
125.0,107.571915
125.0,110.79324
125.0,111.2233
125.0,112.59101
125.0,114.63418
124.0,115.14925
123.0,115.96815
122.0,114.39368
125.0,122.577484
125.0,122.038445
125.0,121.987976
125.0,123.02701
125.0,123.05393
125.0,124.43024
125.0,125.227196
125.0,121.68578
125.0,117.22412
125.0,121.344765
125.0,120.011246
125.0,120.71995
125.0,121.53912
125.0,121.43776
125.0,116.96815
125.0,120.94041
125.0,113.87741
125.0,112.34409
125.0,108.43847
125.0,103.00954
125.0,101.42694
125.0,94.80161
125.0,98.74875
125.0,96.94555
125.0,86.26856
125.0,90.596115
125.0,90.81914
125.0,93.09441
125.0,92.8938
125.0,90.53456
125.0,93.707146
125.0,96.01982
125.0,96.78978
125.0,100.61603
125.0,101.601456
125.0,96.14677
125.0,92.46553
125.0,91.79646
125.0,90.47223
125.0,95.81604
125.0,98.1416
125.0,105.28795
125.0,108.0012
125.0,112.631035
125.0,114.01591
125.0,115.43945
125.0,115.03519
125.0,114.296295
125.0,114.46898
125.0,112.74897
125.0,113.4181
125.0,112.15053
125.0,111.2722
125.0,110.17305
125.0,109.59878
125.0,107.08583
125.0,107.45309
125.0,108.25523
125.0,103.50034
125.0,103.398445
125.0,109.26824
125.0,110.829155
125.0,110.5295
125.0,110.642845
125.0,111.701485
125.0,113.95388
125.0,113.62934
125.0,113.68926
125.0,114.348854
125.0,116.40129
125.0,116.39217
125.0,118.16471
125.0,119.499596
125.0,121.21486
125.0,123.06116
125.0,124.88507
125.0,124.210526
125.0,125.30376
125.0,125.28987
125.0,125.05531
125.0,123.40458
125.0,122.38661
125.0,120.9627
125.0,123.07922
125.0,122.47834
125.0,121.64654
125.0,123.27708
125.0,122.71179
125.0,118.404274
125.0,114.08523
125.0,117.20195
125.0,117.30357
125.0,114.97253
125.0,113.67931
125.0,112.83226
125.0,112.794136
125.0,112.46205
125.0,115.44388
125.0,117.446045
125.0,119.39708
125.0,119.08028
125.0,118.03547
125.0,119.1768
125.0,119.68224
125.0,119.62471
125.0,117.80979
125.0,115.60916
125.0,116.22993
125.0,113.61345
125.0,113.11247
125.0,109.74289
125.0,110.28542
125.0,107.78759
125.0,107.19361
125.0,105.58512
125.0,103.5712
125.0,98.94332
125.0,92.91155
125.0,89.82816
125.0,85.202705
125.0,84.24807
125.0,90.99177
125.0,95.521255
125.0,87.17439
125.0,85.718506
125.0,79.840645
124.0,82.16878
123.0,88.71834
122.0,86.82447
121.0,80.01203
120.0,85.948784
119.0,81.898766
118.0,88.511345
117.0,87.01233
116.0,94.76753
115.0,99.07059
114.0,92.11008
113.0,93.68343
112.0,92.7399
111.0,93.66435
110.0,95.08033
109.0,92.60945
108.0,89.048645
107.0,89.59542
106.0,87.31265
105.0,86.83451
104.0,88.93017
103.0,89.02211
102.0,89.84378
101.0,93.42701
100.0,89.65596
99.0,91.133835
98.0,88.97866
97.0,78.10636
96.0,77.54924
95.0,85.80005
94.0,84.76662
93.0,80.23488
92.0,83.586044
91.0,78.89815
90.0,83.81103
89.0,85.36482
88.0,88.51238
87.0,85.03828
86.0,91.51835
85.0,93.08936
84.0,91.74943
83.0,89.97594
82.0,86.808426
81.0,88.95893
80.0,85.63965
79.0,80.99638
78.0,62.82335
77.0,57.882442
76.0,55.787914
125.0,116.37195
125.0,116.22976
125.0,113.44738
125.0,114.66379
125.0,115.85449
125.0,115.799484
125.0,116.07145
125.0,116.40403
125.0,116.514626
125.0,117.717606
125.0,118.363235
125.0,119.56937
125.0,120.63954
125.0,104.31521
125.0,110.33922
125.0,112.00791
125.0,112.941605
125.0,112.92913
125.0,107.27915
125.0,103.39598
125.0,98.04987
125.0,96.00656
125.0,103.26256
125.0,100.32988
125.0,97.67843
125.0,92.302986
125.0,101.42835
125.0,103.22998
125.0,106.58986
125.0,113.49249
125.0,110.55803
125.0,114.21581
125.0,116.957344
125.0,120.45619
125.0,121.920555
125.0,119.649445
124.0,115.2667
123.0,116.88116
122.0,114.36805
121.0,109.864845
120.0,107.415726
119.0,109.11667
118.0,107.684425
117.0,106.93987
116.0,110.4086
115.0,103.45652
114.0,102.61228
113.0,102.88966
112.0,102.42745
111.0,97.13503
110.0,101.97924
109.0,104.262825
108.0,112.24482
107.0,114.8256
106.0,117.59536
105.0,115.926155
104.0,120.09954
103.0,122.31365
102.0,123.75444
101.0,122.628685
100.0,124.55707
99.0,126.03527
98.0,126.2553
97.0,125.046196
96.0,122.012054
95.0,119.382675
94.0,115.06408
93.0,104.87173
92.0,96.81703
91.0,96.9856
90.0,101.57083
89.0,100.68881
88.0,104.08115
87.0,94.04729
86.0,87.954994
85.0,78.03413
84.0,72.84554
83.0,72.9555
82.0,72.248665
81.0,72.24848
80.0,75.20095
79.0,72.40251
78.0,74.13903
77.0,75.86927
76.0,82.84939
75.0,83.9061
74.0,81.45047
73.0,84.70554
72.0,88.56491
71.0,89.819115
70.0,91.74945
69.0,92.09008
68.0,90.65148
67.0,84.96397
66.0,85.245346
65.0,82.45369
64.0,78.86232
63.0,64.914024
62.0,59.968624
61.0,62.722206
60.0,70.99198
59.0,69.1363
58.0,68.23757
57.0,63.4317
56.0,63.52011
55.0,69.03253
54.0,62.848663
53.0,56.74778
52.0,56.16943
51.0,55.759663
50.0,49.309822
49.0,49.535164
48.0,50.391235
47.0,49.57153
46.0,48.96928
45.0,47.660717
44.0,46.976135
43.0,40.158775
42.0,44.81024
41.0,47.83532
40.0,51.409245
39.0,51.149033
38.0,47.812515
37.0,48.612026
36.0,51.564697
35.0,55.070797
34.0,56.469196
33.0,54.93972
32.0,54.313942
31.0,53.310295
30.0,52.612694
29.0,52.31677
28.0,48.56014
27.0,43.397484
26.0,39.067806
25.0,39.06083
24.0,36.45827
23.0,35.532944
22.0,32.798332
21.0,30.61406
20.0,29.687803
19.0,25.535196
18.0,23.967855
17.0,23.477734
16.0,22.500168
15.0,18.894789
14.0,17.729134
13.0,16.205929
12.0,13.781515
125.0,114.268295
125.0,112.45909
125.0,113.47159
125.0,114.765816
125.0,115.270134
125.0,117.22298
125.0,118.23798
125.0,119.84413
125.0,121.607544
125.0,121.75989
125.0,122.12282
125.0,122.013824
125.0,122.98818
125.0,121.74284
125.0,122.20278
125.0,120.361626
125.0,117.90427
125.0,118.44976
125.0,117.9585
125.0,119.02197
125.0,118.5744
125.0,118.9999
125.0,117.6823
125.0,118.163895
125.0,117.3232
125.0,117.38487
125.0,115.46283
125.0,115.0923
125.0,113.49297
125.0,111.33387
125.0,111.32865
125.0,112.3667
125.0,113.807076
125.0,116.3548
125.0,117.91133
125.0,118.89517
125.0,118.72976
125.0,121.04482
125.0,120.06699
125.0,121.04107
125.0,119.12611
125.0,120.63715
125.0,120.65616
125.0,120.23811
125.0,119.0825
125.0,117.53528
125.0,114.50754
125.0,114.29281
125.0,115.24406
125.0,115.79974
125.0,114.39455
125.0,113.636314
125.0,113.67359
125.0,113.07438
125.0,111.22173
125.0,112.52751
125.0,112.56204
125.0,112.236305
125.0,110.97741
125.0,110.26693
125.0,108.310074
125.0,110.57094
125.0,108.22191
125.0,109.983635
125.0,110.817215
125.0,107.59603
125.0,104.92668
125.0,108.468094
125.0,108.38937
125.0,109.020744
125.0,109.72253
125.0,111.64879
125.0,112.080124
125.0,110.96519
125.0,111.19322
125.0,107.11933
125.0,107.60953
125.0,104.06251
125.0,103.359245
125.0,106.665215
125.0,107.2487
125.0,112.1833
125.0,110.98894
125.0,112.09961
125.0,108.3487
125.0,110.71509
125.0,112.144714
125.0,111.72434
125.0,115.07839
125.0,115.896126
125.0,118.51843
125.0,121.093254
125.0,119.17172
125.0,122.09274
125.0,123.27965
125.0,122.118614
125.0,121.92351
125.0,125.98302
125.0,124.96302
125.0,125.75723
125.0,124.84304
125.0,123.70182
125.0,122.24357
125.0,120.17925
125.0,118.493576
125.0,115.59326
125.0,119.00098
125.0,113.55373
125.0,112.73748
125.0,113.10949
125.0,109.90817
125.0,110.29169
125.0,105.198524
125.0,104.13738
125.0,102.665924
125.0,99.759186
125.0,99.01858
125.0,96.88064
125.0,97.47226
124.0,94.6084
123.0,98.465744
122.0,98.48967
121.0,104.17525
120.0,103.752754
119.0,101.76802
118.0,104.753456
117.0,108.483604
116.0,110.425224
115.0,105.25043
114.0,103.82705
113.0,102.395996
112.0,102.67228
111.0,100.79519
110.0,98.98534
109.0,95.97881
125.0,120.14101
125.0,120.83145
125.0,121.04983
125.0,121.24445
125.0,121.1204
125.0,118.9821
125.0,119.61288
125.0,120.89155
125.0,121.57857
125.0,120.72972
125.0,118.07
125.0,115.92192
125.0,117.19475
125.0,114.290764
125.0,114.28425
125.0,111.86163
125.0,109.595116
125.0,110.34564
125.0,101.774536
125.0,92.33624
125.0,90.00637
125.0,88.684975
125.0,90.718124
125.0,95.734795
125.0,100.089645
125.0,102.49164
125.0,103.536995
125.0,99.26126
125.0,110.49315
125.0,112.90052
125.0,105.417336
125.0,109.25694
125.0,105.705376
125.0,99.02398
125.0,96.17057
125.0,98.08684
125.0,94.38328
125.0,100.245514
125.0,95.8586
125.0,97.96084
124.0,100.32991
123.0,98.82725
122.0,100.340645
121.0,108.23804
120.0,111.896095
119.0,112.77448
118.0,111.58411
117.0,112.35241
116.0,110.95825
115.0,110.311646
114.0,109.95391
113.0,107.34623
112.0,107.00519
111.0,105.263985
110.0,103.629715
109.0,108.8253
108.0,107.9585
107.0,106.35742
106.0,105.11972
105.0,103.545616
104.0,88.12828
103.0,88.88721
102.0,88.48312
101.0,76.85094
100.0,74.562325
99.0,75.63512
98.0,79.57822
97.0,82.400154
96.0,83.16014
95.0,90.27813
94.0,84.191864
93.0,81.3776
92.0,86.98342
91.0,92.67225
90.0,93.91113
89.0,95.35209
88.0,86.523
87.0,86.75304
86.0,78.58155
85.0,82.571625
84.0,78.08327
83.0,79.21592
82.0,77.77428
81.0,69.52929
80.0,65.46172
79.0,67.71898
78.0,72.00027
77.0,75.24295
76.0,67.103745
75.0,62.552242
74.0,54.502975
73.0,57.003647
72.0,62.78597
71.0,60.8524
70.0,59.82157
69.0,60.308376
68.0,60.51494
67.0,56.332634
66.0,54.738945
65.0,55.719547
64.0,52.230686
63.0,53.295536
62.0,54.736683
61.0,52.829586
60.0,52.56865
59.0,52.80072
58.0,47.697247
57.0,48.10785
56.0,46.021168
55.0,49.612698
54.0,46.218777
53.0,49.23081
52.0,50.381264
51.0,45.88019
50.0,44.116615
49.0,42.591755
48.0,46.437717
47.0,47.53155
46.0,45.939007
45.0,44.901363
44.0,43.327034
43.0,41.35656
42.0,43.552353
41.0,43.27285
40.0,42.54417
39.0,42.403824
38.0,42.069843
37.0,40.79555
36.0,38.50847
35.0,36.391197
34.0,35.51253
33.0,31.410955
32.0,29.138378
31.0,27.49743
30.0,26.002348
29.0,24.660782
28.0,20.707876
27.0,20.253994
26.0,15.750557
25.0,15.753642
24.0,14.416001
23.0,14.186782
22.0,14.405161
21.0,13.629761
20.0,12.96409
19.0,13.178277
18.0,12.655288
17.0,12.345491
16.0,12.723985
15.0,13.090706
125.0,117.443115
125.0,118.06756
125.0,117.87253
125.0,113.06365
125.0,112.14271
125.0,109.87095
125.0,109.88163
125.0,115.37591
125.0,113.25014
125.0,111.42657
125.0,107.4298
125.0,104.30787
125.0,105.02586
125.0,95.43082
125.0,130.03796
125.0,131.81172
125.0,131.9677
125.0,132.75069
125.0,132.8849
125.0,131.54314
125.0,130.97061
125.0,130.51036
125.0,128.81757
125.0,125.849174
125.0,123.96739
125.0,123.47885
125.0,122.28288
125.0,120.502785
125.0,120.58705
125.0,119.95361
124.0,120.208626
123.0,118.71288
122.0,116.51621
121.0,116.413376
120.0,116.21078
119.0,115.36776
118.0,116.467384
117.0,116.828804
116.0,112.42542
115.0,110.68664
114.0,109.08114
113.0,110.35005
112.0,109.12021
111.0,106.69917
110.0,111.55418
109.0,111.25286
108.0,112.53283
107.0,110.20089
106.0,107.07593
105.0,99.63447
104.0,92.062744
103.0,92.286194
102.0,95.64423
101.0,93.07171
100.0,94.74472
99.0,96.41345
98.0,93.163246
97.0,85.62085
96.0,91.31956
95.0,94.35136
94.0,100.58988
93.0,101.439445
92.0,99.92097
91.0,92.310425
90.0,95.687706
89.0,95.436775
88.0,101.22969
87.0,106.726555
86.0,105.74923
85.0,110.89707
84.0,110.155754
83.0,116.727776
82.0,110.246956
81.0,109.93583
80.0,108.87761
79.0,110.09245
78.0,112.16654
77.0,113.58438
76.0,115.814644
75.0,113.210014
74.0,114.49771
73.0,115.39825
72.0,112.58529
71.0,114.63076
70.0,115.09244
69.0,119.20092
68.0,116.66021
67.0,114.31722
66.0,112.39321
65.0,114.00748
64.0,116.48155
63.0,116.19882
62.0,110.080154
125.0,122.249
125.0,124.39581
125.0,125.11133
125.0,124.21407
125.0,121.63755
125.0,121.48758
125.0,122.74548
125.0,124.83723
125.0,122.57945
125.0,122.75611
125.0,120.882614
125.0,119.180405
125.0,119.54928
125.0,118.742775
125.0,117.040855
125.0,116.45701
125.0,113.93281
125.0,111.22647
125.0,112.91426
125.0,113.06005
125.0,111.78038
125.0,115.7335
125.0,117.202095
125.0,117.79516
125.0,118.02028
125.0,120.49141
125.0,122.51245
125.0,124.757866
125.0,127.25775
125.0,129.74011
125.0,129.69165
125.0,129.79347
125.0,129.92961
125.0,128.35924
125.0,125.32373
125.0,123.5776
125.0,126.952034
125.0,126.060036
125.0,126.00139
125.0,126.27322
125.0,125.891136
125.0,125.76233
125.0,125.61562
125.0,125.79131
125.0,124.30255
125.0,121.61546
125.0,118.503365
125.0,116.48965
125.0,114.53595
125.0,113.764465
125.0,111.74085
125.0,114.031845
125.0,112.14143
125.0,113.09788
125.0,109.65235
125.0,111.11335
124.0,110.00528
123.0,109.586174
122.0,111.38416
121.0,112.06116
120.0,109.609055
119.0,108.918335
118.0,107.45247
117.0,106.37747
116.0,107.55442
115.0,107.62347
114.0,112.36866
113.0,112.70726
112.0,113.741325
111.0,112.76436
110.0,114.50195
109.0,117.06214
108.0,117.89114
107.0,117.775505
106.0,119.87846
105.0,118.200714
104.0,118.25399
103.0,118.93465
102.0,117.337105
101.0,116.09045
100.0,118.02601
99.0,119.566696
98.0,115.4276
97.0,119.59131
96.0,116.25695
95.0,118.471855
94.0,116.83237
93.0,116.43495
92.0,115.633766
91.0,115.60773
90.0,114.41711
89.0,115.80577
88.0,113.38623
87.0,113.698524
86.0,111.50684
125.0,116.23065
125.0,115.96433
125.0,115.56843
125.0,116.76621
125.0,118.0609
125.0,119.43356
125.0,118.28706
125.0,118.338486
125.0,115.42399
125.0,114.76155
125.0,114.81903
125.0,113.88833
125.0,112.42122
125.0,110.19825
125.0,107.22117
125.0,107.48095
125.0,104.05599
125.0,101.509514
125.0,102.65745
125.0,100.50607
125.0,100.33545
125.0,105.44031
125.0,102.57025
125.0,104.83222
125.0,101.750145
125.0,106.9317
125.0,110.01028
125.0,109.15385
125.0,110.41638
125.0,111.578606
125.0,110.49693
125.0,110.53367
125.0,111.591774
125.0,113.68834
125.0,115.94467
125.0,116.72128
125.0,115.88779
125.0,116.4264
125.0,119.71851
125.0,116.46445
125.0,115.708115
124.0,114.69756
123.0,114.22395
122.0,113.128845
121.0,110.05608
120.0,110.63338
119.0,104.55478
118.0,100.49247
117.0,100.31793
116.0,93.22025
115.0,89.06442
114.0,90.646
113.0,89.18548
112.0,95.879456
111.0,93.97479
110.0,91.79253
109.0,94.009254
108.0,89.35833
107.0,92.60893
106.0,91.48592
105.0,88.16911
104.0,84.406715
103.0,85.50582
102.0,86.78188
101.0,86.63101
100.0,85.37342
99.0,87.57214
98.0,93.29509
97.0,101.62874
96.0,96.304146
95.0,96.076485
94.0,97.07481
93.0,100.38346
92.0,99.47698
91.0,97.042816
90.0,104.669716
89.0,107.31909
88.0,102.82954
87.0,103.32098
86.0,104.85359
85.0,105.62701
84.0,107.07235
83.0,109.275696
82.0,110.088356
81.0,102.77319
80.0,99.54183
79.0,95.72286
78.0,90.935234
77.0,88.809685
76.0,82.74236
75.0,76.22995
74.0,70.823105
73.0,69.34522
72.0,64.57544
71.0,61.374573
70.0,55.38152
69.0,55.26197
68.0,57.708153
67.0,57.04696
66.0,55.007576
65.0,47.804207
64.0,49.61178
63.0,46.751705
62.0,41.55803
61.0,39.278248
60.0,45.024723
59.0,46.616974
58.0,44.125656
57.0,40.820454
56.0,44.58945
55.0,42.56547
54.0,47.073692
53.0,50.013676
52.0,50.819054
51.0,45.37467
50.0,46.51616
49.0,48.860474
48.0,48.18781
47.0,53.997723
46.0,49.08569
45.0,54.47236
44.0,52.485973
43.0,52.292015
42.0,52.826168
41.0,54.19155
40.0,52.529537
39.0,49.567707
38.0,46.66239
37.0,43.38426
36.0,44.896297
35.0,40.74256
34.0,38.858467
33.0,37.7606
32.0,30.611715
31.0,27.564621
30.0,26.435648
29.0,28.31655
28.0,24.664219
27.0,23.286142
26.0,21.684084
25.0,21.023273
24.0,21.26673
23.0,19.332207
22.0,19.05129
21.0,18.588488
20.0,18.724236
19.0,21.43206
18.0,20.159687
17.0,19.167847
16.0,18.327152
15.0,18.928743
14.0,18.629465
13.0,18.029915
12.0,17.628603
11.0,16.132582
10.0,14.805806
9.0,12.352322
125.0,128.53247
125.0,127.41922
125.0,125.585304
125.0,122.663086
125.0,119.693634
125.0,121.84064
125.0,115.77723
125.0,115.18284
125.0,111.72113
125.0,106.841255
125.0,105.75039
125.0,100.867485
125.0,107.55711
125.0,106.62399
125.0,112.886215
125.0,114.53104
125.0,112.01981
125.0,112.13349
125.0,116.08917
125.0,118.35365
125.0,115.198395
125.0,109.49955
125.0,113.99517
125.0,120.80794
125.0,118.92513
125.0,119.42229
125.0,122.21507
125.0,123.068344
125.0,124.318405
125.0,124.025024
125.0,124.89548
125.0,123.82308
125.0,122.87456
125.0,122.55399
125.0,123.74583
125.0,124.54585
125.0,124.54589
125.0,123.47713
125.0,124.201004
125.0,122.8965
125.0,123.08306
125.0,118.94437
125.0,117.57132
125.0,119.46382
125.0,118.552124
125.0,113.51127
125.0,104.492836
125.0,103.51438
125.0,103.036736
125.0,97.98121
125.0,87.49972
125.0,83.06407
125.0,84.79049
125.0,97.00509
125.0,102.49864
125.0,101.19409
125.0,101.43714
125.0,108.73067
125.0,104.563774
125.0,106.691
125.0,114.35825
125.0,113.86896
125.0,112.74272
125.0,114.18942
125.0,117.05326
125.0,119.32041
125.0,120.48038
125.0,118.87817
125.0,119.48641
125.0,119.77145
125.0,119.35783
125.0,118.04072
125.0,117.42604
125.0,118.2537
125.0,118.22827
125.0,118.27099
125.0,115.75359
125.0,114.44203
125.0,116.15441
125.0,117.84871
125.0,118.17532
125.0,118.66553
125.0,116.93918
125.0,119.47536
125.0,119.56534
125.0,120.877945
125.0,120.38197
125.0,120.31161
125.0,118.286354
125.0,114.962845
125.0,115.16518
125.0,117.729164
125.0,119.22544
125.0,116.43013
125.0,115.706856
125.0,115.38168
125.0,114.1771
125.0,108.1493
125.0,108.2654
125.0,110.903915
125.0,106.24241
125.0,101.255005
125.0,101.567726
125.0,105.26573
125.0,103.2616
125.0,99.95563
124.0,91.18683
123.0,82.871475
122.0,85.74279
121.0,89.744934
120.0,87.05968
119.0,88.296295
118.0,83.76489
117.0,87.347115
116.0,87.10718
115.0,87.92564
114.0,92.38227
113.0,93.961555
112.0,92.40837
111.0,90.971695
110.0,88.893425
109.0,93.97186
108.0,106.03714
107.0,107.53823
106.0,109.642426
105.0,109.59843
104.0,106.73746
103.0,103.13637
102.0,98.26503
125.0,117.9737
125.0,117.72076
125.0,118.42979
125.0,116.55319
125.0,114.58276
125.0,113.51788
125.0,113.41856
125.0,112.728226
125.0,114.5759
125.0,115.00296
125.0,119.287094
125.0,118.01643
125.0,118.93034
125.0,119.68468
125.0,118.28578
125.0,120.50908
125.0,120.087944
125.0,122.02081
125.0,121.29628
125.0,120.68743
125.0,119.985596
125.0,119.687195
125.0,119.369606
125.0,121.690636
125.0,121.63327
125.0,120.93659
125.0,121.76558
125.0,123.230415
125.0,120.21991
125.0,119.67876
125.0,118.82087
125.0,118.9651
125.0,118.95803
125.0,120.35488
125.0,122.16569
125.0,122.59031
125.0,120.13136
125.0,120.66611
125.0,122.845726
125.0,122.903114
125.0,120.8096
125.0,122.2346
125.0,122.17313
125.0,121.22083
125.0,120.87554
125.0,121.54104
125.0,120.05289
125.0,119.5895
125.0,118.34613
125.0,117.968506
125.0,117.4641
125.0,118.420006
125.0,117.8808
125.0,117.75806
125.0,114.38742
125.0,115.0517
125.0,117.66633
125.0,116.95493
125.0,113.699356
125.0,114.26905
125.0,116.91312
125.0,118.3417
125.0,116.76986
125.0,117.21564
125.0,118.04094
125.0,117.454506
125.0,114.521286
125.0,113.778435
125.0,115.34937
125.0,117.23713
125.0,116.82803
125.0,116.75752
125.0,117.478836
125.0,116.728745
125.0,115.71582
125.0,112.75468
125.0,111.10636
125.0,110.00965
125.0,111.1828
125.0,109.97607
125.0,109.305504
125.0,109.10482
125.0,102.3431
125.0,101.48878
125.0,93.95561
125.0,95.74826
125.0,96.814766
125.0,96.112686
125.0,93.63036
125.0,97.81082
125.0,101.81975
125.0,101.54661
124.0,97.82084
123.0,94.846054
122.0,92.68429
121.0,98.59966
120.0,100.034645
119.0,99.82815
118.0,95.60866
117.0,98.05303
116.0,106.14193
115.0,103.480415
114.0,107.86761
113.0,110.517975
112.0,107.69474
111.0,103.01289
110.0,106.469185
109.0,107.74909
108.0,110.22098
107.0,112.791855
106.0,112.63913
105.0,109.706795
104.0,104.55506
103.0,110.04256
102.0,107.926865
101.0,112.50555
100.0,109.384766
99.0,108.71394
98.0,114.04198
97.0,115.69432
96.0,115.10968
95.0,115.698166
94.0,116.72336
93.0,115.12662
92.0,113.864296
91.0,116.25625
90.0,113.80839
125.0,112.97545
125.0,117.98986
125.0,114.06388
125.0,115.43897
125.0,114.994804
125.0,116.33169
125.0,117.15469
125.0,118.1631
125.0,117.52958
125.0,114.64159
125.0,112.28077
125.0,114.73566
125.0,117.6418
125.0,118.838684
125.0,117.70687
125.0,119.02197
125.0,118.45069
125.0,117.429115
125.0,116.598526
125.0,113.00383
125.0,110.11933
125.0,103.50362
125.0,93.919044
125.0,89.712494
125.0,86.23071
125.0,82.04822
125.0,74.145454
125.0,76.45511
125.0,79.19839
125.0,85.09032
125.0,82.93664
125.0,94.01509
125.0,88.361404
125.0,91.98377
125.0,96.180786
125.0,96.29945
125.0,96.85501
125.0,102.22476
125.0,104.46868
125.0,91.68045
125.0,106.40999
125.0,115.5456
125.0,117.64489
125.0,120.01335
125.0,119.89034
125.0,119.706505
125.0,120.86902
125.0,121.90223
125.0,121.16378
125.0,121.83065
125.0,120.14946
125.0,120.50018
125.0,120.6069
125.0,121.40333
125.0,120.99881
125.0,122.03361
125.0,122.36893
125.0,123.490166
125.0,122.591324
125.0,123.693596
125.0,124.18072
125.0,123.89387
125.0,123.4793
125.0,120.945564
125.0,121.424576
125.0,119.200775
125.0,116.808495
125.0,118.49395
125.0,114.02965
125.0,99.83622
125.0,98.48247
125.0,104.290535
125.0,122.52536
125.0,123.475365
125.0,124.05217
125.0,123.04177
125.0,123.500244
125.0,122.12242
125.0,121.16333
125.0,121.269005
125.0,121.910355
125.0,120.49843
125.0,122.268906
125.0,121.39467
125.0,123.34566
125.0,123.50424
125.0,123.163445
125.0,123.510826
125.0,124.23761
125.0,123.61082
125.0,122.85862
125.0,122.71614
125.0,122.55593
125.0,123.12585
125.0,123.5363
125.0,124.73262
125.0,123.22736
125.0,124.339226
125.0,121.812584
125.0,122.197556
125.0,124.47342
125.0,124.4744
125.0,125.84281
125.0,126.103165
125.0,124.76868
125.0,122.98901
125.0,123.60686
125.0,121.94902
125.0,119.134766
125.0,118.216034
125.0,117.64399
125.0,117.347725
125.0,116.68549
125.0,116.98461
125.0,116.210434
125.0,115.590675
125.0,115.56255
125.0,116.12875
125.0,117.16143
125.0,115.421165
125.0,117.57698
125.0,116.14348
125.0,115.03231
125.0,114.0289
125.0,113.78857
125.0,114.70242
125.0,113.09817
125.0,118.06085
125.0,117.25517
125.0,118.016335
125.0,119.71671
125.0,119.83283
125.0,120.374985
125.0,121.1135
125.0,120.84526
125.0,121.70086
125.0,123.952614
125.0,125.40864
125.0,125.603424
125.0,125.93399
125.0,127.25525
125.0,127.471176
125.0,125.91204
125.0,126.41436
125.0,127.68793
125.0,128.14944
125.0,128.27217
125.0,128.59769
125.0,127.058266
125.0,126.1806
125.0,125.20626
125.0,122.755264
125.0,121.429825
125.0,117.96305
125.0,116.160965
125.0,114.1277
125.0,112.25483
125.0,113.74789
125.0,112.358665
125.0,112.31734
125.0,110.32641
125.0,109.28964
125.0,108.43756
125.0,104.22056
125.0,105.88352
125.0,104.499794
125.0,107.0604
125.0,109.071556
125.0,108.21063
125.0,109.67142
125.0,109.553444
125.0,109.53582
125.0,110.543945
125.0,111.05927
125.0,110.577065
125.0,111.53425
125.0,115.76597
125.0,116.637054
125.0,117.49805
125.0,118.860886
125.0,117.36325
125.0,118.14528
125.0,119.0282
125.0,116.54822
125.0,115.993256
125.0,115.59493
125.0,113.38302
125.0,115.125145
125.0,113.222694
125.0,111.72985
125.0,107.11159
125.0,108.577614
125.0,105.73388
125.0,105.39301
125.0,104.035255
125.0,98.86121
125.0,94.463356
125.0,94.19404
125.0,92.564766
125.0,94.3542
125.0,92.48774
125.0,94.0972
125.0,95.33517
125.0,93.05527
124.0,91.803024
123.0,98.8679
122.0,107.083984
121.0,107.433876
120.0,109.39655
119.0,113.11265
118.0,111.931076
117.0,112.12054
116.0,115.881485
115.0,114.21666
114.0,114.17418
113.0,113.45048
112.0,107.18753
111.0,106.27354
110.0,107.69565
109.0,106.84223
108.0,100.40549
107.0,101.50632
106.0,101.56386
105.0,99.581635
104.0,96.133316
103.0,98.32688
102.0,95.8994
101.0,91.79794
100.0,91.88906
99.0,94.75099
98.0,95.32201
97.0,95.75171
96.0,97.53303
95.0,97.59969
94.0,94.172485
93.0,94.15508
92.0,89.2907
91.0,84.069214
90.0,83.73348
89.0,83.76138
88.0,78.386925
87.0,81.6409
86.0,81.62759
85.0,83.499535
84.0,83.55599
83.0,79.20366
82.0,76.248055
81.0,69.037
80.0,71.39795
79.0,69.70054
78.0,63.84185
77.0,57.909557
76.0,56.52905
75.0,53.747585
74.0,50.767868
73.0,51.08425
72.0,57.79983
71.0,56.462147
70.0,53.829693
69.0,48.371872
68.0,53.019077
67.0,51.325977
66.0,51.426907
65.0,59.05947
64.0,56.52111
63.0,58.567165
62.0,55.262222
61.0,50.68546
60.0,51.792458
59.0,53.93368
58.0,47.74868
57.0,48.649647
56.0,47.98538
55.0,49.874283
54.0,49.819374
53.0,51.34017
52.0,53.50615
51.0,55.92263
50.0,56.623566
49.0,61.627956
48.0,62.9133
47.0,57.966724
46.0,56.441353
45.0,56.04931
44.0,51.608368
43.0,49.02972
42.0,49.861885
41.0,48.923027
40.0,45.923225
39.0,43.02363
38.0,44.54873
37.0,41.49801
36.0,38.52405
35.0,37.367283
34.0,34.959167
33.0,37.09862
32.0,29.759071
31.0,27.741701
30.0,25.552202
29.0,24.841637
28.0,24.133589
27.0,22.524294
26.0,22.212982
25.0,21.089594
24.0,22.025816
23.0,19.982944
22.0,19.292437
21.0,19.560001
20.0,19.049034
19.0,18.760145
18.0,18.781712
17.0,18.281105
16.0,18.463816
15.0,17.804653
14.0,17.167236
13.0,16.180826
125.0,101.60491
125.0,98.94463
125.0,90.46785
125.0,82.900475
125.0,75.49202
125.0,69.2329
125.0,66.97701
125.0,75.30281
125.0,74.39878
125.0,79.65962
125.0,80.69882
125.0,79.068184
125.0,82.25613
125.0,85.848206
125.0,92.11114
125.0,100.4357
125.0,107.11795
125.0,109.168976
125.0,108.25416
125.0,111.180984
125.0,118.086136
125.0,122.041306
125.0,122.14082
125.0,124.344154
125.0,126.52586
125.0,127.64646
125.0,125.39016
125.0,120.565155
125.0,118.36089
125.0,115.761925
125.0,114.6703
125.0,114.033676
125.0,112.27507
125.0,109.93969
125.0,111.9242
125.0,116.826584
125.0,116.21104
125.0,116.38739
125.0,115.55788
125.0,115.749115
125.0,115.77067
125.0,117.520966
125.0,116.75776
125.0,117.22667
125.0,116.5765
125.0,117.839554
125.0,116.680374
125.0,116.227066
125.0,116.68292
125.0,117.145515
125.0,117.53285
125.0,117.77277
125.0,113.96326
125.0,115.1677
125.0,115.90447
125.0,115.37223
125.0,111.93061
125.0,109.349976
125.0,109.63338
125.0,106.13442
125.0,105.23726
125.0,108.60798
125.0,106.31958
125.0,108.382965
125.0,107.044235
125.0,111.47139
125.0,110.53864
125.0,107.59235
125.0,106.65402
125.0,104.139244
125.0,100.330444
125.0,91.69892
125.0,88.5605
125.0,87.99923
125.0,79.531364
125.0,78.74094
125.0,82.272804
125.0,81.75907
125.0,90.985054
125.0,98.47363
125.0,98.99168
125.0,96.268486
125.0,89.88181
125.0,91.52458
125.0,95.54651
125.0,99.75607
125.0,100.22166
125.0,105.43482
125.0,108.20843
125.0,105.76899
125.0,105.20978
125.0,98.29159
125.0,97.92493
125.0,95.95282
125.0,94.7463
125.0,97.972115
125.0,99.89234
125.0,99.33015
125.0,99.130905
125.0,96.53748
125.0,86.0015
125.0,86.305145
125.0,89.25647
125.0,86.24823
125.0,88.7085
125.0,94.90289
125.0,99.1703
125.0,92.96052
125.0,106.50506
125.0,111.8693
125.0,109.01216
125.0,107.11483
125.0,101.01772
125.0,99.02724
125.0,102.72988
125.0,101.66749
125.0,109.55385
125.0,111.402664
125.0,112.078285
125.0,109.85789
125.0,110.04489
125.0,99.38983
125.0,92.326675
125.0,94.79459
125.0,88.50849
125.0,90.37245
125.0,95.078804
125.0,102.04682
125.0,107.03586
125.0,103.64578
125.0,93.124756
125.0,92.37897
125.0,94.62335
125.0,97.09933
125.0,99.92031
125.0,104.95583
125.0,107.62933
125.0,108.210785
125.0,114.83961
125.0,111.89443
125.0,107.16506
125.0,111.01211
125.0,93.28944
124.0,95.404686
123.0,92.9773
122.0,92.481636
121.0,100.53142
120.0,97.78397
119.0,97.81991
118.0,93.40206
117.0,88.12204
116.0,90.38225
115.0,84.94083
114.0,84.88604
113.0,85.01484
112.0,82.481926
111.0,87.26402
110.0,94.898476
109.0,88.1729
108.0,85.64009
107.0,81.3927
106.0,78.92444
105.0,84.45172
104.0,83.072136
103.0,85.66486
102.0,100.29934
101.0,98.44956
100.0,88.08501
99.0,79.52792
98.0,77.8205
97.0,79.45134
96.0,79.91997
95.0,70.476906
94.0,74.73468
93.0,63.91581
92.0,57.490253
91.0,57.722515
90.0,56.57884
89.0,61.6625
88.0,56.286457
87.0,54.00822
86.0,63.880466
85.0,61.878323
84.0,61.639374
83.0,59.7805
82.0,71.90149
81.0,75.79703
80.0,75.132286
79.0,66.88929
78.0,68.69065
77.0,64.45309
76.0,59.723186
75.0,61.844822
74.0,60.11168
73.0,58.176315
72.0,59.940113
71.0,57.48014
70.0,54.722973
69.0,53.085243
68.0,54.54527
67.0,54.912167
66.0,58.689533
65.0,60.686558
64.0,59.05403
63.0,58.620632
125.0,125.71508
125.0,127.435715
125.0,127.417786
125.0,128.528
125.0,128.01266
125.0,126.93044
125.0,128.69688
125.0,128.9345
125.0,128.41699
125.0,127.24329
125.0,126.38219
125.0,123.9935
125.0,125.52116
125.0,124.923744
125.0,123.67611
125.0,124.15811
125.0,122.3026
125.0,121.36082
125.0,122.21228
125.0,122.57525
125.0,123.622986
125.0,123.90668
125.0,123.12507
125.0,123.577065
125.0,123.86156
125.0,124.75779
125.0,124.27184
125.0,124.55777
125.0,123.262276
125.0,123.59968
125.0,124.12399
125.0,125.42759
125.0,126.04007
125.0,127.11455
125.0,126.71979
125.0,124.900795
125.0,125.18659
125.0,126.185265
125.0,125.0962
125.0,123.12587
125.0,122.26915
125.0,120.69744
125.0,120.80336
125.0,119.95734
125.0,120.224464
125.0,120.23089
125.0,119.93375
125.0,119.95267
125.0,119.95025
125.0,119.16917
125.0,119.62043
125.0,119.24315
125.0,118.997536
125.0,120.188
125.0,120.303635
125.0,121.18148
125.0,122.00562
125.0,121.05686
125.0,120.952614
125.0,123.06429
125.0,123.52259
125.0,121.93515
125.0,122.69702
125.0,122.65699
125.0,113.14165
125.0,115.996735
125.0,112.824615
125.0,112.64178
125.0,108.38482
125.0,110.07383
125.0,106.11672
125.0,98.5943
125.0,102.427666
125.0,106.881256
125.0,103.84193
125.0,110.43795
125.0,109.60273
125.0,108.85858
125.0,110.68086
125.0,113.47001
125.0,106.81296
125.0,106.54187
125.0,103.248116
125.0,100.78103
125.0,100.55158
125.0,100.77589
125.0,99.307526
125.0,100.517685
125.0,102.7635
125.0,98.1623
125.0,98.644394
125.0,101.92584
125.0,108.47267
125.0,111.3724
125.0,117.42096
125.0,114.67781
125.0,112.119576
125.0,117.667786
125.0,113.17107
125.0,111.745544
125.0,110.24184
125.0,106.43404
125.0,108.820625
125.0,112.56134
125.0,111.65884
125.0,108.8048
125.0,109.38059
125.0,105.09858
125.0,109.69496
125.0,111.94761
125.0,106.618095
125.0,102.53358
125.0,103.2141
125.0,104.81658
125.0,108.14799
125.0,107.73343
125.0,96.26583
124.0,97.98277
123.0,98.25117
122.0,101.30062
121.0,102.53859
120.0,110.50417
119.0,113.16494
118.0,110.3689
117.0,112.42694
116.0,111.84491
115.0,113.29294
114.0,118.421074
113.0,115.6769
112.0,116.428185
111.0,114.43606
110.0,115.75516
109.0,112.36975
108.0,115.3037
107.0,116.76251
106.0,115.110985
105.0,116.531425
104.0,113.49219
103.0,113.66479
102.0,114.82649
125.0,104.06489
125.0,100.39286
125.0,102.70809
125.0,102.78929
125.0,97.92648
125.0,97.76758
125.0,101.69723
125.0,105.228806
125.0,103.32812
125.0,105.063835
125.0,102.606155
125.0,102.562675
125.0,101.70249
125.0,106.679565
125.0,98.45079
125.0,95.93824
125.0,97.6794
124.0,102.729256
123.0,104.78632
122.0,101.859886
125.0,126.805466
125.0,127.493576
125.0,126.25758
125.0,126.92445
125.0,127.4324
125.0,127.368286
125.0,126.87749
125.0,127.02942
125.0,127.486855
125.0,126.89878
125.0,127.84329
125.0,126.05928
125.0,125.96138
125.0,126.71713
125.0,105.827934
125.0,106.70595
125.0,104.92773
125.0,102.21067
125.0,94.13437
125.0,84.63883
125.0,81.33369
125.0,83.97985
125.0,80.664375
125.0,83.776436
125.0,87.60373
125.0,88.00921
125.0,89.78391
125.0,90.126595
125.0,93.96762
125.0,101.12798
125.0,108.358795
125.0,112.06586
125.0,115.92198
125.0,120.0934
125.0,123.875206
125.0,125.56203
125.0,123.84263
125.0,124.13689
125.0,124.79535
125.0,125.72487
125.0,126.5482
125.0,125.34986
125.0,124.221115
125.0,123.632195
125.0,123.92653
125.0,122.32338
125.0,119.71024
125.0,118.772
125.0,119.66347
125.0,114.87804
125.0,111.06151
125.0,113.66073
125.0,112.77085
125.0,114.34956
125.0,113.43844
125.0,109.02194
125.0,90.35408
125.0,92.63698
125.0,87.86296
125.0,85.81372
125.0,90.28625
125.0,91.81657
125.0,94.664894
125.0,98.11915
125.0,92.18053
125.0,92.40999
125.0,94.68517
125.0,90.09798
125.0,83.92945
125.0,88.72671
125.0,83.26849
124.0,83.106964
123.0,79.51554
122.0,80.615524
121.0,83.04076
120.0,83.484795
119.0,82.67341
118.0,86.03178
117.0,96.71206
116.0,105.16222
115.0,102.52837
114.0,106.344986
113.0,112.43483
112.0,116.38845
111.0,112.447105
110.0,112.16138
109.0,111.29018
108.0,104.08395
107.0,110.221405
106.0,111.25167
105.0,115.268
104.0,108.89687
103.0,103.211914
102.0,103.06206
101.0,101.64262
100.0,94.43928
99.0,87.241806
98.0,91.24549
97.0,87.84068
96.0,87.6503
95.0,78.77296
94.0,76.215614
93.0,78.61829
92.0,79.730995
91.0,77.17574
90.0,75.78706
89.0,84.49176
88.0,79.269264
87.0,74.63785
86.0,83.26807
85.0,74.46341
84.0,73.85857
83.0,83.30257
82.0,74.31995
81.0,74.26495
80.0,75.34521
79.0,74.95994
78.0,65.177956
77.0,71.40449
76.0,68.663635
75.0,63.65346
74.0,58.258366
73.0,59.532696
72.0,68.679016
71.0,80.842514
70.0,78.465256
69.0,73.432655
68.0,72.86646
67.0,78.94515
66.0,75.15254
65.0,76.64429
64.0,71.321205
63.0,74.129616
62.0,79.08031
61.0,82.416466
60.0,71.19507
59.0,75.722374
58.0,77.8426
57.0,68.44398
56.0,68.850876
55.0,61.83117
54.0,56.021137
53.0,58.943054
52.0,57.092003
51.0,57.39153
50.0,56.3781
49.0,56.72457
48.0,53.122368
47.0,47.841877
46.0,44.135742
45.0,41.84577
44.0,41.166416
43.0,41.458572
42.0,36.28659
41.0,34.094707
40.0,30.594244
39.0,34.636696
38.0,33.563766
37.0,37.041782
36.0,37.033024
35.0,36.801937
34.0,34.083374
33.0,32.101753
32.0,35.30548
31.0,36.42628
30.0,33.293682
29.0,27.43855
28.0,25.096567
27.0,22.684034
26.0,21.466143
25.0,22.722193
24.0,20.693224
23.0,18.834194
22.0,20.177525
21.0,20.393332
20.0,20.940466
19.0,21.213066
18.0,17.808191
125.0,114.94216
125.0,116.81289
125.0,120.80019
125.0,119.09389
125.0,118.607315
125.0,116.12655
125.0,110.959404
125.0,112.95658
125.0,113.149826
125.0,112.60048
125.0,84.15077
125.0,78.33372
125.0,79.883644
125.0,80.71508
125.0,77.57799
125.0,76.97135
125.0,86.41801
125.0,95.44902
125.0,102.73856
125.0,105.159035
125.0,107.10988
125.0,108.74058
125.0,112.22354
125.0,113.20495
125.0,114.893684
125.0,115.314926
125.0,119.36939
125.0,121.38782
125.0,122.4347
125.0,124.25933
125.0,123.87359
125.0,122.5327
125.0,123.52443
125.0,124.99965
125.0,123.84656
125.0,124.135574
125.0,124.76609
125.0,122.79498
125.0,118.84581
125.0,119.63559
125.0,122.47544
125.0,120.86753
125.0,120.35933
125.0,117.93593
125.0,119.84405
125.0,120.66109
125.0,122.28752
125.0,119.13482
125.0,118.432526
125.0,117.816086
125.0,117.407005
125.0,115.77047
125.0,114.17916
125.0,116.024025
125.0,119.282906
125.0,116.76699
125.0,119.68041
125.0,120.01158
125.0,120.170006
125.0,118.64016
125.0,113.55504
125.0,111.02276
125.0,109.5432
125.0,111.72137
125.0,109.49818
125.0,102.53859
125.0,101.518715
125.0,102.748695
125.0,101.66923
125.0,105.74462
125.0,104.004715
125.0,105.33356
125.0,104.02516
125.0,104.959015
125.0,109.69047
125.0,110.88886
125.0,109.77332
125.0,106.57199
125.0,110.47649
125.0,112.663414
125.0,114.35031
125.0,112.175354
125.0,115.50624
125.0,115.62418
125.0,118.60549
125.0,115.85085
125.0,118.31713
125.0,119.04238
125.0,122.23556
125.0,123.00794
125.0,122.41863
125.0,125.29195
125.0,125.015305
125.0,126.28493
125.0,125.46111
125.0,118.35411
125.0,119.60712
125.0,122.608345
125.0,119.694954
125.0,118.79611
125.0,119.26811
125.0,117.984406
125.0,115.68923
125.0,116.6663
125.0,118.27929
125.0,116.333755
125.0,113.12684
125.0,113.04882
125.0,114.52702
125.0,115.85264
125.0,115.34987
125.0,114.468254
125.0,114.65444
125.0,112.405754
125.0,109.3336
125.0,110.45344
125.0,110.06252
125.0,116.13318
125.0,117.84028
125.0,116.89795
125.0,116.972534
125.0,118.047745
125.0,117.76372
125.0,119.14096
125.0,119.54699
125.0,116.92773
125.0,118.15987
125.0,116.98198
125.0,114.78807
125.0,116.52616
125.0,114.517365
125.0,117.39388
125.0,117.431854
125.0,117.28895
125.0,118.55206
125.0,119.94186
125.0,117.85064
125.0,118.09175
125.0,115.34067
125.0,112.88806
125.0,110.30237
125.0,108.19019
125.0,107.0275
125.0,104.41264
125.0,103.628716
125.0,106.27
125.0,104.09892
125.0,108.91168
125.0,107.32159
125.0,105.27369
125.0,96.91962
125.0,93.34086
125.0,81.2479
125.0,78.21751
125.0,80.87803
125.0,70.949265
124.0,79.55729
123.0,82.664795
122.0,87.51694
121.0,95.52794
120.0,87.93277
119.0,89.177
118.0,100.9449
117.0,105.98962
116.0,106.25251
115.0,108.9406
114.0,107.09821
113.0,112.70503
112.0,109.98825
111.0,110.14662
110.0,112.79456
109.0,111.75986
108.0,105.1956
107.0,95.37616
106.0,91.1101
105.0,101.21044
104.0,102.62089
103.0,103.52084
102.0,109.36113
101.0,114.20855
100.0,107.14219
99.0,108.90516
98.0,104.913635
97.0,102.52583
96.0,105.60667
95.0,97.334366
94.0,100.743416
93.0,97.30544
92.0,96.75192
91.0,99.42915
90.0,95.137436
89.0,95.977936
88.0,97.055016
87.0,99.07819
86.0,104.24765
85.0,100.33905
84.0,100.30827
83.0,99.52371
82.0,100.904495
81.0,102.55835
80.0,99.63923
79.0,99.48501
78.0,101.09432
77.0,99.06274
76.0,87.683
75.0,83.49823
74.0,80.36652
73.0,77.59123
72.0,82.589294
71.0,77.273865
70.0,76.360504
69.0,69.91162
68.0,68.028305
67.0,67.24166
66.0,66.12606
65.0,55.405464
64.0,50.480797
63.0,46.9954
62.0,40.70218
61.0,43.52065
60.0,42.97769
59.0,44.648922
58.0,39.92926
57.0,41.82043
56.0,47.889122
55.0,51.87327
54.0,57.37164
53.0,59.32299
52.0,63.50959
51.0,65.01004
50.0,60.217224
49.0,60.526394
48.0,59.77972
47.0,56.486725
46.0,52.316357
45.0,47.20898
44.0,44.507465
43.0,46.083065
42.0,46.039886
41.0,42.09155
40.0,41.968834
39.0,41.26903
38.0,36.32177
37.0,36.113136
36.0,33.93957
35.0,30.79202
34.0,27.027931
33.0,24.613413
32.0,22.67215
31.0,22.026634
30.0,20.807646
29.0,21.48812
28.0,19.59093
27.0,21.246958
26.0,19.922823
25.0,21.51521
24.0,20.180803
23.0,20.18587
22.0,18.484514
21.0,18.727774
20.0,18.040789
19.0,17.682287
18.0,16.849398
17.0,15.668013
125.0,122.46833
125.0,120.26626
125.0,118.163734
125.0,114.670586
125.0,114.20507
125.0,113.16669
125.0,111.10794
125.0,110.00652
125.0,106.27745
125.0,109.32558
125.0,111.456795
125.0,115.15046
125.0,116.777954
125.0,120.562874
125.0,121.9719
125.0,123.37736
125.0,121.43683
125.0,121.196976
125.0,118.931725
125.0,117.06033
125.0,122.7675
125.0,122.83723
125.0,124.18498
125.0,120.9543
125.0,116.44054
125.0,113.73673
125.0,107.221466
125.0,110.40372
125.0,110.51833
125.0,111.22977
125.0,115.083496
125.0,116.07454
125.0,115.44496
125.0,116.543434
125.0,116.82358
125.0,115.48952
125.0,113.62489
125.0,113.59046
125.0,118.18897
125.0,122.51012
125.0,123.91942
125.0,124.15055
125.0,122.62815
125.0,121.49369
125.0,124.583
125.0,126.619804
125.0,122.84651
125.0,122.59496
125.0,114.98961
125.0,112.0223
125.0,120.73928
125.0,120.44619
125.0,120.33465
125.0,121.4545
125.0,120.43544
125.0,119.73693
125.0,120.197334
125.0,120.0613
125.0,118.71232
125.0,118.81028
125.0,118.433304
125.0,118.91316
125.0,119.61087
125.0,118.372765
125.0,117.762405
125.0,119.140335
125.0,117.85466
125.0,120.431526
125.0,122.09042
125.0,120.6057
125.0,120.88076
125.0,120.95005
125.0,119.82377
125.0,120.47426
125.0,120.4189
125.0,119.93191
125.0,121.64163
125.0,121.551025
125.0,120.545494
125.0,120.26895
125.0,123.17821
125.0,121.99641
125.0,122.85775
125.0,124.512054
125.0,123.35906
125.0,122.97528
125.0,124.62185
125.0,123.37842
125.0,121.8862
125.0,122.173706
125.0,121.47525
125.0,121.95008
125.0,122.293015
125.0,120.42678
125.0,119.929146
125.0,119.65511
125.0,119.70364
125.0,120.920784
125.0,122.18619
125.0,120.977005
125.0,120.088165
125.0,118.90206
125.0,118.953545
125.0,118.444916
125.0,119.71166
125.0,117.773315
125.0,118.209274
125.0,121.72861
125.0,122.165794
125.0,124.0143
125.0,123.747734
125.0,122.34716
125.0,122.445526
125.0,123.21841
125.0,123.471855
125.0,124.46238
125.0,124.296135
125.0,121.21903
125.0,121.09589
125.0,119.694405
125.0,121.400795
125.0,122.162186
125.0,123.37287
125.0,123.29561
125.0,121.85909
125.0,121.11338
125.0,120.149796
125.0,118.42004
125.0,116.635376
125.0,117.37337
125.0,114.9982
125.0,116.58371
125.0,112.85689
125.0,110.89434
125.0,109.28797
125.0,106.66694
125.0,104.91324
125.0,104.5876
125.0,105.96051
125.0,107.524925
125.0,107.59061
125.0,108.2033
125.0,110.947754
125.0,112.6399
125.0,112.23097
125.0,111.42556
125.0,113.1449
125.0,112.0959
125.0,113.19927
125.0,111.64815
125.0,114.961075
125.0,116.5647
125.0,119.90299
125.0,121.42977
125.0,120.16702
125.0,118.02177
125.0,117.27064
125.0,117.8116
125.0,116.53369
125.0,117.83108
125.0,114.679726
125.0,114.40389
125.0,111.76316
125.0,109.81489
125.0,109.803
125.0,110.67979
125.0,112.300674
125.0,110.540115
125.0,112.54207
125.0,112.13122
125.0,114.87242
124.0,114.04285
123.0,113.46633
122.0,114.775276
121.0,114.933525
120.0,113.37922
119.0,111.7507
118.0,108.540344
117.0,108.68502
116.0,112.17382
115.0,112.17027
114.0,113.89294
113.0,115.99484
112.0,116.0217
111.0,119.79137
110.0,119.10915
109.0,117.754555
108.0,119.44278
107.0,118.45331
106.0,118.00432
105.0,114.89283
104.0,110.74241
103.0,109.16833
102.0,107.22203
101.0,108.77606
100.0,105.95604
99.0,104.373665
98.0,98.58048
97.0,96.24924
96.0,91.75297
95.0,85.26874
94.0,84.981865
93.0,85.63218
92.0,91.47036
91.0,92.48839
90.0,91.15145
89.0,86.63565
88.0,83.9983
87.0,89.410065
86.0,88.31741
85.0,93.342636
84.0,95.45973
83.0,103.6045
82.0,104.24291
81.0,111.60617
80.0,112.17196
79.0,111.20703
78.0,109.58402
77.0,111.683945
76.0,109.39307
75.0,109.45923
74.0,102.50977
73.0,106.0094
72.0,102.4459
71.0,102.040436
70.0,95.20864
69.0,93.56439
68.0,90.30009
67.0,84.00321
66.0,75.568726
65.0,68.97479
64.0,66.77942
63.0,66.34625
62.0,64.38774
61.0,61.40945
60.0,57.392883
59.0,55.05149
58.0,47.811207
57.0,52.717216
117.0,127.67462
116.0,127.06463
115.0,126.215
114.0,126.950485
113.0,126.39354
112.0,125.72368
125.0,102.566086
125.0,107.63477
125.0,113.11917
125.0,108.622154
125.0,109.94581
125.0,105.30434
125.0,111.23156
125.0,111.43912
125.0,107.537796
125.0,109.086395
125.0,105.71275
125.0,105.646645
125.0,96.906624
125.0,97.45286
125.0,108.79493
125.0,112.44146
125.0,115.708595
125.0,117.33942
125.0,114.63984
125.0,111.948044
125.0,114.2211
125.0,114.6841
125.0,113.59809
125.0,116.612335
125.0,112.53006
125.0,111.58644
125.0,110.05318
125.0,108.3773
125.0,105.96226
125.0,108.01858
125.0,110.96865
125.0,114.135376
125.0,119.38388
125.0,117.51262
125.0,117.17167
125.0,114.93862
125.0,111.69045
125.0,111.66454
125.0,112.07204
125.0,116.29041
125.0,114.426796
125.0,114.93907
125.0,108.59198
125.0,104.44545
125.0,107.21355
125.0,112.72998
125.0,114.606895
125.0,117.482475
125.0,118.32221
125.0,113.77103
125.0,111.88782
125.0,110.42576
125.0,110.60449
125.0,108.995834
125.0,106.7242
125.0,109.92647
125.0,106.36882
125.0,99.443535
125.0,96.7382
125.0,96.24695
125.0,94.46185
125.0,94.26724
125.0,99.773056
125.0,98.132996
125.0,82.092445
125.0,74.414474
125.0,69.934494
125.0,74.08095
125.0,76.39595
125.0,79.86549
125.0,86.0841
125.0,96.06645
125.0,95.37291
125.0,92.37522
125.0,92.73448
125.0,94.5172
125.0,97.753815
125.0,103.772484
125.0,103.60988
125.0,103.4076
125.0,103.25084
125.0,102.181885
125.0,101.33811
125.0,100.872826
125.0,101.00434
125.0,107.90397
125.0,108.69396
125.0,108.37179
125.0,108.77482
125.0,109.814476
125.0,110.77504
125.0,111.955444
125.0,114.90129
125.0,118.29926
125.0,115.81748
125.0,114.63446
125.0,116.47206
125.0,117.13894
125.0,116.612495
125.0,115.26276
125.0,115.18004
125.0,118.31721
125.0,117.605736
124.0,117.12338
123.0,117.0592
122.0,113.112366
121.0,108.430725
120.0,105.26469
119.0,92.87403
118.0,90.66337
117.0,84.84835
116.0,82.28081
115.0,80.02274
114.0,75.77521
113.0,69.2936
112.0,77.85834
111.0,72.73053
110.0,69.81955
109.0,71.53725
108.0,78.27795
107.0,80.02933
106.0,75.05712
105.0,73.04889
104.0,78.561905
103.0,80.84515
102.0,82.01871
101.0,83.75313
100.0,79.82918
99.0,80.110916
98.0,80.98247
97.0,83.617325
96.0,81.1987
95.0,80.384605
94.0,75.820076
93.0,86.47793
92.0,74.58177
91.0,70.74341
90.0,62.225716
89.0,59.196957
88.0,60.774612
87.0,63.73185
86.0,64.12724
85.0,64.07004
84.0,63.449265
83.0,65.46849
82.0,64.47164
81.0,60.168125
80.0,58.73522
79.0,59.56393
78.0,63.061825
77.0,65.35734
76.0,66.352844
75.0,62.079994
74.0,62.126442
73.0,61.107887
72.0,60.51211
71.0,56.31939
70.0,54.14128
69.0,50.36147
68.0,51.331474
67.0,58.25133
66.0,57.287193
65.0,53.371906
64.0,47.425938
63.0,48.11173
62.0,49.06833
61.0,51.28737
60.0,50.32881
59.0,48.35348
58.0,54.675827
57.0,56.854492
56.0,55.116943
55.0,53.61876
54.0,52.115265
53.0,47.61596
52.0,50.20256
51.0,46.985706
50.0,49.315594
49.0,44.090576
48.0,45.17517
47.0,48.564487
46.0,48.680992
45.0,46.5788
44.0,44.55412
43.0,40.518955
42.0,38.141926
41.0,34.70723
40.0,33.831978
39.0,27.322739
38.0,29.00366
37.0,25.165894
36.0,21.824339
35.0,20.777584
34.0,19.56924
33.0,19.451986
32.0,21.825716
31.0,23.805443
30.0,25.196825
29.0,23.7193
28.0,26.024162
27.0,25.280722
26.0,23.879997
25.0,24.926897
24.0,23.434162
118.0,113.713196
117.0,110.783676
116.0,113.3916
115.0,112.03878
114.0,109.18607
113.0,101.13265
112.0,108.38759
111.0,106.20815
110.0,113.12378
109.0,114.41593
108.0,115.72743
107.0,113.796005
106.0,112.90448
105.0,114.00594
104.0,117.66658
103.0,115.0268
102.0,111.446014
101.0,102.69352
100.0,97.76428
99.0,105.215385
98.0,108.16291
97.0,98.11898
96.0,98.5466
95.0,95.94342
94.0,102.08709
93.0,104.2973
92.0,107.919754
91.0,112.22941
90.0,115.94563
89.0,119.17634
88.0,120.76387
87.0,121.05901
86.0,121.45931
85.0,120.18085
125.0,108.98027
125.0,99.96452
125.0,99.326164
125.0,94.2552
125.0,94.851875
125.0,92.911095
125.0,99.932556
125.0,104.82496
125.0,109.210556
125.0,108.84794
125.0,107.41813
125.0,110.92084
125.0,110.38645
125.0,113.432724
125.0,113.226814
125.0,118.41835
125.0,121.12973
125.0,121.38924
125.0,123.144905
125.0,123.17241
125.0,123.27325
125.0,123.88524
125.0,123.20565
125.0,123.861374
125.0,120.597046
125.0,122.63406
125.0,122.86765
125.0,120.731705
125.0,119.08652
125.0,116.26171
125.0,118.03665
125.0,118.21346
125.0,116.76326
125.0,114.05306
125.0,117.05045
125.0,115.66349
125.0,115.25146
125.0,109.73131
125.0,105.88793
125.0,111.0555
125.0,110.80458
125.0,112.02001
125.0,111.41218
125.0,110.94555
125.0,107.508385
125.0,112.04304
125.0,113.31288
125.0,112.4431
125.0,113.53574
125.0,115.41485
125.0,116.41503
125.0,115.63509
125.0,115.561554
125.0,119.178345
125.0,117.47872
125.0,119.496445
125.0,119.85947
125.0,120.53896
125.0,120.584946
125.0,117.27842
125.0,119.92903
125.0,119.78758
125.0,114.55117
125.0,110.421135
125.0,114.08217
125.0,110.93519
125.0,111.31461
125.0,106.14876
125.0,103.55207
125.0,107.104744
125.0,108.10303
125.0,105.998566
125.0,103.28119
125.0,102.36815
125.0,102.09569
125.0,103.416695
125.0,105.46111
125.0,106.26253
125.0,110.22042
125.0,110.66935
125.0,110.84705
125.0,111.13685
125.0,110.02743
125.0,110.14813
125.0,111.674286
125.0,114.837204
125.0,116.93346
125.0,117.01984
125.0,115.074776
125.0,110.58933
125.0,113.063545
125.0,109.80371
125.0,104.527016
125.0,100.52846
125.0,98.33996
125.0,93.03721
125.0,90.49726
125.0,81.81999
125.0,86.01088
125.0,87.64835
125.0,85.79842
125.0,91.04165
125.0,91.46996
125.0,95.36058
125.0,96.51505
125.0,103.79235
125.0,112.068184
124.0,112.60875
123.0,111.25431
122.0,115.67067
121.0,117.70753
120.0,114.43595
119.0,115.126656
118.0,117.737274
117.0,117.18019
116.0,120.36904
115.0,120.136536
114.0,121.801544
113.0,120.10924
112.0,118.0597
111.0,120.2332
110.0,119.51433
109.0,117.38097
108.0,115.28457
107.0,113.07331
106.0,107.01365
105.0,100.560165
104.0,88.11903
103.0,80.869804
102.0,87.862854
101.0,75.28959
100.0,76.81138
99.0,75.71809
98.0,75.601585
97.0,75.105896
96.0,75.290405
95.0,72.255875
94.0,75.80688
93.0,71.153175
92.0,70.40714
91.0,68.35877
90.0,65.44762
89.0,66.620636
88.0,73.07905
87.0,63.3376
86.0,58.822014
85.0,62.04678
84.0,59.486946
83.0,62.2088
82.0,65.229515
81.0,69.050415
80.0,75.71301
79.0,74.95345
78.0,83.805504
77.0,88.87636
76.0,101.42811
75.0,94.832695
74.0,94.28636
73.0,89.81496
72.0,88.06092
71.0,91.051125
70.0,91.21648
69.0,89.23387
68.0,89.787125
67.0,88.23491
66.0,86.76725
65.0,82.60523
64.0,79.12732
63.0,74.48715
62.0,72.835655
61.0,69.68189
60.0,65.456474
59.0,62.33428
58.0,64.47234
57.0,56.741753
56.0,53.914383
55.0,50.77748
54.0,51.069424
53.0,53.18287
52.0,56.633682
51.0,54.22471
50.0,51.150852
49.0,46.15031
48.0,50.70426
47.0,45.653595
46.0,46.69461
45.0,44.252724
44.0,43.325706
43.0,43.37192
42.0,40.35454
41.0,41.03001
40.0,38.67214
39.0,32.281555
38.0,28.8352
37.0,29.354218
36.0,30.109175
35.0,28.746698
34.0,27.453575
33.0,26.23902
32.0,25.937866
31.0,28.025307
30.0,25.57703
29.0,24.134108
28.0,28.402767
27.0,30.199211
26.0,32.135277
25.0,29.399763
24.0,27.57213
23.0,25.314976
22.0,24.231144
21.0,22.48165
20.0,22.16141
19.0,20.706055
18.0,20.344746
17.0,17.464743
16.0,17.147673
15.0,18.832645
14.0,17.62049
13.0,16.387825
125.0,112.47781
125.0,114.79552
125.0,115.62042
125.0,115.99218
125.0,116.73511
125.0,119.3007
125.0,122.06429
125.0,121.54377
125.0,122.38529
125.0,118.72829
125.0,117.63055
125.0,115.45836
125.0,116.61456
125.0,119.24785
125.0,119.07119
125.0,120.90224
125.0,120.044556
125.0,121.150696
125.0,116.61577
125.0,116.55916
125.0,122.2607
125.0,119.79385
125.0,120.57367
125.0,119.45142
125.0,119.173
125.0,112.41194
125.0,108.515755
125.0,104.85976
124.0,102.52012
123.0,109.59224
122.0,107.97528
121.0,105.40739
120.0,106.55377
119.0,100.21134
118.0,97.519135
117.0,101.032005
116.0,99.10517
115.0,92.28088
114.0,96.28131
113.0,97.60458
112.0,97.5824
111.0,100.976494
110.0,106.46877
109.0,103.44878
108.0,107.4739
107.0,103.6762
106.0,99.55829
105.0,105.940735
104.0,111.016045
103.0,113.80607
102.0,113.865845
101.0,108.15775
100.0,107.85332
99.0,106.636246
98.0,107.26265
97.0,96.63364
96.0,94.83939
95.0,88.2904
94.0,81.05307
93.0,73.676994
92.0,73.69543
91.0,71.604324
90.0,78.11311
89.0,81.92082
88.0,84.18384
87.0,91.144005
86.0,91.46754
85.0,87.383286
84.0,98.027504
83.0,97.64092
82.0,99.48877
81.0,101.28799
80.0,108.62778
79.0,105.98324
78.0,96.42989
77.0,100.64606
76.0,98.89445
75.0,102.649086
74.0,98.79286
73.0,100.01651
72.0,83.35538
71.0,79.405464
70.0,76.84595
69.0,80.14317
68.0,87.398926
67.0,91.91778
66.0,88.70713
65.0,85.4256
64.0,72.671906
63.0,69.71839
62.0,75.50506
61.0,75.5552
60.0,78.34502
59.0,79.30342
58.0,72.205795
57.0,75.45289
56.0,79.08982
55.0,78.29102
54.0,81.07063
53.0,77.64912
52.0,73.42414
51.0,68.02694
50.0,70.394516
49.0,69.94824
48.0,54.081463
47.0,57.59427
46.0,60.468643
45.0,57.84714
44.0,53.775036
125.0,108.23482
125.0,109.09313
125.0,109.05684
125.0,110.99828
125.0,110.26336
125.0,111.95992
125.0,109.86861
125.0,109.29852
125.0,111.70999
125.0,111.34631
125.0,109.66444
125.0,107.76745
125.0,102.38866
125.0,100.55063
125.0,101.21672
125.0,104.581184
125.0,102.05784
125.0,100.45098
125.0,93.45007
125.0,96.03407
125.0,95.06804
125.0,94.25246
125.0,92.38164
125.0,95.22142
125.0,94.89663
124.0,97.72221
123.0,100.33711
122.0,108.72487
121.0,110.9469
120.0,115.5837
119.0,115.43969
118.0,117.75343
117.0,117.53838
116.0,120.24228
115.0,120.63606
114.0,119.93262
113.0,119.00722
112.0,116.960815
111.0,118.31281
110.0,119.20478
109.0,120.70719
108.0,117.20225
107.0,113.90054
106.0,114.09004
105.0,111.263115
104.0,110.7586
103.0,103.25731
102.0,101.45261
101.0,98.88995
100.0,91.01648
99.0,90.488174
98.0,90.21332
97.0,92.49327
96.0,84.20439
95.0,86.93227
94.0,90.11114
93.0,93.1342
92.0,92.37893
91.0,88.49964
90.0,85.01562
89.0,91.4927
88.0,96.09611
87.0,92.90535
86.0,97.866455
85.0,96.38346
84.0,96.2018
83.0,91.87496
82.0,92.0962
81.0,98.39756
80.0,106.324814
79.0,111.75817
78.0,110.185486
77.0,107.8641
76.0,109.38439
75.0,108.854065
74.0,102.38447
73.0,98.956375
72.0,93.053314
71.0,92.92159
70.0,87.97527
69.0,83.80961
68.0,81.99239
67.0,87.92138
66.0,87.2649
65.0,82.314674
64.0,75.16735
63.0,69.0103
62.0,55.724243
61.0,46.416996
60.0,39.472385
59.0,42.73701
58.0,44.370514
57.0,41.548862
56.0,40.263107
55.0,38.11841
54.0,39.594696
53.0,42.64744
52.0,39.56035
51.0,41.611866
50.0,45.12016
49.0,42.40648
125.0,120.81205
125.0,121.56818
125.0,121.89819
125.0,119.96151
125.0,119.878296
125.0,118.978806
125.0,117.308975
125.0,117.77752
125.0,115.895294
125.0,116.4121
125.0,117.66551
125.0,118.64748
125.0,118.54441
125.0,118.70994
125.0,121.25585
125.0,120.206795
125.0,121.82266
125.0,121.273605
125.0,122.5744
125.0,122.32948
125.0,123.13548
125.0,124.83161
125.0,125.192345
125.0,124.955734
125.0,123.48897
125.0,124.621574
125.0,125.481766
125.0,122.77837
125.0,121.59862
125.0,120.558784
125.0,120.55158
125.0,120.71914
125.0,121.81864
125.0,120.97675
125.0,118.59711
125.0,120.39434
125.0,118.3211
125.0,117.42822
125.0,117.133255
125.0,117.06997
125.0,116.29056
125.0,115.31622
125.0,116.34779
125.0,116.740685
125.0,120.37057
125.0,119.54213
125.0,117.29178
125.0,117.01266
125.0,116.57837
125.0,116.01216
125.0,118.21641
125.0,120.42229
125.0,119.96564
125.0,121.50066
125.0,121.950264
125.0,121.13054
125.0,122.487305
125.0,120.10702
125.0,118.96788
125.0,117.16801
125.0,117.29301
125.0,119.31151
125.0,119.23592
125.0,119.4713
125.0,119.34709
125.0,119.33093
125.0,118.24621
125.0,118.231766
125.0,116.63229
125.0,114.41341
125.0,111.367294
125.0,107.76108
125.0,107.781815
125.0,107.20643
125.0,107.340096
125.0,106.710754
125.0,102.692085
125.0,99.65183
125.0,104.53622
125.0,110.21965
125.0,112.07695
125.0,114.54599
125.0,113.638405
125.0,114.6332
125.0,116.09094
125.0,115.19384
125.0,116.54725
125.0,116.24688
125.0,114.58304
125.0,113.94485
125.0,117.192795
125.0,119.91952
125.0,118.07299
125.0,117.66008
125.0,119.37896
125.0,117.34109
125.0,119.22239
125.0,120.125145
125.0,118.31265
125.0,118.343864
125.0,117.39699
125.0,117.219154
125.0,115.44395
125.0,115.815445
125.0,115.548325
125.0,114.097206
125.0,110.78086
125.0,110.60603
125.0,113.03607
125.0,113.53369
125.0,112.508
125.0,114.15445
125.0,114.27719
125.0,112.417465
125.0,111.71684
125.0,111.57463
125.0,109.123184
125.0,106.54709
124.0,105.69931
123.0,101.91434
125.0,119.79371
125.0,118.95528
125.0,119.35176
125.0,117.84893
125.0,118.50122
125.0,119.092155
125.0,119.20182
125.0,118.96878
125.0,115.09882
125.0,117.63967
125.0,121.49599
125.0,120.09772
125.0,121.88219
125.0,121.96179
125.0,121.96546
125.0,120.87487
125.0,121.484985
125.0,120.98391
125.0,121.36748
125.0,119.22265
125.0,117.65673
125.0,116.894356
125.0,115.92691
125.0,112.439835
125.0,108.17168
125.0,99.94193
125.0,95.88925
125.0,84.29076
125.0,73.83065
125.0,122.639786
125.0,123.72254
125.0,124.3407
125.0,123.62031
125.0,121.81172
125.0,122.70703
125.0,121.482475
125.0,120.73038
125.0,121.108406
125.0,118.96484
125.0,117.012856
125.0,115.212074
125.0,116.74714
125.0,116.89273
125.0,116.36655
125.0,116.297035
125.0,116.83851
125.0,116.43162
125.0,117.57345
125.0,117.26602
125.0,118.53869
125.0,115.21669
125.0,112.59728
125.0,111.501686
125.0,111.71795
125.0,114.40323
125.0,116.08014
125.0,117.585434
125.0,118.51638
125.0,118.38413
125.0,118.88192
125.0,119.44248
125.0,120.30769
125.0,120.793304
125.0,122.85722
125.0,122.882744
125.0,122.279724
125.0,123.08371
125.0,124.4523
125.0,124.84887
125.0,124.72841
125.0,121.43312
125.0,119.7513
125.0,120.18331
125.0,119.63036
125.0,118.77565
125.0,117.576065
125.0,114.47859
125.0,114.88091
125.0,112.023895
125.0,112.9885
125.0,112.6357
125.0,110.5625
125.0,109.19159
125.0,110.875626
125.0,109.28172
125.0,109.30736
125.0,109.84911
125.0,111.91627
125.0,113.28765
125.0,113.762726
125.0,115.918335
125.0,117.53517
125.0,117.756905
125.0,120.196304
125.0,119.73812
125.0,119.28358
125.0,121.169975
125.0,122.551
125.0,123.770065
125.0,123.890396
125.0,123.24587
125.0,122.99317
125.0,122.14936
125.0,122.68178
125.0,122.409676
125.0,119.34961
125.0,118.94072
125.0,117.5967
125.0,113.07338
125.0,114.06759
125.0,114.01542
125.0,113.66071
125.0,111.29331
125.0,111.00816
125.0,109.03877
125.0,109.495964
125.0,109.59138
125.0,106.63862
125.0,103.409744
125.0,103.66666
125.0,105.687355
125.0,107.12011
125.0,108.949745
125.0,109.66762
125.0,108.18084
125.0,111.56272
125.0,111.354034
125.0,111.73974
125.0,111.254105
125.0,111.67732
124.0,111.29003
123.0,110.01999
122.0,106.321335
121.0,106.556725
120.0,107.507545
119.0,106.40392
118.0,107.656715
117.0,108.845955
116.0,106.51058
115.0,104.47467
114.0,102.18108
113.0,101.11422
112.0,98.9965
111.0,96.406906
110.0,98.54588
109.0,98.24737
108.0,98.359856
107.0,98.51475
106.0,98.32119
105.0,97.010345
104.0,100.09756
103.0,102.50126
102.0,101.70604
101.0,97.83745
100.0,94.95603
99.0,101.576416
98.0,99.19436
97.0,99.40428
96.0,101.589745
95.0,103.51629
94.0,101.27498
93.0,101.780716
92.0,96.493324
91.0,95.89224
90.0,92.498
89.0,91.52254
88.0,96.41488
87.0,94.27734
86.0,89.70829
85.0,83.07992
84.0,85.23441
83.0,83.35667
82.0,82.99455
81.0,83.944695
80.0,83.966125
79.0,78.46844
78.0,76.8141
77.0,72.97
76.0,78.120346
75.0,73.33376
74.0,67.46114
73.0,55.38473
72.0,43.08878
71.0,40.13809
70.0,39.880745
69.0,45.778255
68.0,43.636223
67.0,41.25981
66.0,43.70091
65.0,50.60157
64.0,54.871414
63.0,58.727135
62.0,60.905457
61.0,59.834652
60.0,55.938293
59.0,58.981724
58.0,59.073097
57.0,52.90833
125.0,120.00064
125.0,119.49005
125.0,116.90193
125.0,118.45995
125.0,115.23732
125.0,115.81505
125.0,115.03942
125.0,116.19824
125.0,115.47865
125.0,115.74193
125.0,115.77534
125.0,115.62086
125.0,114.06384
125.0,111.24123
125.0,111.2596
125.0,113.287315
125.0,111.84254
125.0,112.98492
125.0,113.05475
125.0,115.56974
125.0,115.126274
125.0,117.50681
125.0,117.059326
125.0,115.37009
125.0,117.02982
125.0,115.27115
125.0,116.23113
125.0,117.74999
125.0,118.19558
125.0,117.161804
125.0,115.35575
125.0,117.09537
125.0,116.47873
125.0,118.493454
125.0,119.763695
125.0,119.53188
125.0,119.59239
125.0,119.9949
125.0,117.88738
125.0,119.608795
125.0,120.7946
125.0,119.43137
125.0,118.10728
125.0,116.79388
125.0,116.488556
125.0,117.68351
125.0,115.74706
125.0,114.97722
125.0,116.002945
125.0,116.83073
125.0,116.63239
125.0,116.851814
125.0,115.653114
125.0,113.004486
125.0,112.316315
125.0,109.67105
125.0,109.4836
125.0,109.61613
125.0,110.87289
125.0,110.77348
125.0,110.34662
125.0,110.91036
125.0,111.63483
125.0,108.59998
125.0,108.719925
125.0,109.53132
125.0,113.91712
125.0,113.38635
125.0,124.07144
125.0,122.985374
125.0,121.89463
125.0,122.71083
125.0,123.07011
125.0,124.39486
125.0,122.636
125.0,120.525024
125.0,119.250374
125.0,119.99788
125.0,118.554955
125.0,120.06641
125.0,119.64192
125.0,121.16804
125.0,120.64578
125.0,120.60629
125.0,120.82618
125.0,119.2363
125.0,119.771225
125.0,119.98071
124.0,118.99484
123.0,118.72978
122.0,119.49857
121.0,119.4359
120.0,121.746086
119.0,122.224754
118.0,124.59496
117.0,125.8541
116.0,126.7747
115.0,127.09147
114.0,126.874985
113.0,127.22364
112.0,126.51555
111.0,124.10932
110.0,123.283966
109.0,123.79314
108.0,121.437805
107.0,120.13165
106.0,119.16183
105.0,116.88069
104.0,116.14731
103.0,114.74185
102.0,114.458824
101.0,115.56729
100.0,114.9051
99.0,115.04178
98.0,115.08438
97.0,115.65186
96.0,116.828514
95.0,115.92003
94.0,114.263275
93.0,111.99765
92.0,110.4644
91.0,108.42111
90.0,107.52728
89.0,108.910706
88.0,111.80284
87.0,111.57525
86.0,114.558525
85.0,116.04363
84.0,116.70826
83.0,115.69346
82.0,115.37753
81.0,112.83846
80.0,112.0298
79.0,114.51236
78.0,115.37667
77.0,114.8748
76.0,116.07872
75.0,115.38016
74.0,114.64092
73.0,113.84838
72.0,109.66499
71.0,110.33516
70.0,113.439926
69.0,112.967926
68.0,113.073044
67.0,113.98225
66.0,116.37736
65.0,112.470665
64.0,110.3562
63.0,110.80865
62.0,109.9606
61.0,106.44547
60.0,105.68128
59.0,102.97637
58.0,103.53559
57.0,103.04837
56.0,108.20352
55.0,104.40005
54.0,102.16543
53.0,95.92889
52.0,91.23456
